"txNomeParlamentar";"cpf";"ideCadastro";"nuCarteiraParlamentar";"nuLegislatura";"sgUF";"sgPartido";"codLegislatura";"numSubCota";"txtDescricao";"numEspecificacaoSubCota";"txtDescricaoEspecificacao";"txtFornecedor";"txtCNPJCPF";"txtNumero";"indTipoDocumento";"datEmissao";"vlrDocumento";"vlrGlosa";"vlrLiquido";"numMes";"numAno";"numParcela";"txtPassageiro";"txtTrecho";"numLote";"numRessarcimento";"datPagamentoRestituicao";"vlrRestituicao";"nuDeputadoId";"ideDocumento";"urlDocumento"
"LID.GOV-CD";"";"";"";"2023";"NA";"";"57";"1";"MANUTENÇÃO DE ESCRITÓRIO DE APOIO À ATIVIDADE PARLAMENTAR";"0";"";"AMORETTO CAFES EXPRESSO LTDA";"085.324.290/0013-1";"1021";"0";"2024-02-07T00:00:00";"1148.7";"0";"1148.7";"2";"2024";"0";"";"";"2018065";"";"";"";"2812";"7696122";"https://www.camara.leg.br/cota-parlamentar/documentos/publ/2812/2024/7696122.pdf"
"LID.GOV-CD";"";"";"";"2023";"NA";"";"57";"1";"MANUTENÇÃO DE ESCRITÓRIO DE APOIO À ATIVIDADE PARLAMENTAR";"0";"";"AMORETTO CAFES EXPRESSO LTDA";"085.324.290/0013-1";"1106";"0";"2024-03-13T00:00:00";"1148.7";"0";"1148.7";"3";"2024";"0";"";"";"2028853";"";"";"";"2812";"7716118";"https://www.camara.leg.br/cota-parlamentar/documentos/publ/2812/2024/7716118.pdf"
"LID.GOV-CD";"";"";"";"2023";"NA";"";"57";"1";"MANUTENÇÃO DE ESCRITÓRIO DE APOIO À ATIVIDADE PARLAMENTAR";"0";"";"AMORETTO CAFES EXPRESSO LTDA";"085.324.290/0013-1";"1192";"0";"2024-04-05T00:00:00";"1148.7";"0";"1148.7";"4";"2024";"0";"";"";"2032624";"";"";"";"2812";"7723265";"https://www.camara.leg.br/cota-parlamentar/documentos/publ/2812/2024/7723265.pdf"
"LID.GOV-CD";"";"";"";"2023";"NA";"";"57";"1";"MANUTENÇÃO DE ESCRITÓRIO DE APOIO À ATIVIDADE PARLAMENTAR";"0";"";"AMORETTO CAFES EXPRESSO LTDA";"085.324.290/0013-1";"1280";"0";"2024-05-09T00:00:00";"1148.7";"0";"1148.7";"5";"2024";"0";"";"";"2044731";"";"";"";"2812";"7745812";"https://www.camara.leg.br/cota-parlamentar/documentos/publ/2812/2024/7745812.pdf"
"LID.GOV-CD";"";"";"";"2023";"NA";"";"57";"1";"MANUTENÇÃO DE ESCRITÓRIO DE APOIO À ATIVIDADE PARLAMENTAR";"0";"";"AMORETTO CAFES EXPRESSO LTDA";"085.324.290/0013-1";"1368";"0";"2024-06-19T00:00:00";"1148.7";"0";"1148.7";"6";"2024";"0";"";"";"2057199";"";"";"";"2812";"7769537";"https://www.camara.leg.br/cota-parlamentar/documentos/publ/2812/2024/7769537.pdf"
"LID.GOV-CD";"";"";"";"2023";"NA";"";"57";"1";"MANUTENÇÃO DE ESCRITÓRIO DE APOIO À ATIVIDADE PARLAMENTAR";"0";"";"AMORETTO CAFES EXPRESSO LTDA";"085.324.290/0013-1";"1446";"0";"2024-07-10T00:00:00";"1148.7";"0";"1148.7";"7";"2024";"0";"";"";"2061518";"";"";"";"2812";"7778358";"https://www.camara.leg.br/cota-parlamentar/documentos/publ/2812/2024/7778358.pdf"
"LID.GOV-CD";"";"";"";"2023";"NA";"";"57";"1";"MANUTENÇÃO DE ESCRITÓRIO DE APOIO À ATIVIDADE PARLAMENTAR";"0";"";"AMORETTO CAFES EXPRESSO LTDA";"085.324.290/0013-1";"1533";"0";"2024-08-07T00:00:00";"1148.7";"0";"1148.7";"8";"2024";"0";"";"";"2070050";"";"";"";"2812";"7795468";"https://www.camara.leg.br/cota-parlamentar/documentos/publ/2812/2024/7795468.pdf"
"LID.GOV-CD";"";"";"";"2023";"NA";"";"57";"1";"MANUTENÇÃO DE ESCRITÓRIO DE APOIO À ATIVIDADE PARLAMENTAR";"0";"";"AMORETTO CAFES EXPRESSO LTDA";"085.324.290/0013-1";"1605";"0";"2024-09-05T00:00:00";"1148.7";"0";"1148.7";"9";"2024";"0";"";"";"2077287";"";"";"";"2812";"7809310";"https://www.camara.leg.br/cota-parlamentar/documentos/publ/2812/2024/7809310.pdf"
"LID.GOV-CD";"";"";"";"2023";"NA";"";"57";"1";"MANUTENÇÃO DE ESCRITÓRIO DE APOIO À ATIVIDADE PARLAMENTAR";"0";"";"AMORETTO CAFES EXPRESSO LTDA";"085.324.290/0013-1";"1679/2024";"0";"2024-10-04T00:00:00";"1148.7";"0";"1148.7";"10";"2024";"0";"";"";"2086377";"";"";"";"2812";"7825602";"https://www.camara.leg.br/cota-parlamentar/documentos/publ/2812/2024/7825602.pdf"
"LID.GOV-CD";"";"";"";"2023";"NA";"";"57";"1";"MANUTENÇÃO DE ESCRITÓRIO DE APOIO À ATIVIDADE PARLAMENTAR";"0";"";"AMORETTO CAFES EXPRESSO LTDA";"085.324.290/0013-1";"1766";"0";"2024-11-08T00:00:00";"1148.7";"0";"1148.7";"11";"2024";"0";"";"";"2092779";"";"";"";"2812";"7837543";"https://www.camara.leg.br/cota-parlamentar/documentos/publ/2812/2024/7837543.pdf"
"LID.GOV-CD";"";"";"";"2023";"NA";"";"57";"1";"MANUTENÇÃO DE ESCRITÓRIO DE APOIO À ATIVIDADE PARLAMENTAR";"0";"";"AMORETTO CAFES EXPRESSO LTDA";"085.324.290/0013-1";"1840";"0";"2024-12-04T00:00:00";"1148.7";"0";"1148.7";"12";"2024";"0";"";"";"2101174";"";"";"";"2812";"7852740";"https://www.camara.leg.br/cota-parlamentar/documentos/publ/2812/2025/7852740.pdf"
"LID.GOV-CD";"";"";"";"2023";"NA";"";"57";"1";"MANUTENÇÃO DE ESCRITÓRIO DE APOIO À ATIVIDADE PARLAMENTAR";"0";"";"AMORETTO CAFES EXPRESSO LTDA";"085.324.290/0013-1";"944";"0";"2024-01-05T00:00:00";"1148.7";"0";"1148.7";"1";"2024";"0";"";"";"2011279";"";"";"";"2812";"7683815";"https://www.camara.leg.br/cota-parlamentar/documentos/publ/2812/2024/7683815.pdf"
"LID.GOV-CD";"";"";"";"2023";"NA";"";"57";"1";"MANUTENÇÃO DE ESCRITÓRIO DE APOIO À ATIVIDADE PARLAMENTAR";"0";"";"CONNECT INFORMATICA E PAPELARIA LTDA";"361.127.500/0010-0";"1633";"4";"2024-06-10T00:00:00";"334.1";"5.9";"328.2";"6";"2024";"0";"";"";"2047259";"";"";"";"2812";"7750176";"https://www.camara.leg.br/cota-parlamentar/nota-fiscal-eletronica?ideDocumentoFiscal=7750176"
"LID.GOV-CD";"";"";"";"2023";"NA";"";"57";"1";"MANUTENÇÃO DE ESCRITÓRIO DE APOIO À ATIVIDADE PARLAMENTAR";"0";"";"FUTURA AUDIOVISUAIS LTDA ME";"071.263.360/0014-4";"240113004";"1";"2024-02-13T00:00:00";"780";"0";"780";"2";"2024";"0";"";"";"2015283";"";"";"";"2812";"7691083";"https://www.camara.leg.br/cota-parlamentar/documentos/publ/2812/2024/7691083.pdf"
"LID.GOV-CD";"";"";"";"2023";"NA";"";"57";"1";"MANUTENÇÃO DE ESCRITÓRIO DE APOIO À ATIVIDADE PARLAMENTAR";"0";"";"FUTURA AUDIOVISUAIS LTDA ME";"071.263.360/0014-4";"240213001";"1";"2024-03-13T00:00:00";"780";"0";"780";"3";"2024";"0";"";"";"2023725";"";"";"";"2812";"7706646";"https://www.camara.leg.br/cota-parlamentar/documentos/publ/2812/2024/7706646.pdf"
"LID.GOV-CD";"";"";"";"2023";"NA";"";"57";"1";"MANUTENÇÃO DE ESCRITÓRIO DE APOIO À ATIVIDADE PARLAMENTAR";"0";"";"FUTURA AUDIOVISUAIS LTDA ME";"071.263.360/0014-4";"240313003";"1";"2024-04-13T00:00:00";"780";"0";"780";"4";"2024";"0";"";"";"2031577";"";"";"";"2812";"7721305";"https://www.camara.leg.br/cota-parlamentar/documentos/publ/2812/2024/7721305.pdf"
"LID.GOV-CD";"";"";"";"2023";"NA";"";"57";"1";"MANUTENÇÃO DE ESCRITÓRIO DE APOIO À ATIVIDADE PARLAMENTAR";"0";"";"FUTURA AUDIOVISUAIS LTDA ME";"071.263.360/0014-4";"240417006";"1";"2024-05-13T00:00:00";"780";"0";"780";"5";"2024";"0";"";"";"2039115";"";"";"";"2812";"7734680";"https://www.camara.leg.br/cota-parlamentar/documentos/publ/2812/2024/7734680.pdf"
"LID.GOV-CD";"";"";"";"2023";"NA";"";"57";"1";"MANUTENÇÃO DE ESCRITÓRIO DE APOIO À ATIVIDADE PARLAMENTAR";"0";"";"LEITURA ALVORADA COM. LIVROS LTDA";"083.145.070/0020-2";"170338";"4";"2024-03-25T00:00:00";"249.5";"0";"249.5";"3";"2024";"0";"";"";"2024311";"";"";"";"2812";"7707612";"https://www.camara.leg.br/cota-parlamentar/nota-fiscal-eletronica?ideDocumentoFiscal=7707612"
"LID.GOV-CD";"";"";"";"2023";"NA";"";"57";"3";"COMBUSTÍVEIS E LUBRIFICANTES.";"1";"Veículos Automotores";"031 - 302 NORTE - CASCOL COMBUSTIVEIS PARA VEICULOS LTDA";"003.065.970/0311-2";"398933";"4";"2024-06-12T20:09:25";"150";"0";"150";"6";"2024";"0";"";"";"2049450";"";"";"";"2812";"7754408";"https://www.camara.leg.br/cota-parlamentar/nota-fiscal-eletronica?ideDocumentoFiscal=7754408"
"LID.GOV-CD";"";"";"";"2023";"NA";"";"57";"3";"COMBUSTÍVEIS E LUBRIFICANTES.";"1";"Veículos Automotores";"031 - 302 NORTE - CASCOL COMBUSTIVEIS PARA VEICULOS LTDA";"003.065.970/0311-2";"405605";"4";"2024-07-15T17:17:10";"150";"0";"150";"7";"2024";"0";"";"";"2058221";"";"";"";"2812";"7771559";"https://www.camara.leg.br/cota-parlamentar/nota-fiscal-eletronica?ideDocumentoFiscal=7771559"
"LID.GOV-CD";"";"";"";"2023";"NA";"";"57";"3";"COMBUSTÍVEIS E LUBRIFICANTES.";"1";"Veículos Automotores";"031 - 302 NORTE - CASCOL COMBUSTIVEIS PARA VEICULOS LTDA";"003.065.970/0311-2";"417469";"4";"2024-09-12T07:41:12";"150";"0";"150";"9";"2024";"0";"";"";"2073060";"";"";"";"2812";"7801190";"https://www.camara.leg.br/cota-parlamentar/nota-fiscal-eletronica?ideDocumentoFiscal=7801190"
"LID.GOV-CD";"";"";"";"2023";"NA";"";"57";"3";"COMBUSTÍVEIS E LUBRIFICANTES.";"1";"Veículos Automotores";"031 - 302 NORTE - CASCOL COMBUSTIVEIS PARA VEICULOS LTDA";"003.065.970/0311-2";"421922";"4";"2024-10-01T16:26:02";"150";"0";"150";"10";"2024";"0";"";"";"2077831";"";"";"";"2812";"7810231";"https://www.camara.leg.br/cota-parlamentar/nota-fiscal-eletronica?ideDocumentoFiscal=7810231"
"LID.GOV-CD";"";"";"";"2023";"NA";"";"57";"3";"COMBUSTÍVEIS E LUBRIFICANTES.";"1";"Veículos Automotores";"031 - 302 NORTE - CASCOL COMBUSTIVEIS PARA VEICULOS LTDA";"003.065.970/0311-2";"425233";"4";"2024-10-14T19:44:29";"248.17";"0";"248.17";"10";"2024";"0";"";"";"2083145";"";"";"";"2812";"7819474";"https://www.camara.leg.br/cota-parlamentar/nota-fiscal-eletronica?ideDocumentoFiscal=7819474"
"LID.GOV-CD";"";"";"";"2023";"NA";"";"57";"3";"COMBUSTÍVEIS E LUBRIFICANTES.";"1";"Veículos Automotores";"031 - 302 NORTE - CASCOL COMBUSTIVEIS PARA VEICULOS LTDA";"003.065.970/0311-2";"436777";"4";"2024-11-27T21:48:05";"150";"0";"150";"11";"2024";"0";"";"";"2093247";"";"";"";"2812";"7838320";"https://www.camara.leg.br/cota-parlamentar/nota-fiscal-eletronica?ideDocumentoFiscal=7838320"
"LID.GOV-CD";"";"";"";"2023";"NA";"";"57";"3";"COMBUSTÍVEIS E LUBRIFICANTES.";"1";"Veículos Automotores";"069 - PENISULA - CASCOL COMBUSTIVEIS PARA VEICULOS LTDA";"003.065.970/0699-5";"358790";"4";"2024-12-11T07:10:21";"182.04";"0";"182.04";"12";"2024";"0";"";"";"2097033";"";"";"";"2812";"7845061";"https://www.camara.leg.br/cota-parlamentar/nota-fiscal-eletronica?ideDocumentoFiscal=7845061"
"LID.GOV-CD";"";"";"";"2023";"NA";"";"57";"3";"COMBUSTÍVEIS E LUBRIFICANTES.";"1";"Veículos Automotores";"069 - PENISULA - CASCOL COMBUSTIVEIS PARA VEICULOS LTDA";"003.065.970/0699-5";"361608";"4";"2024-12-19T10:44:57";"188.77";"0";"188.77";"12";"2024";"0";"";"";"2099695";"";"";"";"2812";"7850174";"https://www.camara.leg.br/cota-parlamentar/nota-fiscal-eletronica?ideDocumentoFiscal=7850174"
"LID.GOV-CD";"";"";"";"2023";"NA";"";"57";"3";"COMBUSTÍVEIS E LUBRIFICANTES.";"1";"Veículos Automotores";"071 - LAGO NORTE - CASCOL COMBUSTIVEIS PARA VEICULOS LTDA";"003.065.970/0710-0";"2385753";"4";"2024-12-13T15:20:47";"150";"0";"150";"12";"2024";"0";"";"";"2100210";"";"";"";"2812";"7851065";"https://www.camara.leg.br/cota-parlamentar/nota-fiscal-eletronica?ideDocumentoFiscal=7851065"
"LID.GOV-CD";"";"";"";"2023";"NA";"";"57";"3";"COMBUSTÍVEIS E LUBRIFICANTES.";"1";"Veículos Automotores";"14 - QL 14 - CASCOL COMBUSTIVEIS PARA VEICULOS LTDA";"003.065.970/0141-1";"371001";"4";"2024-11-19T21:57:25";"150";"0";"150";"11";"2024";"0";"";"";"2090386";"";"";"";"2812";"7832836";"https://www.camara.leg.br/cota-parlamentar/nota-fiscal-eletronica?ideDocumentoFiscal=7832836"
"LID.GOV-CD";"";"";"";"2023";"NA";"";"57";"3";"COMBUSTÍVEIS E LUBRIFICANTES.";"1";"Veículos Automotores";"ARCO IRIS PETROLEO COMERCIO E SERVICOS LTDA";"004.800.250/0013-0";"149621";"4";"2024-08-25T00:00:00";"170";"0";"170";"8";"2024";"0";"";"";"2068326";"";"";"";"2812";"7792007";"https://www.camara.leg.br/cota-parlamentar/nota-fiscal-eletronica?ideDocumentoFiscal=7792007"
"LID.GOV-CD";"";"";"";"2023";"NA";"";"57";"3";"COMBUSTÍVEIS E LUBRIFICANTES.";"1";"Veículos Automotores";"ARCO IRIS PETROLEO COMERCIO E SERVICOS LTDA";"004.800.250/0013-0";"154743";"4";"2024-09-26T12:57:46";"100";"0";"100";"9";"2024";"0";"";"";"2077830";"";"";"";"2812";"7810234";"https://www.camara.leg.br/cota-parlamentar/nota-fiscal-eletronica?ideDocumentoFiscal=7810234"
"LID.GOV-CD";"";"";"";"2023";"NA";"";"57";"3";"COMBUSTÍVEIS E LUBRIFICANTES.";"1";"Veículos Automotores";"ARCO IRIS PETROLEO COMERCIO E SERVICOS LTDA";"004.800.250/0013-0";"161709";"4";"2024-11-25T16:59:05";"318.1";"0";"318.1";"11";"2024";"0";"";"";"2091742";"";"";"";"2812";"7835518";"https://www.camara.leg.br/cota-parlamentar/nota-fiscal-eletronica?ideDocumentoFiscal=7835518"
"LID.GOV-CD";"";"";"";"2023";"NA";"";"57";"3";"COMBUSTÍVEIS E LUBRIFICANTES.";"1";"Veículos Automotores";"ARCO IRIS PETROLEO COMERCIO E SERVICOS LTDA";"004.800.250/0013-0";"173295";"4";"2024-08-18T09:06:32";"150";"0";"150";"8";"2024";"0";"";"";"2066390";"";"";"";"2812";"7788381";"https://www.camara.leg.br/cota-parlamentar/nota-fiscal-eletronica?ideDocumentoFiscal=7788381"
"LID.GOV-CD";"";"";"";"2023";"NA";"";"57";"3";"COMBUSTÍVEIS E LUBRIFICANTES.";"1";"Veículos Automotores";"ARCO IRIS PETROLEO COMERCIO E SERVICOS LTDA";"004.800.250/0013-0";"180819";"4";"2024-02-08T00:00:00";"120";"0";"120";"2";"2024";"0";"";"";"2014884";"";"";"";"2812";"7690283";"https://www.camara.leg.br/cota-parlamentar/nota-fiscal-eletronica?ideDocumentoFiscal=7690283"
"LID.GOV-CD";"";"";"";"2023";"NA";"";"57";"3";"COMBUSTÍVEIS E LUBRIFICANTES.";"1";"Veículos Automotores";"ARCO IRIS PETROLEO COMERCIO E SERVICOS LTDA";"004.800.250/0013-0";"187629";"4";"2024-06-21T00:00:00";"200";"0";"200";"6";"2024";"0";"";"";"2053594";"";"";"";"2812";"7762623";"https://www.camara.leg.br/cota-parlamentar/nota-fiscal-eletronica?ideDocumentoFiscal=7762623"
"LID.GOV-CD";"";"";"";"2023";"NA";"";"57";"3";"COMBUSTÍVEIS E LUBRIFICANTES.";"1";"Veículos Automotores";"ARCO IRIS PETROLEO COMERCIO E SERVICOS LTDA";"004.800.250/0013-0";"193370";"4";"2024-07-01T20:06:18";"200";"0";"200";"7";"2024";"0";"";"";"2053595";"";"";"";"2812";"7762611";"https://www.camara.leg.br/cota-parlamentar/nota-fiscal-eletronica?ideDocumentoFiscal=7762611"
"LID.GOV-CD";"";"";"";"2023";"NA";"";"57";"3";"COMBUSTÍVEIS E LUBRIFICANTES.";"1";"Veículos Automotores";"ARCO IRIS PETROLEO COMERCIO E SERVICOS LTDA";"004.800.250/0013-0";"207330";"4";"2024-08-23T00:00:00";"120";"0";"120";"8";"2024";"0";"";"";"2068326";"";"";"";"2812";"7791999";"https://www.camara.leg.br/cota-parlamentar/nota-fiscal-eletronica?ideDocumentoFiscal=7791999"
"LID.GOV-CD";"";"";"";"2023";"NA";"";"57";"3";"COMBUSTÍVEIS E LUBRIFICANTES.";"1";"Veículos Automotores";"ARCO IRIS PETROLEO COMERCIO E SERVICOS LTDA";"004.800.250/0013-0";"218560";"4";"2024-11-08T20:54:00";"100";"0";"100";"11";"2024";"0";"";"";"2088066";"";"";"";"2812";"7828478";"https://www.camara.leg.br/cota-parlamentar/nota-fiscal-eletronica?ideDocumentoFiscal=7828478"
"LID.GOV-CD";"";"";"";"2023";"NA";"";"57";"3";"COMBUSTÍVEIS E LUBRIFICANTES.";"1";"Veículos Automotores";"ARCO IRIS PETROLEO COMERCIO E SERVICOS LTDA";"004.800.250/0013-0";"219889";"4";"2024-11-18T13:55:28";"200";"0";"200";"11";"2024";"0";"";"";"2089729";"";"";"";"2812";"7831729";"https://www.camara.leg.br/cota-parlamentar/nota-fiscal-eletronica?ideDocumentoFiscal=7831729"
"LID.GOV-CD";"";"";"";"2023";"NA";"";"57";"3";"COMBUSTÍVEIS E LUBRIFICANTES.";"1";"Veículos Automotores";"AUTO POSTO 302 SUL LTDA";"306.427.010/0019-5";"107443";"4";"2024-02-19T00:00:00";"126.2";"0";"126.2";"2";"2024";"0";"";"";"2015316";"";"";"";"2812";"7691131";"https://www.camara.leg.br/cota-parlamentar/nota-fiscal-eletronica?ideDocumentoFiscal=7691131"
"LID.GOV-CD";"";"";"";"2023";"NA";"";"57";"3";"COMBUSTÍVEIS E LUBRIFICANTES.";"1";"Veículos Automotores";"AUTO POSTO 302 SUL LTDA";"306.427.010/0019-5";"119543";"4";"2024-05-20T00:00:00";"120";"0";"120";"5";"2024";"0";"";"";"2041546";"";"";"";"2812";"7739510";"https://www.camara.leg.br/cota-parlamentar/nota-fiscal-eletronica?ideDocumentoFiscal=7739510"
"LID.GOV-CD";"";"";"";"2023";"NA";"";"57";"3";"COMBUSTÍVEIS E LUBRIFICANTES.";"1";"Veículos Automotores";"AUTO POSTO 302 SUL LTDA";"306.427.010/0019-5";"123060";"4";"2024-06-09T19:39:51";"160.13";"0";"160.13";"6";"2024";"0";"";"";"2047970";"";"";"";"2812";"7751642";"https://www.camara.leg.br/cota-parlamentar/nota-fiscal-eletronica?ideDocumentoFiscal=7751642"
"LID.GOV-CD";"";"";"";"2023";"NA";"";"57";"3";"COMBUSTÍVEIS E LUBRIFICANTES.";"1";"Veículos Automotores";"AUTO POSTO 302 SUL LTDA";"306.427.010/0019-5";"123317";"4";"2024-06-11T08:04:08";"136.67";"0";"136.67";"6";"2024";"0";"";"";"2047970";"";"";"";"2812";"7751646";"https://www.camara.leg.br/cota-parlamentar/nota-fiscal-eletronica?ideDocumentoFiscal=7751646"
"LID.GOV-CD";"";"";"";"2023";"NA";"";"57";"3";"COMBUSTÍVEIS E LUBRIFICANTES.";"1";"Veículos Automotores";"AUTO POSTO 302 SUL LTDA";"306.427.010/0019-5";"124464";"4";"2024-06-16T19:34:15";"150";"0";"150";"6";"2024";"0";"";"";"2049450";"";"";"";"2812";"7754405";"https://www.camara.leg.br/cota-parlamentar/nota-fiscal-eletronica?ideDocumentoFiscal=7754405"
"LID.GOV-CD";"";"";"";"2023";"NA";"";"57";"3";"COMBUSTÍVEIS E LUBRIFICANTES.";"1";"Veículos Automotores";"AUTO POSTO 302 SUL LTDA";"306.427.010/0019-5";"124764";"4";"2024-06-18T21:35:11";"230.29";"0";"230.29";"6";"2024";"0";"";"";"2050194";"";"";"";"2812";"7756007";"https://www.camara.leg.br/cota-parlamentar/nota-fiscal-eletronica?ideDocumentoFiscal=7756007"
"LID.GOV-CD";"";"";"";"2023";"NA";"";"57";"3";"COMBUSTÍVEIS E LUBRIFICANTES.";"1";"Veículos Automotores";"AUTO POSTO 302 SUL LTDA";"306.427.010/0019-5";"127447";"4";"2024-07-08T21:34:39";"80.01";"0";"80.01";"7";"2024";"0";"";"";"2062706";"";"";"";"2812";"7780629";"https://www.camara.leg.br/cota-parlamentar/nota-fiscal-eletronica?ideDocumentoFiscal=7780629"
"LID.GOV-CD";"";"";"";"2023";"NA";"";"57";"3";"COMBUSTÍVEIS E LUBRIFICANTES.";"1";"Veículos Automotores";"AUTO POSTO 302 SUL LTDA";"306.427.010/0019-5";"127448";"4";"2024-07-08T21:35:29";"250.04";"0";"250.04";"7";"2024";"0";"";"";"2056530";"";"";"";"2812";"7768227";"https://www.camara.leg.br/cota-parlamentar/nota-fiscal-eletronica?ideDocumentoFiscal=7768227"
"LID.GOV-CD";"";"";"";"2023";"NA";"";"57";"3";"COMBUSTÍVEIS E LUBRIFICANTES.";"1";"Veículos Automotores";"AUTO POSTO 302 SUL LTDA";"306.427.010/0019-5";"135393";"4";"2024-09-10T21:30:31";"130";"0";"130";"9";"2024";"0";"";"";"2073060";"";"";"";"2812";"7801197";"https://www.camara.leg.br/cota-parlamentar/nota-fiscal-eletronica?ideDocumentoFiscal=7801197"
"LID.GOV-CD";"";"";"";"2023";"NA";"";"57";"3";"COMBUSTÍVEIS E LUBRIFICANTES.";"1";"Veículos Automotores";"AUTO POSTO 302 SUL LTDA";"306.427.010/0019-5";"179229";"4";"2024-11-12T00:00:00";"150";"0";"150";"11";"2024";"0";"";"";"2088873";"";"";"";"2812";"7830131";"https://www.camara.leg.br/cota-parlamentar/nota-fiscal-eletronica?ideDocumentoFiscal=7830131"
"LID.GOV-CD";"";"";"";"2023";"NA";"";"57";"3";"COMBUSTÍVEIS E LUBRIFICANTES.";"1";"Veículos Automotores";"AUTO POSTO 303 NORTE LTDA";"381.942.120/0012-0";"13801";"4";"2024-01-29T00:00:00";"142.52";"0";"142.52";"1";"2024";"0";"";"";"2011371";"";"";"";"2812";"7683955";"https://www.camara.leg.br/cota-parlamentar/nota-fiscal-eletronica?ideDocumentoFiscal=7683955"
"LID.GOV-CD";"";"";"";"2023";"NA";"";"57";"3";"COMBUSTÍVEIS E LUBRIFICANTES.";"1";"Veículos Automotores";"AUTO POSTO 303 NORTE LTDA";"381.942.120/0012-0";"14910";"4";"2024-01-31T00:00:00";"130";"0";"130";"1";"2024";"0";"";"";"2011371";"";"";"";"2812";"7683941";"https://www.camara.leg.br/cota-parlamentar/nota-fiscal-eletronica?ideDocumentoFiscal=7683941"
"LID.GOV-CD";"";"";"";"2023";"NA";"";"57";"3";"COMBUSTÍVEIS E LUBRIFICANTES.";"1";"Veículos Automotores";"AUTO POSTO 303 NORTE LTDA";"381.942.120/0012-0";"16492";"4";"2024-02-26T00:00:00";"139.43";"0";"139.43";"2";"2024";"0";"";"";"2015542";"";"";"";"2812";"7691543";"https://www.camara.leg.br/cota-parlamentar/nota-fiscal-eletronica?ideDocumentoFiscal=7691543"
"LID.GOV-CD";"";"";"";"2023";"NA";"";"57";"3";"COMBUSTÍVEIS E LUBRIFICANTES.";"1";"Veículos Automotores";"AUTO POSTO 303 NORTE LTDA";"381.942.120/0012-0";"23171";"4";"2024-08-08T22:37:25";"150";"0";"150";"8";"2024";"0";"";"";"2064340";"";"";"";"2812";"7783997";"https://www.camara.leg.br/cota-parlamentar/nota-fiscal-eletronica?ideDocumentoFiscal=7783997"
"LID.GOV-CD";"";"";"";"2023";"NA";"";"57";"3";"COMBUSTÍVEIS E LUBRIFICANTES.";"1";"Veículos Automotores";"AUTO POSTO 303 NORTE LTDA";"381.942.120/0012-0";"25644";"4";"2024-05-13T14:06:41";"200";"0";"200";"5";"2024";"0";"";"";"2040501";"";"";"";"2812";"7737474";"https://www.camara.leg.br/cota-parlamentar/nota-fiscal-eletronica?ideDocumentoFiscal=7737474"
"LID.GOV-CD";"";"";"";"2023";"NA";"";"57";"3";"COMBUSTÍVEIS E LUBRIFICANTES.";"1";"Veículos Automotores";"AUTO POSTO 303 NORTE LTDA";"381.942.120/0012-0";"25990";"4";"2024-05-15T21:02:06";"150";"0";"150";"5";"2024";"0";"";"";"2040501";"";"";"";"2812";"7737488";"https://www.camara.leg.br/cota-parlamentar/nota-fiscal-eletronica?ideDocumentoFiscal=7737488"
"LID.GOV-CD";"";"";"";"2023";"NA";"";"57";"3";"COMBUSTÍVEIS E LUBRIFICANTES.";"1";"Veículos Automotores";"AUTO POSTO 303 NORTE LTDA";"381.942.120/0012-0";"314632";"4";"2024-02-04T00:00:00";"153.25";"0";"153.25";"2";"2024";"0";"";"";"2011372";"";"";"";"2812";"7683915";"https://www.camara.leg.br/cota-parlamentar/nota-fiscal-eletronica?ideDocumentoFiscal=7683915"
"LID.GOV-CD";"";"";"";"2023";"NA";"";"57";"3";"COMBUSTÍVEIS E LUBRIFICANTES.";"1";"Veículos Automotores";"AUTO POSTO 303 NORTE LTDA";"381.942.120/0012-0";"315527";"4";"2024-02-19T00:00:00";"168.55";"0";"168.55";"2";"2024";"0";"";"";"2014884";"";"";"";"2812";"7690292";"https://www.camara.leg.br/cota-parlamentar/nota-fiscal-eletronica?ideDocumentoFiscal=7690292"
"LID.GOV-CD";"";"";"";"2023";"NA";"";"57";"3";"COMBUSTÍVEIS E LUBRIFICANTES.";"1";"Veículos Automotores";"AUTO POSTO 303 NORTE LTDA";"381.942.120/0012-0";"315662";"4";"2024-02-21T00:00:00";"156.38";"0";"156.38";"2";"2024";"0";"";"";"2014884";"";"";"";"2812";"7690300";"https://www.camara.leg.br/cota-parlamentar/nota-fiscal-eletronica?ideDocumentoFiscal=7690300"
"LID.GOV-CD";"";"";"";"2023";"NA";"";"57";"3";"COMBUSTÍVEIS E LUBRIFICANTES.";"1";"Veículos Automotores";"AUTO POSTO 303 NORTE LTDA";"381.942.120/0012-0";"315795";"4";"2024-02-23T00:00:00";"120";"0";"120";"2";"2024";"0";"";"";"2015542";"";"";"";"2812";"7691550";"https://www.camara.leg.br/cota-parlamentar/nota-fiscal-eletronica?ideDocumentoFiscal=7691550"
"LID.GOV-CD";"";"";"";"2023";"NA";"";"57";"3";"COMBUSTÍVEIS E LUBRIFICANTES.";"1";"Veículos Automotores";"AUTO POSTO 303 NORTE LTDA";"381.942.120/0012-0";"317532";"4";"2024-03-19T07:19:35";"133.42";"0";"133.42";"3";"2024";"0";"";"";"2022933";"";"";"";"2812";"7705215";"https://www.camara.leg.br/cota-parlamentar/nota-fiscal-eletronica?ideDocumentoFiscal=7705215"
"LID.GOV-CD";"";"";"";"2023";"NA";"";"57";"3";"COMBUSTÍVEIS E LUBRIFICANTES.";"1";"Veículos Automotores";"AUTO POSTO 303 NORTE LTDA";"381.942.120/0012-0";"317781";"4";"2024-03-21T00:00:00";"144.89";"0";"144.89";"3";"2024";"0";"";"";"2024123";"";"";"";"2812";"7707289";"https://www.camara.leg.br/cota-parlamentar/nota-fiscal-eletronica?ideDocumentoFiscal=7707289"
"LID.GOV-CD";"";"";"";"2023";"NA";"";"57";"3";"COMBUSTÍVEIS E LUBRIFICANTES.";"1";"Veículos Automotores";"AUTO POSTO 303 NORTE LTDA";"381.942.120/0012-0";"318068";"4";"2024-03-24T00:00:00";"144.95";"0";"144.95";"3";"2024";"0";"";"";"2024123";"";"";"";"2812";"7707299";"https://www.camara.leg.br/cota-parlamentar/nota-fiscal-eletronica?ideDocumentoFiscal=7707299"
"LID.GOV-CD";"";"";"";"2023";"NA";"";"57";"3";"COMBUSTÍVEIS E LUBRIFICANTES.";"1";"Veículos Automotores";"AUTO POSTO 303 NORTE LTDA";"381.942.120/0012-0";"318223";"4";"2024-03-26T21:15:38";"130.63";"0";"130.63";"3";"2024";"0";"";"";"2027611";"";"";"";"2812";"7713874";"https://www.camara.leg.br/cota-parlamentar/nota-fiscal-eletronica?ideDocumentoFiscal=7713874"
"LID.GOV-CD";"";"";"";"2023";"NA";"";"57";"3";"COMBUSTÍVEIS E LUBRIFICANTES.";"1";"Veículos Automotores";"AUTO POSTO 303 NORTE LTDA";"381.942.120/0012-0";"319515";"4";"2024-04-19T18:00:04";"100";"0";"100";"4";"2024";"0";"";"";"2032641";"";"";"";"2812";"7723290";"https://www.camara.leg.br/cota-parlamentar/nota-fiscal-eletronica?ideDocumentoFiscal=7723290"
"LID.GOV-CD";"";"";"";"2023";"NA";"";"57";"3";"COMBUSTÍVEIS E LUBRIFICANTES.";"1";"Veículos Automotores";"AUTO POSTO 303 NORTE LTDA";"381.942.120/0012-0";"319647";"4";"2024-04-21T19:03:31";"100";"0";"100";"4";"2024";"0";"";"";"2032641";"";"";"";"2812";"7723318";"https://www.camara.leg.br/cota-parlamentar/nota-fiscal-eletronica?ideDocumentoFiscal=7723318"
"LID.GOV-CD";"";"";"";"2023";"NA";"";"57";"3";"COMBUSTÍVEIS E LUBRIFICANTES.";"1";"Veículos Automotores";"AUTO POSTO 303 NORTE LTDA";"381.942.120/0012-0";"319732";"4";"2024-04-22T14:08:20";"146.92";"0";"146.92";"4";"2024";"0";"";"";"2032641";"";"";"";"2812";"7723307";"https://www.camara.leg.br/cota-parlamentar/nota-fiscal-eletronica?ideDocumentoFiscal=7723307"
"LID.GOV-CD";"";"";"";"2023";"NA";"";"57";"3";"COMBUSTÍVEIS E LUBRIFICANTES.";"1";"Veículos Automotores";"AUTO POSTO 303 NORTE LTDA";"381.942.120/0012-0";"319912";"4";"2024-04-24T07:26:32";"130.81";"0";"130.81";"4";"2024";"0";"";"";"2033741";"";"";"";"2812";"7725510";"https://www.camara.leg.br/cota-parlamentar/nota-fiscal-eletronica?ideDocumentoFiscal=7725510"
"LID.GOV-CD";"";"";"";"2023";"NA";"";"57";"3";"COMBUSTÍVEIS E LUBRIFICANTES.";"1";"Veículos Automotores";"AUTO POSTO 303 NORTE LTDA";"381.942.120/0012-0";"322049";"4";"2024-05-19T15:50:22";"150";"0";"150";"5";"2024";"0";"";"";"2040777";"";"";"";"2812";"7738142";"https://www.camara.leg.br/cota-parlamentar/nota-fiscal-eletronica?ideDocumentoFiscal=7738142"
"LID.GOV-CD";"";"";"";"2023";"NA";"";"57";"3";"COMBUSTÍVEIS E LUBRIFICANTES.";"1";"Veículos Automotores";"AUTO POSTO 303 NORTE LTDA";"381.942.120/0012-0";"322848";"4";"2024-05-27T14:34:45";"247.84";"0";"247.84";"5";"2024";"0";"";"";"2042995";"";"";"";"2812";"7742542";"https://www.camara.leg.br/cota-parlamentar/nota-fiscal-eletronica?ideDocumentoFiscal=7742542"
"LID.GOV-CD";"";"";"";"2023";"NA";"";"57";"3";"COMBUSTÍVEIS E LUBRIFICANTES.";"1";"Veículos Automotores";"AUTO POSTO 303 NORTE LTDA";"381.942.120/0012-0";"325892";"4";"2024-07-07T21:10:03";"150";"0";"150";"7";"2024";"0";"";"";"2056530";"";"";"";"2812";"7768223";"https://www.camara.leg.br/cota-parlamentar/nota-fiscal-eletronica?ideDocumentoFiscal=7768223"
"LID.GOV-CD";"";"";"";"2023";"NA";"";"57";"3";"COMBUSTÍVEIS E LUBRIFICANTES.";"1";"Veículos Automotores";"AUTO POSTO 303 NORTE LTDA";"381.942.120/0012-0";"328245";"4";"2024-08-12T21:25:48";"150";"0";"150";"8";"2024";"0";"";"";"2065277";"";"";"";"2812";"7786032";"https://www.camara.leg.br/cota-parlamentar/nota-fiscal-eletronica?ideDocumentoFiscal=7786032"
"LID.GOV-CD";"";"";"";"2023";"NA";"";"57";"3";"COMBUSTÍVEIS E LUBRIFICANTES.";"1";"Veículos Automotores";"AUTO POSTO 303 NORTE LTDA";"381.942.120/0012-0";"329271";"4";"2024-08-27T00:00:00";"147.97";"0";"147.97";"8";"2024";"0";"";"";"2068326";"";"";"";"2812";"7792011";"https://www.camara.leg.br/cota-parlamentar/nota-fiscal-eletronica?ideDocumentoFiscal=7792011"
"LID.GOV-CD";"";"";"";"2023";"NA";"";"57";"3";"COMBUSTÍVEIS E LUBRIFICANTES.";"1";"Veículos Automotores";"AUTO POSTO 303 NORTE LTDA";"381.942.120/0012-0";"329489";"4";"2024-08-29T07:22:19";"120";"0";"120";"8";"2024";"0";"";"";"2069293";"";"";"";"2812";"7793995";"https://www.camara.leg.br/cota-parlamentar/nota-fiscal-eletronica?ideDocumentoFiscal=7793995"
"LID.GOV-CD";"";"";"";"2023";"NA";"";"57";"3";"COMBUSTÍVEIS E LUBRIFICANTES.";"1";"Veículos Automotores";"AUTO POSTO 303 NORTE LTDA";"381.942.120/0012-0";"330313";"4";"2024-09-08T19:00:58";"156.09";"0";"156.09";"9";"2024";"0";"";"";"2071679";"";"";"";"2812";"7798367";"https://www.camara.leg.br/cota-parlamentar/nota-fiscal-eletronica?ideDocumentoFiscal=7798367"
"LID.GOV-CD";"";"";"";"2023";"NA";"";"57";"3";"COMBUSTÍVEIS E LUBRIFICANTES.";"1";"Veículos Automotores";"AUTO POSTO 303 NORTE LTDA";"381.942.120/0012-0";"332345";"4";"2024-10-07T12:41:14";"203.12";"0";"203.12";"10";"2024";"0";"";"";"2079543";"";"";"";"2812";"7812456";"https://www.camara.leg.br/cota-parlamentar/nota-fiscal-eletronica?ideDocumentoFiscal=7812456"
"LID.GOV-CD";"";"";"";"2023";"NA";"";"57";"3";"COMBUSTÍVEIS E LUBRIFICANTES.";"1";"Veículos Automotores";"AUTO POSTO 303 NORTE LTDA";"381.942.120/0012-0";"332477";"4";"2024-10-09T13:13:07";"200";"0";"200";"10";"2024";"0";"";"";"2080666";"";"";"";"2812";"7814745";"https://www.camara.leg.br/cota-parlamentar/nota-fiscal-eletronica?ideDocumentoFiscal=7814745"
"LID.GOV-CD";"";"";"";"2023";"NA";"";"57";"3";"COMBUSTÍVEIS E LUBRIFICANTES.";"1";"Veículos Automotores";"AUTO POSTO 303 NORTE LTDA";"381.942.120/0012-0";"332478";"4";"2024-10-09T13:14:54";"250";"0";"250";"10";"2024";"0";"";"";"2080666";"";"";"";"2812";"7814748";"https://www.camara.leg.br/cota-parlamentar/nota-fiscal-eletronica?ideDocumentoFiscal=7814748"
"LID.GOV-CD";"";"";"";"2023";"NA";"";"57";"3";"COMBUSTÍVEIS E LUBRIFICANTES.";"1";"Veículos Automotores";"AUTO POSTO 303 NORTE LTDA";"381.942.120/0012-0";"332749";"4";"2024-10-13T18:39:38";"150";"0";"150";"10";"2024";"0";"";"";"2081545";"";"";"";"2812";"7816482";"https://www.camara.leg.br/cota-parlamentar/nota-fiscal-eletronica?ideDocumentoFiscal=7816482"
"LID.GOV-CD";"";"";"";"2023";"NA";"";"57";"3";"COMBUSTÍVEIS E LUBRIFICANTES.";"1";"Veículos Automotores";"AUTO POSTO 303 NORTE LTDA";"381.942.120/0012-0";"333202";"4";"2024-10-21T12:09:17";"195.84";"0";"195.84";"10";"2024";"0";"";"";"2083145";"";"";"";"2812";"7819476";"https://www.camara.leg.br/cota-parlamentar/nota-fiscal-eletronica?ideDocumentoFiscal=7819476"
"LID.GOV-CD";"";"";"";"2023";"NA";"";"57";"3";"COMBUSTÍVEIS E LUBRIFICANTES.";"1";"Veículos Automotores";"AUTO POSTO 303 NORTE LTDA";"381.942.120/0012-0";"333735";"4";"2024-10-28T15:47:54";"189";"0";"189";"10";"2024";"0";"";"";"2084523";"";"";"";"2812";"7822117";"https://www.camara.leg.br/cota-parlamentar/nota-fiscal-eletronica?ideDocumentoFiscal=7822117"
"LID.GOV-CD";"";"";"";"2023";"NA";"";"57";"3";"COMBUSTÍVEIS E LUBRIFICANTES.";"1";"Veículos Automotores";"AUTO POSTO 303 NORTE LTDA";"381.942.120/0012-0";"333861";"4";"2024-10-30T06:58:49";"130";"0";"130";"10";"2024";"0";"";"";"2085044";"";"";"";"2812";"7823195";"https://www.camara.leg.br/cota-parlamentar/nota-fiscal-eletronica?ideDocumentoFiscal=7823195"
"LID.GOV-CD";"";"";"";"2023";"NA";"";"57";"3";"COMBUSTÍVEIS E LUBRIFICANTES.";"1";"Veículos Automotores";"AUTO POSTO 303 NORTE LTDA";"381.942.120/0012-0";"333975";"4";"2024-10-31T15:06:39";"200";"0";"200";"10";"2024";"0";"";"";"2086242";"";"";"";"2812";"7825360";"https://www.camara.leg.br/cota-parlamentar/nota-fiscal-eletronica?ideDocumentoFiscal=7825360"
"LID.GOV-CD";"";"";"";"2023";"NA";"";"57";"3";"COMBUSTÍVEIS E LUBRIFICANTES.";"1";"Veículos Automotores";"AUTO POSTO 303 NORTE LTDA";"381.942.120/0012-0";"334864";"4";"2024-11-11T15:03:42";"170";"0";"170";"11";"2024";"0";"";"";"2088066";"";"";"";"2812";"7828479";"https://www.camara.leg.br/cota-parlamentar/nota-fiscal-eletronica?ideDocumentoFiscal=7828479"
"LID.GOV-CD";"";"";"";"2023";"NA";"";"57";"3";"COMBUSTÍVEIS E LUBRIFICANTES.";"1";"Veículos Automotores";"AUTO POSTO 303 NORTE LTDA";"381.942.120/0012-0";"335387";"4";"2024-11-21T07:46:45";"100";"0";"100";"11";"2024";"0";"";"";"2090386";"";"";"";"2812";"7832842";"https://www.camara.leg.br/cota-parlamentar/nota-fiscal-eletronica?ideDocumentoFiscal=7832842"
"LID.GOV-CD";"";"";"";"2023";"NA";"";"57";"3";"COMBUSTÍVEIS E LUBRIFICANTES.";"1";"Veículos Automotores";"AUTO POSTO 303 NORTE LTDA";"381.942.120/0012-0";"336093";"4";"2024-12-01T19:03:25";"177.55";"0";"177.55";"12";"2024";"0";"";"";"2093249";"";"";"";"2812";"7838324";"https://www.camara.leg.br/cota-parlamentar/nota-fiscal-eletronica?ideDocumentoFiscal=7838324"
"LID.GOV-CD";"";"";"";"2023";"NA";"";"57";"3";"COMBUSTÍVEIS E LUBRIFICANTES.";"1";"Veículos Automotores";"AUTO POSTO 303 NORTE LTDA";"381.942.120/0012-0";"336216";"4";"2024-12-03T09:21:40";"200";"0";"200";"12";"2024";"0";"";"";"2093298";"";"";"";"2812";"7838422";"https://www.camara.leg.br/cota-parlamentar/nota-fiscal-eletronica?ideDocumentoFiscal=7838422"
"LID.GOV-CD";"";"";"";"2023";"NA";"";"57";"3";"COMBUSTÍVEIS E LUBRIFICANTES.";"1";"Veículos Automotores";"AUTO POSTO 303 NORTE LTDA";"381.942.120/0012-0";"336578";"4";"2024-12-07T08:49:38";"150";"0";"150";"12";"2024";"0";"";"";"2095655";"";"";"";"2812";"7842562";"https://www.camara.leg.br/cota-parlamentar/nota-fiscal-eletronica?ideDocumentoFiscal=7842562"
"LID.GOV-CD";"";"";"";"2023";"NA";"";"57";"3";"COMBUSTÍVEIS E LUBRIFICANTES.";"1";"Veículos Automotores";"AUTO POSTO 303 NORTE LTDA";"381.942.120/0012-0";"336730";"4";"2024-12-09T15:37:21";"184.38";"0";"184.38";"12";"2024";"0";"";"";"2095655";"";"";"";"2812";"7842565";"https://www.camara.leg.br/cota-parlamentar/nota-fiscal-eletronica?ideDocumentoFiscal=7842565"
"LID.GOV-CD";"";"";"";"2023";"NA";"";"57";"3";"COMBUSTÍVEIS E LUBRIFICANTES.";"1";"Veículos Automotores";"AUTO POSTO 303 NORTE LTDA";"381.942.120/0012-0";"337118";"4";"2024-12-16T09:00:21";"173.78";"0";"173.78";"12";"2024";"0";"";"";"2097639";"";"";"";"2812";"7846248";"https://www.camara.leg.br/cota-parlamentar/nota-fiscal-eletronica?ideDocumentoFiscal=7846248"
"LID.GOV-CD";"";"";"";"2023";"NA";"";"57";"3";"COMBUSTÍVEIS E LUBRIFICANTES.";"1";"Veículos Automotores";"AUTO POSTO 303 NORTE LTDA";"381.942.120/0012-0";"34836";"4";"2024-08-14T16:26:44";"120";"0";"120";"8";"2024";"0";"";"";"2066390";"";"";"";"2812";"7788377";"https://www.camara.leg.br/cota-parlamentar/nota-fiscal-eletronica?ideDocumentoFiscal=7788377"
"LID.GOV-CD";"";"";"";"2023";"NA";"";"57";"3";"COMBUSTÍVEIS E LUBRIFICANTES.";"1";"Veículos Automotores";"AUTO POSTO AEROPORTO LTDA";"082.021.160/0011-5";"596633";"4";"2024-04-25T13:00:07";"70";"0";"70";"4";"2024";"0";"";"";"2033741";"";"";"";"2812";"7725507";"https://www.camara.leg.br/cota-parlamentar/nota-fiscal-eletronica?ideDocumentoFiscal=7725507"
"LID.GOV-CD";"";"";"";"2023";"NA";"";"57";"3";"COMBUSTÍVEIS E LUBRIFICANTES.";"1";"Veículos Automotores";"AUTO POSTO AEROPORTO LTDA";"082.021.160/0011-5";"611131";"4";"2024-06-24T00:00:00";"170";"0";"170";"6";"2024";"0";"";"";"2053594";"";"";"";"2812";"7762617";"https://www.camara.leg.br/cota-parlamentar/nota-fiscal-eletronica?ideDocumentoFiscal=7762617"
"LID.GOV-CD";"";"";"";"2023";"NA";"";"57";"3";"COMBUSTÍVEIS E LUBRIFICANTES.";"1";"Veículos Automotores";"AUTO POSTO AEROPORTO LTDA";"082.021.160/0011-5";"626971";"4";"2024-09-08T00:00:00";"100";"0";"100";"9";"2024";"0";"";"";"2080712";"";"";"";"2812";"7814817";"https://www.camara.leg.br/cota-parlamentar/nota-fiscal-eletronica?ideDocumentoFiscal=7814817"
"LID.GOV-CD";"";"";"";"2023";"NA";"";"57";"3";"COMBUSTÍVEIS E LUBRIFICANTES.";"1";"Veículos Automotores";"AUTO POSTO AEROPORTO LTDA";"082.021.160/0011-5";"643874";"4";"2024-12-05T08:26:36";"200";"0";"200";"12";"2024";"0";"";"";"2095655";"";"";"";"2812";"7842559";"https://www.camara.leg.br/cota-parlamentar/nota-fiscal-eletronica?ideDocumentoFiscal=7842559"
"LID.GOV-CD";"";"";"";"2023";"NA";"";"57";"3";"COMBUSTÍVEIS E LUBRIFICANTES.";"1";"Veículos Automotores";"AUTO POSTO ANDRADE LTDA - METROPOLITANO";"240.464.930/0024-0";"34872";"4";"2024-03-17T10:24:19";"100";"0";"100";"3";"2024";"0";"";"";"2022353";"";"";"";"2812";"7704084";"https://www.camara.leg.br/cota-parlamentar/nota-fiscal-eletronica?ideDocumentoFiscal=7704084"
"LID.GOV-CD";"";"";"";"2023";"NA";"";"57";"3";"COMBUSTÍVEIS E LUBRIFICANTES.";"1";"Veículos Automotores";"AUTO POSTO ANDRADE LTDA - METROPOLITANO";"240.464.930/0024-0";"36918";"4";"2024-06-15T19:06:25";"100";"0";"100";"6";"2024";"0";"";"";"2049450";"";"";"";"2812";"7754415";"https://www.camara.leg.br/cota-parlamentar/nota-fiscal-eletronica?ideDocumentoFiscal=7754415"
"LID.GOV-CD";"";"";"";"2023";"NA";"";"57";"3";"COMBUSTÍVEIS E LUBRIFICANTES.";"1";"Veículos Automotores";"AUTO POSTO ANDRADE LTDA - METROPOLITANO";"240.464.930/0024-0";"40195";"4";"2024-11-02T07:24:21";"100";"0";"100";"11";"2024";"0";"";"";"2086244";"";"";"";"2812";"7825368";"https://www.camara.leg.br/cota-parlamentar/nota-fiscal-eletronica?ideDocumentoFiscal=7825368"
"LID.GOV-CD";"";"";"";"2023";"NA";"";"57";"3";"COMBUSTÍVEIS E LUBRIFICANTES.";"1";"Veículos Automotores";"AUTO POSTO BRAGA LTDA - FILIAL";"052.083.060/0023-2";"54051";"4";"2024-06-09T21:02:11";"145.63";"0";"145.63";"6";"2024";"0";"";"";"2046955";"";"";"";"2812";"7749602";"https://www.camara.leg.br/cota-parlamentar/nota-fiscal-eletronica?ideDocumentoFiscal=7749602"
"LID.GOV-CD";"";"";"";"2023";"NA";"";"57";"3";"COMBUSTÍVEIS E LUBRIFICANTES.";"1";"Veículos Automotores";"AUTO POSTO CINCO ESTRELAS LTDA";"006.924.180/0061-1";"1095";"0";"2024-05-13T00:00:00";"289.19";"0";"289.19";"5";"2024";"0";"";"";"2039115";"";"";"";"2812";"7734466";"https://www.camara.leg.br/cota-parlamentar/documentos/publ/2812/2024/7734466.pdf"
"LID.GOV-CD";"";"";"";"2023";"NA";"";"57";"3";"COMBUSTÍVEIS E LUBRIFICANTES.";"1";"Veículos Automotores";"AUTO POSTO CINCO ESTRELAS LTDA";"006.924.180/0061-1";"1096";"0";"2024-05-13T00:00:00";"159.18";"0";"159.18";"5";"2024";"0";"";"";"2039115";"";"";"";"2812";"7734463";"https://www.camara.leg.br/cota-parlamentar/documentos/publ/2812/2024/7734463.pdf"
"LID.GOV-CD";"";"";"";"2023";"NA";"";"57";"3";"COMBUSTÍVEIS E LUBRIFICANTES.";"1";"Veículos Automotores";"AUTO POSTO CINCO ESTRELAS LTDA";"006.924.180/0061-1";"486354";"4";"2024-01-26T00:00:00";"153.33";"0";"153.33";"1";"2024";"0";"";"";"2011371";"";"";"";"2812";"7683951";"https://www.camara.leg.br/cota-parlamentar/nota-fiscal-eletronica?ideDocumentoFiscal=7683951"
"LID.GOV-CD";"";"";"";"2023";"NA";"";"57";"3";"COMBUSTÍVEIS E LUBRIFICANTES.";"1";"Veículos Automotores";"AUTO POSTO CINCO ESTRELAS LTDA";"006.924.180/0061-1";"499813";"4";"2024-02-05T00:00:00";"100";"0";"100";"2";"2024";"0";"";"";"2011372";"";"";"";"2812";"7683929";"https://www.camara.leg.br/cota-parlamentar/nota-fiscal-eletronica?ideDocumentoFiscal=7683929"
"LID.GOV-CD";"";"";"";"2023";"NA";"";"57";"3";"COMBUSTÍVEIS E LUBRIFICANTES.";"1";"Veículos Automotores";"AUTO POSTO CINCO ESTRELAS LTDA";"006.924.180/0061-1";"503070";"4";"2024-02-06T00:00:00";"136.33";"0";"136.33";"2";"2024";"0";"";"";"2014884";"";"";"";"2812";"7690271";"https://www.camara.leg.br/cota-parlamentar/nota-fiscal-eletronica?ideDocumentoFiscal=7690271"
"LID.GOV-CD";"";"";"";"2023";"NA";"";"57";"3";"COMBUSTÍVEIS E LUBRIFICANTES.";"1";"Veículos Automotores";"AUTO POSTO CINCO ESTRELAS LTDA";"006.924.180/0061-1";"536216";"4";"2024-02-27T21:20:21";"172.51";"0";"172.51";"2";"2024";"0";"";"";"2017042";"";"";"";"2812";"7694318";"https://www.camara.leg.br/cota-parlamentar/nota-fiscal-eletronica?ideDocumentoFiscal=7694318"
"LID.GOV-CD";"";"";"";"2023";"NA";"";"57";"3";"COMBUSTÍVEIS E LUBRIFICANTES.";"1";"Veículos Automotores";"AUTO POSTO CINCO ESTRELAS LTDA";"006.924.180/0061-1";"538529";"4";"2024-02-28T22:29:11";"100";"0";"100";"2";"2024";"0";"";"";"2017042";"";"";"";"2812";"7694324";"https://www.camara.leg.br/cota-parlamentar/nota-fiscal-eletronica?ideDocumentoFiscal=7694324"
"LID.GOV-CD";"";"";"";"2023";"NA";"";"57";"3";"COMBUSTÍVEIS E LUBRIFICANTES.";"1";"Veículos Automotores";"AUTO POSTO CINCO ESTRELAS LTDA";"006.924.180/0061-1";"538811";"4";"2024-02-29T06:57:37";"122.52";"0";"122.52";"2";"2024";"0";"";"";"2017042";"";"";"";"2812";"7694311";"https://www.camara.leg.br/cota-parlamentar/nota-fiscal-eletronica?ideDocumentoFiscal=7694311"
"LID.GOV-CD";"";"";"";"2023";"NA";"";"57";"3";"COMBUSTÍVEIS E LUBRIFICANTES.";"1";"Veículos Automotores";"AUTO POSTO CINCO ESTRELAS LTDA";"006.924.180/0061-1";"547143";"4";"2024-03-04T13:18:00";"116.64";"0";"116.64";"3";"2024";"0";"";"";"2017991";"";"";"";"2812";"7695974";"https://www.camara.leg.br/cota-parlamentar/nota-fiscal-eletronica?ideDocumentoFiscal=7695974"
"LID.GOV-CD";"";"";"";"2023";"NA";"";"57";"3";"COMBUSTÍVEIS E LUBRIFICANTES.";"1";"Veículos Automotores";"AUTO POSTO CINCO ESTRELAS LTDA";"006.924.180/0061-1";"550455";"4";"2024-03-05T00:00:00";"257.07";"0";"257.07";"3";"2024";"0";"";"";"2019349";"";"";"";"2812";"7698440";"https://www.camara.leg.br/cota-parlamentar/nota-fiscal-eletronica?ideDocumentoFiscal=7698440"
"LID.GOV-CD";"";"";"";"2023";"NA";"";"57";"3";"COMBUSTÍVEIS E LUBRIFICANTES.";"1";"Veículos Automotores";"AUTO POSTO CINCO ESTRELAS LTDA";"006.924.180/0061-1";"553624";"4";"2024-03-07T13:40:52";"100";"0";"100";"3";"2024";"0";"";"";"2021015";"";"";"";"2812";"7701455";"https://www.camara.leg.br/cota-parlamentar/nota-fiscal-eletronica?ideDocumentoFiscal=7701455"
"LID.GOV-CD";"";"";"";"2023";"NA";"";"57";"3";"COMBUSTÍVEIS E LUBRIFICANTES.";"1";"Veículos Automotores";"AUTO POSTO CINCO ESTRELAS LTDA";"006.924.180/0061-1";"561383";"4";"2024-03-11T22:20:24";"142.13";"0";"142.13";"3";"2024";"0";"";"";"2021015";"";"";"";"2812";"7701457";"https://www.camara.leg.br/cota-parlamentar/nota-fiscal-eletronica?ideDocumentoFiscal=7701457"
"LID.GOV-CD";"";"";"";"2023";"NA";"";"57";"3";"COMBUSTÍVEIS E LUBRIFICANTES.";"1";"Veículos Automotores";"AUTO POSTO CINCO ESTRELAS LTDA";"006.924.180/0061-1";"564831";"4";"2024-03-13T15:32:23";"130";"0";"130";"3";"2024";"0";"";"";"2021467";"";"";"";"2812";"7702328";"https://www.camara.leg.br/cota-parlamentar/nota-fiscal-eletronica?ideDocumentoFiscal=7702328"
"LID.GOV-CD";"";"";"";"2023";"NA";"";"57";"3";"COMBUSTÍVEIS E LUBRIFICANTES.";"1";"Veículos Automotores";"AUTO POSTO CINCO ESTRELAS LTDA";"006.924.180/0061-1";"565591";"4";"2024-03-13T22:17:04";"120";"0";"120";"3";"2024";"0";"";"";"2022353";"";"";"";"2812";"7704035";"https://www.camara.leg.br/cota-parlamentar/nota-fiscal-eletronica?ideDocumentoFiscal=7704035"
"LID.GOV-CD";"";"";"";"2023";"NA";"";"57";"3";"COMBUSTÍVEIS E LUBRIFICANTES.";"1";"Veículos Automotores";"AUTO POSTO CINCO ESTRELAS LTDA";"006.924.180/0061-1";"599090";"4";"2024-04-03T11:20:48";"161.37";"0";"161.37";"4";"2024";"0";"";"";"2027612";"";"";"";"2812";"7713878";"https://www.camara.leg.br/cota-parlamentar/nota-fiscal-eletronica?ideDocumentoFiscal=7713878"
"LID.GOV-CD";"";"";"";"2023";"NA";"";"57";"3";"COMBUSTÍVEIS E LUBRIFICANTES.";"1";"Veículos Automotores";"AUTO POSTO CINCO ESTRELAS LTDA";"006.924.180/0061-1";"608648";"4";"2024-04-09T10:03:57";"133.48";"0";"133.48";"4";"2024";"0";"";"";"2028752";"";"";"";"2812";"7716026";"https://www.camara.leg.br/cota-parlamentar/nota-fiscal-eletronica?ideDocumentoFiscal=7716026"
"LID.GOV-CD";"";"";"";"2023";"NA";"";"57";"3";"COMBUSTÍVEIS E LUBRIFICANTES.";"1";"Veículos Automotores";"AUTO POSTO CINCO ESTRELAS LTDA";"006.924.180/0061-1";"618691";"4";"2024-04-15T15:51:56";"168.02";"0";"168.02";"4";"2024";"0";"";"";"2031775";"";"";"";"2812";"7721680";"https://www.camara.leg.br/cota-parlamentar/nota-fiscal-eletronica?ideDocumentoFiscal=7721680"
"LID.GOV-CD";"";"";"";"2023";"NA";"";"57";"3";"COMBUSTÍVEIS E LUBRIFICANTES.";"1";"Veículos Automotores";"AUTO POSTO CINCO ESTRELAS LTDA";"006.924.180/0061-1";"640901";"4";"2024-04-29T00:00:00";"100";"0";"100";"4";"2024";"0";"";"";"2035002";"";"";"";"2812";"7728022";"https://www.camara.leg.br/cota-parlamentar/nota-fiscal-eletronica?ideDocumentoFiscal=7728022"
"LID.GOV-CD";"";"";"";"2023";"NA";"";"57";"3";"COMBUSTÍVEIS E LUBRIFICANTES.";"1";"Veículos Automotores";"AUTO POSTO CINCO ESTRELAS LTDA";"006.924.180/0061-1";"664730";"4";"2024-05-13T12:22:03";"170";"0";"170";"5";"2024";"0";"";"";"2040501";"";"";"";"2812";"7737465";"https://www.camara.leg.br/cota-parlamentar/nota-fiscal-eletronica?ideDocumentoFiscal=7737465"
"LID.GOV-CD";"";"";"";"2023";"NA";"";"57";"3";"COMBUSTÍVEIS E LUBRIFICANTES.";"1";"Veículos Automotores";"AUTO POSTO CINCO ESTRELAS LTDA";"006.924.180/0061-1";"694635";"4";"2024-06-03T06:05:48";"160";"0";"160";"6";"2024";"0";"";"";"2044415";"";"";"";"2812";"7745212";"https://www.camara.leg.br/cota-parlamentar/nota-fiscal-eletronica?ideDocumentoFiscal=7745212"
"LID.GOV-CD";"";"";"";"2023";"NA";"";"57";"3";"COMBUSTÍVEIS E LUBRIFICANTES.";"1";"Veículos Automotores";"AUTO POSTO CINCO ESTRELAS LTDA";"006.924.180/0061-1";"699446";"4";"2024-06-06T14:09:32";"70";"0";"70";"6";"2024";"0";"";"";"2053594";"";"";"";"2812";"7762603";"https://www.camara.leg.br/cota-parlamentar/nota-fiscal-eletronica?ideDocumentoFiscal=7762603"
"LID.GOV-CD";"";"";"";"2023";"NA";"";"57";"3";"COMBUSTÍVEIS E LUBRIFICANTES.";"1";"Veículos Automotores";"AUTO POSTO CINCO ESTRELAS LTDA";"006.924.180/0061-1";"741606";"4";"2024-07-11T19:40:47";"160";"0";"160";"7";"2024";"0";"";"";"2057679";"";"";"";"2812";"7770542";"https://www.camara.leg.br/cota-parlamentar/nota-fiscal-eletronica?ideDocumentoFiscal=7770542"
"LID.GOV-CD";"";"";"";"2023";"NA";"";"57";"3";"COMBUSTÍVEIS E LUBRIFICANTES.";"1";"Veículos Automotores";"AUTO POSTO CINCO ESTRELAS LTDA";"006.924.180/0061-1";"769683";"4";"2024-08-06T08:44:21";"160";"0";"160";"8";"2024";"0";"";"";"2062707";"";"";"";"2812";"7780665";"https://www.camara.leg.br/cota-parlamentar/nota-fiscal-eletronica?ideDocumentoFiscal=7780665"
"LID.GOV-CD";"";"";"";"2023";"NA";"";"57";"3";"COMBUSTÍVEIS E LUBRIFICANTES.";"1";"Veículos Automotores";"AUTO POSTO CINCO ESTRELAS LTDA";"006.924.180/0061-1";"772612";"4";"2024-08-08T09:34:11";"150";"0";"150";"8";"2024";"0";"";"";"2063599";"";"";"";"2812";"7782622";"https://www.camara.leg.br/cota-parlamentar/nota-fiscal-eletronica?ideDocumentoFiscal=7782622"
"LID.GOV-CD";"";"";"";"2023";"NA";"";"57";"3";"COMBUSTÍVEIS E LUBRIFICANTES.";"1";"Veículos Automotores";"AUTO POSTO CINCO ESTRELAS LTDA";"006.924.180/0061-1";"784834";"4";"2024-08-19T15:59:50";"200";"0";"200";"8";"2024";"0";"";"";"2066584";"";"";"";"2812";"7788752";"https://www.camara.leg.br/cota-parlamentar/nota-fiscal-eletronica?ideDocumentoFiscal=7788752"
"LID.GOV-CD";"";"";"";"2023";"NA";"";"57";"3";"COMBUSTÍVEIS E LUBRIFICANTES.";"1";"Veículos Automotores";"AUTO POSTO CINCO ESTRELAS LTDA";"006.924.180/0061-1";"799673";"4";"2024-09-02T10:17:26";"160";"0";"160";"9";"2024";"0";"";"";"2070285";"";"";"";"2812";"7795956";"https://www.camara.leg.br/cota-parlamentar/nota-fiscal-eletronica?ideDocumentoFiscal=7795956"
"LID.GOV-CD";"";"";"";"2023";"NA";"";"57";"3";"COMBUSTÍVEIS E LUBRIFICANTES.";"1";"Veículos Automotores";"AUTO POSTO CINCO ESTRELAS LTDA";"006.924.180/0061-1";"801512";"4";"2024-09-03T18:19:26";"120";"0";"120";"9";"2024";"0";"";"";"2071189";"";"";"";"2812";"7797470";"https://www.camara.leg.br/cota-parlamentar/nota-fiscal-eletronica?ideDocumentoFiscal=7797470"
"LID.GOV-CD";"";"";"";"2023";"NA";"";"57";"3";"COMBUSTÍVEIS E LUBRIFICANTES.";"1";"Veículos Automotores";"AUTO POSTO CINCO ESTRELAS LTDA";"006.924.180/0061-1";"803706";"4";"2024-09-05T10:34:20";"186.22";"0";"186.22";"9";"2024";"0";"";"";"2071189";"";"";"";"2812";"7797466";"https://www.camara.leg.br/cota-parlamentar/nota-fiscal-eletronica?ideDocumentoFiscal=7797466"
"LID.GOV-CD";"";"";"";"2023";"NA";"";"57";"3";"COMBUSTÍVEIS E LUBRIFICANTES.";"1";"Veículos Automotores";"AUTO POSTO CINCO ESTRELAS LTDA";"006.924.180/0061-1";"808021";"4";"2024-09-09T09:12:28";"120";"0";"120";"9";"2024";"0";"";"";"2071679";"";"";"";"2812";"7798371";"https://www.camara.leg.br/cota-parlamentar/nota-fiscal-eletronica?ideDocumentoFiscal=7798371"
"LID.GOV-CD";"";"";"";"2023";"NA";"";"57";"3";"COMBUSTÍVEIS E LUBRIFICANTES.";"1";"Veículos Automotores";"AUTO POSTO CINCO ESTRELAS LTDA";"006.924.180/0061-1";"816293";"4";"2024-09-16T08:13:29";"70";"0";"70";"9";"2024";"0";"";"";"2074204";"";"";"";"2812";"7803468";"https://www.camara.leg.br/cota-parlamentar/nota-fiscal-eletronica?ideDocumentoFiscal=7803468"
"LID.GOV-CD";"";"";"";"2023";"NA";"";"57";"3";"COMBUSTÍVEIS E LUBRIFICANTES.";"1";"Veículos Automotores";"AUTO POSTO CINCO ESTRELAS LTDA";"006.924.180/0061-1";"817583";"4";"2024-09-17T15:20:27";"150";"0";"150";"9";"2024";"0";"";"";"2074204";"";"";"";"2812";"7803467";"https://www.camara.leg.br/cota-parlamentar/nota-fiscal-eletronica?ideDocumentoFiscal=7803467"
"LID.GOV-CD";"";"";"";"2023";"NA";"";"57";"3";"COMBUSTÍVEIS E LUBRIFICANTES.";"1";"Veículos Automotores";"AUTO POSTO CINCO ESTRELAS LTDA";"006.924.180/0061-1";"824693";"4";"2024-09-25T15:59:05";"120";"0";"120";"9";"2024";"0";"";"";"2079542";"";"";"";"2812";"7812461";"https://www.camara.leg.br/cota-parlamentar/nota-fiscal-eletronica?ideDocumentoFiscal=7812461"
"LID.GOV-CD";"";"";"";"2023";"NA";"";"57";"3";"COMBUSTÍVEIS E LUBRIFICANTES.";"1";"Veículos Automotores";"AUTO POSTO CINCO ESTRELAS LTDA";"006.924.180/0061-1";"841163";"4";"2024-10-17T18:20:59";"189.95";"0";"189.95";"10";"2024";"0";"";"";"2083145";"";"";"";"2812";"7819471";"https://www.camara.leg.br/cota-parlamentar/nota-fiscal-eletronica?ideDocumentoFiscal=7819471"
"LID.GOV-CD";"";"";"";"2023";"NA";"";"57";"3";"COMBUSTÍVEIS E LUBRIFICANTES.";"1";"Veículos Automotores";"AUTO POSTO CINCO ESTRELAS LTDA";"006.924.180/0061-1";"851283";"4";"2024-10-31T19:26:02";"100";"0";"100";"10";"2024";"0";"";"";"2086609";"";"";"";"2812";"7826021";"https://www.camara.leg.br/cota-parlamentar/nota-fiscal-eletronica?ideDocumentoFiscal=7826021"
"LID.GOV-CD";"";"";"";"2023";"NA";"";"57";"3";"COMBUSTÍVEIS E LUBRIFICANTES.";"1";"Veículos Automotores";"AUTO POSTO CINCO ESTRELAS LTDA";"006.924.180/0061-1";"868955";"4";"2024-11-27T10:41:23";"150";"0";"150";"11";"2024";"0";"";"";"2092389";"";"";"";"2812";"7836804";"https://www.camara.leg.br/cota-parlamentar/nota-fiscal-eletronica?ideDocumentoFiscal=7836804"
"LID.GOV-CD";"";"";"";"2023";"NA";"";"57";"3";"COMBUSTÍVEIS E LUBRIFICANTES.";"1";"Veículos Automotores";"AUTO POSTO CINCO ESTRELAS LTDA";"006.924.180/0231-2";"334861";"4";"2024-05-20T00:00:00";"146.58";"0";"146.58";"5";"2024";"0";"";"";"2041924";"";"";"";"2812";"7740357";"https://www.camara.leg.br/cota-parlamentar/nota-fiscal-eletronica?ideDocumentoFiscal=7740357"
"LID.GOV-CD";"";"";"";"2023";"NA";"";"57";"3";"COMBUSTÍVEIS E LUBRIFICANTES.";"1";"Veículos Automotores";"AUTO POSTO CINCO ESTRELAS LTDA";"006.924.180/0231-2";"344062";"4";"2024-06-04T20:52:23";"150";"0";"150";"6";"2024";"0";"";"";"2046410";"";"";"";"2812";"7748648";"https://www.camara.leg.br/cota-parlamentar/nota-fiscal-eletronica?ideDocumentoFiscal=7748648"
"LID.GOV-CD";"";"";"";"2023";"NA";"";"57";"3";"COMBUSTÍVEIS E LUBRIFICANTES.";"1";"Veículos Automotores";"AUTO POSTO CRIOLO LTDA";"271.697.000/0016-0";"5913";"4";"2024-01-31T00:00:00";"100";"0";"100";"1";"2024";"0";"";"";"2008978";"";"";"";"2812";"7679698";"https://www.camara.leg.br/cota-parlamentar/nota-fiscal-eletronica?ideDocumentoFiscal=7679698"
"LID.GOV-CD";"";"";"";"2023";"NA";"";"57";"3";"COMBUSTÍVEIS E LUBRIFICANTES.";"1";"Veículos Automotores";"AUTO POSTO FENIX ODJ LTDA";"250.040.460/0010-0";"11811";"4";"2024-12-04T21:13:24";"100";"0";"100";"12";"2024";"0";"";"";"2094480";"";"";"";"2812";"7840383";"https://www.camara.leg.br/cota-parlamentar/nota-fiscal-eletronica?ideDocumentoFiscal=7840383"
"LID.GOV-CD";"";"";"";"2023";"NA";"";"57";"3";"COMBUSTÍVEIS E LUBRIFICANTES.";"1";"Veículos Automotores";"AUTO POSTO G SUL LTDA";"025.705.630/0014-0";"242685";"4";"2024-08-20T08:03:10";"150";"0";"150";"8";"2024";"0";"";"";"2066926";"";"";"";"2812";"7789364";"https://www.camara.leg.br/cota-parlamentar/nota-fiscal-eletronica?ideDocumentoFiscal=7789364"
"LID.GOV-CD";"";"";"";"2023";"NA";"";"57";"3";"COMBUSTÍVEIS E LUBRIFICANTES.";"1";"Veículos Automotores";"AUTO POSTO JP DERIVADOS DE PETROLEO LTDA";"047.871.550/0017-0";"59861";"4";"2024-01-18T10:15:36";"100";"0";"100";"1";"2024";"0";"";"";"2005293";"";"";"";"2812";"7673810";"https://www.camara.leg.br/cota-parlamentar/nota-fiscal-eletronica?ideDocumentoFiscal=7673810"
"LID.GOV-CD";"";"";"";"2023";"NA";"";"57";"3";"COMBUSTÍVEIS E LUBRIFICANTES.";"1";"Veículos Automotores";"AUTO POSTO SAMAMBAIA LTDA";"503.132.750/0015-3";"40597";"4";"2024-01-01T00:00:00";"150";"0";"150";"1";"2024";"0";"";"";"2003634";"";"";"";"2812";"7671187";"https://www.camara.leg.br/cota-parlamentar/nota-fiscal-eletronica?ideDocumentoFiscal=7671187"
"LID.GOV-CD";"";"";"";"2023";"NA";"";"57";"3";"COMBUSTÍVEIS E LUBRIFICANTES.";"1";"Veículos Automotores";"AUTO POSTO SAMAMBAIA LTDA";"503.132.750/0015-3";"60402";"4";"2024-06-16T18:54:26";"140.18";"0";"140.18";"6";"2024";"0";"";"";"2049450";"";"";"";"2812";"7754410";"https://www.camara.leg.br/cota-parlamentar/nota-fiscal-eletronica?ideDocumentoFiscal=7754410"
"LID.GOV-CD";"";"";"";"2023";"NA";"";"57";"3";"COMBUSTÍVEIS E LUBRIFICANTES.";"1";"Veículos Automotores";"AUTO SHOPPING DERIVADOS DE PETROLEO LTDA";"370.633.280/0300-0";"684081";"4";"2024-10-04T11:59:17";"150";"0";"150";"10";"2024";"0";"";"";"2079543";"";"";"";"2812";"7812451";"https://www.camara.leg.br/cota-parlamentar/nota-fiscal-eletronica?ideDocumentoFiscal=7812451"
"LID.GOV-CD";"";"";"";"2023";"NA";"";"57";"3";"COMBUSTÍVEIS E LUBRIFICANTES.";"1";"Veículos Automotores";"BELIZE COMPANY AUTO POSTO LTDA";"290.328.200/0014-7";"282831";"4";"2024-05-22T00:00:00";"273.18";"0";"273.18";"5";"2024";"0";"";"";"2041924";"";"";"";"2812";"7740348";"https://www.camara.leg.br/cota-parlamentar/nota-fiscal-eletronica?ideDocumentoFiscal=7740348"
"LID.GOV-CD";"";"";"";"2023";"NA";"";"57";"3";"COMBUSTÍVEIS E LUBRIFICANTES.";"1";"Veículos Automotores";"BRASAL COMBUSTIVEIS LTDA";"000.976.260/0040-0";"773195";"4";"2024-03-07T10:06:28";"150";"0";"150";"3";"2024";"0";"";"";"2019507";"";"";"";"2812";"7698741";"https://www.camara.leg.br/cota-parlamentar/nota-fiscal-eletronica?ideDocumentoFiscal=7698741"
"LID.GOV-CD";"";"";"";"2023";"NA";"";"57";"3";"COMBUSTÍVEIS E LUBRIFICANTES.";"1";"Veículos Automotores";"BRASAL COMBUSTIVEIS LTDA";"000.976.260/0040-0";"787876";"4";"2024-05-29T13:57:20";"100";"0";"100";"5";"2024";"0";"";"";"2044414";"";"";"";"2812";"7745226";"https://www.camara.leg.br/cota-parlamentar/nota-fiscal-eletronica?ideDocumentoFiscal=7745226"
"LID.GOV-CD";"";"";"";"2023";"NA";"";"57";"3";"COMBUSTÍVEIS E LUBRIFICANTES.";"1";"Veículos Automotores";"COMERCIAL DE COMBUSTÍVEL MAM LTDA";"107.029.040/0011-2";"116427";"4";"2024-12-20T09:23:12";"67.2";"0";"67.2";"12";"2024";"0";"";"";"2099695";"";"";"";"2812";"7850170";"https://www.camara.leg.br/cota-parlamentar/nota-fiscal-eletronica?ideDocumentoFiscal=7850170"
"LID.GOV-CD";"";"";"";"2023";"NA";"";"57";"3";"COMBUSTÍVEIS E LUBRIFICANTES.";"1";"Veículos Automotores";"CONTROLL ENERGY REPRESENTACAO LTDA";"248.680.980/0016-1";"19433";"4";"2024-03-03T10:01:33";"100";"0";"100";"3";"2024";"0";"";"";"2018274";"";"";"";"2812";"7696477";"https://www.camara.leg.br/cota-parlamentar/nota-fiscal-eletronica?ideDocumentoFiscal=7696477"
"LID.GOV-CD";"";"";"";"2023";"NA";"";"57";"3";"COMBUSTÍVEIS E LUBRIFICANTES.";"1";"Veículos Automotores";"CONTROLL ENERGY REPRESENTACAO LTDA";"248.680.980/0024-2";"14104";"4";"2024-04-09T22:57:40";"120";"0";"120";"4";"2024";"0";"";"";"2029773";"";"";"";"2812";"7717765";"https://www.camara.leg.br/cota-parlamentar/nota-fiscal-eletronica?ideDocumentoFiscal=7717765"
"LID.GOV-CD";"";"";"";"2023";"NA";"";"57";"3";"COMBUSTÍVEIS E LUBRIFICANTES.";"1";"Veículos Automotores";"CONTROLL ENERGY REPRESENTACAO LTDA";"248.680.980/0024-2";"7020";"4";"2024-01-02T21:28:04";"100";"0";"100";"1";"2024";"0";"";"";"2005293";"";"";"";"2812";"7673812";"https://www.camara.leg.br/cota-parlamentar/nota-fiscal-eletronica?ideDocumentoFiscal=7673812"
"LID.GOV-CD";"";"";"";"2023";"NA";"";"57";"3";"COMBUSTÍVEIS E LUBRIFICANTES.";"1";"Veículos Automotores";"ESTACAO SUL AUTO POSTO LTDA";"065.552.450/0016-1";"18327";"4";"2024-03-03T00:00:00";"100";"0";"100";"3";"2024";"0";"";"";"2017445";"";"";"";"2812";"7694989";"https://www.camara.leg.br/cota-parlamentar/nota-fiscal-eletronica?ideDocumentoFiscal=7694989"
"LID.GOV-CD";"";"";"";"2023";"NA";"";"57";"3";"COMBUSTÍVEIS E LUBRIFICANTES.";"1";"Veículos Automotores";"ESTACAO SUL AUTO POSTO LTDA";"065.552.450/0016-1";"22796";"0";"2024-04-30T00:00:00";"100";"0";"100";"4";"2024";"0";"";"";"2036787";"";"";"";"2812";"7731169";"https://www.camara.leg.br/cota-parlamentar/documentos/publ/2812/2024/7731169.pdf"
"LID.GOV-CD";"";"";"";"2023";"NA";"";"57";"3";"COMBUSTÍVEIS E LUBRIFICANTES.";"1";"Veículos Automotores";"ESTACAO SUL AUTO POSTO LTDA";"065.552.450/0016-1";"24608";"0";"2024-05-01T00:00:00";"40";"0";"40";"5";"2024";"0";"";"";"2036790";"";"";"";"2812";"7731165";"https://www.camara.leg.br/cota-parlamentar/documentos/publ/2812/2024/7731165.pdf"
"LID.GOV-CD";"";"";"";"2023";"NA";"";"57";"3";"COMBUSTÍVEIS E LUBRIFICANTES.";"1";"Veículos Automotores";"ESTACAO SUL AUTO POSTO LTDA";"065.552.450/0016-1";"641375";"4";"2024-03-10T00:00:00";"100";"0";"100";"3";"2024";"0";"";"";"2020057";"";"";"";"2812";"7699621";"https://www.camara.leg.br/cota-parlamentar/nota-fiscal-eletronica?ideDocumentoFiscal=7699621"
"LID.GOV-CD";"";"";"";"2023";"NA";"";"57";"3";"COMBUSTÍVEIS E LUBRIFICANTES.";"1";"Veículos Automotores";"ESTACAO SUL AUTO POSTO LTDA";"065.552.450/0016-1";"643770";"4";"2024-03-19T08:08:18";"50";"0";"50";"3";"2024";"0";"";"";"2022933";"";"";"";"2812";"7705202";"https://www.camara.leg.br/cota-parlamentar/nota-fiscal-eletronica?ideDocumentoFiscal=7705202"
"LID.GOV-CD";"";"";"";"2023";"NA";"";"57";"3";"COMBUSTÍVEIS E LUBRIFICANTES.";"1";"Veículos Automotores";"ESTACAO SUL AUTO POSTO LTDA";"065.552.450/0016-1";"655233";"4";"2024-04-27T00:00:00";"50";"0";"50";"4";"2024";"0";"";"";"2035544";"";"";"";"2812";"7728931";"https://www.camara.leg.br/cota-parlamentar/nota-fiscal-eletronica?ideDocumentoFiscal=7728931"
"LID.GOV-CD";"";"";"";"2023";"NA";"";"57";"3";"COMBUSTÍVEIS E LUBRIFICANTES.";"1";"Veículos Automotores";"ESTACAO SUL AUTO POSTO LTDA";"065.552.450/0016-1";"658222";"4";"2024-05-09T00:00:00";"200";"0";"200";"5";"2024";"0";"";"";"2040501";"";"";"";"2812";"7737434";"https://www.camara.leg.br/cota-parlamentar/nota-fiscal-eletronica?ideDocumentoFiscal=7737434"
"LID.GOV-CD";"";"";"";"2023";"NA";"";"57";"3";"COMBUSTÍVEIS E LUBRIFICANTES.";"1";"Veículos Automotores";"ESTACAO SUL AUTO POSTO LTDA";"065.552.450/0016-1";"660680";"4";"2024-05-17T16:07:49";"200";"0";"200";"5";"2024";"0";"";"";"2040501";"";"";"";"2812";"7737415";"https://www.camara.leg.br/cota-parlamentar/nota-fiscal-eletronica?ideDocumentoFiscal=7737415"
"LID.GOV-CD";"";"";"";"2023";"NA";"";"57";"3";"COMBUSTÍVEIS E LUBRIFICANTES.";"1";"Veículos Automotores";"ESTACAO SUL AUTO POSTO LTDA";"065.552.450/0016-1";"674158";"4";"2024-07-02T00:00:00";"100";"0";"100";"7";"2024";"0";"";"";"2056530";"";"";"";"2812";"7768233";"https://www.camara.leg.br/cota-parlamentar/nota-fiscal-eletronica?ideDocumentoFiscal=7768233"
"LID.GOV-CD";"";"";"";"2023";"NA";"";"57";"3";"COMBUSTÍVEIS E LUBRIFICANTES.";"1";"Veículos Automotores";"ESTACAO SUL AUTO POSTO LTDA";"065.552.450/0016-1";"674159";"4";"2024-07-02T14:56:56";"100";"0";"100";"7";"2024";"0";"";"";"2057359";"";"";"";"2812";"7769815";"https://www.camara.leg.br/cota-parlamentar/nota-fiscal-eletronica?ideDocumentoFiscal=7769815"
"LID.GOV-CD";"";"";"";"2023";"NA";"";"57";"3";"COMBUSTÍVEIS E LUBRIFICANTES.";"1";"Veículos Automotores";"ESTACAO SUL AUTO POSTO LTDA";"065.552.450/0016-1";"675754";"4";"2024-07-08T11:33:00";"100";"0";"100";"7";"2024";"0";"";"";"2056060";"";"";"";"2812";"7767298";"https://www.camara.leg.br/cota-parlamentar/nota-fiscal-eletronica?ideDocumentoFiscal=7767298"
"LID.GOV-CD";"";"";"";"2023";"NA";"";"57";"3";"COMBUSTÍVEIS E LUBRIFICANTES.";"1";"Veículos Automotores";"ESTACAO SUL AUTO POSTO LTDA";"065.552.450/0016-1";"683756";"4";"2024-08-07T07:56:34";"200";"0";"200";"8";"2024";"0";"";"";"2063123";"";"";"";"2812";"7781532";"https://www.camara.leg.br/cota-parlamentar/nota-fiscal-eletronica?ideDocumentoFiscal=7781532"
"LID.GOV-CD";"";"";"";"2023";"NA";"";"57";"3";"COMBUSTÍVEIS E LUBRIFICANTES.";"1";"Veículos Automotores";"ESTACAO SUL AUTO POSTO LTDA";"065.552.450/0016-1";"712775";"4";"2024-11-21T00:00:00";"100";"0";"100";"11";"2024";"0";"";"";"2091742";"";"";"";"2812";"7835516";"https://www.camara.leg.br/cota-parlamentar/nota-fiscal-eletronica?ideDocumentoFiscal=7835516"
"LID.GOV-CD";"";"";"";"2023";"NA";"";"57";"3";"COMBUSTÍVEIS E LUBRIFICANTES.";"1";"Veículos Automotores";"ESTACAO SUL AUTO POSTO LTDA";"065.552.450/0016-1";"714113";"4";"2024-11-27T08:34:09";"100.05";"0";"100.05";"11";"2024";"0";"";"";"2093247";"";"";"";"2812";"7838319";"https://www.camara.leg.br/cota-parlamentar/nota-fiscal-eletronica?ideDocumentoFiscal=7838319"
"LID.GOV-CD";"";"";"";"2023";"NA";"";"57";"3";"COMBUSTÍVEIS E LUBRIFICANTES.";"1";"Veículos Automotores";"ESTACAO SUL AUTO POSTO LTDA";"065.552.450/0016-1";"720344";"4";"2024-12-26T08:49:13";"100";"0";"100";"12";"2024";"0";"";"";"2100210";"";"";"";"2812";"7851063";"https://www.camara.leg.br/cota-parlamentar/nota-fiscal-eletronica?ideDocumentoFiscal=7851063"
"LID.GOV-CD";"";"";"";"2023";"NA";"";"57";"3";"COMBUSTÍVEIS E LUBRIFICANTES.";"1";"Veículos Automotores";"MARLIM COMBUSTIVEIS LTDA";"044.940.110/0020-7";"509044";"4";"2024-02-15T00:00:00";"120";"0";"120";"2";"2024";"0";"";"";"2014884";"";"";"";"2812";"7690290";"https://www.camara.leg.br/cota-parlamentar/nota-fiscal-eletronica?ideDocumentoFiscal=7690290"
"LID.GOV-CD";"";"";"";"2023";"NA";"";"57";"3";"COMBUSTÍVEIS E LUBRIFICANTES.";"1";"Veículos Automotores";"METRO COMERCIAL DE COMBUSTIVEIS LTDA";"092.329.950/0019-0";"387103";"4";"2024-02-06T00:00:00";"105.2";"0";"105.2";"2";"2024";"0";"";"";"2011100";"";"";"";"2812";"7683490";"https://www.camara.leg.br/cota-parlamentar/nota-fiscal-eletronica?ideDocumentoFiscal=7683490"
"LID.GOV-CD";"";"";"";"2023";"NA";"";"57";"3";"COMBUSTÍVEIS E LUBRIFICANTES.";"1";"Veículos Automotores";"METRO COMERCIAL DE COMBUSTIVEIS LTDA";"092.329.950/0019-0";"7971";"4";"2024-12-05T21:28:57";"177.69";"0";"177.69";"12";"2024";"0";"";"";"2094920";"";"";"";"2812";"7841163";"https://www.camara.leg.br/cota-parlamentar/nota-fiscal-eletronica?ideDocumentoFiscal=7841163"
"LID.GOV-CD";"";"";"";"2023";"NA";"";"57";"3";"COMBUSTÍVEIS E LUBRIFICANTES.";"1";"Veículos Automotores";"METRO COMERCIAL DE COMBUSTIVEIS LTDA";"092.329.950/0019-0";"7972";"4";"2024-12-05T21:31:17";"70";"0";"70";"12";"2024";"0";"";"";"2097033";"";"";"";"2812";"7845055";"https://www.camara.leg.br/cota-parlamentar/nota-fiscal-eletronica?ideDocumentoFiscal=7845055"
"LID.GOV-CD";"";"";"";"2023";"NA";"";"57";"3";"COMBUSTÍVEIS E LUBRIFICANTES.";"1";"Veículos Automotores";"ML SOUZA & CIA LTDA";"000.058.920/0011-3";"411106";"4";"2024-02-22T00:00:00";"72.7";"0";"72.7";"2";"2024";"0";"";"";"2015316";"";"";"";"2812";"7691133";"https://www.camara.leg.br/cota-parlamentar/nota-fiscal-eletronica?ideDocumentoFiscal=7691133"
"LID.GOV-CD";"";"";"";"2023";"NA";"";"57";"3";"COMBUSTÍVEIS E LUBRIFICANTES.";"1";"Veículos Automotores";"ML SOUZA & CIA LTDA";"000.058.920/0011-3";"411310";"4";"2024-02-23T00:00:00";"100";"0";"100";"2";"2024";"0";"";"";"2015316";"";"";"";"2812";"7691135";"https://www.camara.leg.br/cota-parlamentar/nota-fiscal-eletronica?ideDocumentoFiscal=7691135"
"LID.GOV-CD";"";"";"";"2023";"NA";"";"57";"3";"COMBUSTÍVEIS E LUBRIFICANTES.";"1";"Veículos Automotores";"ML SOUZA & CIA LTDA";"000.058.920/0011-3";"412342";"4";"2024-03-01T00:00:00";"169.78";"0";"169.78";"3";"2024";"0";"";"";"2017077";"";"";"";"2812";"7694393";"https://www.camara.leg.br/cota-parlamentar/nota-fiscal-eletronica?ideDocumentoFiscal=7694393"
"LID.GOV-CD";"";"";"";"2023";"NA";"";"57";"3";"COMBUSTÍVEIS E LUBRIFICANTES.";"1";"Veículos Automotores";"ML SOUZA & CIA LTDA";"000.058.920/0011-3";"415017";"4";"2024-04-02T11:23:10";"74.98";"0";"74.98";"4";"2024";"0";"";"";"2027612";"";"";"";"2812";"7713877";"https://www.camara.leg.br/cota-parlamentar/nota-fiscal-eletronica?ideDocumentoFiscal=7713877"
"LID.GOV-CD";"";"";"";"2023";"NA";"";"57";"3";"COMBUSTÍVEIS E LUBRIFICANTES.";"1";"Veículos Automotores";"ML SOUZA & CIA LTDA";"000.058.920/0011-3";"415288";"4";"2024-04-05T16:13:57";"66.5";"0";"66.5";"4";"2024";"0";"";"";"2027930";"";"";"";"2812";"7714393";"https://www.camara.leg.br/cota-parlamentar/nota-fiscal-eletronica?ideDocumentoFiscal=7714393"
"LID.GOV-CD";"";"";"";"2023";"NA";"";"57";"3";"COMBUSTÍVEIS E LUBRIFICANTES.";"1";"Veículos Automotores";"ML SOUZA & CIA LTDA";"000.058.920/0011-3";"415650";"4";"2024-04-11T18:11:14";"74.2";"0";"74.2";"4";"2024";"0";"";"";"2029952";"";"";"";"2812";"7718060";"https://www.camara.leg.br/cota-parlamentar/nota-fiscal-eletronica?ideDocumentoFiscal=7718060"
"LID.GOV-CD";"";"";"";"2023";"NA";"";"57";"3";"COMBUSTÍVEIS E LUBRIFICANTES.";"1";"Veículos Automotores";"ML SOUZA & CIA LTDA";"000.058.920/0011-3";"415651";"4";"2024-04-11T18:11:45";"80";"0";"80";"4";"2024";"0";"";"";"2029952";"";"";"";"2812";"7718059";"https://www.camara.leg.br/cota-parlamentar/nota-fiscal-eletronica?ideDocumentoFiscal=7718059"
"LID.GOV-CD";"";"";"";"2023";"NA";"";"57";"3";"COMBUSTÍVEIS E LUBRIFICANTES.";"1";"Veículos Automotores";"ML SOUZA & CIA LTDA";"000.058.920/0011-3";"437412";"4";"2024-10-07T09:20:01";"78.83";"0";"78.83";"10";"2024";"0";"";"";"2080666";"";"";"";"2812";"7814739";"https://www.camara.leg.br/cota-parlamentar/nota-fiscal-eletronica?ideDocumentoFiscal=7814739"
"LID.GOV-CD";"";"";"";"2023";"NA";"";"57";"3";"COMBUSTÍVEIS E LUBRIFICANTES.";"1";"Veículos Automotores";"NENENS CHOPP POSTO DE COMBUSTIVEIS LTDA";"324.341.240/0017-1";"224672";"4";"2024-01-27T00:00:00";"100";"0";"100";"1";"2024";"0";"";"";"2007162";"";"";"";"2812";"7677210";"https://www.camara.leg.br/cota-parlamentar/nota-fiscal-eletronica?ideDocumentoFiscal=7677210"
"LID.GOV-CD";"";"";"";"2023";"NA";"";"57";"3";"COMBUSTÍVEIS E LUBRIFICANTES.";"1";"Veículos Automotores";"NENENS CHOPP POSTO DE COMBUSTIVEIS LTDA";"324.341.240/0017-1";"226340";"4";"2024-02-07T00:00:00";"67.15";"0";"67.15";"2";"2024";"0";"";"";"2011100";"";"";"";"2812";"7683474";"https://www.camara.leg.br/cota-parlamentar/nota-fiscal-eletronica?ideDocumentoFiscal=7683474"
"LID.GOV-CD";"";"";"";"2023";"NA";"";"57";"3";"COMBUSTÍVEIS E LUBRIFICANTES.";"1";"Veículos Automotores";"NENENS CHOPP POSTO DE COMBUSTIVEIS LTDA";"324.341.240/0017-1";"276862";"4";"2024-08-12T08:48:26";"150";"0";"150";"8";"2024";"0";"";"";"2064340";"";"";"";"2812";"7783925";"https://www.camara.leg.br/cota-parlamentar/nota-fiscal-eletronica?ideDocumentoFiscal=7783925"
"LID.GOV-CD";"";"";"";"2023";"NA";"";"57";"3";"COMBUSTÍVEIS E LUBRIFICANTES.";"1";"Veículos Automotores";"NENENS CHOPP POSTO DE COMBUSTIVEIS LTDA";"324.341.240/0017-1";"283468";"4";"2024-08-29T07:48:59";"160";"0";"160";"8";"2024";"0";"";"";"2069293";"";"";"";"2812";"7793986";"https://www.camara.leg.br/cota-parlamentar/nota-fiscal-eletronica?ideDocumentoFiscal=7793986"
"LID.GOV-CD";"";"";"";"2023";"NA";"";"57";"3";"COMBUSTÍVEIS E LUBRIFICANTES.";"1";"Veículos Automotores";"NENENS CHOPP POSTO DE COMBUSTIVEIS LTDA";"324.341.240/0017-1";"344949";"4";"2024-03-18T07:49:47";"70.12";"0";"70.12";"3";"2024";"0";"";"";"2022353";"";"";"";"2812";"7704092";"https://www.camara.leg.br/cota-parlamentar/nota-fiscal-eletronica?ideDocumentoFiscal=7704092"
"LID.GOV-CD";"";"";"";"2023";"NA";"";"57";"3";"COMBUSTÍVEIS E LUBRIFICANTES.";"1";"Veículos Automotores";"NENENS CHOPP POSTO DE COMBUSTIVEIS LTDA";"324.341.240/0017-1";"344950";"4";"2024-03-18T07:50:30";"100";"0";"100";"3";"2024";"0";"";"";"2022933";"";"";"";"2812";"7705206";"https://www.camara.leg.br/cota-parlamentar/nota-fiscal-eletronica?ideDocumentoFiscal=7705206"
"LID.GOV-CD";"";"";"";"2023";"NA";"";"57";"3";"COMBUSTÍVEIS E LUBRIFICANTES.";"1";"Veículos Automotores";"NENENS CHOPP POSTO DE COMBUSTIVEIS LTDA";"324.341.240/0017-1";"35428";"4";"2024-01-15T11:19:23";"70.4";"0";"70.4";"1";"2024";"0";"";"";"2005110";"";"";"";"2812";"7673537";"https://www.camara.leg.br/cota-parlamentar/nota-fiscal-eletronica?ideDocumentoFiscal=7673537"
"LID.GOV-CD";"";"";"";"2023";"NA";"";"57";"3";"COMBUSTÍVEIS E LUBRIFICANTES.";"1";"Veículos Automotores";"NENENS CHOPP POSTO DE COMBUSTIVEIS LTDA";"324.341.240/0017-1";"359282";"4";"2024-04-25T07:50:21";"75.65";"0";"75.65";"4";"2024";"0";"";"";"2033741";"";"";"";"2812";"7725515";"https://www.camara.leg.br/cota-parlamentar/nota-fiscal-eletronica?ideDocumentoFiscal=7725515"
"LID.GOV-CD";"";"";"";"2023";"NA";"";"57";"3";"COMBUSTÍVEIS E LUBRIFICANTES.";"1";"Veículos Automotores";"NENENS CHOPP POSTO DE COMBUSTIVEIS LTDA";"324.341.240/0017-1";"359283";"4";"2024-04-25T07:50:51";"70";"0";"70";"4";"2024";"0";"";"";"2033741";"";"";"";"2812";"7725514";"https://www.camara.leg.br/cota-parlamentar/nota-fiscal-eletronica?ideDocumentoFiscal=7725514"
"LID.GOV-CD";"";"";"";"2023";"NA";"";"57";"3";"COMBUSTÍVEIS E LUBRIFICANTES.";"1";"Veículos Automotores";"NENENS CHOPP POSTO DE COMBUSTIVEIS LTDA";"324.341.240/0017-1";"38424";"4";"2024-04-14T21:07:51";"100";"0";"100";"4";"2024";"0";"";"";"2031775";"";"";"";"2812";"7721685";"https://www.camara.leg.br/cota-parlamentar/nota-fiscal-eletronica?ideDocumentoFiscal=7721685"
"LID.GOV-CD";"";"";"";"2023";"NA";"";"57";"3";"COMBUSTÍVEIS E LUBRIFICANTES.";"1";"Veículos Automotores";"NENENS CHOPP POSTO DE COMBUSTIVEIS LTDA";"324.341.240/0017-1";"401363";"4";"2024-08-27T00:00:00";"150";"0";"150";"8";"2024";"0";"";"";"2068326";"";"";"";"2812";"7792018";"https://www.camara.leg.br/cota-parlamentar/nota-fiscal-eletronica?ideDocumentoFiscal=7792018"
"LID.GOV-CD";"";"";"";"2023";"NA";"";"57";"3";"COMBUSTÍVEIS E LUBRIFICANTES.";"1";"Veículos Automotores";"NENENS CHOPP POSTO DE COMBUSTIVEIS LTDA";"324.341.240/0017-1";"401364";"4";"2024-08-27T07:42:23";"150";"0";"150";"8";"2024";"0";"";"";"2069293";"";"";"";"2812";"7793999";"https://www.camara.leg.br/cota-parlamentar/nota-fiscal-eletronica?ideDocumentoFiscal=7793999"
"LID.GOV-CD";"";"";"";"2023";"NA";"";"57";"3";"COMBUSTÍVEIS E LUBRIFICANTES.";"1";"Veículos Automotores";"NENENS CHOPP POSTO DE COMBUSTIVEIS LTDA";"324.341.240/0017-1";"41030";"4";"2024-02-01T00:00:00";"64.64";"0";"64.64";"2";"2024";"0";"";"";"2008981";"";"";"";"2812";"7679708";"https://www.camara.leg.br/cota-parlamentar/nota-fiscal-eletronica?ideDocumentoFiscal=7679708"
"LID.GOV-CD";"";"";"";"2023";"NA";"";"57";"3";"COMBUSTÍVEIS E LUBRIFICANTES.";"1";"Veículos Automotores";"NENENS CHOPP POSTO DE COMBUSTIVEIS LTDA";"324.341.240/0017-1";"43380";"4";"2024-01-22T10:13:48";"66.88";"0";"66.88";"1";"2024";"0";"";"";"2005688";"";"";"";"2812";"7674507";"https://www.camara.leg.br/cota-parlamentar/nota-fiscal-eletronica?ideDocumentoFiscal=7674507"
"LID.GOV-CD";"";"";"";"2023";"NA";"";"57";"3";"COMBUSTÍVEIS E LUBRIFICANTES.";"1";"Veículos Automotores";"NENENS CHOPP POSTO DE COMBUSTIVEIS LTDA";"324.341.240/0017-1";"436785";"4";"2024-11-20T10:26:43";"100";"0";"100";"11";"2024";"0";"";"";"2090386";"";"";"";"2812";"7832840";"https://www.camara.leg.br/cota-parlamentar/nota-fiscal-eletronica?ideDocumentoFiscal=7832840"
"LID.GOV-CD";"";"";"";"2023";"NA";"";"57";"3";"COMBUSTÍVEIS E LUBRIFICANTES.";"1";"Veículos Automotores";"NENENS CHOPP POSTO DE COMBUSTIVEIS LTDA";"324.341.240/0017-1";"44282";"4";"2024-04-18T11:02:48";"61.33";"0";"61.33";"4";"2024";"0";"";"";"2031775";"";"";"";"2812";"7721683";"https://www.camara.leg.br/cota-parlamentar/nota-fiscal-eletronica?ideDocumentoFiscal=7721683"
"LID.GOV-CD";"";"";"";"2023";"NA";"";"57";"3";"COMBUSTÍVEIS E LUBRIFICANTES.";"1";"Veículos Automotores";"NENENS CHOPP POSTO DE COMBUSTIVEIS LTDA";"324.341.240/0017-1";"45483";"4";"2024-10-15T08:28:28";"82.97";"0";"82.97";"10";"2024";"0";"";"";"2083145";"";"";"";"2812";"7819464";"https://www.camara.leg.br/cota-parlamentar/nota-fiscal-eletronica?ideDocumentoFiscal=7819464"
"LID.GOV-CD";"";"";"";"2023";"NA";"";"57";"3";"COMBUSTÍVEIS E LUBRIFICANTES.";"1";"Veículos Automotores";"NENENS CHOPP POSTO DE COMBUSTIVEIS LTDA";"324.341.240/0017-1";"45484";"4";"2024-10-15T08:29:07";"100";"0";"100";"10";"2024";"0";"";"";"2081545";"";"";"";"2812";"7816478";"https://www.camara.leg.br/cota-parlamentar/nota-fiscal-eletronica?ideDocumentoFiscal=7816478"
"LID.GOV-CD";"";"";"";"2023";"NA";"";"57";"3";"COMBUSTÍVEIS E LUBRIFICANTES.";"1";"Veículos Automotores";"NENENS CHOPP POSTO DE COMBUSTIVEIS LTDA";"324.341.240/0017-1";"47631";"4";"2024-08-15T08:01:37";"100";"0";"100";"8";"2024";"0";"";"";"2066624";"";"";"";"2812";"7788808";"https://www.camara.leg.br/cota-parlamentar/nota-fiscal-eletronica?ideDocumentoFiscal=7788808"
"LID.GOV-CD";"";"";"";"2023";"NA";"";"57";"3";"COMBUSTÍVEIS E LUBRIFICANTES.";"1";"Veículos Automotores";"NENENS CHOPP POSTO DE COMBUSTIVEIS LTDA";"324.341.240/0017-1";"48834";"4";"2024-03-25T00:00:00";"63.04";"0";"63.04";"3";"2024";"0";"";"";"2024088";"";"";"";"2812";"7707249";"https://www.camara.leg.br/cota-parlamentar/nota-fiscal-eletronica?ideDocumentoFiscal=7707249"
"LID.GOV-CD";"";"";"";"2023";"NA";"";"57";"3";"COMBUSTÍVEIS E LUBRIFICANTES.";"1";"Veículos Automotores";"PETRO ALPHA COMERCIO DE COMBUSTIVEIS S.A";"368.328.040/0010-2";"106257";"4";"2024-06-08T18:25:25";"100";"0";"100";"6";"2024";"0";"";"";"2046955";"";"";"";"2812";"7749591";"https://www.camara.leg.br/cota-parlamentar/nota-fiscal-eletronica?ideDocumentoFiscal=7749591"
"LID.GOV-CD";"";"";"";"2023";"NA";"";"57";"3";"COMBUSTÍVEIS E LUBRIFICANTES.";"1";"Veículos Automotores";"PETRO ALPHA COMERCIO DE COMBUSTIVEIS S.A";"368.328.040/0010-2";"239077";"4";"2024-06-06T09:15:59";"96";"0";"96";"6";"2024";"0";"";"";"2046955";"";"";"";"2812";"7749589";"https://www.camara.leg.br/cota-parlamentar/nota-fiscal-eletronica?ideDocumentoFiscal=7749589"
"LID.GOV-CD";"";"";"";"2023";"NA";"";"57";"3";"COMBUSTÍVEIS E LUBRIFICANTES.";"1";"Veículos Automotores";"PETRONORTE COMBUSTIVEIS LTDA";"060.717.060/0055-4";"13611";"4";"2024-07-04T00:00:00";"120";"0";"120";"7";"2024";"0";"";"";"2055848";"";"";"";"2812";"7766902";"https://www.camara.leg.br/cota-parlamentar/nota-fiscal-eletronica?ideDocumentoFiscal=7766902"
"LID.GOV-CD";"";"";"";"2023";"NA";"";"57";"3";"COMBUSTÍVEIS E LUBRIFICANTES.";"1";"Veículos Automotores";"PETRONORTE COMBUSTIVEIS LTDA";"060.717.060/0055-4";"7699";"0";"2024-05-05T00:00:00";"120";"0";"120";"5";"2024";"0";"";"";"2037168";"";"";"";"2812";"7731906";"https://www.camara.leg.br/cota-parlamentar/documentos/publ/2812/2024/7731906.pdf"
"LID.GOV-CD";"";"";"";"2023";"NA";"";"57";"3";"COMBUSTÍVEIS E LUBRIFICANTES.";"1";"Veículos Automotores";"POSTO 109 SUL DERIV DE PET LTDA";"051.583.350/0015-6";"133543";"4";"2024-04-28T20:36:56";"120";"0";"120";"4";"2024";"0";"";"";"2035002";"";"";"";"2812";"7728015";"https://www.camara.leg.br/cota-parlamentar/nota-fiscal-eletronica?ideDocumentoFiscal=7728015"
"LID.GOV-CD";"";"";"";"2023";"NA";"";"57";"3";"COMBUSTÍVEIS E LUBRIFICANTES.";"1";"Veículos Automotores";"POSTO 313 SUL COMERCIO VAREJISTA DE COMBUSTIVEIS LTDA";"320.785.950/0019-4";"25668";"4";"2024-09-17T16:56:10";"178.71";"0";"178.71";"9";"2024";"0";"";"";"2074204";"";"";"";"2812";"7803464";"https://www.camara.leg.br/cota-parlamentar/nota-fiscal-eletronica?ideDocumentoFiscal=7803464"
"LID.GOV-CD";"";"";"";"2023";"NA";"";"57";"3";"COMBUSTÍVEIS E LUBRIFICANTES.";"1";"Veículos Automotores";"POSTO DA TORRE EIRELI EPP";"044.731.930/0015-9";"829160";"4";"2024-03-08T12:46:25";"69.46";"0";"69.46";"3";"2024";"0";"";"";"2020057";"";"";"";"2812";"7699615";"https://www.camara.leg.br/cota-parlamentar/nota-fiscal-eletronica?ideDocumentoFiscal=7699615"
"LID.GOV-CD";"";"";"";"2023";"NA";"";"57";"3";"COMBUSTÍVEIS E LUBRIFICANTES.";"1";"Veículos Automotores";"POSTO DE COMBUSTIVEIS 306 SUL LTDA";"323.045.230/0011-8";"4363";"4";"2024-07-07T19:05:30";"120";"0";"120";"7";"2024";"0";"";"";"2057359";"";"";"";"2812";"7769823";"https://www.camara.leg.br/cota-parlamentar/nota-fiscal-eletronica?ideDocumentoFiscal=7769823"
"LID.GOV-CD";"";"";"";"2023";"NA";"";"57";"3";"COMBUSTÍVEIS E LUBRIFICANTES.";"1";"Veículos Automotores";"POSTO DE COMBUSTIVEIS 309 SUL LTDA";"322.167.430/0019-0";"14247";"4";"2024-04-11T00:00:00";"104";"0";"104";"4";"2024";"0";"";"";"2029952";"";"";"";"2812";"7718061";"https://www.camara.leg.br/cota-parlamentar/nota-fiscal-eletronica?ideDocumentoFiscal=7718061"
"LID.GOV-CD";"";"";"";"2023";"NA";"";"57";"3";"COMBUSTÍVEIS E LUBRIFICANTES.";"1";"Veículos Automotores";"POSTO DE COMBUSTIVEIS 309 SUL LTDA";"322.167.430/0019-0";"15846";"4";"2024-04-23T00:00:00";"112.4";"0";"112.4";"4";"2024";"0";"";"";"2033262";"";"";"";"2812";"7724445";"https://www.camara.leg.br/cota-parlamentar/nota-fiscal-eletronica?ideDocumentoFiscal=7724445"
"LID.GOV-CD";"";"";"";"2023";"NA";"";"57";"3";"COMBUSTÍVEIS E LUBRIFICANTES.";"1";"Veículos Automotores";"POSTO DE COMBUSTIVEIS 309 SUL LTDA";"322.167.430/0019-0";"17286";"4";"2024-06-24T00:00:00";"111.6";"0";"111.6";"6";"2024";"0";"";"";"2055846";"";"";"";"2812";"7766880";"https://www.camara.leg.br/cota-parlamentar/nota-fiscal-eletronica?ideDocumentoFiscal=7766880"
"LID.GOV-CD";"";"";"";"2023";"NA";"";"57";"3";"COMBUSTÍVEIS E LUBRIFICANTES.";"1";"Veículos Automotores";"POSTO DE COMBUSTIVEIS 309 SUL LTDA";"322.167.430/0019-0";"18603";"4";"2024-05-28T00:00:00";"104";"0";"104";"5";"2024";"0";"";"";"2043819";"";"";"";"2812";"7744196";"https://www.camara.leg.br/cota-parlamentar/nota-fiscal-eletronica?ideDocumentoFiscal=7744196"
"LID.GOV-CD";"";"";"";"2023";"NA";"";"57";"3";"COMBUSTÍVEIS E LUBRIFICANTES.";"1";"Veículos Automotores";"POSTO DE COMBUSTIVEIS 309 SUL LTDA";"322.167.430/0019-0";"236152";"4";"2024-06-20T08:35:17";"111.6";"0";"111.6";"6";"2024";"0";"";"";"2050643";"";"";"";"2812";"7756887";"https://www.camara.leg.br/cota-parlamentar/nota-fiscal-eletronica?ideDocumentoFiscal=7756887"
"LID.GOV-CD";"";"";"";"2023";"NA";"";"57";"3";"COMBUSTÍVEIS E LUBRIFICANTES.";"1";"Veículos Automotores";"POSTO DE COMBUSTIVEIS 309 SUL LTDA";"322.167.430/0019-0";"28665";"4";"2024-08-27T21:39:17";"115.6";"0";"115.6";"8";"2024";"0";"";"";"2069293";"";"";"";"2812";"7793984";"https://www.camara.leg.br/cota-parlamentar/nota-fiscal-eletronica?ideDocumentoFiscal=7793984"
"LID.GOV-CD";"";"";"";"2023";"NA";"";"57";"3";"COMBUSTÍVEIS E LUBRIFICANTES.";"1";"Veículos Automotores";"POSTO DE COMBUSTIVEIS CONNECTA CEILANDIA SUL LTDA";"121.237.800/0014-6";"11588";"4";"2024-05-19T00:00:00";"100";"0";"100";"5";"2024";"0";"";"";"2041546";"";"";"";"2812";"7739503";"https://www.camara.leg.br/cota-parlamentar/nota-fiscal-eletronica?ideDocumentoFiscal=7739503"
"LID.GOV-CD";"";"";"";"2023";"NA";"";"57";"3";"COMBUSTÍVEIS E LUBRIFICANTES.";"1";"Veículos Automotores";"POSTO DE COMBUSTIVEIS CONNECTA CEILANDIA SUL LTDA";"121.237.800/0014-6";"16481";"4";"2024-07-12T00:00:00";"120";"0";"120";"7";"2024";"0";"";"";"2057679";"";"";"";"2812";"7770544";"https://www.camara.leg.br/cota-parlamentar/nota-fiscal-eletronica?ideDocumentoFiscal=7770544"
"LID.GOV-CD";"";"";"";"2023";"NA";"";"57";"3";"COMBUSTÍVEIS E LUBRIFICANTES.";"1";"Veículos Automotores";"POSTO DE COMBUSTIVEIS CONNECTA CEILANDIA SUL LTDA";"121.237.800/0014-6";"293090";"4";"2024-05-31T00:00:00";"100";"0";"100";"5";"2024";"0";"";"";"2044414";"";"";"";"2812";"7745237";"https://www.camara.leg.br/cota-parlamentar/nota-fiscal-eletronica?ideDocumentoFiscal=7745237"
"LID.GOV-CD";"";"";"";"2023";"NA";"";"57";"3";"COMBUSTÍVEIS E LUBRIFICANTES.";"1";"Veículos Automotores";"POSTO DE COMBUSTIVEIS CONNECTA CEILANDIA SUL LTDA";"121.237.800/0014-6";"65090";"4";"2024-02-06T00:00:00";"50";"0";"50";"2";"2024";"0";"";"";"2011100";"";"";"";"2812";"7683458";"https://www.camara.leg.br/cota-parlamentar/nota-fiscal-eletronica?ideDocumentoFiscal=7683458"
"LID.GOV-CD";"";"";"";"2023";"NA";"";"57";"3";"COMBUSTÍVEIS E LUBRIFICANTES.";"1";"Veículos Automotores";"POSTO DE COMBUSTIVEIS CONNECTA CEILANDIA SUL LTDA";"121.237.800/0014-6";"83043";"4";"2024-12-15T09:34:55";"76.43";"0";"76.43";"12";"2024";"0";"";"";"2097639";"";"";"";"2812";"7846242";"https://www.camara.leg.br/cota-parlamentar/nota-fiscal-eletronica?ideDocumentoFiscal=7846242"
"LID.GOV-CD";"";"";"";"2023";"NA";"";"57";"3";"COMBUSTÍVEIS E LUBRIFICANTES.";"1";"Veículos Automotores";"Posto de Combustiveis Garantia Ltda";"725.784.380/0016-2";"110570";"4";"2024-08-13T07:52:22";"100";"0";"100";"8";"2024";"0";"";"";"2064667";"";"";"";"2812";"7784646";"https://www.camara.leg.br/cota-parlamentar/nota-fiscal-eletronica?ideDocumentoFiscal=7784646"
"LID.GOV-CD";"";"";"";"2023";"NA";"";"57";"3";"COMBUSTÍVEIS E LUBRIFICANTES.";"1";"Veículos Automotores";"Posto de Combustiveis Garantia Ltda";"725.784.380/0016-2";"111892";"4";"2024-09-17T00:00:00";"150";"0";"150";"9";"2024";"0";"";"";"2077830";"";"";"";"2812";"7810239";"https://www.camara.leg.br/cota-parlamentar/nota-fiscal-eletronica?ideDocumentoFiscal=7810239"
"LID.GOV-CD";"";"";"";"2023";"NA";"";"57";"3";"COMBUSTÍVEIS E LUBRIFICANTES.";"1";"Veículos Automotores";"Posto de Combustiveis Garantia Ltda";"725.784.380/0016-2";"113274";"4";"2024-10-22T07:42:11";"109.99";"0";"109.99";"10";"2024";"0";"";"";"2084523";"";"";"";"2812";"7822107";"https://www.camara.leg.br/cota-parlamentar/nota-fiscal-eletronica?ideDocumentoFiscal=7822107"
"LID.GOV-CD";"";"";"";"2023";"NA";"";"57";"3";"COMBUSTÍVEIS E LUBRIFICANTES.";"1";"Veículos Automotores";"Posto de Combustiveis Garantia Ltda";"725.784.380/0016-2";"113373";"4";"2024-10-24T00:00:00";"69.77";"0";"69.77";"10";"2024";"0";"";"";"2085044";"";"";"";"2812";"7823193";"https://www.camara.leg.br/cota-parlamentar/nota-fiscal-eletronica?ideDocumentoFiscal=7823193"
"LID.GOV-CD";"";"";"";"2023";"NA";"";"57";"3";"COMBUSTÍVEIS E LUBRIFICANTES.";"1";"Veículos Automotores";"Posto de Combustiveis Garantia Ltda";"725.784.380/0016-2";"113793";"4";"2024-11-04T07:47:21";"170.03";"0";"170.03";"11";"2024";"0";"";"";"2088066";"";"";"";"2812";"7828476";"https://www.camara.leg.br/cota-parlamentar/nota-fiscal-eletronica?ideDocumentoFiscal=7828476"
"LID.GOV-CD";"";"";"";"2023";"NA";"";"57";"3";"COMBUSTÍVEIS E LUBRIFICANTES.";"1";"Veículos Automotores";"Posto de Combustiveis Garantia Ltda";"725.784.380/0016-2";"113835";"4";"2024-11-05T00:00:00";"100";"0";"100";"11";"2024";"0";"";"";"2088873";"";"";"";"2812";"7830125";"https://www.camara.leg.br/cota-parlamentar/nota-fiscal-eletronica?ideDocumentoFiscal=7830125"
"LID.GOV-CD";"";"";"";"2023";"NA";"";"57";"3";"COMBUSTÍVEIS E LUBRIFICANTES.";"1";"Veículos Automotores";"POSTO DE COMBUSTIVEIS NB LTDA";"308.793.210/0041-1";"7121";"4";"2024-01-17T18:59:27";"100";"0";"100";"1";"2024";"0";"";"";"2005293";"";"";"";"2812";"7673807";"https://www.camara.leg.br/cota-parlamentar/nota-fiscal-eletronica?ideDocumentoFiscal=7673807"
"LID.GOV-CD";"";"";"";"2023";"NA";"";"57";"3";"COMBUSTÍVEIS E LUBRIFICANTES.";"1";"Veículos Automotores";"POSTO DE COMBUSTIVEIS QNG LTDA";"428.878.920/0013-4";"25029";"4";"2024-11-19T00:00:00";"100";"0";"100";"11";"2024";"0";"";"";"2089800";"";"";"";"2812";"7831845";"https://www.camara.leg.br/cota-parlamentar/nota-fiscal-eletronica?ideDocumentoFiscal=7831845"
"LID.GOV-CD";"";"";"";"2023";"NA";"";"57";"3";"COMBUSTÍVEIS E LUBRIFICANTES.";"1";"Veículos Automotores";"POSTO DE COMBUSTIVEIS QNG LTDA";"428.878.920/0013-4";"30820";"4";"2024-11-18T07:49:15";"81.25";"0";"81.25";"11";"2024";"0";"";"";"2090386";"";"";"";"2812";"7832828";"https://www.camara.leg.br/cota-parlamentar/nota-fiscal-eletronica?ideDocumentoFiscal=7832828"
"LID.GOV-CD";"";"";"";"2023";"NA";"";"57";"3";"COMBUSTÍVEIS E LUBRIFICANTES.";"1";"Veículos Automotores";"POSTO DE COMBUSTIVEIS SAO RAFAEL LTDA";"536.009.840/0010-8";"399536";"4";"2024-11-27T21:35:13";"72.46";"0";"72.46";"11";"2024";"0";"";"";"2092389";"";"";"";"2812";"7836796";"https://www.camara.leg.br/cota-parlamentar/nota-fiscal-eletronica?ideDocumentoFiscal=7836796"
"LID.GOV-CD";"";"";"";"2023";"NA";"";"57";"3";"COMBUSTÍVEIS E LUBRIFICANTES.";"1";"Veículos Automotores";"POSTO DE COMBUSTIVEIS SAO RAFAEL LTDA";"536.009.840/0010-8";"412504";"4";"2024-12-06T08:40:17";"72.48";"0";"72.48";"12";"2024";"0";"";"";"2094920";"";"";"";"2812";"7841162";"https://www.camara.leg.br/cota-parlamentar/nota-fiscal-eletronica?ideDocumentoFiscal=7841162"
"LID.GOV-CD";"";"";"";"2023";"NA";"";"57";"3";"COMBUSTÍVEIS E LUBRIFICANTES.";"1";"Veículos Automotores";"POSTO DE COMBUSTIVEIS SAO RAFAEL LTDA";"536.009.840/0010-8";"443762";"4";"2024-12-26T00:00:00";"100";"0";"100";"12";"2024";"0";"";"";"2101063";"";"";"";"2812";"7851591";"https://www.camara.leg.br/cota-parlamentar/nota-fiscal-eletronica?ideDocumentoFiscal=7851591"
"LID.GOV-CD";"";"";"";"2023";"NA";"";"57";"3";"COMBUSTÍVEIS E LUBRIFICANTES.";"1";"Veículos Automotores";"POSTO DE COMBUSTIVEIS SAO RAFAEL LTDA";"536.009.840/0010-8";"444289";"4";"2024-12-27T00:00:00";"258.13";"15";"243.13";"12";"2024";"0";"";"";"2101080";"";"";"";"2812";"7852599";"https://www.camara.leg.br/cota-parlamentar/nota-fiscal-eletronica?ideDocumentoFiscal=7852599"
"LID.GOV-CD";"";"";"";"2023";"NA";"";"57";"3";"COMBUSTÍVEIS E LUBRIFICANTES.";"1";"Veículos Automotores";"POSTO DE COMBUSTIVEL QI 09 LAGO SUL LTDA";"329.658.770/0010-3";"19672";"4";"2024-11-05T20:38:25";"191.13";"0";"191.13";"11";"2024";"0";"";"";"2088066";"";"";"";"2812";"7828477";"https://www.camara.leg.br/cota-parlamentar/nota-fiscal-eletronica?ideDocumentoFiscal=7828477"
"LID.GOV-CD";"";"";"";"2023";"NA";"";"57";"3";"COMBUSTÍVEIS E LUBRIFICANTES.";"1";"Veículos Automotores";"POSTO DE SERVICO 307 LTDA";"000.443.470/0013-6";"299529";"4";"2024-06-11T19:28:53";"120";"0";"120";"6";"2024";"0";"";"";"2048129";"";"";"";"2812";"7751956";"https://www.camara.leg.br/cota-parlamentar/nota-fiscal-eletronica?ideDocumentoFiscal=7751956"
"LID.GOV-CD";"";"";"";"2023";"NA";"";"57";"3";"COMBUSTÍVEIS E LUBRIFICANTES.";"1";"Veículos Automotores";"POSTO JARJOUR TAGUATINGA LTDA";"430.729.370/0018-5";"80087";"4";"2024-04-21T15:47:33";"120";"0";"120";"4";"2024";"0";"";"";"2032489";"";"";"";"2812";"7722949";"https://www.camara.leg.br/cota-parlamentar/nota-fiscal-eletronica?ideDocumentoFiscal=7722949"
"LID.GOV-CD";"";"";"";"2023";"NA";"";"57";"3";"COMBUSTÍVEIS E LUBRIFICANTES.";"1";"Veículos Automotores";"POSTO METROPOLITANO DERIVADOS DE PETROLEO LTDA";"042.732.600/0019-1";"341179";"4";"2024-04-07T12:22:39";"105";"0";"105";"4";"2024";"0";"";"";"2027930";"";"";"";"2812";"7714391";"https://www.camara.leg.br/cota-parlamentar/nota-fiscal-eletronica?ideDocumentoFiscal=7714391"
"LID.GOV-CD";"";"";"";"2023";"NA";"";"57";"3";"COMBUSTÍVEIS E LUBRIFICANTES.";"1";"Veículos Automotores";"POSTO SANTO EXPEDITO LTDA";"358.045.210/0018-6";"217526";"4";"2024-03-20T18:34:46";"100";"0";"100";"3";"2024";"0";"";"";"2023597";"";"";"";"2812";"7706426";"https://www.camara.leg.br/cota-parlamentar/nota-fiscal-eletronica?ideDocumentoFiscal=7706426"
"LID.GOV-CD";"";"";"";"2023";"NA";"";"57";"3";"COMBUSTÍVEIS E LUBRIFICANTES.";"1";"Veículos Automotores";"REDE QUALITY COMERCIO DE COMBUSTIVEIS LTDA";"369.003.910/0057-1";"8214";"4";"2024-03-05T00:00:00";"120";"0";"120";"3";"2024";"0";"";"";"2018274";"";"";"";"2812";"7696453";"https://www.camara.leg.br/cota-parlamentar/nota-fiscal-eletronica?ideDocumentoFiscal=7696453"
"LID.GOV-CD";"";"";"";"2023";"NA";"";"57";"3";"COMBUSTÍVEIS E LUBRIFICANTES.";"1";"Veículos Automotores";"ROTA 406 COMBUSTIVEIS LTDA";"311.656.070/0015-5";"249126";"4";"2024-04-16T00:00:00";"120";"0";"120";"4";"2024";"0";"";"";"2031440";"";"";"";"2812";"7720994";"https://www.camara.leg.br/cota-parlamentar/nota-fiscal-eletronica?ideDocumentoFiscal=7720994"
"LID.GOV-CD";"";"";"";"2023";"NA";"";"57";"3";"COMBUSTÍVEIS E LUBRIFICANTES.";"1";"Veículos Automotores";"ROTA 406 COMBUSTIVEIS LTDA";"311.656.070/0015-5";"42014";"4";"2024-03-29T09:01:36";"120";"0";"120";"3";"2024";"0";"";"";"2026546";"";"";"";"2812";"7711903";"https://www.camara.leg.br/cota-parlamentar/nota-fiscal-eletronica?ideDocumentoFiscal=7711903"
"LID.GOV-CD";"";"";"";"2023";"NA";"";"57";"3";"COMBUSTÍVEIS E LUBRIFICANTES.";"1";"Veículos Automotores";"ROTA COMBUSTIVEIS LTDA (POSTO 113)";"320.848.930/0019-7";"79564";"4";"2024-09-10T12:14:14";"100";"0";"100";"9";"2024";"0";"";"";"2073060";"";"";"";"2812";"7801188";"https://www.camara.leg.br/cota-parlamentar/nota-fiscal-eletronica?ideDocumentoFiscal=7801188"
"LID.GOV-CD";"";"";"";"2023";"NA";"";"57";"3";"COMBUSTÍVEIS E LUBRIFICANTES.";"1";"Veículos Automotores";"SANTA FE SERVICOS E PETROLEO LTDA";"367.547.520/0019-5";"101273";"4";"2024-07-25T09:35:46";"150";"0";"150";"7";"2024";"0";"";"";"2060204";"";"";"";"2812";"7775641";"https://www.camara.leg.br/cota-parlamentar/nota-fiscal-eletronica?ideDocumentoFiscal=7775641"
"LID.GOV-CD";"";"";"";"2023";"NA";"";"57";"3";"COMBUSTÍVEIS E LUBRIFICANTES.";"1";"Veículos Automotores";"SANTA FE SERVICOS E PETROLEO LTDA";"367.547.520/0019-5";"158317";"4";"2024-10-24T15:27:23";"120";"0";"120";"10";"2024";"0";"";"";"2084523";"";"";"";"2812";"7822112";"https://www.camara.leg.br/cota-parlamentar/nota-fiscal-eletronica?ideDocumentoFiscal=7822112"
"LID.GOV-CD";"";"";"";"2023";"NA";"";"57";"3";"COMBUSTÍVEIS E LUBRIFICANTES.";"1";"Veículos Automotores";"SANTA FE SERVICOS E PETROLEO LTDA";"367.547.520/0019-5";"165966";"4";"2024-11-04T09:21:44";"200";"0";"200";"11";"2024";"0";"";"";"2086244";"";"";"";"2812";"7825372";"https://www.camara.leg.br/cota-parlamentar/nota-fiscal-eletronica?ideDocumentoFiscal=7825372"
"LID.GOV-CD";"";"";"";"2023";"NA";"";"57";"3";"COMBUSTÍVEIS E LUBRIFICANTES.";"1";"Veículos Automotores";"SANTA FE SERVICOS E PETROLEO LTDA";"367.547.520/0019-5";"168176";"4";"2024-09-24T10:36:08";"200";"0";"200";"9";"2024";"0";"";"";"2077830";"";"";"";"2812";"7810229";"https://www.camara.leg.br/cota-parlamentar/nota-fiscal-eletronica?ideDocumentoFiscal=7810229"
"LID.GOV-CD";"";"";"";"2023";"NA";"";"57";"3";"COMBUSTÍVEIS E LUBRIFICANTES.";"1";"Veículos Automotores";"SANTA FE SERVICOS E PETROLEO LTDA";"367.547.520/0019-5";"184293";"4";"2024-03-17T21:32:32";"200";"0";"200";"3";"2024";"0";"";"";"2022933";"";"";"";"2812";"7705212";"https://www.camara.leg.br/cota-parlamentar/nota-fiscal-eletronica?ideDocumentoFiscal=7705212"
"LID.GOV-CD";"";"";"";"2023";"NA";"";"57";"3";"COMBUSTÍVEIS E LUBRIFICANTES.";"1";"Veículos Automotores";"SANTA FE SERVICOS E PETROLEO LTDA";"367.547.520/0019-5";"184756";"4";"2024-04-07T15:32:20";"190";"0";"190";"4";"2024";"0";"";"";"2028752";"";"";"";"2812";"7716001";"https://www.camara.leg.br/cota-parlamentar/nota-fiscal-eletronica?ideDocumentoFiscal=7716001"
"LID.GOV-CD";"";"";"";"2023";"NA";"";"57";"3";"COMBUSTÍVEIS E LUBRIFICANTES.";"1";"Veículos Automotores";"SANTA FE SERVICOS E PETROLEO LTDA";"367.547.520/0019-5";"188887";"0";"2024-05-02T00:00:00";"209.95";"0";"209.95";"5";"2024";"0";"";"";"2036827";"";"";"";"2812";"7731266";"https://www.camara.leg.br/cota-parlamentar/documentos/publ/2812/2024/7731266.pdf"
"LID.GOV-CD";"";"";"";"2023";"NA";"";"57";"3";"COMBUSTÍVEIS E LUBRIFICANTES.";"1";"Veículos Automotores";"SANTA FE SERVICOS E PETROLEO LTDA";"367.547.520/0019-5";"190067";"4";"2024-05-10T17:52:02";"60";"0";"60";"5";"2024";"0";"";"";"2040501";"";"";"";"2812";"7737447";"https://www.camara.leg.br/cota-parlamentar/nota-fiscal-eletronica?ideDocumentoFiscal=7737447"
"LID.GOV-CD";"";"";"";"2023";"NA";"";"57";"3";"COMBUSTÍVEIS E LUBRIFICANTES.";"1";"Veículos Automotores";"SANTA FE SERVICOS E PETROLEO LTDA";"367.547.520/0019-5";"223227";"4";"2024-12-24T10:27:56";"291.98";"0";"291.98";"12";"2024";"0";"";"";"2100210";"";"";"";"2812";"7851064";"https://www.camara.leg.br/cota-parlamentar/nota-fiscal-eletronica?ideDocumentoFiscal=7851064"
"LID.GOV-CD";"";"";"";"2023";"NA";"";"57";"3";"COMBUSTÍVEIS E LUBRIFICANTES.";"1";"Veículos Automotores";"SANTA FE SERVICOS E PETROLEO LTDA";"367.547.520/0019-5";"25160";"4";"2024-04-11T12:07:26";"130";"0";"130";"4";"2024";"0";"";"";"2031775";"";"";"";"2812";"7721676";"https://www.camara.leg.br/cota-parlamentar/nota-fiscal-eletronica?ideDocumentoFiscal=7721676"
"LID.GOV-CD";"";"";"";"2023";"NA";"";"57";"13";"FORNECIMENTO DE ALIMENTAÇÃO DO PARLAMENTAR";"0";"";"AMANDA PANIFICACAO LTDA";"075.460.550/0014-0";"1013";"4";"2024-06-06T00:00:00";"402.68";"0";"402.68";"6";"2024";"0";"";"";"2046411";"";"";"";"2812";"7748785";"https://www.camara.leg.br/cota-parlamentar/nota-fiscal-eletronica?ideDocumentoFiscal=7748785"
"LID.GOV-CD";"";"";"";"2023";"NA";"";"57";"13";"FORNECIMENTO DE ALIMENTAÇÃO DO PARLAMENTAR";"0";"";"BIG TRANS COMERCIAL DE ALIMENTOS LTDA.";"036.968.690/0010-0";"641669";"4";"2024-02-19T00:00:00";"27.94";"0.18";"27.76";"2";"2024";"0";"";"";"2014885";"";"";"";"2812";"7690328";"https://www.camara.leg.br/cota-parlamentar/nota-fiscal-eletronica?ideDocumentoFiscal=7690328"
"LID.GOV-CD";"";"";"";"2023";"NA";"";"57";"13";"FORNECIMENTO DE ALIMENTAÇÃO DO PARLAMENTAR";"0";"";"Comercial de Alimentos Armazem Geraldo";"155.898.540/0012-2";"609637";"4";"2024-02-27T00:00:00";"127.92";"0.45";"127.47";"2";"2024";"0";"";"";"2016960";"";"";"";"2812";"7694193";"https://www.camara.leg.br/cota-parlamentar/nota-fiscal-eletronica?ideDocumentoFiscal=7694193"
"LID.GOV-CD";"";"";"";"2023";"NA";"";"57";"13";"FORNECIMENTO DE ALIMENTAÇÃO DO PARLAMENTAR";"0";"";"FC BOLOS DO FLAVIO LTDA";"228.025.490/0013-2";"108017";"4";"2024-03-05T00:00:00";"113.98";"0";"113.98";"3";"2024";"0";"";"";"2019768";"";"";"";"2812";"7699120";"https://www.camara.leg.br/cota-parlamentar/nota-fiscal-eletronica?ideDocumentoFiscal=7699120"
"LID.GOV-CD";"";"";"";"2023";"NA";"";"57";"13";"FORNECIMENTO DE ALIMENTAÇÃO DO PARLAMENTAR";"0";"";"GRAO DE OURO PANIFICACAO LTDA";"377.521.080/0014-0";"195281";"4";"2024-02-27T00:00:00";"138.04";"0";"138.04";"2";"2024";"0";"";"";"2016960";"";"";"";"2812";"7694212";"https://www.camara.leg.br/cota-parlamentar/nota-fiscal-eletronica?ideDocumentoFiscal=7694212"
"LID.GOV-CD";"";"";"";"2023";"NA";"";"57";"13";"FORNECIMENTO DE ALIMENTAÇÃO DO PARLAMENTAR";"0";"";"GRAO DE OURO PANIFICACAO LTDA";"377.521.080/0014-0";"219298";"4";"2024-04-09T00:00:00";"67.07";"0.1";"66.97";"4";"2024";"0";"";"";"2029902";"";"";"";"2812";"7717991";"https://www.camara.leg.br/cota-parlamentar/nota-fiscal-eletronica?ideDocumentoFiscal=7717991"
"LID.GOV-CD";"";"";"";"2023";"NA";"";"57";"13";"FORNECIMENTO DE ALIMENTAÇÃO DO PARLAMENTAR";"0";"";"GRAO DE OURO PANIFICACAO LTDA";"377.521.080/0014-0";"223753";"4";"2024-04-16T00:00:00";"118.49";"0.2";"118.29";"4";"2024";"0";"";"";"2032553";"";"";"";"2812";"7723058";"https://www.camara.leg.br/cota-parlamentar/nota-fiscal-eletronica?ideDocumentoFiscal=7723058"
"LID.GOV-CD";"";"";"";"2023";"NA";"";"57";"13";"FORNECIMENTO DE ALIMENTAÇÃO DO PARLAMENTAR";"0";"";"GRAO DE OURO PANIFICACAO LTDA";"377.521.080/0014-0";"246175";"4";"2024-05-21T00:00:00";"125.64";"0.3";"125.34";"5";"2024";"0";"";"";"2041308";"";"";"";"2812";"7739102";"https://www.camara.leg.br/cota-parlamentar/nota-fiscal-eletronica?ideDocumentoFiscal=7739102"
"LID.GOV-CD";"";"";"";"2023";"NA";"";"57";"13";"FORNECIMENTO DE ALIMENTAÇÃO DO PARLAMENTAR";"0";"";"GRAO DE OURO PANIFICACAO LTDA";"377.521.080/0014-0";"277892";"4";"2024-07-09T00:00:00";"110.98";"0";"110.98";"7";"2024";"0";"";"";"2058332";"";"";"";"2812";"7771780";"https://www.camara.leg.br/cota-parlamentar/nota-fiscal-eletronica?ideDocumentoFiscal=7771780"
"LID.GOV-CD";"";"";"";"2023";"NA";"";"57";"13";"FORNECIMENTO DE ALIMENTAÇÃO DO PARLAMENTAR";"0";"";"GRAO DE OURO PANIFICACAO LTDA";"377.521.080/0014-0";"311109";"4";"2024-04-23T00:00:00";"171.24";"0.3";"170.94";"4";"2024";"0";"";"";"2033001";"";"";"";"2812";"7724040";"https://www.camara.leg.br/cota-parlamentar/nota-fiscal-eletronica?ideDocumentoFiscal=7724040"
"LID.GOV-CD";"";"";"";"2023";"NA";"";"57";"13";"FORNECIMENTO DE ALIMENTAÇÃO DO PARLAMENTAR";"0";"";"GRAO DE OURO PANIFICACAO LTDA";"377.521.080/0014-0";"369639";"4";"2024-03-19T00:00:00";"58.16";"0";"58.16";"3";"2024";"0";"";"";"2023675";"";"";"";"2812";"7706542";"https://www.camara.leg.br/cota-parlamentar/nota-fiscal-eletronica?ideDocumentoFiscal=7706542"
"LID.GOV-CD";"";"";"";"2023";"NA";"";"57";"13";"FORNECIMENTO DE ALIMENTAÇÃO DO PARLAMENTAR";"0";"";"GRAO DE OURO PANIFICACAO LTDA";"377.521.080/0030-2";"531432";"4";"2024-08-06T00:00:00";"150.83";"0";"150.83";"8";"2024";"0";"";"";"2063532";"";"";"";"2812";"7782467";"https://www.camara.leg.br/cota-parlamentar/nota-fiscal-eletronica?ideDocumentoFiscal=7782467"
"LID.GOV-CD";"";"";"";"2023";"NA";"";"57";"13";"FORNECIMENTO DE ALIMENTAÇÃO DO PARLAMENTAR";"0";"";"HORTIFRUTTI EMPORIO COMERCIO DE ALIMENTO";"475.702.850/0016-0";"30946";"4";"2024-04-09T00:00:00";"105.94";"0";"105.94";"4";"2024";"0";"";"";"2029902";"";"";"";"2812";"7717982";"https://www.camara.leg.br/cota-parlamentar/nota-fiscal-eletronica?ideDocumentoFiscal=7717982"
"LID.GOV-CD";"";"";"";"2023";"NA";"";"57";"13";"FORNECIMENTO DE ALIMENTAÇÃO DO PARLAMENTAR";"0";"";"LTG CONFEITARIA EIRELI ME";"190.044.530/0011-4";"53892";"4";"2024-02-19T00:00:00";"150";"0";"150";"2";"2024";"0";"";"";"2014885";"";"";"";"2812";"7690316";"https://www.camara.leg.br/cota-parlamentar/nota-fiscal-eletronica?ideDocumentoFiscal=7690316"
"LID.GOV-CD";"";"";"";"2023";"NA";"";"57";"13";"FORNECIMENTO DE ALIMENTAÇÃO DO PARLAMENTAR";"0";"";"LTG CONFEITARIA LTDA";"190.044.530/0011-4";"1268";"4";"2024-06-13T00:00:00";"670";"0";"670";"6";"2024";"0";"";"";"2050191";"";"";"";"2812";"7755996";"https://www.camara.leg.br/cota-parlamentar/nota-fiscal-eletronica?ideDocumentoFiscal=7755996"
"LID.GOV-CD";"";"";"";"2023";"NA";"";"57";"13";"FORNECIMENTO DE ALIMENTAÇÃO DO PARLAMENTAR";"0";"";"LTG CONFEITARIA LTDA";"190.044.530/0011-4";"7797";"4";"2024-11-28T00:00:00";"265";"0";"265";"12";"2024";"0";"";"";"2094509";"";"";"";"2812";"7840421";"https://www.camara.leg.br/cota-parlamentar/nota-fiscal-eletronica?ideDocumentoFiscal=7840421"
"LID.GOV-CD";"";"";"";"2023";"NA";"";"57";"13";"FORNECIMENTO DE ALIMENTAÇÃO DO PARLAMENTAR";"0";"";"MERCADO ME LTDA";"427.902.100/0017-0";"273608";"4";"2024-08-05T00:00:00";"142.32";"0";"142.32";"8";"2024";"0";"";"";"2063532";"";"";"";"2812";"7782475";"https://www.camara.leg.br/cota-parlamentar/nota-fiscal-eletronica?ideDocumentoFiscal=7782475"
"LID.GOV-CD";"";"";"";"2023";"NA";"";"57";"13";"FORNECIMENTO DE ALIMENTAÇÃO DO PARLAMENTAR";"0";"";"P E V SUPERMERCADOS LTDA - EPP";"189.603.890/0018-2";"704588";"4";"2024-05-21T00:00:00";"80.15";"0.12";"80.03";"5";"2024";"0";"";"";"2041308";"";"";"";"2812";"7738594";"https://www.camara.leg.br/cota-parlamentar/nota-fiscal-eletronica?ideDocumentoFiscal=7738594"
"LID.GOV-CD";"";"";"";"2023";"NA";"";"57";"13";"FORNECIMENTO DE ALIMENTAÇÃO DO PARLAMENTAR";"0";"";"P E V SUPERMERCADOS LTDA - EPP";"189.603.890/0018-2";"709119";"4";"2024-06-04T00:00:00";"135.43";"0";"135.43";"6";"2024";"0";"";"";"2046484";"";"";"";"2812";"7748798";"https://www.camara.leg.br/cota-parlamentar/nota-fiscal-eletronica?ideDocumentoFiscal=7748798"
"LID.GOV-CD";"";"";"";"2023";"NA";"";"57";"13";"FORNECIMENTO DE ALIMENTAÇÃO DO PARLAMENTAR";"0";"";"P E V SUPERMERCADOS LTDA - EPP";"189.603.890/0018-2";"873598";"4";"2024-06-11T00:00:00";"125.49";"6.99";"118.5";"6";"2024";"0";"";"";"2048827";"";"";"";"2812";"7753169";"https://www.camara.leg.br/cota-parlamentar/nota-fiscal-eletronica?ideDocumentoFiscal=7753169"
"LID.GOV-CD";"";"";"";"2023";"NA";"";"57";"13";"FORNECIMENTO DE ALIMENTAÇÃO DO PARLAMENTAR";"0";"";"P E V SUPERMERCADOS LTDA - EPP";"189.603.890/0018-2";"882259";"4";"2024-07-09T00:00:00";"69.15";"6.99";"62.16";"7";"2024";"0";"";"";"2058332";"";"";"";"2812";"7771802";"https://www.camara.leg.br/cota-parlamentar/nota-fiscal-eletronica?ideDocumentoFiscal=7771802"
"LID.GOV-CD";"";"";"";"2023";"NA";"";"57";"13";"FORNECIMENTO DE ALIMENTAÇÃO DO PARLAMENTAR";"0";"";"P E V SUPERMERCADOS LTDA - EPP";"189.603.890/0018-2";"918119";"4";"2024-04-09T00:00:00";"67.4";"0";"67.4";"4";"2024";"0";"";"";"2029902";"";"";"";"2812";"7718002";"https://www.camara.leg.br/cota-parlamentar/nota-fiscal-eletronica?ideDocumentoFiscal=7718002"
"LID.GOV-CD";"";"";"";"2023";"NA";"";"57";"13";"FORNECIMENTO DE ALIMENTAÇÃO DO PARLAMENTAR";"0";"";"P E V SUPERMERCADOS LTDA - EPP";"189.603.890/0018-2";"920507";"4";"2024-04-16T00:00:00";"64.09";"0.24";"63.85";"4";"2024";"0";"";"";"2032553";"";"";"";"2812";"7723072";"https://www.camara.leg.br/cota-parlamentar/nota-fiscal-eletronica?ideDocumentoFiscal=7723072"
"LID.GOV-CD";"";"";"";"2023";"NA";"";"57";"13";"FORNECIMENTO DE ALIMENTAÇÃO DO PARLAMENTAR";"0";"";"PANIFICADORA E CONFEITARIA CINCO ESTRELAS LTDA";"370.647.300/0040-9";"370760";"4";"2024-02-27T00:00:00";"125.07";"0";"125.07";"2";"2024";"0";"";"";"2016960";"";"";"";"2812";"7694203";"https://www.camara.leg.br/cota-parlamentar/nota-fiscal-eletronica?ideDocumentoFiscal=7694203"
"LID.GOV-CD";"";"";"";"2023";"NA";"";"57";"13";"FORNECIMENTO DE ALIMENTAÇÃO DO PARLAMENTAR";"0";"";"PANIFICADORA E CONFEITARIA CINCO ESTRELAS LTDA";"370.647.300/0040-9";"663781";"4";"2024-03-19T00:00:00";"163.83";"0";"163.83";"3";"2024";"0";"";"";"2023675";"";"";"";"2812";"7706540";"https://www.camara.leg.br/cota-parlamentar/nota-fiscal-eletronica?ideDocumentoFiscal=7706540"
"LID.GOV-CD";"";"";"";"2023";"NA";"";"57";"13";"FORNECIMENTO DE ALIMENTAÇÃO DO PARLAMENTAR";"0";"";"PANIFICADORA E CONFEITARIA CINCO ESTRELAS LTDA";"370.647.300/0040-9";"670818";"4";"2024-04-09T00:00:00";"127.13";"0";"127.13";"4";"2024";"0";"";"";"2029902";"";"";"";"2812";"7717963";"https://www.camara.leg.br/cota-parlamentar/nota-fiscal-eletronica?ideDocumentoFiscal=7717963"
"LID.GOV-CD";"";"";"";"2023";"NA";"";"57";"13";"FORNECIMENTO DE ALIMENTAÇÃO DO PARLAMENTAR";"0";"";"PANIFICADORA E CONFEITARIA CINCO ESTRELAS LTDA";"370.647.300/0040-9";"680174";"4";"2024-05-09T00:00:00";"39.67";"0";"39.67";"5";"2024";"0";"";"";"2040639";"";"";"";"2812";"7737686";"https://www.camara.leg.br/cota-parlamentar/nota-fiscal-eletronica?ideDocumentoFiscal=7737686"
"LID.GOV-CD";"";"";"";"2023";"NA";"";"57";"13";"FORNECIMENTO DE ALIMENTAÇÃO DO PARLAMENTAR";"0";"";"PAO BRASILIS PANIFICADORA E RESTAURANTE EIRELI EPP";"043.233.600/0018-5";"3694";"4";"2024-03-05T00:00:00";"144";"0";"144";"3";"2024";"0";"";"";"2019768";"";"";"";"2812";"7699124";"https://www.camara.leg.br/cota-parlamentar/nota-fiscal-eletronica?ideDocumentoFiscal=7699124"
"LID.GOV-CD";"";"";"";"2023";"NA";"";"57";"13";"FORNECIMENTO DE ALIMENTAÇÃO DO PARLAMENTAR";"0";"";"PAO BRASILIS PANIFICADORA E RESTAURANTE EIRELI EPP";"043.233.600/0018-5";"4406";"4";"2024-05-07T00:00:00";"279.8";"30";"249.8";"5";"2024";"0";"";"";"2040639";"";"";"";"2812";"7737671";"https://www.camara.leg.br/cota-parlamentar/nota-fiscal-eletronica?ideDocumentoFiscal=7737671"
"LID.GOV-CD";"";"";"";"2023";"NA";"";"57";"13";"FORNECIMENTO DE ALIMENTAÇÃO DO PARLAMENTAR";"0";"";"R C B DAHER EMPORIO DO BOLO CASEIRO";"224.821.040/0011-2";"25564";"4";"2024-06-06T00:00:00";"40";"0";"40";"6";"2024";"0";"";"";"2046481";"";"";"";"2812";"7748920";"https://www.camara.leg.br/cota-parlamentar/nota-fiscal-eletronica?ideDocumentoFiscal=7748920"
"LID.GOV-CD";"";"";"";"2023";"NA";"";"57";"13";"FORNECIMENTO DE ALIMENTAÇÃO DO PARLAMENTAR";"0";"";"RCS SERVIÇOS DE ALIMENTAÇÃO LTDA";"512.702.430/0018-0";"196";"0";"2024-05-22T00:00:00";"1500";"0";"1500";"5";"2024";"0";"";"";"2041855";"";"";"";"2812";"7740214";"https://www.camara.leg.br/cota-parlamentar/documentos/publ/2812/2024/7740214.pdf"
"LID.GOV-CD";"";"";"";"2023";"NA";"";"57";"13";"FORNECIMENTO DE ALIMENTAÇÃO DO PARLAMENTAR";"0";"";"RCS SERVIÇOS DE ALIMENTAÇÃO LTDA";"512.702.430/0018-0";"2712024";"0";"2024-06-19T00:00:00";"2200";"0";"2200";"6";"2024";"0";"";"";"2050789";"";"";"";"2812";"7757109";"https://www.camara.leg.br/cota-parlamentar/documentos/publ/2812/2024/7757109.pdf"
"LID.GOV-CD";"";"";"";"2023";"NA";"";"57";"13";"FORNECIMENTO DE ALIMENTAÇÃO DO PARLAMENTAR";"0";"";"RCS SERVIÇOS DE ALIMENTAÇÃO LTDA";"512.702.430/0018-0";"319";"0";"2024-08-08T00:00:00";"1200";"0";"1200";"8";"2024";"0";"";"";"2063863";"";"";"";"2812";"7783070";"https://www.camara.leg.br/cota-parlamentar/documentos/publ/2812/2024/7783070.pdf"
"LID.GOV-CD";"";"";"";"2023";"NA";"";"57";"13";"FORNECIMENTO DE ALIMENTAÇÃO DO PARLAMENTAR";"0";"";"RCS SERVIÇOS DE ALIMENTAÇÃO LTDA";"512.702.430/0018-0";"452";"0";"2024-11-14T00:00:00";"1000";"0";"1000";"11";"2024";"0";"";"";"2090396";"";"";"";"2812";"7832833";"https://www.camara.leg.br/cota-parlamentar/documentos/publ/2812/2024/7832833.pdf"
"LID.GOV-CD";"";"";"";"2023";"NA";"";"57";"13";"FORNECIMENTO DE ALIMENTAÇÃO DO PARLAMENTAR";"0";"";"RCS SERVIÇOS DE ALIMENTAÇÃO LTDA";"512.702.430/0018-0";"481";"0";"2024-11-28T00:00:00";"2500";"0";"2500";"11";"2024";"0";"";"";"2092795";"";"";"";"2812";"7837564";"https://www.camara.leg.br/cota-parlamentar/documentos/publ/2812/2024/7837564.pdf"
"LID.GOV-CD";"";"";"";"2023";"NA";"";"57";"13";"FORNECIMENTO DE ALIMENTAÇÃO DO PARLAMENTAR";"0";"";"RCS SERVIÇOS DE ALIMENTAÇÃO LTDA";"512.702.430/0018-0";"489";"0";"2024-12-04T00:00:00";"2250";"0";"2250";"12";"2024";"0";"";"";"2094481";"";"";"";"2812";"7840384";"https://www.camara.leg.br/cota-parlamentar/documentos/publ/2812/2024/7840384.pdf"
"LID.GOV-CD";"";"";"";"2023";"NA";"";"57";"13";"FORNECIMENTO DE ALIMENTAÇÃO DO PARLAMENTAR";"0";"";"RCS SERVIÇOS DE ALIMENTAÇÃO LTDA";"512.702.430/0018-0";"538/2024";"0";"2024-12-19T00:00:00";"2625";"0";"2625";"12";"2024";"0";"";"";"2099574";"";"";"";"2812";"7849972";"https://www.camara.leg.br/cota-parlamentar/documentos/publ/2812/2024/7849972.pdf"
"LID.GOV-CD";"";"";"";"2023";"NA";"";"57";"13";"FORNECIMENTO DE ALIMENTAÇÃO DO PARLAMENTAR";"0";"";"RCS SERVIÇOS DE ALIMENTAÇÃO LTDA";"512.702.430/0018-0";"539";"0";"2024-12-19T00:00:00";"1300";"0";"1300";"12";"2024";"0";"";"";"2099574";"";"";"";"2812";"7849977";"https://www.camara.leg.br/cota-parlamentar/documentos/publ/2812/2024/7849977.pdf"
"LID.GOV-CD";"";"";"";"2023";"NA";"";"57";"13";"FORNECIMENTO DE ALIMENTAÇÃO DO PARLAMENTAR";"0";"";"REYMON TORTERIA LTDA ME";"237.054.920/0011-6";"70239";"4";"2024-02-19T00:00:00";"359.17";"0";"359.17";"2";"2024";"0";"";"";"2014885";"";"";"";"2812";"7690340";"https://www.camara.leg.br/cota-parlamentar/nota-fiscal-eletronica?ideDocumentoFiscal=7690340"
"LID.GOV-CD";"";"";"";"2023";"NA";"";"57";"13";"FORNECIMENTO DE ALIMENTAÇÃO DO PARLAMENTAR";"0";"";"SABOR GLACE CONFEITARIA LTDA";"078.102.580/0010-0";"2959";"4";"2024-05-14T00:00:00";"512";"17";"495";"5";"2024";"0";"";"";"2036475";"";"";"";"2812";"7730567";"https://www.camara.leg.br/cota-parlamentar/nota-fiscal-eletronica?ideDocumentoFiscal=7730567"
"LID.GOV-CD";"";"";"";"2023";"NA";"";"57";"13";"FORNECIMENTO DE ALIMENTAÇÃO DO PARLAMENTAR";"0";"";"SABOR GLACE CONFEITARIA LTDA";"078.102.580/0010-0";"2981";"4";"2024-05-21T00:00:00";"377";"20";"357";"5";"2024";"0";"";"";"2041855";"";"";"";"2812";"7740167";"https://www.camara.leg.br/cota-parlamentar/nota-fiscal-eletronica?ideDocumentoFiscal=7740167"
"LID.GOV-CD";"";"";"";"2023";"NA";"";"57";"13";"FORNECIMENTO DE ALIMENTAÇÃO DO PARLAMENTAR";"0";"";"SABOR GLACE CONFEITARIA LTDA";"078.102.580/0010-0";"3247";"4";"2024-08-22T00:00:00";"388.64";"0";"388.64";"8";"2024";"0";"";"";"2063532";"";"";"";"2812";"7782443";"https://www.camara.leg.br/cota-parlamentar/nota-fiscal-eletronica?ideDocumentoFiscal=7782443"
"LID.GOV-CD";"";"";"";"2023";"NA";"";"57";"13";"FORNECIMENTO DE ALIMENTAÇÃO DO PARLAMENTAR";"0";"";"T MENDONCA PANIFICADORA E CONFEITARIA LTDA";"219.653.510/0010-7";"603543";"4";"2024-06-18T00:00:00";"161.47";"0";"161.47";"6";"2024";"0";"";"";"2050191";"";"";"";"2812";"7755977";"https://www.camara.leg.br/cota-parlamentar/nota-fiscal-eletronica?ideDocumentoFiscal=7755977"
"LID.GOV-CD";"";"";"";"2023";"NA";"";"57";"13";"FORNECIMENTO DE ALIMENTAÇÃO DO PARLAMENTAR";"0";"";"TAIOBA SELF-SERVICE LTDA EPP";"033.466.710/0133-0";"72471";"0";"2024-04-25T00:00:00";"45.2";"0";"45.2";"4";"2024";"0";"";"";"2033854";"";"";"";"2812";"7725776";"https://www.camara.leg.br/cota-parlamentar/documentos/publ/2812/2024/7725776.pdf"
"LID.GOV-CD";"";"";"";"2023";"NA";"";"57";"13";"FORNECIMENTO DE ALIMENTAÇÃO DO PARLAMENTAR";"0";"";"TAIOBA SELF-SERVICE LTDA EPP";"033.466.710/0133-0";"72476";"0";"2024-04-25T00:00:00";"33.9";"0";"33.9";"4";"2024";"0";"";"";"2033854";"";"";"";"2812";"7725744";"https://www.camara.leg.br/cota-parlamentar/documentos/publ/2812/2024/7725744.pdf"
"LID.GOV-CD";"";"";"";"2023";"NA";"";"57";"13";"FORNECIMENTO DE ALIMENTAÇÃO DO PARLAMENTAR";"0";"";"VDS COMERCIO DE BOLOS TORTAS E SALGADOS";"329.003.070/0021-6";"38207";"4";"2024-05-09T00:00:00";"49";"0";"49";"5";"2024";"0";"";"";"2040639";"";"";"";"2812";"7737773";"https://www.camara.leg.br/cota-parlamentar/nota-fiscal-eletronica?ideDocumentoFiscal=7737773"
"LID.GOV-CD";"";"";"";"2023";"NA";"";"57";"13";"FORNECIMENTO DE ALIMENTAÇÃO DO PARLAMENTAR";"0";"";"VDS COMERCIO DE BOLOS TORTAS E SALGADOS";"329.003.070/0021-6";"40099";"4";"2024-05-21T00:00:00";"109";"0";"109";"5";"2024";"0";"";"";"2041308";"";"";"";"2812";"7739093";"https://www.camara.leg.br/cota-parlamentar/nota-fiscal-eletronica?ideDocumentoFiscal=7739093"
"LID.GOV-CD";"";"";"";"2023";"NA";"";"57";"13";"FORNECIMENTO DE ALIMENTAÇÃO DO PARLAMENTAR";"0";"";"VDS COMERCIO DE BOLOS TORTAS E SALGADOS";"329.003.070/0021-6";"42300";"4";"2024-06-04T00:00:00";"172";"0";"172";"6";"2024";"0";"";"";"2046411";"";"";"";"2812";"7748791";"https://www.camara.leg.br/cota-parlamentar/nota-fiscal-eletronica?ideDocumentoFiscal=7748791"
"LID.GOV-CD";"";"";"";"2023";"NA";"";"57";"13";"FORNECIMENTO DE ALIMENTAÇÃO DO PARLAMENTAR";"0";"";"VDS COMERCIO DE BOLOS TORTAS E SALGADOS";"329.003.070/0021-6";"43456";"4";"2024-06-11T00:00:00";"205.98";"0";"205.98";"6";"2024";"0";"";"";"2048827";"";"";"";"2812";"7753165";"https://www.camara.leg.br/cota-parlamentar/nota-fiscal-eletronica?ideDocumentoFiscal=7753165"
"LID.GOV-CD";"";"";"";"2023";"NA";"";"57";"13";"FORNECIMENTO DE ALIMENTAÇÃO DO PARLAMENTAR";"0";"";"VDS COMERCIO DE BOLOS TORTAS E SALGADOS";"329.003.070/0021-6";"48439";"4";"2024-07-09T00:00:00";"128";"0";"128";"7";"2024";"0";"";"";"2058332";"";"";"";"2812";"7771788";"https://www.camara.leg.br/cota-parlamentar/nota-fiscal-eletronica?ideDocumentoFiscal=7771788"
"LID.GOV-CD";"";"";"";"2023";"NA";"";"57";"120";"LOCAÇÃO OU FRETAMENTO DE VEÍCULOS AUTOMOTORES";"0";"";"PANTANAL VEÍCULOS LTDA";"073.193.230/0019-1";"25187";"1";"2024-01-31T00:00:00";"3800";"0";"3800";"1";"2024";"0";"";"";"2019756";"";"";"";"2812";"7699102";"https://www.camara.leg.br/cota-parlamentar/documentos/publ/2812/2024/7699102.pdf"
"LID.GOV-CD";"";"";"";"2023";"NA";"";"57";"120";"LOCAÇÃO OU FRETAMENTO DE VEÍCULOS AUTOMOTORES";"0";"";"PANTANAL VEÍCULOS LTDA";"073.193.230/0019-1";"25254";"1";"2024-02-29T00:00:00";"3800";"0";"3800";"2";"2024";"0";"";"";"2023357";"";"";"";"2812";"7706022";"https://www.camara.leg.br/cota-parlamentar/documentos/publ/2812/2024/7706022.pdf"
"LID.GOV-CD";"";"";"";"2023";"NA";"";"57";"120";"LOCAÇÃO OU FRETAMENTO DE VEÍCULOS AUTOMOTORES";"0";"";"PANTANAL VEÍCULOS LTDA";"073.193.230/0019-1";"25656";"1";"2024-03-30T00:00:00";"3800";"0";"3800";"3";"2024";"0";"";"";"2026764";"";"";"";"2812";"7712271";"https://www.camara.leg.br/cota-parlamentar/documentos/publ/2812/2024/7712271.pdf"
"LID.GOV-CD";"";"";"";"2023";"NA";"";"57";"120";"LOCAÇÃO OU FRETAMENTO DE VEÍCULOS AUTOMOTORES";"0";"";"PANTANAL VEÍCULOS LTDA";"073.193.230/0019-1";"25772";"1";"2024-04-30T00:00:00";"3800";"0";"3800";"4";"2024";"0";"";"";"2034974";"";"";"";"2812";"7727769";"https://www.camara.leg.br/cota-parlamentar/documentos/publ/2812/2024/7727769.pdf"
"LID.GOV-CD";"";"";"";"2023";"NA";"";"57";"120";"LOCAÇÃO OU FRETAMENTO DE VEÍCULOS AUTOMOTORES";"0";"";"PANTANAL VEÍCULOS LTDA";"073.193.230/0019-1";"25905";"1";"2024-05-31T00:00:00";"3800";"0";"3800";"5";"2024";"0";"";"";"2044458";"";"";"";"2812";"7745303";"https://www.camara.leg.br/cota-parlamentar/documentos/publ/2812/2024/7745303.pdf"
"LID.GOV-CD";"";"";"";"2023";"NA";"";"57";"120";"LOCAÇÃO OU FRETAMENTO DE VEÍCULOS AUTOMOTORES";"0";"";"PANTANAL VEÍCULOS LTDA";"073.193.230/0019-1";"26001";"1";"2024-06-27T00:00:00";"3800";"0";"3800";"6";"2024";"0";"";"";"2052648";"";"";"";"2812";"7760848";"https://www.camara.leg.br/cota-parlamentar/documentos/publ/2812/2024/7760848.pdf"
"LID.GOV-CD";"";"";"";"2023";"NA";"";"57";"120";"LOCAÇÃO OU FRETAMENTO DE VEÍCULOS AUTOMOTORES";"0";"";"PANTANAL VEÍCULOS LTDA";"073.193.230/0019-1";"26120";"1";"2024-07-27T00:00:00";"3800";"0";"3800";"7";"2024";"0";"";"";"2062161";"";"";"";"2812";"7779482";"https://www.camara.leg.br/cota-parlamentar/documentos/publ/2812/2024/7779482.pdf"
"LID.GOV-CD";"";"";"";"2023";"NA";"";"57";"120";"LOCAÇÃO OU FRETAMENTO DE VEÍCULOS AUTOMOTORES";"0";"";"PANTANAL VEÍCULOS LTDA";"073.193.230/0019-1";"26265";"1";"2024-08-31T00:00:00";"3800";"0";"3800";"8";"2024";"0";"";"";"2071055";"";"";"";"2812";"7797306";"https://www.camara.leg.br/cota-parlamentar/documentos/publ/2812/2024/7797306.pdf"
"LID.GOV-CD";"";"";"";"2023";"NA";"";"57";"120";"LOCAÇÃO OU FRETAMENTO DE VEÍCULOS AUTOMOTORES";"0";"";"PANTANAL VEÍCULOS LTDA";"073.193.230/0019-1";"26376";"1";"2024-09-30T00:00:00";"3800";"0";"3800";"9";"2024";"0";"";"";"2077829";"";"";"";"2812";"7810222";"https://www.camara.leg.br/cota-parlamentar/documentos/publ/2812/2024/7810222.pdf"
"LID.GOV-CD";"";"";"";"2023";"NA";"";"57";"120";"LOCAÇÃO OU FRETAMENTO DE VEÍCULOS AUTOMOTORES";"0";"";"PANTANAL VEÍCULOS LTDA";"073.193.230/0019-1";"26498";"1";"2024-10-31T00:00:00";"3800";"0";"3800";"10";"2024";"0";"";"";"2085694";"";"";"";"2812";"7824499";"https://www.camara.leg.br/cota-parlamentar/documentos/publ/2812/2024/7824499.pdf"
"LID.GOV-CD";"";"";"";"2023";"NA";"";"57";"120";"LOCAÇÃO OU FRETAMENTO DE VEÍCULOS AUTOMOTORES";"0";"";"PANTANAL VEÍCULOS LTDA";"073.193.230/0019-1";"26639";"1";"2024-11-30T00:00:00";"3800";"0";"3800";"11";"2024";"0";"";"";"2093708";"";"";"";"2812";"7839074";"https://www.camara.leg.br/cota-parlamentar/documentos/publ/2812/2024/7839074.pdf"
"LID.GOV-CD";"";"";"";"2023";"NA";"";"57";"120";"LOCAÇÃO OU FRETAMENTO DE VEÍCULOS AUTOMOTORES";"0";"";"PANTANAL VEÍCULOS LTDA";"073.193.230/0019-1";"26854";"1";"2024-12-30T00:00:00";"5550";"0";"5550";"12";"2024";"0";"";"";"2103110";"";"";"";"2812";"7856015";"https://www.camara.leg.br/cota-parlamentar/documentos/publ/2812/2025/7856015.pdf"
"LID.GOV-CD";"";"";"";"2023";"NA";"";"57";"120";"LOCAÇÃO OU FRETAMENTO DE VEÍCULOS AUTOMOTORES";"0";"";"PANTANAL VEÍCULOS LTDA";"073.193.230/0019-1";"26984";"1";"2024-12-31T00:00:00";"5000";"0";"5000";"11";"2024";"0";"";"";"2111706";"";"";"";"2812";"7871230";"https://www.camara.leg.br/cota-parlamentar/documentos/publ/2812/2025/7871230.pdf"
"LIDERANÇA DO PSDB";"";"";"";"2023";"NA";"";"57";"3";"COMBUSTÍVEIS E LUBRIFICANTES.";"1";"Veículos Automotores";"JT COMERCIO DE DERIVADOS DE PETROLEO LTDA (POSTO 210)";"371.284.770/0016-7";"101863";"4";"2024-04-15T11:27:57";"312.42";"0";"312.42";"4";"2024";"0";"";"";"2030589";"";"";"";"2442";"7719288";"https://www.camara.leg.br/cota-parlamentar/nota-fiscal-eletronica?ideDocumentoFiscal=7719288"
"LIDERANÇA DO PSDB";"";"";"";"2023";"NA";"";"57";"5";"DIVULGAÇÃO DA ATIVIDADE PARLAMENTAR.";"0";"";"CONTENT ASSESSORIA LTDA - ME";"276.912.900/0011-3";"2812";"0";"2024-04-19T00:00:00";"2994";"0";"2994";"4";"2024";"0";"";"";"2033522";"";"";"";"2442";"7725092";"https://www.camara.leg.br/cota-parlamentar/documentos/publ/2442/2024/7725092.pdf"
"LIDERANÇA DO PSDB";"";"";"";"2023";"NA";"";"57";"5";"DIVULGAÇÃO DA ATIVIDADE PARLAMENTAR.";"0";"";"CONTENT ASSESSORIA LTDA - ME";"276.912.900/0011-3";"3209";"0";"2024-11-06T00:00:00";"2994";"0";"2994";"11";"2024";"0";"";"";"2088028";"";"";"";"2442";"7828433";"https://www.camara.leg.br/cota-parlamentar/documentos/publ/2442/2024/7828433.pdf"
"LIDERANÇA DO PSDB";"";"";"";"2023";"NA";"";"57";"5";"DIVULGAÇÃO DA ATIVIDADE PARLAMENTAR.";"0";"";"CONTENT ASSESSORIA LTDA - ME";"276.912.900/0011-3";"3262";"0";"2024-12-05T00:00:00";"2994";"0";"2994";"12";"2024";"0";"";"";"2096027";"";"";"";"2442";"7843238";"https://www.camara.leg.br/cota-parlamentar/documentos/publ/2442/2024/7843238.pdf"
"LIDERANÇA DO PSDB";"";"";"";"2023";"NA";"";"57";"13";"FORNECIMENTO DE ALIMENTAÇÃO DO PARLAMENTAR";"0";"";"CASA DO PAO LTDA";"000.517.220/0017-5";"1004468";"4";"2024-02-07T00:00:00";"465.37";"0";"465.37";"2";"2024";"0";"";"";"2011013";"";"";"";"2442";"7683337";"https://www.camara.leg.br/cota-parlamentar/nota-fiscal-eletronica?ideDocumentoFiscal=7683337"
"LIDERANÇA DO PSDB";"";"";"";"2023";"NA";"";"57";"13";"FORNECIMENTO DE ALIMENTAÇÃO DO PARLAMENTAR";"0";"";"RCS SERVIÇOS DE ALIMENTAÇÃO LTDA";"512.702.430/0018-0";"103";"0";"2024-03-26T00:00:00";"1275";"0";"1275";"3";"2024";"0";"";"";"2025067";"";"";"";"2442";"7708929";"https://www.camara.leg.br/cota-parlamentar/documentos/publ/2442/2024/7708929.pdf"
"LIDERANÇA DO PSDB";"";"";"";"2023";"NA";"";"57";"13";"FORNECIMENTO DE ALIMENTAÇÃO DO PARLAMENTAR";"0";"";"RCS SERVIÇOS DE ALIMENTAÇÃO LTDA";"512.702.430/0018-0";"116";"0";"2024-04-09T00:00:00";"1275";"0";"1275";"4";"2024";"0";"";"";"2028941";"";"";"";"2442";"7716230";"https://www.camara.leg.br/cota-parlamentar/documentos/publ/2442/2024/7716230.pdf"
"LIDERANÇA DO PSDB";"";"";"";"2023";"NA";"";"57";"13";"FORNECIMENTO DE ALIMENTAÇÃO DO PARLAMENTAR";"0";"";"RCS SERVIÇOS DE ALIMENTAÇÃO LTDA";"512.702.430/0018-0";"129";"0";"2024-04-16T00:00:00";"850";"0";"850";"4";"2024";"0";"";"";"2030978";"";"";"";"2442";"7720134";"https://www.camara.leg.br/cota-parlamentar/documentos/publ/2442/2024/7720134.pdf"
"LIDERANÇA DO PSDB";"";"";"";"2023";"NA";"";"57";"13";"FORNECIMENTO DE ALIMENTAÇÃO DO PARLAMENTAR";"0";"";"RCS SERVIÇOS DE ALIMENTAÇÃO LTDA";"512.702.430/0018-0";"142";"0";"2024-04-23T00:00:00";"850";"0";"850";"4";"2024";"0";"";"";"2032999";"";"";"";"2442";"7724030";"https://www.camara.leg.br/cota-parlamentar/documentos/publ/2442/2024/7724030.pdf"
"LIDERANÇA DO PSDB";"";"";"";"2023";"NA";"";"57";"13";"FORNECIMENTO DE ALIMENTAÇÃO DO PARLAMENTAR";"0";"";"RCS SERVIÇOS DE ALIMENTAÇÃO LTDA";"512.702.430/0018-0";"159";"0";"2024-05-07T00:00:00";"850";"0";"850";"5";"2024";"0";"";"";"2036840";"";"";"";"2442";"7731286";"https://www.camara.leg.br/cota-parlamentar/documentos/publ/2442/2024/7731286.pdf"
"LIDERANÇA DO PSDB";"";"";"";"2023";"NA";"";"57";"13";"FORNECIMENTO DE ALIMENTAÇÃO DO PARLAMENTAR";"0";"";"RCS SERVIÇOS DE ALIMENTAÇÃO LTDA";"512.702.430/0018-0";"164";"0";"2024-05-08T00:00:00";"850";"0";"850";"5";"2024";"0";"";"";"2037161";"";"";"";"2442";"7731893";"https://www.camara.leg.br/cota-parlamentar/documentos/publ/2442/2024/7731893.pdf"
"LIDERANÇA DO PSDB";"";"";"";"2023";"NA";"";"57";"13";"FORNECIMENTO DE ALIMENTAÇÃO DO PARLAMENTAR";"0";"";"RCS SERVIÇOS DE ALIMENTAÇÃO LTDA";"512.702.430/0018-0";"178";"0";"2024-05-15T00:00:00";"850";"0";"850";"5";"2024";"0";"";"";"2039727";"";"";"";"2442";"7735896";"https://www.camara.leg.br/cota-parlamentar/documentos/publ/2442/2024/7735896.pdf"
"LIDERANÇA DO PSDB";"";"";"";"2023";"NA";"";"57";"13";"FORNECIMENTO DE ALIMENTAÇÃO DO PARLAMENTAR";"0";"";"RCS SERVIÇOS DE ALIMENTAÇÃO LTDA";"512.702.430/0018-0";"191";"0";"2024-05-21T00:00:00";"850";"0";"850";"5";"2024";"0";"";"";"2041399";"";"";"";"2442";"7739283";"https://www.camara.leg.br/cota-parlamentar/documentos/publ/2442/2024/7739283.pdf"
"LIDERANÇA DO PSDB";"";"";"";"2023";"NA";"";"57";"13";"FORNECIMENTO DE ALIMENTAÇÃO DO PARLAMENTAR";"0";"";"RCS SERVIÇOS DE ALIMENTAÇÃO LTDA";"512.702.430/0018-0";"202";"0";"2024-05-22T00:00:00";"1130";"0";"1130";"5";"2024";"0";"";"";"2041773";"";"";"";"2442";"7740031";"https://www.camara.leg.br/cota-parlamentar/documentos/publ/2442/2024/7740031.pdf"
"LIDERANÇA DO PSDB";"";"";"";"2023";"NA";"";"57";"13";"FORNECIMENTO DE ALIMENTAÇÃO DO PARLAMENTAR";"0";"";"RCS SERVIÇOS DE ALIMENTAÇÃO LTDA";"512.702.430/0018-0";"21";"0";"2024-02-20T00:00:00";"1275";"0";"1275";"2";"2024";"0";"";"";"2013716";"";"";"";"2442";"7688178";"https://www.camara.leg.br/cota-parlamentar/documentos/publ/2442/2024/7688178.pdf"
"LIDERANÇA DO PSDB";"";"";"";"2023";"NA";"";"57";"13";"FORNECIMENTO DE ALIMENTAÇÃO DO PARLAMENTAR";"0";"";"RCS SERVIÇOS DE ALIMENTAÇÃO LTDA";"512.702.430/0018-0";"229";"0";"2024-06-04T00:00:00";"850";"0";"850";"6";"2024";"0";"";"";"2045506";"";"";"";"2442";"7747205";"https://www.camara.leg.br/cota-parlamentar/documentos/publ/2442/2024/7747205.pdf"
"LIDERANÇA DO PSDB";"";"";"";"2023";"NA";"";"57";"13";"FORNECIMENTO DE ALIMENTAÇÃO DO PARLAMENTAR";"0";"";"RCS SERVIÇOS DE ALIMENTAÇÃO LTDA";"512.702.430/0018-0";"24";"0";"2024-02-21T00:00:00";"1700";"0";"1700";"2";"2024";"0";"";"";"2014407";"";"";"";"2442";"7689526";"https://www.camara.leg.br/cota-parlamentar/documentos/publ/2442/2024/7689526.pdf"
"LIDERANÇA DO PSDB";"";"";"";"2023";"NA";"";"57";"13";"FORNECIMENTO DE ALIMENTAÇÃO DO PARLAMENTAR";"0";"";"RCS SERVIÇOS DE ALIMENTAÇÃO LTDA";"512.702.430/0018-0";"240";"0";"2024-06-06T00:00:00";"850";"0";"850";"6";"2024";"0";"";"";"2046475";"";"";"";"2442";"7748911";"https://www.camara.leg.br/cota-parlamentar/documentos/publ/2442/2024/7748911.pdf"
"LIDERANÇA DO PSDB";"";"";"";"2023";"NA";"";"57";"13";"FORNECIMENTO DE ALIMENTAÇÃO DO PARLAMENTAR";"0";"";"RCS SERVIÇOS DE ALIMENTAÇÃO LTDA";"512.702.430/0018-0";"245";"0";"2024-06-11T00:00:00";"978";"0";"978";"6";"2024";"0";"";"";"2048070";"";"";"";"2442";"7751787";"https://www.camara.leg.br/cota-parlamentar/documentos/publ/2442/2024/7751787.pdf"
"LIDERANÇA DO PSDB";"";"";"";"2023";"NA";"";"57";"13";"FORNECIMENTO DE ALIMENTAÇÃO DO PARLAMENTAR";"0";"";"RCS SERVIÇOS DE ALIMENTAÇÃO LTDA";"512.702.430/0018-0";"257";"0";"2024-06-12T00:00:00";"850";"0";"850";"6";"2024";"0";"";"";"2048390";"";"";"";"2442";"7752394";"https://www.camara.leg.br/cota-parlamentar/documentos/publ/2442/2024/7752394.pdf"
"LIDERANÇA DO PSDB";"";"";"";"2023";"NA";"";"57";"13";"FORNECIMENTO DE ALIMENTAÇÃO DO PARLAMENTAR";"0";"";"RCS SERVIÇOS DE ALIMENTAÇÃO LTDA";"512.702.430/0018-0";"261";"0";"2024-06-19T00:00:00";"850";"0";"850";"6";"2024";"0";"";"";"2050379";"";"";"";"2442";"7756456";"https://www.camara.leg.br/cota-parlamentar/documentos/publ/2442/2024/7756456.pdf"
"LIDERANÇA DO PSDB";"";"";"";"2023";"NA";"";"57";"13";"FORNECIMENTO DE ALIMENTAÇÃO DO PARLAMENTAR";"0";"";"RCS SERVIÇOS DE ALIMENTAÇÃO LTDA";"512.702.430/0018-0";"284";"0";"2024-07-02T00:00:00";"850";"0";"850";"7";"2024";"0";"";"";"2053975";"";"";"";"2442";"7763479";"https://www.camara.leg.br/cota-parlamentar/documentos/publ/2442/2024/7763479.pdf"
"LIDERANÇA DO PSDB";"";"";"";"2023";"NA";"";"57";"13";"FORNECIMENTO DE ALIMENTAÇÃO DO PARLAMENTAR";"0";"";"RCS SERVIÇOS DE ALIMENTAÇÃO LTDA";"512.702.430/0018-0";"285";"0";"2024-07-03T00:00:00";"850";"0";"850";"7";"2024";"0";"";"";"2054649";"";"";"";"2442";"7764756";"https://www.camara.leg.br/cota-parlamentar/documentos/publ/2442/2024/7764756.pdf"
"LIDERANÇA DO PSDB";"";"";"";"2023";"NA";"";"57";"13";"FORNECIMENTO DE ALIMENTAÇÃO DO PARLAMENTAR";"0";"";"RCS SERVIÇOS DE ALIMENTAÇÃO LTDA";"512.702.430/0018-0";"303";"0";"2024-07-09T00:00:00";"850";"0";"850";"7";"2024";"0";"";"";"2056569";"";"";"";"2442";"7768300";"https://www.camara.leg.br/cota-parlamentar/documentos/publ/2442/2024/7768300.pdf"
"LIDERANÇA DO PSDB";"";"";"";"2023";"NA";"";"57";"13";"FORNECIMENTO DE ALIMENTAÇÃO DO PARLAMENTAR";"0";"";"RCS SERVIÇOS DE ALIMENTAÇÃO LTDA";"512.702.430/0018-0";"314";"0";"2024-07-11T00:00:00";"850";"0";"850";"7";"2024";"0";"";"";"2057315";"";"";"";"2442";"7769724";"https://www.camara.leg.br/cota-parlamentar/documentos/publ/2442/2024/7769724.pdf"
"LIDERANÇA DO PSDB";"";"";"";"2023";"NA";"";"57";"13";"FORNECIMENTO DE ALIMENTAÇÃO DO PARLAMENTAR";"0";"";"RCS SERVIÇOS DE ALIMENTAÇÃO LTDA";"512.702.430/0018-0";"397";"0";"2024-10-29T00:00:00";"1020";"0";"1020";"10";"2024";"0";"";"";"2084628";"";"";"";"2442";"7822378";"https://www.camara.leg.br/cota-parlamentar/documentos/publ/2442/2024/7822378.pdf"
"LIDERANÇA DO PSDB";"";"";"";"2023";"NA";"";"57";"13";"FORNECIMENTO DE ALIMENTAÇÃO DO PARLAMENTAR";"0";"";"RCS SERVIÇOS DE ALIMENTAÇÃO LTDA";"512.702.430/0018-0";"398";"0";"2024-10-30T00:00:00";"1020";"0";"1020";"10";"2024";"0";"";"";"2085022";"";"";"";"2442";"7823167";"https://www.camara.leg.br/cota-parlamentar/documentos/publ/2442/2024/7823167.pdf"
"LIDERANÇA DO PSDB";"";"";"";"2023";"NA";"";"57";"13";"FORNECIMENTO DE ALIMENTAÇÃO DO PARLAMENTAR";"0";"";"RCS SERVIÇOS DE ALIMENTAÇÃO LTDA";"512.702.430/0018-0";"40";"0";"2024-02-27T00:00:00";"1275";"0";"1275";"2";"2024";"0";"";"";"2016107";"";"";"";"2442";"7692650";"https://www.camara.leg.br/cota-parlamentar/documentos/publ/2442/2024/7692650.pdf"
"LIDERANÇA DO PSDB";"";"";"";"2023";"NA";"";"57";"13";"FORNECIMENTO DE ALIMENTAÇÃO DO PARLAMENTAR";"0";"";"RCS SERVIÇOS DE ALIMENTAÇÃO LTDA";"512.702.430/0018-0";"42";"0";"2024-02-28T00:00:00";"1275";"0";"1275";"2";"2024";"0";"";"";"2016572";"";"";"";"2442";"7693539";"https://www.camara.leg.br/cota-parlamentar/documentos/publ/2442/2024/7693539.pdf"
"LIDERANÇA DO PSDB";"";"";"";"2023";"NA";"";"57";"13";"FORNECIMENTO DE ALIMENTAÇÃO DO PARLAMENTAR";"0";"";"RCS SERVIÇOS DE ALIMENTAÇÃO LTDA";"512.702.430/0018-0";"424";"0";"2024-11-05T00:00:00";"1275";"0";"1275";"11";"2024";"0";"";"";"2087080";"";"";"";"2442";"7826837";"https://www.camara.leg.br/cota-parlamentar/documentos/publ/2442/2024/7826837.pdf"
"LIDERANÇA DO PSDB";"";"";"";"2023";"NA";"";"57";"13";"FORNECIMENTO DE ALIMENTAÇÃO DO PARLAMENTAR";"0";"";"RCS SERVIÇOS DE ALIMENTAÇÃO LTDA";"512.702.430/0018-0";"438";"0";"2024-11-12T00:00:00";"1020";"0";"1020";"11";"2024";"0";"";"";"2088343";"";"";"";"2442";"7829108";"https://www.camara.leg.br/cota-parlamentar/documentos/publ/2442/2024/7829108.pdf"
"LIDERANÇA DO PSDB";"";"";"";"2023";"NA";"";"57";"13";"FORNECIMENTO DE ALIMENTAÇÃO DO PARLAMENTAR";"0";"";"RCS SERVIÇOS DE ALIMENTAÇÃO LTDA";"512.702.430/0018-0";"447";"0";"2024-11-13T00:00:00";"1020";"0";"1020";"11";"2024";"0";"";"";"2088803";"";"";"";"2442";"7830001";"https://www.camara.leg.br/cota-parlamentar/documentos/publ/2442/2024/7830001.pdf"
"LIDERANÇA DO PSDB";"";"";"";"2023";"NA";"";"57";"13";"FORNECIMENTO DE ALIMENTAÇÃO DO PARLAMENTAR";"0";"";"RCS SERVIÇOS DE ALIMENTAÇÃO LTDA";"512.702.430/0018-0";"471";"0";"2024-11-26T00:00:00";"1020";"0";"1020";"11";"2024";"0";"";"";"2091704";"";"";"";"2442";"7835474";"https://www.camara.leg.br/cota-parlamentar/documentos/publ/2442/2024/7835474.pdf"
"LIDERANÇA DO PSDB";"";"";"";"2023";"NA";"";"57";"13";"FORNECIMENTO DE ALIMENTAÇÃO DO PARLAMENTAR";"0";"";"RCS SERVIÇOS DE ALIMENTAÇÃO LTDA";"512.702.430/0018-0";"472";"0";"2024-11-27T00:00:00";"1020";"0";"1020";"11";"2024";"0";"";"";"2092020";"";"";"";"2442";"7836105";"https://www.camara.leg.br/cota-parlamentar/documentos/publ/2442/2024/7836105.pdf"
"LIDERANÇA DO PSDB";"";"";"";"2023";"NA";"";"57";"13";"FORNECIMENTO DE ALIMENTAÇÃO DO PARLAMENTAR";"0";"";"RCS SERVIÇOS DE ALIMENTAÇÃO LTDA";"512.702.430/0018-0";"487";"0";"2024-12-03T00:00:00";"1020";"0";"1020";"11";"2024";"0";"";"";"2093719";"";"";"";"2442";"7839096";"https://www.camara.leg.br/cota-parlamentar/documentos/publ/2442/2024/7839096.pdf"
"LIDERANÇA DO PSDB";"";"";"";"2023";"NA";"";"57";"13";"FORNECIMENTO DE ALIMENTAÇÃO DO PARLAMENTAR";"0";"";"RCS SERVIÇOS DE ALIMENTAÇÃO LTDA";"512.702.430/0018-0";"492";"0";"2024-12-04T00:00:00";"1020";"0";"1020";"11";"2024";"0";"";"";"2094342";"";"";"";"2442";"7840143";"https://www.camara.leg.br/cota-parlamentar/documentos/publ/2442/2024/7840143.pdf"
"LIDERANÇA DO PSDB";"";"";"";"2023";"NA";"";"57";"13";"FORNECIMENTO DE ALIMENTAÇÃO DO PARLAMENTAR";"0";"";"RCS SERVIÇOS DE ALIMENTAÇÃO LTDA";"512.702.430/0018-0";"507";"0";"2024-12-10T00:00:00";"1020";"0";"1020";"12";"2024";"0";"";"";"2096155";"";"";"";"2442";"7843500";"https://www.camara.leg.br/cota-parlamentar/documentos/publ/2442/2024/7843500.pdf"
"LIDERANÇA DO PSDB";"";"";"";"2023";"NA";"";"57";"13";"FORNECIMENTO DE ALIMENTAÇÃO DO PARLAMENTAR";"0";"";"RCS SERVIÇOS DE ALIMENTAÇÃO LTDA";"512.702.430/0018-0";"510";"0";"2024-12-11T00:00:00";"1020";"0";"1020";"12";"2024";"0";"";"";"2096722";"";"";"";"2442";"7844457";"https://www.camara.leg.br/cota-parlamentar/documentos/publ/2442/2024/7844457.pdf"
"LIDERANÇA DO PSDB";"";"";"";"2023";"NA";"";"57";"13";"FORNECIMENTO DE ALIMENTAÇÃO DO PARLAMENTAR";"0";"";"RCS SERVIÇOS DE ALIMENTAÇÃO LTDA";"512.702.430/0018-0";"511";"0";"2024-12-12T00:00:00";"1900";"0";"1900";"12";"2024";"0";"";"";"2097163";"";"";"";"2442";"7845303";"https://www.camara.leg.br/cota-parlamentar/documentos/publ/2442/2024/7845303.pdf"
"LIDERANÇA DO PSDB";"";"";"";"2023";"NA";"";"57";"13";"FORNECIMENTO DE ALIMENTAÇÃO DO PARLAMENTAR";"0";"";"RCS SERVIÇOS DE ALIMENTAÇÃO LTDA";"512.702.430/0018-0";"527";"0";"2024-12-16T00:00:00";"1900";"0";"1900";"12";"2024";"0";"";"";"2097928";"";"";"";"2442";"7846798";"https://www.camara.leg.br/cota-parlamentar/documentos/publ/2442/2024/7846798.pdf"
"LIDERANÇA DO PSDB";"";"";"";"2023";"NA";"";"57";"13";"FORNECIMENTO DE ALIMENTAÇÃO DO PARLAMENTAR";"0";"";"RCS SERVIÇOS DE ALIMENTAÇÃO LTDA";"512.702.430/0018-0";"529";"0";"2024-12-17T00:00:00";"1020";"0";"1020";"12";"2024";"0";"";"";"2098567";"";"";"";"2442";"7848003";"https://www.camara.leg.br/cota-parlamentar/documentos/publ/2442/2024/7848003.pdf"
"LIDERANÇA DO PSDB";"";"";"";"2023";"NA";"";"57";"13";"FORNECIMENTO DE ALIMENTAÇÃO DO PARLAMENTAR";"0";"";"RCS SERVIÇOS DE ALIMENTAÇÃO LTDA";"512.702.430/0018-0";"531";"0";"2024-12-18T00:00:00";"1470";"0";"1470";"12";"2024";"0";"";"";"2099071";"";"";"";"2442";"7849061";"https://www.camara.leg.br/cota-parlamentar/documentos/publ/2442/2024/7849061.pdf"
"LIDERANÇA DO PSDB";"";"";"";"2023";"NA";"";"57";"13";"FORNECIMENTO DE ALIMENTAÇÃO DO PARLAMENTAR";"0";"";"RCS SERVIÇOS DE ALIMENTAÇÃO LTDA";"512.702.430/0018-0";"54";"0";"2024-03-05T00:00:00";"1275";"0";"1275";"3";"2024";"0";"";"";"2018644";"";"";"";"2442";"7697232";"https://www.camara.leg.br/cota-parlamentar/documentos/publ/2442/2024/7697232.pdf"
"LIDERANÇA DO PSDB";"";"";"";"2023";"NA";"";"57";"13";"FORNECIMENTO DE ALIMENTAÇÃO DO PARLAMENTAR";"0";"";"RCS SERVIÇOS DE ALIMENTAÇÃO LTDA";"512.702.430/0018-0";"58";"0";"2024-03-06T00:00:00";"1275";"0";"1275";"3";"2024";"0";"";"";"2019322";"";"";"";"2442";"7698407";"https://www.camara.leg.br/cota-parlamentar/documentos/publ/2442/2024/7698407.pdf"
"LIDERANÇA DO PSDB";"";"";"";"2023";"NA";"";"57";"13";"FORNECIMENTO DE ALIMENTAÇÃO DO PARLAMENTAR";"0";"";"RCS SERVIÇOS DE ALIMENTAÇÃO LTDA";"512.702.430/0018-0";"70";"0";"2024-03-12T00:00:00";"1275";"0";"1275";"3";"2024";"0";"";"";"2020968";"";"";"";"2442";"7701386";"https://www.camara.leg.br/cota-parlamentar/documentos/publ/2442/2024/7701386.pdf"
"LIDERANÇA DO PSDB";"";"";"";"2023";"NA";"";"57";"13";"FORNECIMENTO DE ALIMENTAÇÃO DO PARLAMENTAR";"0";"";"RCS SERVIÇOS DE ALIMENTAÇÃO LTDA";"512.702.430/0018-0";"86";"0";"2024-03-19T00:00:00";"1275";"0";"1275";"3";"2024";"0";"";"";"2022946";"";"";"";"2442";"7705250";"https://www.camara.leg.br/cota-parlamentar/documentos/publ/2442/2024/7705250.pdf"
"LIDERANÇA DO PSDB";"";"";"";"2023";"NA";"";"57";"13";"FORNECIMENTO DE ALIMENTAÇÃO DO PARLAMENTAR";"0";"";"RCS SERVIÇOS DE ALIMENTAÇÃO LTDA";"512.702.430/0018-0";"91";"0";"2024-03-20T00:00:00";"1275";"0";"1275";"3";"2024";"0";"";"";"2023345";"";"";"";"2442";"7706006";"https://www.camara.leg.br/cota-parlamentar/documentos/publ/2442/2024/7706006.pdf"
"LIDERANÇA DO PSDB";"";"";"";"2023";"NA";"";"57";"13";"FORNECIMENTO DE ALIMENTAÇÃO DO PARLAMENTAR";"0";"";"SCF CONFEITARIA E COMERCIO DE ALIMENTOS LTDA - ME";"242.213.980/0015-4";"503603";"4";"2024-02-07T00:00:00";"315";"0";"315";"2";"2024";"0";"";"";"2011013";"";"";"";"2442";"7683341";"https://www.camara.leg.br/cota-parlamentar/nota-fiscal-eletronica?ideDocumentoFiscal=7683341"
"LIDERANÇA DO PT";"";"";"";"2023";"NA";"";"57";"1";"MANUTENÇÃO DE ESCRITÓRIO DE APOIO À ATIVIDADE PARLAMENTAR";"0";"";"Adfobe Systems Software Ireland Ltda";"000.000.000/0001-0";"2650951646";"1";"2024-01-08T00:00:00";"124";"0";"124";"1";"2024";"0";"";"";"2007329";"";"";"";"2439";"7677531";"https://www.camara.leg.br/cota-parlamentar/documentos/publ/2439/2024/7677531.pdf"
"LIDERANÇA DO PT";"";"";"";"2023";"NA";"";"57";"1";"MANUTENÇÃO DE ESCRITÓRIO DE APOIO À ATIVIDADE PARLAMENTAR";"0";"";"Adfobe Systems Software Ireland Ltda";"000.000.000/0001-0";"2650953465";"1";"2024-01-08T00:00:00";"124";"0";"124";"1";"2024";"0";"";"";"2007329";"";"";"";"2439";"7677536";"https://www.camara.leg.br/cota-parlamentar/documentos/publ/2439/2024/7677536.pdf"
"LIDERANÇA DO PT";"";"";"";"2023";"NA";"";"57";"1";"MANUTENÇÃO DE ESCRITÓRIO DE APOIO À ATIVIDADE PARLAMENTAR";"0";"";"Adfobe Systems Software Ireland Ltda";"000.000.000/0001-0";"2651777405";"1";"2024-01-09T00:00:00";"43";"0";"43";"1";"2024";"0";"";"";"2007329";"";"";"";"2439";"7677541";"https://www.camara.leg.br/cota-parlamentar/documentos/publ/2439/2024/7677541.pdf"
"LIDERANÇA DO PT";"";"";"";"2023";"NA";"";"57";"1";"MANUTENÇÃO DE ESCRITÓRIO DE APOIO À ATIVIDADE PARLAMENTAR";"0";"";"Adobe Systems Software Ireland LtdA";"000.000.000/0001-0";"2705966479";"1";"2024-03-11T00:00:00";"139";"0";"139";"3";"2024";"0";"";"";"2021928";"";"";"";"2439";"7703122";"https://www.camara.leg.br/cota-parlamentar/documentos/publ/2439/2024/7703122.pdf"
"LIDERANÇA DO PT";"";"";"";"2023";"NA";"";"57";"1";"MANUTENÇÃO DE ESCRITÓRIO DE APOIO À ATIVIDADE PARLAMENTAR";"0";"";"Adobe Systems Software Ireland LtdA";"000.000.000/0001-0";"2706500637";"1";"2024-03-11T00:00:00";"139";"0";"139";"3";"2024";"0";"";"";"2021928";"";"";"";"2439";"7703126";"https://www.camara.leg.br/cota-parlamentar/documentos/publ/2439/2024/7703126.pdf"
"LIDERANÇA DO PT";"";"";"";"2023";"NA";"";"57";"1";"MANUTENÇÃO DE ESCRITÓRIO DE APOIO À ATIVIDADE PARLAMENTAR";"0";"";"Adobe Systems Software Ireland Ltda";"000.000.000/0001-0";"2741991158";"1";"2024-04-20T00:00:00";"47";"0";"47";"4";"2024";"0";"";"";"2032221";"";"";"";"2439";"7722381";"https://www.camara.leg.br/cota-parlamentar/documentos/publ/2439/2024/7722381.pdf"
"LIDERANÇA DO PT";"";"";"";"2023";"NA";"";"57";"1";"MANUTENÇÃO DE ESCRITÓRIO DE APOIO À ATIVIDADE PARLAMENTAR";"0";"";"Adobe Systems Sotware Ireland Ltda";"000.000.000/0001-0";"2714977949";"1";"2024-03-20T00:00:00";"47";"0";"47";"4";"2024";"0";"";"";"2023905";"";"";"";"2439";"7706936";"https://www.camara.leg.br/cota-parlamentar/documentos/publ/2439/2024/7706936.pdf"
"LIDERANÇA DO PT";"";"";"";"2023";"NA";"";"57";"1";"MANUTENÇÃO DE ESCRITÓRIO DE APOIO À ATIVIDADE PARLAMENTAR";"0";"";"Adobe Systems Sotware Ireland Ltda";"000.000.000/0001-0";"2734103312";"1";"2024-04-11T00:00:00";"139";"0";"139";"4";"2024";"0";"";"";"2030360";"";"";"";"2439";"7718828";"https://www.camara.leg.br/cota-parlamentar/documentos/publ/2439/2024/7718828.pdf"
"LIDERANÇA DO PT";"";"";"";"2023";"NA";"";"57";"1";"MANUTENÇÃO DE ESCRITÓRIO DE APOIO À ATIVIDADE PARLAMENTAR";"0";"";"Adobe Systems Sotware Ireland Ltda";"000.000.000/0001-0";"2734191522";"1";"2024-04-11T00:00:00";"139";"0";"139";"4";"2024";"0";"";"";"2030360";"";"";"";"2439";"7718826";"https://www.camara.leg.br/cota-parlamentar/documentos/publ/2439/2024/7718826.pdf"
"LIDERANÇA DO PT";"";"";"";"2023";"NA";"";"57";"1";"MANUTENÇÃO DE ESCRITÓRIO DE APOIO À ATIVIDADE PARLAMENTAR";"0";"";"Adobe Systems Sotware Ireland Ltda";"000.000.000/0001-0";"2761298679";"1";"2024-05-11T00:00:00";"139";"0";"139";"5";"2024";"0";"";"";"2040235";"";"";"";"2439";"7736915";"https://www.camara.leg.br/cota-parlamentar/documentos/publ/2439/2024/7736915.pdf"
"LIDERANÇA DO PT";"";"";"";"2023";"NA";"";"57";"1";"MANUTENÇÃO DE ESCRITÓRIO DE APOIO À ATIVIDADE PARLAMENTAR";"0";"";"Adobe Systems Sotware Ireland Ltda";"000.000.000/0001-0";"2761300191";"1";"2024-05-11T00:00:00";"139";"0";"139";"5";"2024";"0";"";"";"2040235";"";"";"";"2439";"7736910";"https://www.camara.leg.br/cota-parlamentar/documentos/publ/2439/2024/7736910.pdf"
"LIDERANÇA DO PT";"";"";"";"2023";"NA";"";"57";"1";"MANUTENÇÃO DE ESCRITÓRIO DE APOIO À ATIVIDADE PARLAMENTAR";"0";"";"Adobe Systems Sotware Ireland Ltda";"000.000.000/0001-0";"2788566430";"1";"2024-06-11T00:00:00";"139";"0";"139";"6";"2024";"0";"";"";"2048706";"";"";"";"2439";"7752955";"https://www.camara.leg.br/cota-parlamentar/documentos/publ/2439/2024/7752955.pdf"
"LIDERANÇA DO PT";"";"";"";"2023";"NA";"";"57";"1";"MANUTENÇÃO DE ESCRITÓRIO DE APOIO À ATIVIDADE PARLAMENTAR";"0";"";"Adobe Systems Sotware Ireland Ltda";"000.000.000/0001-0";"2788698251";"1";"2024-06-11T00:00:00";"139";"0";"139";"6";"2024";"0";"";"";"2048706";"";"";"";"2439";"7752957";"https://www.camara.leg.br/cota-parlamentar/documentos/publ/2439/2024/7752957.pdf"
"LIDERANÇA DO PT";"";"";"";"2023";"NA";"";"57";"1";"MANUTENÇÃO DE ESCRITÓRIO DE APOIO À ATIVIDADE PARLAMENTAR";"0";"";"Adobe Systems Sotware Ireland Ltda";"000.000.000/0001-0";"2796638046";"1";"2024-06-20T00:00:00";"47";"0";"47";"6";"2024";"0";"";"";"2052613";"";"";"";"2439";"7760751";"https://www.camara.leg.br/cota-parlamentar/documentos/publ/2439/2024/7760751.pdf"
"LIDERANÇA DO PT";"";"";"";"2023";"NA";"";"57";"1";"MANUTENÇÃO DE ESCRITÓRIO DE APOIO À ATIVIDADE PARLAMENTAR";"0";"";"Adobe Systems Sotware Ireland Ltda";"000.000.000/0001-0";"2871198615";"1";"2024-09-11T00:00:00";"139";"0";"139";"9";"2024";"0";"";"";"2073578";"";"";"";"2439";"7802254";"https://www.camara.leg.br/cota-parlamentar/documentos/publ/2439/2024/7802254.pdf"
"LIDERANÇA DO PT";"";"";"";"2023";"NA";"";"57";"1";"MANUTENÇÃO DE ESCRITÓRIO DE APOIO À ATIVIDADE PARLAMENTAR";"0";"";"Adobe Systems Sotware Ireland Ltda";"000.000.000/0001-0";"2871266502";"1";"2024-09-11T00:00:00";"139";"0";"139";"9";"2024";"0";"";"";"2073578";"";"";"";"2439";"7802260";"https://www.camara.leg.br/cota-parlamentar/documentos/publ/2439/2024/7802260.pdf"
"LIDERANÇA DO PT";"";"";"";"2023";"NA";"";"57";"1";"MANUTENÇÃO DE ESCRITÓRIO DE APOIO À ATIVIDADE PARLAMENTAR";"0";"";"FlickR";"000.000.000/0001-0";"24036499";"1";"2024-04-08T00:00:00";"724.76";"0";"724.76";"4";"2024";"0";"";"";"2028520";"";"";"";"2439";"7715507";"https://www.camara.leg.br/cota-parlamentar/documentos/publ/2439/2024/7715507.pdf"
"LIDERANÇA DO PT";"";"";"";"2023";"NA";"";"57";"1";"MANUTENÇÃO DE ESCRITÓRIO DE APOIO À ATIVIDADE PARLAMENTAR";"0";"";"FUTURA AUDIOVISUAIS LTDA ME";"071.263.360/0014-4";"240320003";"0";"2024-03-20T00:00:00";"900";"0";"900";"4";"2024";"0";"";"";"2023905";"";"";"";"2439";"7706971";"https://www.camara.leg.br/cota-parlamentar/documentos/publ/2439/2024/7706971.pdf"
"LIDERANÇA DO PT";"";"";"";"2023";"NA";"";"57";"1";"MANUTENÇÃO DE ESCRITÓRIO DE APOIO À ATIVIDADE PARLAMENTAR";"0";"";"FUTURA AUDIOVISUAIS LTDA ME";"071.263.360/0014-4";"24301001";"1";"2024-02-20T00:00:00";"900";"0";"900";"3";"2024";"0";"";"";"2014783";"";"";"";"2439";"7689844";"https://www.camara.leg.br/cota-parlamentar/documentos/publ/2439/2024/7689844.pdf"
"LIDERANÇA DO PT";"";"";"";"2023";"NA";"";"57";"1";"MANUTENÇÃO DE ESCRITÓRIO DE APOIO À ATIVIDADE PARLAMENTAR";"0";"";"MAP COMERCIO, LOCACAO E SERVICO DE MANUTENCAO DE ELETRO-ELET";"053.220.900/0015-0";"1942";"0";"2024-01-06T00:00:00";"614.5";"0";"614.5";"1";"2024";"0";"";"";"2011947";"";"";"";"2439";"7678792";"https://www.camara.leg.br/cota-parlamentar/documentos/publ/2439/2024/7678792.pdf"
"LIDERANÇA DO PT";"";"";"";"2023";"NA";"";"57";"1";"MANUTENÇÃO DE ESCRITÓRIO DE APOIO À ATIVIDADE PARLAMENTAR";"0";"";"MAP COMERCIO, LOCACAO E SERVICO DE MANUTENCAO DE ELETRO-ELET";"053.220.900/0015-0";"2393";"0";"2024-03-15T00:00:00";"484.7";"96.94";"387.76";"2";"2024";"0";"";"";"2027028";"";"";"";"2439";"7712756";"https://www.camara.leg.br/cota-parlamentar/documentos/publ/2439/2024/7712756.pdf"
"LIDERANÇA DO PT";"";"";"";"2023";"NA";"";"57";"1";"MANUTENÇÃO DE ESCRITÓRIO DE APOIO À ATIVIDADE PARLAMENTAR";"0";"";"MAP COMERCIO, LOCACAO E SERVICO DE MANUTENCAO DE ELETRO-ELET";"053.220.900/0015-0";"2597";"0";"2024-04-22T00:00:00";"484.7";"0";"484.7";"3";"2024";"0";"";"";"2033728";"";"";"";"2439";"7725422";"https://www.camara.leg.br/cota-parlamentar/documentos/publ/2439/2024/7725422.pdf"
"LIDERANÇA DO PT";"";"";"";"2023";"NA";"";"57";"1";"MANUTENÇÃO DE ESCRITÓRIO DE APOIO À ATIVIDADE PARLAMENTAR";"0";"";"MAP COMERCIO, LOCACAO E SERVICO DE MANUTENCAO DE ELETRO-ELET";"053.220.900/0015-0";"2598";"0";"2024-04-22T00:00:00";"484.7";"0";"484.7";"4";"2024";"0";"";"";"2033722";"";"";"";"2439";"7725468";"https://www.camara.leg.br/cota-parlamentar/documentos/publ/2439/2024/7725468.pdf"
"LIDERANÇA DO PT";"";"";"";"2023";"NA";"";"57";"1";"MANUTENÇÃO DE ESCRITÓRIO DE APOIO À ATIVIDADE PARLAMENTAR";"0";"";"MAP COMERCIO, LOCACAO E SERVICO DE MANUTENCAO DE ELETRO-ELET";"053.220.900/0015-0";"2809";"0";"2024-05-17T00:00:00";"290";"0";"290";"5";"2024";"0";"";"";"2042681";"";"";"";"2439";"7741774";"https://www.camara.leg.br/cota-parlamentar/documentos/publ/2439/2024/7741774.pdf"
"LIDERANÇA DO PT";"";"";"";"2023";"NA";"";"57";"1";"MANUTENÇÃO DE ESCRITÓRIO DE APOIO À ATIVIDADE PARLAMENTAR";"0";"";"MAP COMERCIO, LOCACAO E SERVICO DE MANUTENCAO DE ELETRO-ELET";"053.220.900/0015-0";"3051";"0";"2024-06-21T00:00:00";"290";"0";"290";"6";"2024";"0";"";"";"2058616";"";"";"";"2439";"7772416";"https://www.camara.leg.br/cota-parlamentar/documentos/publ/2439/2024/7772416.pdf"
"LIDERANÇA DO PT";"";"";"";"2023";"NA";"";"57";"1";"MANUTENÇÃO DE ESCRITÓRIO DE APOIO À ATIVIDADE PARLAMENTAR";"0";"";"MAP COMERCIO, LOCACAO E SERVICO DE MANUTENCAO DE ELETRO-ELET";"053.220.900/0015-0";"3447";"0";"2024-08-13T00:00:00";"290";"0";"290";"8";"2024";"0";"";"";"2065817";"";"";"";"2439";"7787242";"https://www.camara.leg.br/cota-parlamentar/documentos/publ/2439/2024/7787242.pdf"
"LIDERANÇA DO PT";"";"";"";"2023";"NA";"";"57";"1";"MANUTENÇÃO DE ESCRITÓRIO DE APOIO À ATIVIDADE PARLAMENTAR";"0";"";"MAP COMERCIO, LOCACAO E SERVICO DE MANUTENCAO DE ELETRO-ELET";"053.220.900/0015-0";"3507";"0";"2024-08-28T00:00:00";"290";"0";"290";"7";"2024";"0";"";"";"2069370";"";"";"";"2439";"7794153";"https://www.camara.leg.br/cota-parlamentar/documentos/publ/2439/2024/7794153.pdf"
"LIDERANÇA DO PT";"";"";"";"2023";"NA";"";"57";"1";"MANUTENÇÃO DE ESCRITÓRIO DE APOIO À ATIVIDADE PARLAMENTAR";"0";"";"MAP COMERCIO, LOCACAO E SERVICO DE MANUTENCAO DE ELETRO-ELET";"053.220.900/0015-0";"4011";"0";"2024-10-23T00:00:00";"290";"0";"290";"10";"2024";"0";"";"";"2085476";"";"";"";"2439";"7823998";"https://www.camara.leg.br/cota-parlamentar/documentos/publ/2439/2024/7823998.pdf"
"LIDERANÇA DO PT";"";"";"";"2023";"NA";"";"57";"1";"MANUTENÇÃO DE ESCRITÓRIO DE APOIO À ATIVIDADE PARLAMENTAR";"0";"";"MAP COMERCIO, LOCACAO E SERVICO DE MANUTENCAO DE ELETRO-ELET";"053.220.900/0015-0";"4354";"0";"2024-12-11T00:00:00";"290";"0";"290";"11";"2024";"0";"";"";"2098183";"";"";"";"2439";"7847313";"https://www.camara.leg.br/cota-parlamentar/documentos/publ/2439/2024/7847313.pdf"
"LIDERANÇA DO PT";"";"";"";"2023";"NA";"";"57";"1";"MANUTENÇÃO DE ESCRITÓRIO DE APOIO À ATIVIDADE PARLAMENTAR";"0";"";"MAP COMERCIO, LOCACAO E SERVICO DE MANUTENCAO DE ELETRO-ELET";"053.220.900/0015-0";"4373";"0";"2024-12-17T00:00:00";"290";"0";"290";"12";"2024";"0";"";"";"2098209";"";"";"";"2439";"7847345";"https://www.camara.leg.br/cota-parlamentar/documentos/publ/2439/2024/7847345.pdf"
"LIDERANÇA DO PT";"";"";"";"2023";"NA";"";"57";"1";"MANUTENÇÃO DE ESCRITÓRIO DE APOIO À ATIVIDADE PARLAMENTAR";"0";"";"WMS COMERCIO DE ARTIGOS DE PAPELARIA LTDA";"121.328.540/0010-0";"5754";"4";"2024-06-10T00:00:00";"3470.1";"0";"3470.1";"6";"2024";"0";"";"";"2048709";"";"";"";"2439";"7752849";"https://www.camara.leg.br/cota-parlamentar/nota-fiscal-eletronica?ideDocumentoFiscal=7752849"
"LIDERANÇA DO PT";"";"";"";"2023";"NA";"";"57";"1";"MANUTENÇÃO DE ESCRITÓRIO DE APOIO À ATIVIDADE PARLAMENTAR";"0";"";"WMS COMERCIO DE ARTIGOS DE PAPELARIA LTDA";"121.328.540/0010-0";"5859";"4";"2024-07-15T00:00:00";"2390";"0";"2390";"7";"2024";"0";"";"";"2058072";"";"";"";"2439";"7771283";"https://www.camara.leg.br/cota-parlamentar/nota-fiscal-eletronica?ideDocumentoFiscal=7771283"
"LIDERANÇA DO PT";"";"";"";"2023";"NA";"";"57";"1";"MANUTENÇÃO DE ESCRITÓRIO DE APOIO À ATIVIDADE PARLAMENTAR";"0";"";"WMS COMERCIO DE ARTIGOS DE PAPELARIA LTDA";"121.328.540/0010-0";"5939";"4";"2024-08-22T00:00:00";"2282.5";"0";"2282.5";"8";"2024";"0";"";"";"2067373";"";"";"";"2439";"7790213";"https://www.camara.leg.br/cota-parlamentar/nota-fiscal-eletronica?ideDocumentoFiscal=7790213"
"LIDERANÇA DO PT";"";"";"";"2023";"NA";"";"57";"1";"MANUTENÇÃO DE ESCRITÓRIO DE APOIO À ATIVIDADE PARLAMENTAR";"0";"";"WMS COMERCIO DE ARTIGOS DE PAPELARIA LTDA";"121.328.540/0010-0";"6048";"4";"2024-10-17T00:00:00";"2948.9";"0";"2948.9";"10";"2024";"0";"";"";"2082685";"";"";"";"2439";"7818605";"https://www.camara.leg.br/cota-parlamentar/nota-fiscal-eletronica?ideDocumentoFiscal=7818605"
"LIDERANÇA DO PT";"";"";"";"2023";"NA";"";"57";"1";"MANUTENÇÃO DE ESCRITÓRIO DE APOIO À ATIVIDADE PARLAMENTAR";"0";"";"WMS COMERCIO DE ARTIGOS DE PAPELARIA LTDA";"121.328.540/0010-0";"6119";"4";"2024-11-19T00:00:00";"819.2";"0";"819.2";"11";"2024";"0";"";"";"2090365";"";"";"";"2439";"7832787";"https://www.camara.leg.br/cota-parlamentar/nota-fiscal-eletronica?ideDocumentoFiscal=7832787"
"LIDERANÇA DO PT";"";"";"";"2023";"NA";"";"57";"1";"MANUTENÇÃO DE ESCRITÓRIO DE APOIO À ATIVIDADE PARLAMENTAR";"0";"";"WMS COMERCIO DE ARTIGOS DE PAPELARIA LTDA-ME";"121.328.540/0010-0";"5447";"4";"2024-02-23T00:00:00";"843";"0";"843";"2";"2024";"0";"";"";"2015237";"";"";"";"2439";"7690965";"https://www.camara.leg.br/cota-parlamentar/nota-fiscal-eletronica?ideDocumentoFiscal=7690965"
"LIDERANÇA DO PT";"";"";"";"2023";"NA";"";"57";"1";"MANUTENÇÃO DE ESCRITÓRIO DE APOIO À ATIVIDADE PARLAMENTAR";"0";"";"WMS COMERCIO DE ARTIGOS DE PAPELARIA LTDA-ME";"121.328.540/0010-0";"5565";"0";"2024-04-03T00:00:00";"2821.8";"0";"2821.8";"4";"2024";"0";"";"";"2028521";"";"";"";"2439";"7715463";"https://www.camara.leg.br/cota-parlamentar/documentos/publ/2439/2024/7715463.pdf"
"LIDERANÇA DO PT";"";"";"";"2023";"NA";"";"57";"1";"MANUTENÇÃO DE ESCRITÓRIO DE APOIO À ATIVIDADE PARLAMENTAR";"0";"";"WMS COMERCIO DE ARTIGOS DE PAPELARIA LTDA-ME";"121.328.540/0010-0";"5675";"4";"2024-05-09T00:00:00";"848.5";"0";"848.5";"5";"2024";"0";"";"";"2040237";"";"";"";"2439";"7736811";"https://www.camara.leg.br/cota-parlamentar/nota-fiscal-eletronica?ideDocumentoFiscal=7736811"
"LIDERANÇA DO PT";"";"";"";"2023";"NA";"";"57";"1";"MANUTENÇÃO DE ESCRITÓRIO DE APOIO À ATIVIDADE PARLAMENTAR";"0";"";"Zoom Video Communications Inc.";"000.000.000/0001-0";"INV272610446";"1";"2024-09-11T00:00:00";"72.99";"0";"72.99";"9";"2024";"0";"";"";"2073586";"";"";"";"2439";"7802322";"https://www.camara.leg.br/cota-parlamentar/documentos/publ/2439/2024/7802322.pdf"
"LIDERANÇA DO PT";"";"";"";"2023";"NA";"";"57";"1";"MANUTENÇÃO DE ESCRITÓRIO DE APOIO À ATIVIDADE PARLAMENTAR";"0";"";"Zoom video Comunicatiions Inc";"000.000.000/0001-0";"235778634";"1";"2024-01-11T00:00:00";"73.13";"0";"73.13";"1";"2024";"0";"";"";"2007837";"";"";"";"2439";"7678479";"https://www.camara.leg.br/cota-parlamentar/documentos/publ/2439/2024/7678479.pdf"
"LIDERANÇA DO PT";"";"";"";"2023";"NA";"";"57";"1";"MANUTENÇÃO DE ESCRITÓRIO DE APOIO À ATIVIDADE PARLAMENTAR";"0";"";"Zoom video Comunicatiions Inc";"000.000.000/0001-0";"268566470";"1";"2024-08-11T00:00:00";"72.99";"0";"72.99";"8";"2024";"0";"";"";"2065799";"";"";"";"2439";"7787119";"https://www.camara.leg.br/cota-parlamentar/documentos/publ/2439/2024/7787119.pdf"
"LIDERANÇA DO PT";"";"";"";"2023";"NA";"";"57";"1";"MANUTENÇÃO DE ESCRITÓRIO DE APOIO À ATIVIDADE PARLAMENTAR";"0";"";"Zoom video Comunicatiions Inc";"000.000.000/0001-0";"7043556526";"1";"2024-04-11T00:00:00";"62.04";"0";"62.04";"4";"2024";"0";"";"";"2030360";"";"";"";"2439";"7718805";"https://www.camara.leg.br/cota-parlamentar/documentos/publ/2439/2024/7718805.pdf"
"LIDERANÇA DO PT";"";"";"";"2023";"NA";"";"57";"1";"MANUTENÇÃO DE ESCRITÓRIO DE APOIO À ATIVIDADE PARLAMENTAR";"0";"";"Zoom video Comunicatiions Inc";"000.000.000/0001-0";"7043556526";"1";"2024-05-11T00:00:00";"72.99";"0";"72.99";"5";"2024";"0";"";"";"2040235";"";"";"";"2439";"7736852";"https://www.camara.leg.br/cota-parlamentar/documentos/publ/2439/2024/7736852.pdf"
"LIDERANÇA DO PT";"";"";"";"2023";"NA";"";"57";"1";"MANUTENÇÃO DE ESCRITÓRIO DE APOIO À ATIVIDADE PARLAMENTAR";"0";"";"Zoom video Comunicatiions Inc";"000.000.000/0001-0";"7043556526";"1";"2024-06-11T00:00:00";"72.99";"0";"72.99";"6";"2024";"0";"";"";"2058609";"";"";"";"2439";"7772396";"https://www.camara.leg.br/cota-parlamentar/documentos/publ/2439/2024/7772396.pdf"
"LIDERANÇA DO PT";"";"";"";"2023";"NA";"";"57";"1";"MANUTENÇÃO DE ESCRITÓRIO DE APOIO À ATIVIDADE PARLAMENTAR";"0";"";"Zoom video Comunicatiions Inc";"000.000.000/0001-0";"7043556526";"1";"2024-07-11T00:00:00";"72.99";"0";"72.99";"7";"2024";"0";"";"";"2058610";"";"";"";"2439";"7772394";"https://www.camara.leg.br/cota-parlamentar/documentos/publ/2439/2024/7772394.pdf"
"LIDERANÇA DO PT";"";"";"";"2023";"NA";"";"57";"1";"MANUTENÇÃO DE ESCRITÓRIO DE APOIO À ATIVIDADE PARLAMENTAR";"0";"";"Zoom video Comunicatiions Inc";"000.000.000/0001-0";"7046556526";"1";"2024-03-11T00:00:00";"62.04";"0";"62.04";"3";"2024";"0";"";"";"2021928";"";"";"";"2439";"7703013";"https://www.camara.leg.br/cota-parlamentar/documentos/publ/2439/2024/7703013.pdf"
"LIDERANÇA DO PT";"";"";"";"2023";"NA";"";"57";"3";"COMBUSTÍVEIS E LUBRIFICANTES.";"1";"Veículos Automotores";"031 - 302 NORTE - CASCOL COMBUSTIVEIS PARA VEICULOS LTDA";"003.065.970/0311-2";"395566";"4";"2024-05-27T12:46:25";"274.12";"0";"274.12";"5";"2024";"0";"";"";"2048713";"";"";"";"2439";"7752882";"https://www.camara.leg.br/cota-parlamentar/nota-fiscal-eletronica?ideDocumentoFiscal=7752882"
"LIDERANÇA DO PT";"";"";"";"2023";"NA";"";"57";"3";"COMBUSTÍVEIS E LUBRIFICANTES.";"1";"Veículos Automotores";"063 - 311 SUL - CASCOL COMBUSTIVEIS PARA VEICULOS LTDA";"003.065.970/0630-8";"480022";"4";"2024-01-30T00:00:00";"200.01";"0";"200.01";"1";"2024";"0";"";"";"2007855";"";"";"";"2439";"7678501";"https://www.camara.leg.br/cota-parlamentar/nota-fiscal-eletronica?ideDocumentoFiscal=7678501"
"LIDERANÇA DO PT";"";"";"";"2023";"NA";"";"57";"3";"COMBUSTÍVEIS E LUBRIFICANTES.";"1";"Veículos Automotores";"076 - MELHOR 10 - CASCOL COMBUSTIVEIS PARA VEICULOS LTDA";"003.065.970/0761-4";"949346";"4";"2024-08-01T18:00:42";"299.51";"0";"299.51";"8";"2024";"0";"";"";"2062056";"";"";"";"2439";"7779240";"https://www.camara.leg.br/cota-parlamentar/nota-fiscal-eletronica?ideDocumentoFiscal=7779240"
"LIDERANÇA DO PT";"";"";"";"2023";"NA";"";"57";"3";"COMBUSTÍVEIS E LUBRIFICANTES.";"1";"Veículos Automotores";"076 - MELHOR 10 - CASCOL COMBUSTIVEIS PARA VEICULOS LTDA";"003.065.970/0761-4";"964289";"4";"2024-08-23T10:07:24";"299.7";"0";"299.7";"8";"2024";"0";"";"";"2067901";"";"";"";"2439";"7791124";"https://www.camara.leg.br/cota-parlamentar/nota-fiscal-eletronica?ideDocumentoFiscal=7791124"
"LIDERANÇA DO PT";"";"";"";"2023";"NA";"";"57";"3";"COMBUSTÍVEIS E LUBRIFICANTES.";"1";"Veículos Automotores";"14 - QL 14 - CASCOL COMBUSTIVEIS PARA VEICULOS LTDA";"003.065.970/0141-1";"323944";"4";"2024-05-21T14:56:06";"235.75";"0";"235.75";"5";"2024";"0";"";"";"2042683";"";"";"";"2439";"7739577";"https://www.camara.leg.br/cota-parlamentar/nota-fiscal-eletronica?ideDocumentoFiscal=7739577"
"LIDERANÇA DO PT";"";"";"";"2023";"NA";"";"57";"3";"COMBUSTÍVEIS E LUBRIFICANTES.";"1";"Veículos Automotores";"AUTO POSTO 302 SUL LTDA";"306.427.010/0019-5";"1514";"4";"2024-08-11T00:00:00";"206.69";"0";"206.69";"8";"2024";"0";"";"";"2065801";"";"";"";"2439";"7787155";"https://www.camara.leg.br/cota-parlamentar/nota-fiscal-eletronica?ideDocumentoFiscal=7787155"
"LIDERANÇA DO PT";"";"";"";"2023";"NA";"";"57";"3";"COMBUSTÍVEIS E LUBRIFICANTES.";"1";"Veículos Automotores";"AUTO POSTO 303 NORTE LTDA";"381.942.120/0012-0";"15863";"4";"2024-02-20T00:00:00";"261.1";"0";"261.1";"2";"2024";"0";"";"";"2014785";"";"";"";"2439";"7690054";"https://www.camara.leg.br/cota-parlamentar/nota-fiscal-eletronica?ideDocumentoFiscal=7690054"
"LIDERANÇA DO PT";"";"";"";"2023";"NA";"";"57";"3";"COMBUSTÍVEIS E LUBRIFICANTES.";"1";"Veículos Automotores";"AUTO POSTO 303 NORTE LTDA";"381.942.120/0012-0";"15902";"4";"2024-02-07T00:00:00";"252.53";"0";"252.53";"2";"2024";"0";"";"";"2014785";"";"";"";"2439";"7689975";"https://www.camara.leg.br/cota-parlamentar/nota-fiscal-eletronica?ideDocumentoFiscal=7689975"
"LIDERANÇA DO PT";"";"";"";"2023";"NA";"";"57";"3";"COMBUSTÍVEIS E LUBRIFICANTES.";"1";"Veículos Automotores";"AUTO POSTO 303 NORTE LTDA";"381.942.120/0012-0";"16800";"4";"2024-03-18T00:00:00";"269.83";"0";"269.83";"3";"2024";"0";"";"";"2023907";"";"";"";"2439";"7706883";"https://www.camara.leg.br/cota-parlamentar/nota-fiscal-eletronica?ideDocumentoFiscal=7706883"
"LIDERANÇA DO PT";"";"";"";"2023";"NA";"";"57";"3";"COMBUSTÍVEIS E LUBRIFICANTES.";"1";"Veículos Automotores";"AUTO POSTO 303 NORTE LTDA";"381.942.120/0012-0";"17416";"4";"2024-03-08T10:41:06";"100";"0";"100";"3";"2024";"0";"";"";"2021930";"";"";"";"2439";"7703010";"https://www.camara.leg.br/cota-parlamentar/nota-fiscal-eletronica?ideDocumentoFiscal=7703010"
"LIDERANÇA DO PT";"";"";"";"2023";"NA";"";"57";"3";"COMBUSTÍVEIS E LUBRIFICANTES.";"1";"Veículos Automotores";"AUTO POSTO 303 NORTE LTDA";"381.942.120/0012-0";"17626";"4";"2024-03-12T07:59:56";"266.75";"0";"266.75";"3";"2024";"0";"";"";"2021930";"";"";"";"2439";"7703011";"https://www.camara.leg.br/cota-parlamentar/nota-fiscal-eletronica?ideDocumentoFiscal=7703011"
"LIDERANÇA DO PT";"";"";"";"2023";"NA";"";"57";"3";"COMBUSTÍVEIS E LUBRIFICANTES.";"1";"Veículos Automotores";"AUTO POSTO 303 NORTE LTDA";"381.942.120/0012-0";"17760";"4";"2024-02-26T00:00:00";"275.58";"0";"275.58";"2";"2024";"0";"";"";"2017158";"";"";"";"2439";"7694438";"https://www.camara.leg.br/cota-parlamentar/nota-fiscal-eletronica?ideDocumentoFiscal=7694438"
"LIDERANÇA DO PT";"";"";"";"2023";"NA";"";"57";"3";"COMBUSTÍVEIS E LUBRIFICANTES.";"1";"Veículos Automotores";"AUTO POSTO 303 NORTE LTDA";"381.942.120/0012-0";"18408";"4";"2024-03-04T10:27:54";"265.53";"0";"265.53";"3";"2024";"0";"";"";"2019776";"";"";"";"2439";"7699106";"https://www.camara.leg.br/cota-parlamentar/nota-fiscal-eletronica?ideDocumentoFiscal=7699106"
"LIDERANÇA DO PT";"";"";"";"2023";"NA";"";"57";"3";"COMBUSTÍVEIS E LUBRIFICANTES.";"1";"Veículos Automotores";"AUTO POSTO 303 NORTE LTDA";"381.942.120/0012-0";"18713";"0";"2024-04-29T00:00:00";"232.54";"0";"232.54";"4";"2024";"0";"";"";"2036987";"";"";"";"2439";"7731530";"https://www.camara.leg.br/cota-parlamentar/documentos/publ/2439/2024/7731530.pdf"
"LIDERANÇA DO PT";"";"";"";"2023";"NA";"";"57";"3";"COMBUSTÍVEIS E LUBRIFICANTES.";"1";"Veículos Automotores";"AUTO POSTO 303 NORTE LTDA";"381.942.120/0012-0";"19608";"4";"2024-04-22T15:04:14";"279.11";"0";"279.11";"4";"2024";"0";"";"";"2033724";"";"";"";"2439";"7725475";"https://www.camara.leg.br/cota-parlamentar/nota-fiscal-eletronica?ideDocumentoFiscal=7725475"
"LIDERANÇA DO PT";"";"";"";"2023";"NA";"";"57";"3";"COMBUSTÍVEIS E LUBRIFICANTES.";"1";"Veículos Automotores";"AUTO POSTO 303 NORTE LTDA";"381.942.120/0012-0";"20731";"4";"2024-03-25T00:00:00";"255.55";"0";"255.55";"3";"2024";"0";"";"";"2025334";"";"";"";"2439";"7709598";"https://www.camara.leg.br/cota-parlamentar/nota-fiscal-eletronica?ideDocumentoFiscal=7709598"
"LIDERANÇA DO PT";"";"";"";"2023";"NA";"";"57";"3";"COMBUSTÍVEIS E LUBRIFICANTES.";"1";"Veículos Automotores";"AUTO POSTO 303 NORTE LTDA";"381.942.120/0012-0";"21516";"4";"2024-04-01T12:44:23";"256.01";"0";"256.01";"4";"2024";"0";"";"";"2027019";"";"";"";"2439";"7712716";"https://www.camara.leg.br/cota-parlamentar/nota-fiscal-eletronica?ideDocumentoFiscal=7712716"
"LIDERANÇA DO PT";"";"";"";"2023";"NA";"";"57";"3";"COMBUSTÍVEIS E LUBRIFICANTES.";"1";"Veículos Automotores";"AUTO POSTO 303 NORTE LTDA";"381.942.120/0012-0";"22470";"4";"2024-04-08T17:16:11";"242.55";"0";"242.55";"4";"2024";"0";"";"";"2028522";"";"";"";"2439";"7715516";"https://www.camara.leg.br/cota-parlamentar/nota-fiscal-eletronica?ideDocumentoFiscal=7715516"
"LIDERANÇA DO PT";"";"";"";"2023";"NA";"";"57";"3";"COMBUSTÍVEIS E LUBRIFICANTES.";"1";"Veículos Automotores";"AUTO POSTO 303 NORTE LTDA";"381.942.120/0012-0";"23384";"4";"2024-04-15T13:21:30";"266.46";"0";"266.46";"4";"2024";"0";"";"";"2032223";"";"";"";"2439";"7722419";"https://www.camara.leg.br/cota-parlamentar/nota-fiscal-eletronica?ideDocumentoFiscal=7722419"
"LIDERANÇA DO PT";"";"";"";"2023";"NA";"";"57";"3";"COMBUSTÍVEIS E LUBRIFICANTES.";"1";"Veículos Automotores";"AUTO POSTO 303 NORTE LTDA";"381.942.120/0012-0";"25604";"4";"2024-05-13T00:00:00";"247.36";"0";"247.36";"5";"2024";"0";"";"";"2041582";"";"";"";"2439";"7736810";"https://www.camara.leg.br/cota-parlamentar/nota-fiscal-eletronica?ideDocumentoFiscal=7736810"
"LIDERANÇA DO PT";"";"";"";"2023";"NA";"";"57";"3";"COMBUSTÍVEIS E LUBRIFICANTES.";"1";"Veículos Automotores";"AUTO POSTO 303 NORTE LTDA";"381.942.120/0012-0";"26485";"4";"2024-05-07T00:00:00";"227.85";"0";"227.85";"5";"2024";"0";"";"";"2041582";"";"";"";"2439";"7731547";"https://www.camara.leg.br/cota-parlamentar/nota-fiscal-eletronica?ideDocumentoFiscal=7731547"
"LIDERANÇA DO PT";"";"";"";"2023";"NA";"";"57";"3";"COMBUSTÍVEIS E LUBRIFICANTES.";"1";"Veículos Automotores";"AUTO POSTO 303 NORTE LTDA";"381.942.120/0012-0";"27727";"4";"2024-05-16T00:00:00";"176.96";"0";"176.96";"5";"2024";"0";"";"";"2041582";"";"";"";"2439";"7739541";"https://www.camara.leg.br/cota-parlamentar/nota-fiscal-eletronica?ideDocumentoFiscal=7739541"
"LIDERANÇA DO PT";"";"";"";"2023";"NA";"";"57";"3";"COMBUSTÍVEIS E LUBRIFICANTES.";"1";"Veículos Automotores";"AUTO SHOPPING DERIVADOS DE PETROLEO LTDA";"370.633.280/0083-3";"887970";"4";"2024-08-01T21:55:13";"150";"0";"150";"8";"2024";"0";"";"";"2062056";"";"";"";"2439";"7779264";"https://www.camara.leg.br/cota-parlamentar/nota-fiscal-eletronica?ideDocumentoFiscal=7779264"
"LIDERANÇA DO PT";"";"";"";"2023";"NA";"";"57";"3";"COMBUSTÍVEIS E LUBRIFICANTES.";"1";"Veículos Automotores";"BELIZE COMPANY AUTO POSTO LTDA";"290.328.200/0014-7";"19953";"4";"2024-07-30T00:00:00";"216.32";"0";"216.32";"7";"2024";"0";"";"";"2062054";"";"";"";"2439";"7779293";"https://www.camara.leg.br/cota-parlamentar/nota-fiscal-eletronica?ideDocumentoFiscal=7779293"
"LIDERANÇA DO PT";"";"";"";"2023";"NA";"";"57";"3";"COMBUSTÍVEIS E LUBRIFICANTES.";"1";"Veículos Automotores";"BELIZE COMPANY AUTO POSTO LTDA";"290.328.200/0014-7";"260784";"4";"2024-02-01T00:00:00";"50";"0";"50";"2";"2024";"0";"";"";"2009503";"";"";"";"2439";"7679868";"https://www.camara.leg.br/cota-parlamentar/nota-fiscal-eletronica?ideDocumentoFiscal=7679868"
"LIDERANÇA DO PT";"";"";"";"2023";"NA";"";"57";"3";"COMBUSTÍVEIS E LUBRIFICANTES.";"1";"Veículos Automotores";"DRA4 DERIVADOS DE PETROLEO LTDA";"192.570.420/0013-0";"12";"4";"2024-06-18T00:00:00";"248.38";"0";"248.38";"6";"2024";"0";"";"";"2052614";"";"";"";"2439";"7757891";"https://www.camara.leg.br/cota-parlamentar/nota-fiscal-eletronica?ideDocumentoFiscal=7757891"
"LIDERANÇA DO PT";"";"";"";"2023";"NA";"";"57";"3";"COMBUSTÍVEIS E LUBRIFICANTES.";"1";"Veículos Automotores";"DRA4 DERIVADOS DE PETROLEO LTDA";"192.570.420/0013-0";"14";"4";"2024-07-08T00:00:00";"261.04";"0";"261.04";"7";"2024";"0";"";"";"2057894";"";"";"";"2439";"7770946";"https://www.camara.leg.br/cota-parlamentar/nota-fiscal-eletronica?ideDocumentoFiscal=7770946"
"LIDERANÇA DO PT";"";"";"";"2023";"NA";"";"57";"3";"COMBUSTÍVEIS E LUBRIFICANTES.";"1";"Veículos Automotores";"DRA4 DERIVADOS DE PETROLEO LTDA";"192.570.420/0013-0";"20";"4";"2024-08-19T00:00:00";"280.46";"0";"280.46";"8";"2024";"0";"";"";"2067901";"";"";"";"2439";"7791118";"https://www.camara.leg.br/cota-parlamentar/nota-fiscal-eletronica?ideDocumentoFiscal=7791118"
"LIDERANÇA DO PT";"";"";"";"2023";"NA";"";"57";"3";"COMBUSTÍVEIS E LUBRIFICANTES.";"1";"Veículos Automotores";"DRA4 DERIVADOS DE PETROLEO LTDA";"192.570.420/0013-0";"22";"4";"2024-08-27T00:00:00";"274.27";"0";"274.27";"8";"2024";"0";"";"";"2069372";"";"";"";"2439";"7794176";"https://www.camara.leg.br/cota-parlamentar/nota-fiscal-eletronica?ideDocumentoFiscal=7794176"
"LIDERANÇA DO PT";"";"";"";"2023";"NA";"";"57";"3";"COMBUSTÍVEIS E LUBRIFICANTES.";"1";"Veículos Automotores";"DRA4 DERIVADOS DE PETROLEO LTDA";"192.570.420/0013-0";"34";"4";"2024-11-28T00:00:00";"288.59";"0";"288.59";"11";"2024";"0";"";"";"2093524";"";"";"";"2439";"7838781";"https://www.camara.leg.br/cota-parlamentar/nota-fiscal-eletronica?ideDocumentoFiscal=7838781"
"LIDERANÇA DO PT";"";"";"";"2023";"NA";"";"57";"3";"COMBUSTÍVEIS E LUBRIFICANTES.";"1";"Veículos Automotores";"DRA4 DERIVADOS DE PETROLEO LTDA";"192.570.420/0013-0";"35";"4";"2024-12-05T00:00:00";"270.86";"0";"270.86";"12";"2024";"0";"";"";"2094998";"";"";"";"2439";"7841247";"https://www.camara.leg.br/cota-parlamentar/nota-fiscal-eletronica?ideDocumentoFiscal=7841247"
"LIDERANÇA DO PT";"";"";"";"2023";"NA";"";"57";"3";"COMBUSTÍVEIS E LUBRIFICANTES.";"1";"Veículos Automotores";"DRA4 DERIVADOS DE PETROLEO LTDA";"192.570.420/0013-0";"510";"4";"2024-07-01T00:00:00";"220.63";"0";"220.63";"7";"2024";"0";"";"";"2055322";"";"";"";"2439";"7765834";"https://www.camara.leg.br/cota-parlamentar/nota-fiscal-eletronica?ideDocumentoFiscal=7765834"
"LIDERANÇA DO PT";"";"";"";"2023";"NA";"";"57";"3";"COMBUSTÍVEIS E LUBRIFICANTES.";"1";"Veículos Automotores";"DRA4 DERIVADOS DE PETROLEO LTDA";"192.570.420/0013-0";"520";"4";"2024-08-13T00:00:00";"260.61";"0";"260.61";"8";"2024";"0";"";"";"2065801";"";"";"";"2439";"7787187";"https://www.camara.leg.br/cota-parlamentar/nota-fiscal-eletronica?ideDocumentoFiscal=7787187"
"LIDERANÇA DO PT";"";"";"";"2023";"NA";"";"57";"3";"COMBUSTÍVEIS E LUBRIFICANTES.";"1";"Veículos Automotores";"DRA4 DERIVADOS DE PETROLEO LTDA";"192.570.420/0013-0";"53176";"4";"2024-06-04T00:00:00";"249.82";"0";"249.82";"6";"2024";"0";"";"";"2048708";"";"";"";"2439";"7752862";"https://www.camara.leg.br/cota-parlamentar/nota-fiscal-eletronica?ideDocumentoFiscal=7752862"
"LIDERANÇA DO PT";"";"";"";"2023";"NA";"";"57";"3";"COMBUSTÍVEIS E LUBRIFICANTES.";"1";"Veículos Automotores";"DRA4 DERIVADOS DE PETROLEO LTDA";"192.570.420/0013-0";"53411";"4";"2024-06-10T19:07:58";"264.74";"0";"264.74";"6";"2024";"0";"";"";"2048708";"";"";"";"2439";"7752872";"https://www.camara.leg.br/cota-parlamentar/nota-fiscal-eletronica?ideDocumentoFiscal=7752872"
"LIDERANÇA DO PT";"";"";"";"2023";"NA";"";"57";"3";"COMBUSTÍVEIS E LUBRIFICANTES.";"1";"Veículos Automotores";"DRA4 DERIVADOS DE PETROLEO LTDA";"192.570.420/0013-0";"53879";"4";"2024-06-24T18:51:25";"264.89";"0";"264.89";"6";"2024";"0";"";"";"2052614";"";"";"";"2439";"7760753";"https://www.camara.leg.br/cota-parlamentar/nota-fiscal-eletronica?ideDocumentoFiscal=7760753"
"LIDERANÇA DO PT";"";"";"";"2023";"NA";"";"57";"3";"COMBUSTÍVEIS E LUBRIFICANTES.";"1";"Veículos Automotores";"DRA4 DERIVADOS DE PETROLEO LTDA";"192.570.420/0013-0";"53958";"4";"2024-06-26T12:50:32";"162.52";"0";"162.52";"6";"2024";"0";"";"";"2052614";"";"";"";"2439";"7760756";"https://www.camara.leg.br/cota-parlamentar/nota-fiscal-eletronica?ideDocumentoFiscal=7760756"
"LIDERANÇA DO PT";"";"";"";"2023";"NA";"";"57";"3";"COMBUSTÍVEIS E LUBRIFICANTES.";"1";"Veículos Automotores";"DRA4 DERIVADOS DE PETROLEO LTDA";"192.570.420/0013-0";"54670";"4";"2024-07-15T13:14:35";"247.03";"0";"247.03";"7";"2024";"0";"";"";"2058611";"";"";"";"2439";"7772403";"https://www.camara.leg.br/cota-parlamentar/nota-fiscal-eletronica?ideDocumentoFiscal=7772403"
"LIDERANÇA DO PT";"";"";"";"2023";"NA";"";"57";"3";"COMBUSTÍVEIS E LUBRIFICANTES.";"1";"Veículos Automotores";"DRA4 DERIVADOS DE PETROLEO LTDA";"192.570.420/0013-0";"54879";"4";"2024-07-22T14:53:29";"262.73";"0";"262.73";"7";"2024";"0";"";"";"2062054";"";"";"";"2439";"7779253";"https://www.camara.leg.br/cota-parlamentar/nota-fiscal-eletronica?ideDocumentoFiscal=7779253"
"LIDERANÇA DO PT";"";"";"";"2023";"NA";"";"57";"3";"COMBUSTÍVEIS E LUBRIFICANTES.";"1";"Veículos Automotores";"DRA4 DERIVADOS DE PETROLEO LTDA";"192.570.420/0013-0";"54979";"4";"2024-07-26T09:50:45";"182.11";"0";"182.11";"7";"2024";"0";"";"";"2062054";"";"";"";"2439";"7779232";"https://www.camara.leg.br/cota-parlamentar/nota-fiscal-eletronica?ideDocumentoFiscal=7779232"
"LIDERANÇA DO PT";"";"";"";"2023";"NA";"";"57";"3";"COMBUSTÍVEIS E LUBRIFICANTES.";"1";"Veículos Automotores";"DRA4 DERIVADOS DE PETROLEO LTDA";"192.570.420/0013-0";"55284";"4";"2024-08-06T08:37:34";"229.77";"0";"229.77";"8";"2024";"0";"";"";"2063117";"";"";"";"2439";"7781523";"https://www.camara.leg.br/cota-parlamentar/nota-fiscal-eletronica?ideDocumentoFiscal=7781523"
"LIDERANÇA DO PT";"";"";"";"2023";"NA";"";"57";"3";"COMBUSTÍVEIS E LUBRIFICANTES.";"1";"Veículos Automotores";"DRA4 DERIVADOS DE PETROLEO LTDA";"192.570.420/0013-0";"553";"4";"2024-10-28T00:00:00";"311.36";"0";"311.36";"10";"2024";"0";"";"";"2085478";"";"";"";"2439";"7823971";"https://www.camara.leg.br/cota-parlamentar/nota-fiscal-eletronica?ideDocumentoFiscal=7823971"
"LIDERANÇA DO PT";"";"";"";"2023";"NA";"";"57";"3";"COMBUSTÍVEIS E LUBRIFICANTES.";"1";"Veículos Automotores";"DRA4 DERIVADOS DE PETROLEO LTDA";"192.570.420/0013-0";"559";"4";"2024-11-04T00:00:00";"260.69";"0";"260.69";"11";"2024";"0";"";"";"2086053";"";"";"";"2439";"7825024";"https://www.camara.leg.br/cota-parlamentar/nota-fiscal-eletronica?ideDocumentoFiscal=7825024"
"LIDERANÇA DO PT";"";"";"";"2023";"NA";"";"57";"3";"COMBUSTÍVEIS E LUBRIFICANTES.";"1";"Veículos Automotores";"DRA4 DERIVADOS DE PETROLEO LTDA";"192.570.420/0013-0";"56136";"4";"2024-09-02T09:20:02";"268.21";"0";"268.21";"9";"2024";"0";"";"";"2073580";"";"";"";"2439";"7802280";"https://www.camara.leg.br/cota-parlamentar/nota-fiscal-eletronica?ideDocumentoFiscal=7802280"
"LIDERANÇA DO PT";"";"";"";"2023";"NA";"";"57";"3";"COMBUSTÍVEIS E LUBRIFICANTES.";"1";"Veículos Automotores";"DRA4 DERIVADOS DE PETROLEO LTDA";"192.570.420/0013-0";"56325";"4";"2024-09-09T07:18:53";"268.63";"0";"268.63";"9";"2024";"0";"";"";"2073580";"";"";"";"2439";"7802288";"https://www.camara.leg.br/cota-parlamentar/nota-fiscal-eletronica?ideDocumentoFiscal=7802288"
"LIDERANÇA DO PT";"";"";"";"2023";"NA";"";"57";"3";"COMBUSTÍVEIS E LUBRIFICANTES.";"1";"Veículos Automotores";"DRA4 DERIVADOS DE PETROLEO LTDA";"192.570.420/0013-0";"56498";"4";"2024-09-15T09:38:32";"280.49";"0";"280.49";"9";"2024";"0";"";"";"2073580";"";"";"";"2439";"7802291";"https://www.camara.leg.br/cota-parlamentar/nota-fiscal-eletronica?ideDocumentoFiscal=7802291"
"LIDERANÇA DO PT";"";"";"";"2023";"NA";"";"57";"3";"COMBUSTÍVEIS E LUBRIFICANTES.";"1";"Veículos Automotores";"DRA4 DERIVADOS DE PETROLEO LTDA";"192.570.420/0013-0";"565";"4";"2024-11-14T00:00:00";"320.55";"0";"320.55";"11";"2024";"0";"";"";"2089354";"";"";"";"2439";"7831027";"https://www.camara.leg.br/cota-parlamentar/nota-fiscal-eletronica?ideDocumentoFiscal=7831027"
"LIDERANÇA DO PT";"";"";"";"2023";"NA";"";"57";"3";"COMBUSTÍVEIS E LUBRIFICANTES.";"1";"Veículos Automotores";"DRA4 DERIVADOS DE PETROLEO LTDA";"192.570.420/0013-0";"56738";"4";"2024-09-23T08:33:02";"276.62";"0";"276.62";"9";"2024";"0";"";"";"2080719";"";"";"";"2439";"7814846";"https://www.camara.leg.br/cota-parlamentar/nota-fiscal-eletronica?ideDocumentoFiscal=7814846"
"LIDERANÇA DO PT";"";"";"";"2023";"NA";"";"57";"3";"COMBUSTÍVEIS E LUBRIFICANTES.";"1";"Veículos Automotores";"DRA4 DERIVADOS DE PETROLEO LTDA";"192.570.420/0013-0";"571";"4";"2024-11-23T00:00:00";"286.14";"0";"286.14";"11";"2024";"0";"";"";"2093524";"";"";"";"2439";"7838715";"https://www.camara.leg.br/cota-parlamentar/nota-fiscal-eletronica?ideDocumentoFiscal=7838715"
"LIDERANÇA DO PT";"";"";"";"2023";"NA";"";"57";"3";"COMBUSTÍVEIS E LUBRIFICANTES.";"1";"Veículos Automotores";"DRA4 DERIVADOS DE PETROLEO LTDA";"192.570.420/0013-0";"57243";"4";"2024-10-07T08:41:43";"278.37";"0";"278.37";"10";"2024";"0";"";"";"2080721";"";"";"";"2439";"7814848";"https://www.camara.leg.br/cota-parlamentar/nota-fiscal-eletronica?ideDocumentoFiscal=7814848"
"LIDERANÇA DO PT";"";"";"";"2023";"NA";"";"57";"3";"COMBUSTÍVEIS E LUBRIFICANTES.";"1";"Veículos Automotores";"DRA4 DERIVADOS DE PETROLEO LTDA";"192.570.420/0013-0";"57542";"4";"2024-10-15T07:19:06";"300.58";"0";"300.58";"10";"2024";"0";"";"";"2082684";"";"";"";"2439";"7818589";"https://www.camara.leg.br/cota-parlamentar/nota-fiscal-eletronica?ideDocumentoFiscal=7818589"
"LIDERANÇA DO PT";"";"";"";"2023";"NA";"";"57";"3";"COMBUSTÍVEIS E LUBRIFICANTES.";"1";"Veículos Automotores";"DRA4 DERIVADOS DE PETROLEO LTDA";"192.570.420/0013-0";"57676";"4";"2024-10-18T14:56:40";"253.19";"0";"253.19";"10";"2024";"0";"";"";"2085478";"";"";"";"2439";"7823983";"https://www.camara.leg.br/cota-parlamentar/nota-fiscal-eletronica?ideDocumentoFiscal=7823983"
"LIDERANÇA DO PT";"";"";"";"2023";"NA";"";"57";"3";"COMBUSTÍVEIS E LUBRIFICANTES.";"1";"Veículos Automotores";"DRA4 DERIVADOS DE PETROLEO LTDA";"192.570.420/0013-0";"57767";"4";"2024-10-21T18:47:29";"286.71";"0";"286.71";"10";"2024";"0";"";"";"2085478";"";"";"";"2439";"7823936";"https://www.camara.leg.br/cota-parlamentar/nota-fiscal-eletronica?ideDocumentoFiscal=7823936"
"LIDERANÇA DO PT";"";"";"";"2023";"NA";"";"57";"3";"COMBUSTÍVEIS E LUBRIFICANTES.";"1";"Veículos Automotores";"DRA4 DERIVADOS DE PETROLEO LTDA";"192.570.420/0013-0";"581";"4";"2024-12-10T00:00:00";"301.91";"0";"301.91";"12";"2024";"0";"";"";"2097219";"";"";"";"2439";"7845382";"https://www.camara.leg.br/cota-parlamentar/nota-fiscal-eletronica?ideDocumentoFiscal=7845382"
"LIDERANÇA DO PT";"";"";"";"2023";"NA";"";"57";"3";"COMBUSTÍVEIS E LUBRIFICANTES.";"1";"Veículos Automotores";"DRA4 DERIVADOS DE PETROLEO LTDA";"192.570.420/0013-0";"582";"4";"2024-12-14T00:00:00";"285.68";"0";"285.68";"12";"2024";"0";"";"";"2098184";"";"";"";"2439";"7847294";"https://www.camara.leg.br/cota-parlamentar/nota-fiscal-eletronica?ideDocumentoFiscal=7847294"
"LIDERANÇA DO PT";"";"";"";"2023";"NA";"";"57";"3";"COMBUSTÍVEIS E LUBRIFICANTES.";"1";"Veículos Automotores";"DRA4 DERIVADOS DE PETROLEO LTDA";"192.570.420/0013-0";"586";"4";"2024-12-19T00:00:00";"267.72";"0";"267.72";"12";"2024";"0";"";"";"2099653";"";"";"";"2439";"7850106";"https://www.camara.leg.br/cota-parlamentar/nota-fiscal-eletronica?ideDocumentoFiscal=7850106"
"LIDERANÇA DO PT";"";"";"";"2023";"NA";"";"57";"3";"COMBUSTÍVEIS E LUBRIFICANTES.";"1";"Veículos Automotores";"DRA4 DERIVADOS DE PETROLEO LTDA";"192.570.420/0013-0";"58604";"4";"2024-11-11T07:05:01";"313.54";"0";"313.54";"11";"2024";"0";"";"";"2089354";"";"";"";"2439";"7831018";"https://www.camara.leg.br/cota-parlamentar/nota-fiscal-eletronica?ideDocumentoFiscal=7831018"
"LIDERANÇA DO PT";"";"";"";"2023";"NA";"";"57";"5";"DIVULGAÇÃO DA ATIVIDADE PARLAMENTAR.";"0";"";"ALX BUREAU PRINT LTDA";"128.563.260/0010-2";"11";"0";"2024-01-05T00:00:00";"15000";"0";"15000";"1";"2024";"0";"";"";"2003697";"";"";"";"2439";"7671278";"https://www.camara.leg.br/cota-parlamentar/documentos/publ/2439/2024/7671278.pdf"
"LIDERANÇA DO PT";"";"";"";"2023";"NA";"";"57";"5";"DIVULGAÇÃO DA ATIVIDADE PARLAMENTAR.";"0";"";"ALX BUREAU PRINT LTDA";"128.563.260/0010-2";"14";"0";"2024-01-31T00:00:00";"5605";"0";"5605";"1";"2024";"0";"";"";"2007749";"";"";"";"2439";"7678321";"https://www.camara.leg.br/cota-parlamentar/documentos/publ/2439/2024/7678321.pdf"
"LIDERANÇA DO PT";"";"";"";"2023";"NA";"";"57";"5";"DIVULGAÇÃO DA ATIVIDADE PARLAMENTAR.";"0";"";"AP SELF MEDIA COMUNICAÇÃO LTDA EPP";"151.469.430/0010-2";"219";"0";"2024-01-30T00:00:00";"1111.56";"0";"1111.56";"1";"2024";"0";"";"";"2007330";"";"";"";"2439";"7677547";"https://www.camara.leg.br/cota-parlamentar/documentos/publ/2439/2024/7677547.pdf"
"LIDERANÇA DO PT";"";"";"";"2023";"NA";"";"57";"5";"DIVULGAÇÃO DA ATIVIDADE PARLAMENTAR.";"0";"";"AP SELF MEDIA COMUNICAÇÃO LTDA EPP";"151.469.430/0010-2";"222";"0";"2024-03-04T00:00:00";"1111.56";"0";"1111.56";"2";"2024";"0";"";"";"2023910";"";"";"";"2439";"7706913";"https://www.camara.leg.br/cota-parlamentar/documentos/publ/2439/2024/7706913.pdf"
"LIDERANÇA DO PT";"";"";"";"2023";"NA";"";"57";"5";"DIVULGAÇÃO DA ATIVIDADE PARLAMENTAR.";"0";"";"AP SELF MEDIA COMUNICAÇÃO LTDA EPP";"151.469.430/0010-2";"224";"0";"2024-04-02T00:00:00";"1111.56";"0";"1111.56";"3";"2024";"0";"";"";"2027018";"";"";"";"2439";"7712718";"https://www.camara.leg.br/cota-parlamentar/documentos/publ/2439/2024/7712718.pdf"
"LIDERANÇA DO PT";"";"";"";"2023";"NA";"";"57";"5";"DIVULGAÇÃO DA ATIVIDADE PARLAMENTAR.";"0";"";"AP SELF MEDIA COMUNICAÇÃO LTDA EPP";"151.469.430/0010-2";"226";"0";"2024-05-06T00:00:00";"1111.56";"0";"1111.56";"4";"2024";"0";"";"";"2036988";"";"";"";"2439";"7731477";"https://www.camara.leg.br/cota-parlamentar/documentos/publ/2439/2024/7731477.pdf"
"LIDERANÇA DO PT";"";"";"";"2023";"NA";"";"57";"5";"DIVULGAÇÃO DA ATIVIDADE PARLAMENTAR.";"0";"";"AP SELF MEDIA COMUNICAÇÃO LTDA EPP";"151.469.430/0010-2";"227";"0";"2024-06-10T00:00:00";"1111.56";"0";"1111.56";"5";"2024";"0";"";"";"2048718";"";"";"";"2439";"7752970";"https://www.camara.leg.br/cota-parlamentar/documentos/publ/2439/2024/7752970.pdf"
"LIDERANÇA DO PT";"";"";"";"2023";"NA";"";"57";"5";"DIVULGAÇÃO DA ATIVIDADE PARLAMENTAR.";"0";"";"AP SELF MEDIA COMUNICAÇÃO LTDA EPP";"151.469.430/0010-2";"228";"0";"2024-07-01T00:00:00";"1111.56";"0";"1111.56";"6";"2024";"0";"";"";"2055319";"";"";"";"2439";"7765832";"https://www.camara.leg.br/cota-parlamentar/documentos/publ/2439/2024/7765832.pdf"
"LIDERANÇA DO PT";"";"";"";"2023";"NA";"";"57";"5";"DIVULGAÇÃO DA ATIVIDADE PARLAMENTAR.";"0";"";"AP SELF MEDIA COMUNICAÇÃO LTDA EPP";"151.469.430/0010-2";"229";"0";"2024-08-08T00:00:00";"1111.56";"0";"1111.56";"7";"2024";"0";"";"";"2065798";"";"";"";"2439";"7787113";"https://www.camara.leg.br/cota-parlamentar/documentos/publ/2439/2024/7787113.pdf"
"LIDERANÇA DO PT";"";"";"";"2023";"NA";"";"57";"5";"DIVULGAÇÃO DA ATIVIDADE PARLAMENTAR.";"0";"";"AP SELF MEDIA COMUNICAÇÃO LTDA EPP";"151.469.430/0010-2";"230";"0";"2024-09-02T00:00:00";"1111.56";"0";"1111.56";"8";"2024";"0";"";"";"2073577";"";"";"";"2439";"7802262";"https://www.camara.leg.br/cota-parlamentar/documentos/publ/2439/2024/7802262.pdf"
"LIDERANÇA DO PT";"";"";"";"2023";"NA";"";"57";"5";"DIVULGAÇÃO DA ATIVIDADE PARLAMENTAR.";"0";"";"AP SELF MEDIA COMUNICAÇÃO LTDA EPP";"151.469.430/0010-2";"232";"0";"2024-10-01T00:00:00";"1111.56";"0";"1111.56";"9";"2024";"0";"";"";"2077897";"";"";"";"2439";"7810353";"https://www.camara.leg.br/cota-parlamentar/documentos/publ/2439/2024/7810353.pdf"
"LIDERANÇA DO PT";"";"";"";"2023";"NA";"";"57";"5";"DIVULGAÇÃO DA ATIVIDADE PARLAMENTAR.";"0";"";"AP SELF MEDIA COMUNICAÇÃO LTDA EPP";"151.469.430/0010-2";"234";"0";"2024-11-01T00:00:00";"1111.56";"0";"1111.56";"10";"2024";"0";"";"";"2086725";"";"";"";"2439";"7826239";"https://www.camara.leg.br/cota-parlamentar/documentos/publ/2439/2024/7826239.pdf"
"LIDERANÇA DO PT";"";"";"";"2023";"NA";"";"57";"5";"DIVULGAÇÃO DA ATIVIDADE PARLAMENTAR.";"0";"";"AP SELF MEDIA COMUNICAÇÃO LTDA EPP";"151.469.430/0010-2";"235";"0";"2024-12-04T00:00:00";"1111.56";"0";"1111.56";"11";"2024";"0";"";"";"2095784";"";"";"";"2439";"7841254";"https://www.camara.leg.br/cota-parlamentar/documentos/publ/2439/2024/7841254.pdf"
"LIDERANÇA DO PT";"";"";"";"2023";"NA";"";"57";"5";"DIVULGAÇÃO DA ATIVIDADE PARLAMENTAR.";"0";"";"AP SELF MEDIA COMUNICAÇÃO LTDA EPP";"151.469.430/0010-2";"236";"0";"2024-12-30T00:00:00";"1111.56";"0";"1111.56";"12";"2024";"0";"";"";"2102595";"";"";"";"2439";"7855049";"https://www.camara.leg.br/cota-parlamentar/documentos/publ/2439/2025/7855049.pdf"
"LIDERANÇA DO PT";"";"";"";"2023";"NA";"";"57";"5";"DIVULGAÇÃO DA ATIVIDADE PARLAMENTAR.";"0";"";"Luzo Comunicação Ltda";"445.782.280/0013-9";"101";"0";"2024-12-03T00:00:00";"4095";"0";"4095";"11";"2024";"0";"";"";"2093523";"";"";"";"2439";"7838620";"https://www.camara.leg.br/cota-parlamentar/documentos/publ/2439/2024/7838620.pdf"
"LIDERANÇA DO PT";"";"";"";"2023";"NA";"";"57";"9";"PASSAGEM AÉREA - REEMBOLSO";"0";"";"Latam Linhas Aéreas S.A";"020.128.620/0016-0";"9572200791296";"0";"2024-10-01T00:00:00";"709.77";"0";"709.77";"10";"2024";"0";"PAULO ROBERTO DE PAIVA NOGUEIRA;";"";"2089355";"";"";"";"2439";"7830852";"https://www.camara.leg.br/cota-parlamentar/documentos/publ/2439/2024/7830852.pdf"
"LIDERANÇA DO PT";"";"";"";"2023";"NA";"";"57";"13";"FORNECIMENTO DE ALIMENTAÇÃO DO PARLAMENTAR";"0";"";"RCS SERVIÇOS DE ALIMENTAÇÃO LTDA";"512.702.430/0018-0";"108";"0";"2024-03-26T00:00:00";"2200";"0";"2200";"3";"2024";"0";"";"";"2025333";"";"";"";"2439";"7709624";"https://www.camara.leg.br/cota-parlamentar/documentos/publ/2439/2024/7709624.pdf"
"LIDERANÇA DO PT";"";"";"";"2023";"NA";"";"57";"13";"FORNECIMENTO DE ALIMENTAÇÃO DO PARLAMENTAR";"0";"";"RCS SERVIÇOS DE ALIMENTAÇÃO LTDA";"512.702.430/0018-0";"121";"0";"2024-04-11T00:00:00";"2548";"0";"2548";"4";"2024";"0";"";"";"2030361";"";"";"";"2439";"7718790";"https://www.camara.leg.br/cota-parlamentar/documentos/publ/2439/2024/7718790.pdf"
"LIDERANÇA DO PT";"";"";"";"2023";"NA";"";"57";"13";"FORNECIMENTO DE ALIMENTAÇÃO DO PARLAMENTAR";"0";"";"RCS SERVIÇOS DE ALIMENTAÇÃO LTDA";"512.702.430/0018-0";"125";"0";"2024-04-11T00:00:00";"2450";"0";"2450";"4";"2024";"0";"";"";"2030361";"";"";"";"2439";"7718793";"https://www.camara.leg.br/cota-parlamentar/documentos/publ/2439/2024/7718793.pdf"
"LIDERANÇA DO PT";"";"";"";"2023";"NA";"";"57";"13";"FORNECIMENTO DE ALIMENTAÇÃO DO PARLAMENTAR";"0";"";"RCS SERVIÇOS DE ALIMENTAÇÃO LTDA";"512.702.430/0018-0";"134";"0";"2024-04-18T00:00:00";"2684";"0";"2684";"4";"2024";"0";"";"";"2032222";"";"";"";"2439";"7722386";"https://www.camara.leg.br/cota-parlamentar/documentos/publ/2439/2024/7722386.pdf"
"LIDERANÇA DO PT";"";"";"";"2023";"NA";"";"57";"13";"FORNECIMENTO DE ALIMENTAÇÃO DO PARLAMENTAR";"0";"";"RCS SERVIÇOS DE ALIMENTAÇÃO LTDA";"512.702.430/0018-0";"138";"0";"2024-04-18T00:00:00";"3036";"0";"3036";"4";"2024";"0";"";"";"2032222";"";"";"";"2439";"7722387";"https://www.camara.leg.br/cota-parlamentar/documentos/publ/2439/2024/7722387.pdf"
"LIDERANÇA DO PT";"";"";"";"2023";"NA";"";"57";"13";"FORNECIMENTO DE ALIMENTAÇÃO DO PARLAMENTAR";"0";"";"RCS SERVIÇOS DE ALIMENTAÇÃO LTDA";"512.702.430/0018-0";"147";"0";"2024-04-24T00:00:00";"3872";"0";"3872";"4";"2024";"0";"";"";"2033723";"";"";"";"2439";"7725469";"https://www.camara.leg.br/cota-parlamentar/documentos/publ/2439/2024/7725469.pdf"
"LIDERANÇA DO PT";"";"";"";"2023";"NA";"";"57";"13";"FORNECIMENTO DE ALIMENTAÇÃO DO PARLAMENTAR";"0";"";"RCS SERVIÇOS DE ALIMENTAÇÃO LTDA";"512.702.430/0018-0";"150";"0";"2024-04-24T00:00:00";"2200";"0";"2200";"4";"2024";"0";"";"";"2033723";"";"";"";"2439";"7725470";"https://www.camara.leg.br/cota-parlamentar/documentos/publ/2439/2024/7725470.pdf"
"LIDERANÇA DO PT";"";"";"";"2023";"NA";"";"57";"13";"FORNECIMENTO DE ALIMENTAÇÃO DO PARLAMENTAR";"0";"";"RCS SERVIÇOS DE ALIMENTAÇÃO LTDA";"512.702.430/0018-0";"152";"0";"2024-04-24T00:00:00";"1500";"0";"1500";"4";"2024";"0";"";"";"2033723";"";"";"";"2439";"7725471";"https://www.camara.leg.br/cota-parlamentar/documentos/publ/2439/2024/7725471.pdf"
"LIDERANÇA DO PT";"";"";"";"2023";"NA";"";"57";"13";"FORNECIMENTO DE ALIMENTAÇÃO DO PARLAMENTAR";"0";"";"RCS SERVIÇOS DE ALIMENTAÇÃO LTDA";"512.702.430/0018-0";"16";"0";"2024-02-15T00:00:00";"2250";"0";"2250";"2";"2024";"0";"";"";"2014784";"";"";"";"2439";"7690077";"https://www.camara.leg.br/cota-parlamentar/documentos/publ/2439/2024/7690077.pdf"
"LIDERANÇA DO PT";"";"";"";"2023";"NA";"";"57";"13";"FORNECIMENTO DE ALIMENTAÇÃO DO PARLAMENTAR";"0";"";"RCS SERVIÇOS DE ALIMENTAÇÃO LTDA";"512.702.430/0018-0";"162";"0";"2024-05-08T00:00:00";"1950";"0";"1950";"5";"2024";"0";"";"";"2040236";"";"";"";"2439";"7736829";"https://www.camara.leg.br/cota-parlamentar/documentos/publ/2439/2024/7736829.pdf"
"LIDERANÇA DO PT";"";"";"";"2023";"NA";"";"57";"13";"FORNECIMENTO DE ALIMENTAÇÃO DO PARLAMENTAR";"0";"";"RCS SERVIÇOS DE ALIMENTAÇÃO LTDA";"512.702.430/0018-0";"167";"0";"2024-05-08T00:00:00";"2200";"0";"2200";"5";"2024";"0";"";"";"2040236";"";"";"";"2439";"7736836";"https://www.camara.leg.br/cota-parlamentar/documentos/publ/2439/2024/7736836.pdf"
"LIDERANÇA DO PT";"";"";"";"2023";"NA";"";"57";"13";"FORNECIMENTO DE ALIMENTAÇÃO DO PARLAMENTAR";"0";"";"RCS SERVIÇOS DE ALIMENTAÇÃO LTDA";"512.702.430/0018-0";"17";"0";"2024-02-15T00:00:00";"2200";"0";"2200";"2";"2024";"0";"";"";"2014784";"";"";"";"2439";"7690081";"https://www.camara.leg.br/cota-parlamentar/documentos/publ/2439/2024/7690081.pdf"
"LIDERANÇA DO PT";"";"";"";"2023";"NA";"";"57";"13";"FORNECIMENTO DE ALIMENTAÇÃO DO PARLAMENTAR";"0";"";"RCS SERVIÇOS DE ALIMENTAÇÃO LTDA";"512.702.430/0018-0";"171";"0";"2024-05-08T00:00:00";"2200";"0";"2200";"5";"2024";"0";"";"";"2040236";"";"";"";"2439";"7736839";"https://www.camara.leg.br/cota-parlamentar/documentos/publ/2439/2024/7736839.pdf"
"LIDERANÇA DO PT";"";"";"";"2023";"NA";"";"57";"13";"FORNECIMENTO DE ALIMENTAÇÃO DO PARLAMENTAR";"0";"";"RCS SERVIÇOS DE ALIMENTAÇÃO LTDA";"512.702.430/0018-0";"172";"0";"2024-05-08T00:00:00";"2450";"0";"2450";"5";"2024";"0";"";"";"2040236";"";"";"";"2439";"7736845";"https://www.camara.leg.br/cota-parlamentar/documentos/publ/2439/2024/7736845.pdf"
"LIDERANÇA DO PT";"";"";"";"2023";"NA";"";"57";"13";"FORNECIMENTO DE ALIMENTAÇÃO DO PARLAMENTAR";"0";"";"RCS SERVIÇOS DE ALIMENTAÇÃO LTDA";"512.702.430/0018-0";"182";"0";"2024-05-15T00:00:00";"2200";"0";"2200";"5";"2024";"0";"";"";"2040236";"";"";"";"2439";"7736814";"https://www.camara.leg.br/cota-parlamentar/documentos/publ/2439/2024/7736814.pdf"
"LIDERANÇA DO PT";"";"";"";"2023";"NA";"";"57";"13";"FORNECIMENTO DE ALIMENTAÇÃO DO PARLAMENTAR";"0";"";"RCS SERVIÇOS DE ALIMENTAÇÃO LTDA";"512.702.430/0018-0";"186";"0";"2024-05-15T00:00:00";"2200";"0";"2200";"5";"2024";"0";"";"";"2040236";"";"";"";"2439";"7736818";"https://www.camara.leg.br/cota-parlamentar/documentos/publ/2439/2024/7736818.pdf"
"LIDERANÇA DO PT";"";"";"";"2023";"NA";"";"57";"13";"FORNECIMENTO DE ALIMENTAÇÃO DO PARLAMENTAR";"0";"";"RCS SERVIÇOS DE ALIMENTAÇÃO LTDA";"512.702.430/0018-0";"199";"0";"2024-05-22T00:00:00";"2450";"0";"2450";"5";"2024";"0";"";"";"2042682";"";"";"";"2439";"7741787";"https://www.camara.leg.br/cota-parlamentar/documentos/publ/2439/2024/7741787.pdf"
"LIDERANÇA DO PT";"";"";"";"2023";"NA";"";"57";"13";"FORNECIMENTO DE ALIMENTAÇÃO DO PARLAMENTAR";"0";"";"RCS SERVIÇOS DE ALIMENTAÇÃO LTDA";"512.702.430/0018-0";"204";"0";"2024-05-22T00:00:00";"2450";"0";"2450";"5";"2024";"0";"";"";"2042682";"";"";"";"2439";"7741785";"https://www.camara.leg.br/cota-parlamentar/documentos/publ/2439/2024/7741785.pdf"
"LIDERANÇA DO PT";"";"";"";"2023";"NA";"";"57";"13";"FORNECIMENTO DE ALIMENTAÇÃO DO PARLAMENTAR";"0";"";"RCS SERVIÇOS DE ALIMENTAÇÃO LTDA";"512.702.430/0018-0";"217";"0";"2024-05-28T00:00:00";"1938";"0";"1938";"5";"2024";"0";"";"";"2044162";"";"";"";"2439";"7744744";"https://www.camara.leg.br/cota-parlamentar/documentos/publ/2439/2024/7744744.pdf"
"LIDERANÇA DO PT";"";"";"";"2023";"NA";"";"57";"13";"FORNECIMENTO DE ALIMENTAÇÃO DO PARLAMENTAR";"0";"";"RCS SERVIÇOS DE ALIMENTAÇÃO LTDA";"512.702.430/0018-0";"221";"0";"2024-05-28T00:00:00";"2450";"0";"2450";"5";"2024";"0";"";"";"2044162";"";"";"";"2439";"7744746";"https://www.camara.leg.br/cota-parlamentar/documentos/publ/2439/2024/7744746.pdf"
"LIDERANÇA DO PT";"";"";"";"2023";"NA";"";"57";"13";"FORNECIMENTO DE ALIMENTAÇÃO DO PARLAMENTAR";"0";"";"RCS SERVIÇOS DE ALIMENTAÇÃO LTDA";"512.702.430/0018-0";"235";"0";"2024-06-06T00:00:00";"2700";"0";"2700";"6";"2024";"0";"";"";"2048707";"";"";"";"2439";"7752840";"https://www.camara.leg.br/cota-parlamentar/documentos/publ/2439/2024/7752840.pdf"
"LIDERANÇA DO PT";"";"";"";"2023";"NA";"";"57";"13";"FORNECIMENTO DE ALIMENTAÇÃO DO PARLAMENTAR";"0";"";"RCS SERVIÇOS DE ALIMENTAÇÃO LTDA";"512.702.430/0018-0";"238";"0";"2024-06-06T00:00:00";"2700";"0";"2700";"6";"2024";"0";"";"";"2048707";"";"";"";"2439";"7752837";"https://www.camara.leg.br/cota-parlamentar/documentos/publ/2439/2024/7752837.pdf"
"LIDERANÇA DO PT";"";"";"";"2023";"NA";"";"57";"13";"FORNECIMENTO DE ALIMENTAÇÃO DO PARLAMENTAR";"0";"";"RCS SERVIÇOS DE ALIMENTAÇÃO LTDA";"512.702.430/0018-0";"251";"0";"2024-06-12T00:00:00";"2200";"0";"2200";"6";"2024";"0";"";"";"2048707";"";"";"";"2439";"7752834";"https://www.camara.leg.br/cota-parlamentar/documentos/publ/2439/2024/7752834.pdf"
"LIDERANÇA DO PT";"";"";"";"2023";"NA";"";"57";"13";"FORNECIMENTO DE ALIMENTAÇÃO DO PARLAMENTAR";"0";"";"RCS SERVIÇOS DE ALIMENTAÇÃO LTDA";"512.702.430/0018-0";"252";"0";"2024-06-12T00:00:00";"850";"0";"850";"6";"2024";"0";"";"";"2048707";"";"";"";"2439";"7752832";"https://www.camara.leg.br/cota-parlamentar/documentos/publ/2439/2024/7752832.pdf"
"LIDERANÇA DO PT";"";"";"";"2023";"NA";"";"57";"13";"FORNECIMENTO DE ALIMENTAÇÃO DO PARLAMENTAR";"0";"";"RCS SERVIÇOS DE ALIMENTAÇÃO LTDA";"512.702.430/0018-0";"255";"0";"2024-06-12T00:00:00";"2200";"0";"2200";"6";"2024";"0";"";"";"2048707";"";"";"";"2439";"7752830";"https://www.camara.leg.br/cota-parlamentar/documentos/publ/2439/2024/7752830.pdf"
"LIDERANÇA DO PT";"";"";"";"2023";"NA";"";"57";"13";"FORNECIMENTO DE ALIMENTAÇÃO DO PARLAMENTAR";"0";"";"RCS SERVIÇOS DE ALIMENTAÇÃO LTDA";"512.702.430/0018-0";"290";"0";"2024-07-03T00:00:00";"1960";"0";"1960";"7";"2024";"0";"";"";"2055324";"";"";"";"2439";"7765846";"https://www.camara.leg.br/cota-parlamentar/documentos/publ/2439/2024/7765846.pdf"
"LIDERANÇA DO PT";"";"";"";"2023";"NA";"";"57";"13";"FORNECIMENTO DE ALIMENTAÇÃO DO PARLAMENTAR";"0";"";"RCS SERVIÇOS DE ALIMENTAÇÃO LTDA";"512.702.430/0018-0";"296";"0";"2024-07-03T00:00:00";"2450";"0";"2450";"7";"2024";"0";"";"";"2055321";"";"";"";"2439";"7765851";"https://www.camara.leg.br/cota-parlamentar/documentos/publ/2439/2024/7765851.pdf"
"LIDERANÇA DO PT";"";"";"";"2023";"NA";"";"57";"13";"FORNECIMENTO DE ALIMENTAÇÃO DO PARLAMENTAR";"0";"";"RCS SERVIÇOS DE ALIMENTAÇÃO LTDA";"512.702.430/0018-0";"297";"0";"2024-07-03T00:00:00";"2450";"0";"2450";"7";"2024";"0";"";"";"2055321";"";"";"";"2439";"7765848";"https://www.camara.leg.br/cota-parlamentar/documentos/publ/2439/2024/7765848.pdf"
"LIDERANÇA DO PT";"";"";"";"2023";"NA";"";"57";"13";"FORNECIMENTO DE ALIMENTAÇÃO DO PARLAMENTAR";"0";"";"RCS SERVIÇOS DE ALIMENTAÇÃO LTDA";"512.702.430/0018-0";"308";"0";"2024-07-10T00:00:00";"2200";"0";"2200";"7";"2024";"0";"";"";"2057893";"";"";"";"2439";"7770891";"https://www.camara.leg.br/cota-parlamentar/documentos/publ/2439/2024/7770891.pdf"
"LIDERANÇA DO PT";"";"";"";"2023";"NA";"";"57";"13";"FORNECIMENTO DE ALIMENTAÇÃO DO PARLAMENTAR";"0";"";"RCS SERVIÇOS DE ALIMENTAÇÃO LTDA";"512.702.430/0018-0";"312";"0";"2024-07-10T00:00:00";"2200";"0";"2200";"7";"2024";"0";"";"";"2057893";"";"";"";"2439";"7770897";"https://www.camara.leg.br/cota-parlamentar/documentos/publ/2439/2024/7770897.pdf"
"LIDERANÇA DO PT";"";"";"";"2023";"NA";"";"57";"13";"FORNECIMENTO DE ALIMENTAÇÃO DO PARLAMENTAR";"0";"";"RCS SERVIÇOS DE ALIMENTAÇÃO LTDA";"512.702.430/0018-0";"328";"0";"2024-08-14T00:00:00";"2679";"0";"2679";"8";"2024";"0";"";"";"2065800";"";"";"";"2439";"7787109";"https://www.camara.leg.br/cota-parlamentar/documentos/publ/2439/2024/7787109.pdf"
"LIDERANÇA DO PT";"";"";"";"2023";"NA";"";"57";"13";"FORNECIMENTO DE ALIMENTAÇÃO DO PARLAMENTAR";"0";"";"RCS SERVIÇOS DE ALIMENTAÇÃO LTDA";"512.702.430/0018-0";"329";"0";"2024-08-14T00:00:00";"2679";"0";"2679";"8";"2024";"0";"";"";"2065800";"";"";"";"2439";"7787105";"https://www.camara.leg.br/cota-parlamentar/documentos/publ/2439/2024/7787105.pdf"
"LIDERANÇA DO PT";"";"";"";"2023";"NA";"";"57";"13";"FORNECIMENTO DE ALIMENTAÇÃO DO PARLAMENTAR";"0";"";"RCS SERVIÇOS DE ALIMENTAÇÃO LTDA";"512.702.430/0018-0";"33";"0";"2024-02-22T00:00:00";"1950";"0";"1950";"2";"2024";"0";"";"";"2014974";"";"";"";"2439";"7690480";"https://www.camara.leg.br/cota-parlamentar/documentos/publ/2439/2024/7690480.pdf"
"LIDERANÇA DO PT";"";"";"";"2023";"NA";"";"57";"13";"FORNECIMENTO DE ALIMENTAÇÃO DO PARLAMENTAR";"0";"";"RCS SERVIÇOS DE ALIMENTAÇÃO LTDA";"512.702.430/0018-0";"34";"0";"2024-02-22T00:00:00";"2750";"0";"2750";"2";"2024";"0";"";"";"2014974";"";"";"";"2439";"7690482";"https://www.camara.leg.br/cota-parlamentar/documentos/publ/2439/2024/7690482.pdf"
"LIDERANÇA DO PT";"";"";"";"2023";"NA";"";"57";"13";"FORNECIMENTO DE ALIMENTAÇÃO DO PARLAMENTAR";"0";"";"RCS SERVIÇOS DE ALIMENTAÇÃO LTDA";"512.702.430/0018-0";"346";"0";"2024-08-28T00:00:00";"1444";"0";"1444";"8";"2024";"0";"";"";"2069371";"";"";"";"2439";"7794156";"https://www.camara.leg.br/cota-parlamentar/documentos/publ/2439/2024/7794156.pdf"
"LIDERANÇA DO PT";"";"";"";"2023";"NA";"";"57";"13";"FORNECIMENTO DE ALIMENTAÇÃO DO PARLAMENTAR";"0";"";"RCS SERVIÇOS DE ALIMENTAÇÃO LTDA";"512.702.430/0018-0";"347";"0";"2024-08-28T00:00:00";"1870";"0";"1870";"8";"2024";"0";"";"";"2069371";"";"";"";"2439";"7794155";"https://www.camara.leg.br/cota-parlamentar/documentos/publ/2439/2024/7794155.pdf"
"LIDERANÇA DO PT";"";"";"";"2023";"NA";"";"57";"13";"FORNECIMENTO DE ALIMENTAÇÃO DO PARLAMENTAR";"0";"";"RCS SERVIÇOS DE ALIMENTAÇÃO LTDA";"512.702.430/0018-0";"357";"0";"2024-09-11T00:00:00";"900";"0";"900";"9";"2024";"0";"";"";"2073579";"";"";"";"2439";"7802277";"https://www.camara.leg.br/cota-parlamentar/documentos/publ/2439/2024/7802277.pdf"
"LIDERANÇA DO PT";"";"";"";"2023";"NA";"";"57";"13";"FORNECIMENTO DE ALIMENTAÇÃO DO PARLAMENTAR";"0";"";"RCS SERVIÇOS DE ALIMENTAÇÃO LTDA";"512.702.430/0018-0";"364";"0";"2024-09-16T00:00:00";"1720";"0";"1720";"9";"2024";"0";"";"";"2073972";"";"";"";"2439";"7803041";"https://www.camara.leg.br/cota-parlamentar/documentos/publ/2439/2024/7803041.pdf"
"LIDERANÇA DO PT";"";"";"";"2023";"NA";"";"57";"13";"FORNECIMENTO DE ALIMENTAÇÃO DO PARLAMENTAR";"0";"";"RCS SERVIÇOS DE ALIMENTAÇÃO LTDA";"512.702.430/0018-0";"365";"0";"2024-09-16T00:00:00";"1720";"0";"1720";"9";"2024";"0";"";"";"2073972";"";"";"";"2439";"7803044";"https://www.camara.leg.br/cota-parlamentar/documentos/publ/2439/2024/7803044.pdf"
"LIDERANÇA DO PT";"";"";"";"2023";"NA";"";"57";"13";"FORNECIMENTO DE ALIMENTAÇÃO DO PARLAMENTAR";"0";"";"RCS SERVIÇOS DE ALIMENTAÇÃO LTDA";"512.702.430/0018-0";"366";"0";"2024-09-16T00:00:00";"1720";"0";"1720";"9";"2024";"0";"";"";"2073972";"";"";"";"2439";"7803046";"https://www.camara.leg.br/cota-parlamentar/documentos/publ/2439/2024/7803046.pdf"
"LIDERANÇA DO PT";"";"";"";"2023";"NA";"";"57";"13";"FORNECIMENTO DE ALIMENTAÇÃO DO PARLAMENTAR";"0";"";"RCS SERVIÇOS DE ALIMENTAÇÃO LTDA";"512.702.430/0018-0";"379";"0";"2024-10-09T00:00:00";"1420";"0";"1420";"10";"2024";"0";"";"";"2080708";"";"";"";"2439";"7814736";"https://www.camara.leg.br/cota-parlamentar/documentos/publ/2439/2024/7814736.pdf"
"LIDERANÇA DO PT";"";"";"";"2023";"NA";"";"57";"13";"FORNECIMENTO DE ALIMENTAÇÃO DO PARLAMENTAR";"0";"";"RCS SERVIÇOS DE ALIMENTAÇÃO LTDA";"512.702.430/0018-0";"380";"0";"2024-10-09T00:00:00";"2100";"0";"2100";"10";"2024";"0";"";"";"2080708";"";"";"";"2439";"7814737";"https://www.camara.leg.br/cota-parlamentar/documentos/publ/2439/2024/7814737.pdf"
"LIDERANÇA DO PT";"";"";"";"2023";"NA";"";"57";"13";"FORNECIMENTO DE ALIMENTAÇÃO DO PARLAMENTAR";"0";"";"RCS SERVIÇOS DE ALIMENTAÇÃO LTDA";"512.702.430/0018-0";"381";"0";"2024-10-09T00:00:00";"2100";"0";"2100";"10";"2024";"0";"";"";"2080708";"";"";"";"2439";"7814738";"https://www.camara.leg.br/cota-parlamentar/documentos/publ/2439/2024/7814738.pdf"
"LIDERANÇA DO PT";"";"";"";"2023";"NA";"";"57";"13";"FORNECIMENTO DE ALIMENTAÇÃO DO PARLAMENTAR";"0";"";"RCS SERVIÇOS DE ALIMENTAÇÃO LTDA";"512.702.430/0018-0";"388";"0";"2024-10-17T00:00:00";"1160";"0";"1160";"10";"2024";"0";"";"";"2082683";"";"";"";"2439";"7818607";"https://www.camara.leg.br/cota-parlamentar/documentos/publ/2439/2024/7818607.pdf"
"LIDERANÇA DO PT";"";"";"";"2023";"NA";"";"57";"13";"FORNECIMENTO DE ALIMENTAÇÃO DO PARLAMENTAR";"0";"";"RCS SERVIÇOS DE ALIMENTAÇÃO LTDA";"512.702.430/0018-0";"389";"0";"2024-10-17T00:00:00";"1160";"0";"1160";"10";"2024";"0";"";"";"2082683";"";"";"";"2439";"7818609";"https://www.camara.leg.br/cota-parlamentar/documentos/publ/2439/2024/7818609.pdf"
"LIDERANÇA DO PT";"";"";"";"2023";"NA";"";"57";"13";"FORNECIMENTO DE ALIMENTAÇÃO DO PARLAMENTAR";"0";"";"RCS SERVIÇOS DE ALIMENTAÇÃO LTDA";"512.702.430/0018-0";"402";"0";"2024-10-30T00:00:00";"1620";"0";"1620";"10";"2024";"0";"";"";"2085477";"";"";"";"2439";"7824002";"https://www.camara.leg.br/cota-parlamentar/documentos/publ/2439/2024/7824002.pdf"
"LIDERANÇA DO PT";"";"";"";"2023";"NA";"";"57";"13";"FORNECIMENTO DE ALIMENTAÇÃO DO PARLAMENTAR";"0";"";"RCS SERVIÇOS DE ALIMENTAÇÃO LTDA";"512.702.430/0018-0";"403";"0";"2024-10-30T00:00:00";"2850";"0";"2850";"10";"2024";"0";"";"";"2085477";"";"";"";"2439";"7824003";"https://www.camara.leg.br/cota-parlamentar/documentos/publ/2439/2024/7824003.pdf"
"LIDERANÇA DO PT";"";"";"";"2023";"NA";"";"57";"13";"FORNECIMENTO DE ALIMENTAÇÃO DO PARLAMENTAR";"0";"";"RCS SERVIÇOS DE ALIMENTAÇÃO LTDA";"512.702.430/0018-0";"404";"0";"2024-10-30T00:00:00";"2850";"0";"2850";"10";"2024";"0";"";"";"2085477";"";"";"";"2439";"7824068";"https://www.camara.leg.br/cota-parlamentar/documentos/publ/2439/2024/7824068.pdf"
"LIDERANÇA DO PT";"";"";"";"2023";"NA";"";"57";"13";"FORNECIMENTO DE ALIMENTAÇÃO DO PARLAMENTAR";"0";"";"RCS SERVIÇOS DE ALIMENTAÇÃO LTDA";"512.702.430/0018-0";"405";"0";"2024-10-30T00:00:00";"3500";"0";"3500";"10";"2024";"0";"";"";"2085477";"";"";"";"2439";"7824102";"https://www.camara.leg.br/cota-parlamentar/documentos/publ/2439/2024/7824102.pdf"
"LIDERANÇA DO PT";"";"";"";"2023";"NA";"";"57";"13";"FORNECIMENTO DE ALIMENTAÇÃO DO PARLAMENTAR";"0";"";"RCS SERVIÇOS DE ALIMENTAÇÃO LTDA";"512.702.430/0018-0";"428";"0";"2024-11-06T00:00:00";"2816";"0";"2816";"11";"2024";"0";"";"";"2089353";"";"";"";"2439";"7830937";"https://www.camara.leg.br/cota-parlamentar/documentos/publ/2439/2024/7830937.pdf"
"LIDERANÇA DO PT";"";"";"";"2023";"NA";"";"57";"13";"FORNECIMENTO DE ALIMENTAÇÃO DO PARLAMENTAR";"0";"";"RCS SERVIÇOS DE ALIMENTAÇÃO LTDA";"512.702.430/0018-0";"448";"0";"2024-11-13T00:00:00";"2970";"0";"2970";"11";"2024";"0";"";"";"2089353";"";"";"";"2439";"7830949";"https://www.camara.leg.br/cota-parlamentar/documentos/publ/2439/2024/7830949.pdf"
"LIDERANÇA DO PT";"";"";"";"2023";"NA";"";"57";"13";"FORNECIMENTO DE ALIMENTAÇÃO DO PARLAMENTAR";"0";"";"RCS SERVIÇOS DE ALIMENTAÇÃO LTDA";"512.702.430/0018-0";"449";"0";"2024-11-13T00:00:00";"2420";"0";"2420";"11";"2024";"0";"";"";"2089353";"";"";"";"2439";"7831010";"https://www.camara.leg.br/cota-parlamentar/documentos/publ/2439/2024/7831010.pdf"
"LIDERANÇA DO PT";"";"";"";"2023";"NA";"";"57";"13";"FORNECIMENTO DE ALIMENTAÇÃO DO PARLAMENTAR";"0";"";"RCS SERVIÇOS DE ALIMENTAÇÃO LTDA";"512.702.430/0018-0";"450";"0";"2024-11-13T00:00:00";"2420";"0";"2420";"11";"2024";"0";"";"";"2089353";"";"";"";"2439";"7831012";"https://www.camara.leg.br/cota-parlamentar/documentos/publ/2439/2024/7831012.pdf"
"LIDERANÇA DO PT";"";"";"";"2023";"NA";"";"57";"13";"FORNECIMENTO DE ALIMENTAÇÃO DO PARLAMENTAR";"0";"";"RCS SERVIÇOS DE ALIMENTAÇÃO LTDA";"512.702.430/0018-0";"458";"0";"2024-11-19T00:00:00";"2816";"0";"2816";"11";"2024";"0";"";"";"2090364";"";"";"";"2439";"7832791";"https://www.camara.leg.br/cota-parlamentar/documentos/publ/2439/2024/7832791.pdf"
"LIDERANÇA DO PT";"";"";"";"2023";"NA";"";"57";"13";"FORNECIMENTO DE ALIMENTAÇÃO DO PARLAMENTAR";"0";"";"RCS SERVIÇOS DE ALIMENTAÇÃO LTDA";"512.702.430/0018-0";"459";"0";"2024-11-19T00:00:00";"2816";"0";"2816";"11";"2024";"0";"";"";"2090364";"";"";"";"2439";"7832793";"https://www.camara.leg.br/cota-parlamentar/documentos/publ/2439/2024/7832793.pdf"
"LIDERANÇA DO PT";"";"";"";"2023";"NA";"";"57";"13";"FORNECIMENTO DE ALIMENTAÇÃO DO PARLAMENTAR";"0";"";"RCS SERVIÇOS DE ALIMENTAÇÃO LTDA";"512.702.430/0018-0";"47";"0";"2024-02-28T00:00:00";"2200";"0";"2200";"2";"2024";"0";"";"";"2017157";"";"";"";"2439";"7694484";"https://www.camara.leg.br/cota-parlamentar/documentos/publ/2439/2024/7694484.pdf"
"LIDERANÇA DO PT";"";"";"";"2023";"NA";"";"57";"13";"FORNECIMENTO DE ALIMENTAÇÃO DO PARLAMENTAR";"0";"";"RCS SERVIÇOS DE ALIMENTAÇÃO LTDA";"512.702.430/0018-0";"478";"0";"2024-11-28T00:00:00";"2596";"0";"2596";"11";"2024";"0";"";"";"2093523";"";"";"";"2439";"7838751";"https://www.camara.leg.br/cota-parlamentar/documentos/publ/2439/2024/7838751.pdf"
"LIDERANÇA DO PT";"";"";"";"2023";"NA";"";"57";"13";"FORNECIMENTO DE ALIMENTAÇÃO DO PARLAMENTAR";"0";"";"RCS SERVIÇOS DE ALIMENTAÇÃO LTDA";"512.702.430/0018-0";"479";"0";"2024-11-28T00:00:00";"2596";"0";"2596";"11";"2024";"0";"";"";"2093523";"";"";"";"2439";"7838745";"https://www.camara.leg.br/cota-parlamentar/documentos/publ/2439/2024/7838745.pdf"
"LIDERANÇA DO PT";"";"";"";"2023";"NA";"";"57";"13";"FORNECIMENTO DE ALIMENTAÇÃO DO PARLAMENTAR";"0";"";"RCS SERVIÇOS DE ALIMENTAÇÃO LTDA";"512.702.430/0018-0";"48";"0";"2024-02-28T00:00:00";"2200";"0";"2200";"2";"2024";"0";"";"";"2017157";"";"";"";"2439";"7694481";"https://www.camara.leg.br/cota-parlamentar/documentos/publ/2439/2024/7694481.pdf"
"LIDERANÇA DO PT";"";"";"";"2023";"NA";"";"57";"13";"FORNECIMENTO DE ALIMENTAÇÃO DO PARLAMENTAR";"0";"";"RCS SERVIÇOS DE ALIMENTAÇÃO LTDA";"512.702.430/0018-0";"480";"0";"2024-11-28T00:00:00";"2596";"0";"2596";"11";"2024";"0";"";"";"2093523";"";"";"";"2439";"7838774";"https://www.camara.leg.br/cota-parlamentar/documentos/publ/2439/2024/7838774.pdf"
"LIDERANÇA DO PT";"";"";"";"2023";"NA";"";"57";"13";"FORNECIMENTO DE ALIMENTAÇÃO DO PARLAMENTAR";"0";"";"RCS SERVIÇOS DE ALIMENTAÇÃO LTDA";"512.702.430/0018-0";"498";"0";"2024-12-06T00:00:00";"1250";"0";"1250";"12";"2024";"0";"";"";"2094997";"";"";"";"2439";"7841263";"https://www.camara.leg.br/cota-parlamentar/documentos/publ/2439/2024/7841263.pdf"
"LIDERANÇA DO PT";"";"";"";"2023";"NA";"";"57";"13";"FORNECIMENTO DE ALIMENTAÇÃO DO PARLAMENTAR";"0";"";"RCS SERVIÇOS DE ALIMENTAÇÃO LTDA";"512.702.430/0018-0";"499";"0";"2024-12-06T00:00:00";"2376";"0";"2376";"12";"2024";"0";"";"";"2094997";"";"";"";"2439";"7841269";"https://www.camara.leg.br/cota-parlamentar/documentos/publ/2439/2024/7841269.pdf"
"LIDERANÇA DO PT";"";"";"";"2023";"NA";"";"57";"13";"FORNECIMENTO DE ALIMENTAÇÃO DO PARLAMENTAR";"0";"";"RCS SERVIÇOS DE ALIMENTAÇÃO LTDA";"512.702.430/0018-0";"500";"0";"2024-12-06T00:00:00";"2420";"0";"2420";"12";"2024";"0";"";"";"2094997";"";"";"";"2439";"7841267";"https://www.camara.leg.br/cota-parlamentar/documentos/publ/2439/2024/7841267.pdf"
"LIDERANÇA DO PT";"";"";"";"2023";"NA";"";"57";"13";"FORNECIMENTO DE ALIMENTAÇÃO DO PARLAMENTAR";"0";"";"RCS SERVIÇOS DE ALIMENTAÇÃO LTDA";"512.702.430/0018-0";"501";"0";"2024-12-06T00:00:00";"2500";"0";"2500";"12";"2024";"0";"";"";"2094997";"";"";"";"2439";"7841271";"https://www.camara.leg.br/cota-parlamentar/documentos/publ/2439/2024/7841271.pdf"
"LIDERANÇA DO PT";"";"";"";"2023";"NA";"";"57";"13";"FORNECIMENTO DE ALIMENTAÇÃO DO PARLAMENTAR";"0";"";"RCS SERVIÇOS DE ALIMENTAÇÃO LTDA";"512.702.430/0018-0";"503";"0";"2024-12-06T00:00:00";"2420";"0";"2420";"12";"2024";"0";"";"";"2094997";"";"";"";"2439";"7841274";"https://www.camara.leg.br/cota-parlamentar/documentos/publ/2439/2024/7841274.pdf"
"LIDERANÇA DO PT";"";"";"";"2023";"NA";"";"57";"13";"FORNECIMENTO DE ALIMENTAÇÃO DO PARLAMENTAR";"0";"";"RCS SERVIÇOS DE ALIMENTAÇÃO LTDA";"512.702.430/0018-0";"514";"0";"2024-12-12T00:00:00";"2552";"0";"2552";"12";"2024";"0";"";"";"2097218";"";"";"";"2439";"7845376";"https://www.camara.leg.br/cota-parlamentar/documentos/publ/2439/2024/7845376.pdf"
"LIDERANÇA DO PT";"";"";"";"2023";"NA";"";"57";"13";"FORNECIMENTO DE ALIMENTAÇÃO DO PARLAMENTAR";"0";"";"RCS SERVIÇOS DE ALIMENTAÇÃO LTDA";"512.702.430/0018-0";"515";"0";"2024-12-12T00:00:00";"2420";"0";"2420";"12";"2024";"0";"";"";"2097218";"";"";"";"2439";"7845378";"https://www.camara.leg.br/cota-parlamentar/documentos/publ/2439/2024/7845378.pdf"
"LIDERANÇA DO PT";"";"";"";"2023";"NA";"";"57";"13";"FORNECIMENTO DE ALIMENTAÇÃO DO PARLAMENTAR";"0";"";"RCS SERVIÇOS DE ALIMENTAÇÃO LTDA";"512.702.430/0018-0";"532";"0";"2024-12-18T00:00:00";"3467";"0";"3467";"12";"2024";"0";"";"";"2099084";"";"";"";"2439";"7849046";"https://www.camara.leg.br/cota-parlamentar/documentos/publ/2439/2024/7849046.pdf"
"LIDERANÇA DO PT";"";"";"";"2023";"NA";"";"57";"13";"FORNECIMENTO DE ALIMENTAÇÃO DO PARLAMENTAR";"0";"";"RCS SERVIÇOS DE ALIMENTAÇÃO LTDA";"512.702.430/0018-0";"534";"0";"2024-12-18T00:00:00";"3467";"0";"3467";"12";"2024";"0";"";"";"2099084";"";"";"";"2439";"7849052";"https://www.camara.leg.br/cota-parlamentar/documentos/publ/2439/2024/7849052.pdf"
"LIDERANÇA DO PT";"";"";"";"2023";"NA";"";"57";"13";"FORNECIMENTO DE ALIMENTAÇÃO DO PARLAMENTAR";"0";"";"RCS SERVIÇOS DE ALIMENTAÇÃO LTDA";"512.702.430/0018-0";"535";"0";"2024-12-18T00:00:00";"3467";"0";"3467";"12";"2024";"0";"";"";"2099084";"";"";"";"2439";"7849048";"https://www.camara.leg.br/cota-parlamentar/documentos/publ/2439/2024/7849048.pdf"
"LIDERANÇA DO PT";"";"";"";"2023";"NA";"";"57";"13";"FORNECIMENTO DE ALIMENTAÇÃO DO PARLAMENTAR";"0";"";"RCS SERVIÇOS DE ALIMENTAÇÃO LTDA";"512.702.430/0018-0";"65";"0";"2024-03-06T00:00:00";"2200";"0";"2200";"3";"2024";"0";"";"";"2019775";"";"";"";"2439";"7699109";"https://www.camara.leg.br/cota-parlamentar/documentos/publ/2439/2024/7699109.pdf"
"LIDERANÇA DO PT";"";"";"";"2023";"NA";"";"57";"13";"FORNECIMENTO DE ALIMENTAÇÃO DO PARLAMENTAR";"0";"";"RCS SERVIÇOS DE ALIMENTAÇÃO LTDA";"512.702.430/0018-0";"66";"0";"2024-03-06T00:00:00";"2200";"0";"2200";"3";"2024";"0";"";"";"2019775";"";"";"";"2439";"7699112";"https://www.camara.leg.br/cota-parlamentar/documentos/publ/2439/2024/7699112.pdf"
"LIDERANÇA DO PT";"";"";"";"2023";"NA";"";"57";"13";"FORNECIMENTO DE ALIMENTAÇÃO DO PARLAMENTAR";"0";"";"RCS SERVIÇOS DE ALIMENTAÇÃO LTDA";"512.702.430/0018-0";"67";"0";"2024-03-06T00:00:00";"1250";"0";"1250";"3";"2024";"0";"";"";"2019775";"";"";"";"2439";"7699113";"https://www.camara.leg.br/cota-parlamentar/documentos/publ/2439/2024/7699113.pdf"
"LIDERANÇA DO PT";"";"";"";"2023";"NA";"";"57";"13";"FORNECIMENTO DE ALIMENTAÇÃO DO PARLAMENTAR";"0";"";"RCS SERVIÇOS DE ALIMENTAÇÃO LTDA";"512.702.430/0018-0";"80";"0";"2024-03-13T00:00:00";"2200";"0";"2200";"3";"2024";"0";"";"";"2021929";"";"";"";"2439";"7703046";"https://www.camara.leg.br/cota-parlamentar/documentos/publ/2439/2024/7703046.pdf"
"LIDERANÇA DO PT";"";"";"";"2023";"NA";"";"57";"13";"FORNECIMENTO DE ALIMENTAÇÃO DO PARLAMENTAR";"0";"";"RCS SERVIÇOS DE ALIMENTAÇÃO LTDA";"512.702.430/0018-0";"81";"0";"2024-03-13T00:00:00";"750";"0";"750";"3";"2024";"0";"";"";"2021929";"";"";"";"2439";"7703048";"https://www.camara.leg.br/cota-parlamentar/documentos/publ/2439/2024/7703048.pdf"
"LIDERANÇA DO PT";"";"";"";"2023";"NA";"";"57";"13";"FORNECIMENTO DE ALIMENTAÇÃO DO PARLAMENTAR";"0";"";"RCS SERVIÇOS DE ALIMENTAÇÃO LTDA";"512.702.430/0018-0";"82";"0";"2024-03-13T00:00:00";"2200";"0";"2200";"3";"2024";"0";"";"";"2021929";"";"";"";"2439";"7703053";"https://www.camara.leg.br/cota-parlamentar/documentos/publ/2439/2024/7703053.pdf"
"LIDERANÇA DO PT";"";"";"";"2023";"NA";"";"57";"13";"FORNECIMENTO DE ALIMENTAÇÃO DO PARLAMENTAR";"0";"";"RCS SERVIÇOS DE ALIMENTAÇÃO LTDA";"512.702.430/0018-0";"98";"0";"2024-03-20T00:00:00";"2200";"0";"2200";"3";"2024";"0";"";"";"2023906";"";"";"";"2439";"7706943";"https://www.camara.leg.br/cota-parlamentar/documentos/publ/2439/2024/7706943.pdf"
"LIDERANÇA DO PT";"";"";"";"2023";"NA";"";"57";"13";"FORNECIMENTO DE ALIMENTAÇÃO DO PARLAMENTAR";"0";"";"RCS SERVIÇOS DE ALIMENTAÇÃO LTDA";"512.702.430/0018-0";"99";"0";"2024-03-20T00:00:00";"2950";"0";"2950";"3";"2024";"0";"";"";"2023906";"";"";"";"2439";"7706946";"https://www.camara.leg.br/cota-parlamentar/documentos/publ/2439/2024/7706946.pdf"
"LIDERANÇA DO PT";"";"";"";"2023";"NA";"";"57";"120";"LOCAÇÃO OU FRETAMENTO DE VEÍCULOS AUTOMOTORES";"0";"";"PANTANAL VEÍCULOS LTDA";"073.193.230/0019-1";"25123";"1";"2024-01-31T00:00:00";"3000";"0";"3000";"1";"2024";"0";"";"";"2011930";"";"";"";"2439";"7684847";"https://www.camara.leg.br/cota-parlamentar/documentos/publ/2439/2024/7684847.pdf"
"LIDERANÇA DO PT";"";"";"";"2023";"NA";"";"57";"120";"LOCAÇÃO OU FRETAMENTO DE VEÍCULOS AUTOMOTORES";"0";"";"PANTANAL VEÍCULOS LTDA";"073.193.230/0019-1";"25193";"1";"2024-02-29T00:00:00";"3000";"0";"3000";"2";"2024";"0";"";"";"2020097";"";"";"";"2439";"7699715";"https://www.camara.leg.br/cota-parlamentar/documentos/publ/2439/2024/7699715.pdf"
"LIDERANÇA DO PT";"";"";"";"2023";"NA";"";"57";"120";"LOCAÇÃO OU FRETAMENTO DE VEÍCULOS AUTOMOTORES";"0";"";"PANTANAL VEÍCULOS LTDA";"073.193.230/0019-1";"25653";"1";"2024-03-30T00:00:00";"3000";"0";"3000";"3";"2024";"0";"";"";"2029126";"";"";"";"2439";"7715455";"https://www.camara.leg.br/cota-parlamentar/documentos/publ/2439/2024/7715455.pdf"
"LIDERANÇA DO PT";"";"";"";"2023";"NA";"";"57";"120";"LOCAÇÃO OU FRETAMENTO DE VEÍCULOS AUTOMOTORES";"0";"";"PANTANAL VEÍCULOS LTDA";"073.193.230/0019-1";"25788";"1";"2024-04-30T00:00:00";"3000";"0";"3000";"4";"2024";"0";"";"";"2044845";"";"";"";"2439";"7746026";"https://www.camara.leg.br/cota-parlamentar/documentos/publ/2439/2024/7746026.pdf"
"LIDERANÇA DO PT";"";"";"";"2023";"NA";"";"57";"120";"LOCAÇÃO OU FRETAMENTO DE VEÍCULOS AUTOMOTORES";"0";"";"PANTANAL VEÍCULOS LTDA";"073.193.230/0019-1";"25917";"1";"2024-05-31T00:00:00";"3000";"0";"3000";"5";"2024";"0";"";"";"2044848";"";"";"";"2439";"7746037";"https://www.camara.leg.br/cota-parlamentar/documentos/publ/2439/2024/7746037.pdf"
"LIDERANÇA DO PT";"";"";"";"2023";"NA";"";"57";"120";"LOCAÇÃO OU FRETAMENTO DE VEÍCULOS AUTOMOTORES";"0";"";"PANTANAL VEÍCULOS LTDA";"073.193.230/0019-1";"26064";"1";"2024-06-29T00:00:00";"3000";"0";"3000";"6";"2024";"0";"";"";"2055319";"";"";"";"2439";"7765840";"https://www.camara.leg.br/cota-parlamentar/documentos/publ/2439/2024/7765840.pdf"
"LIDERANÇA DO PT";"";"";"";"2023";"NA";"";"57";"120";"LOCAÇÃO OU FRETAMENTO DE VEÍCULOS AUTOMOTORES";"0";"";"PANTANAL VEÍCULOS LTDA";"073.193.230/0019-1";"26130";"1";"2024-07-29T00:00:00";"3000";"0";"3000";"7";"2024";"0";"";"";"2061698";"";"";"";"2439";"7778723";"https://www.camara.leg.br/cota-parlamentar/documentos/publ/2439/2024/7778723.pdf"
"LIDERANÇA DO PT";"";"";"";"2023";"NA";"";"57";"120";"LOCAÇÃO OU FRETAMENTO DE VEÍCULOS AUTOMOTORES";"0";"";"PANTANAL VEÍCULOS LTDA";"073.193.230/0019-1";"26275";"1";"2024-08-31T00:00:00";"3000";"0";"3000";"8";"2024";"0";"";"";"2073583";"";"";"";"2439";"7802315";"https://www.camara.leg.br/cota-parlamentar/documentos/publ/2439/2024/7802315.pdf"
"LIDERANÇA DO PT";"";"";"";"2023";"NA";"";"57";"120";"LOCAÇÃO OU FRETAMENTO DE VEÍCULOS AUTOMOTORES";"0";"";"PANTANAL VEÍCULOS LTDA";"073.193.230/0019-1";"26383";"1";"2024-09-30T00:00:00";"3000";"0";"3000";"9";"2024";"0";"";"";"2080714";"";"";"";"2439";"7814730";"https://www.camara.leg.br/cota-parlamentar/documentos/publ/2439/2024/7814730.pdf"
"LIDERANÇA DO PT";"";"";"";"2023";"NA";"";"57";"120";"LOCAÇÃO OU FRETAMENTO DE VEÍCULOS AUTOMOTORES";"0";"";"PANTANAL VEÍCULOS LTDA";"073.193.230/0019-1";"26503";"1";"2024-10-31T00:00:00";"3000";"0";"3000";"10";"2024";"0";"";"";"2086725";"";"";"";"2439";"7826249";"https://www.camara.leg.br/cota-parlamentar/documentos/publ/2439/2024/7826249.pdf"
"LIDERANÇA DO PT";"";"";"";"2023";"NA";"";"57";"120";"LOCAÇÃO OU FRETAMENTO DE VEÍCULOS AUTOMOTORES";"0";"";"PANTANAL VEÍCULOS LTDA";"073.193.230/0019-1";"26636";"1";"2024-11-30T00:00:00";"3000";"0";"3000";"11";"2024";"0";"";"";"2093574";"";"";"";"2439";"7838875";"https://www.camara.leg.br/cota-parlamentar/documentos/publ/2439/2024/7838875.pdf"
"LIDERANÇA DO PT";"";"";"";"2023";"NA";"";"57";"120";"LOCAÇÃO OU FRETAMENTO DE VEÍCULOS AUTOMOTORES";"0";"";"PANTANAL VEÍCULOS LTDA";"073.193.230/0019-1";"26833";"1";"2024-12-30T00:00:00";"3000";"0";"3000";"12";"2024";"0";"";"";"2102638";"";"";"";"2439";"7855128";"https://www.camara.leg.br/cota-parlamentar/documentos/publ/2439/2025/7855128.pdf"
"LIDERANÇA DO PT";"";"";"";"2023";"NA";"";"57";"122";"SERVIÇO DE TÁXI, PEDÁGIO E ESTACIONAMENTO";"0";"";"COOPERATIVA MISTA DE TRABALHO DOS MOTORISTAS AUTONOMOS DE TAXI ESPECIAL DE SP";"465.539.470/0012-0";"0849344932";"1";"2024-11-11T00:00:00";"72";"0";"72";"11";"2024";"0";"";"";"2089352";"";"";"";"2439";"7830893";"https://www.camara.leg.br/cota-parlamentar/documentos/publ/2439/2024/7830893.pdf"
"LIDERANÇA DO PT";"";"";"";"2023";"NA";"";"57";"122";"SERVIÇO DE TÁXI, PEDÁGIO E ESTACIONAMENTO";"0";"";"COOPERATIVA MISTA DE TRABALHO DOS MOTORISTAS AUTONOMOS DE TAXI ESPECIAL DE SP";"465.539.470/0012-0";"164696";"1";"2024-11-10T00:00:00";"85";"0";"85";"11";"2024";"0";"";"";"2089352";"";"";"";"2439";"7830899";"https://www.camara.leg.br/cota-parlamentar/documentos/publ/2439/2024/7830899.pdf"
"LIDERANÇA DO PT";"";"";"";"2023";"NA";"";"57";"122";"SERVIÇO DE TÁXI, PEDÁGIO E ESTACIONAMENTO";"0";"";"JE ADM DE BESN MOVEIS E IMOVEIS EIRELI - EPP";"277.107.870/0013-1";"63603";"1";"2024-12-06T00:00:00";"40";"0";"40";"12";"2024";"0";"";"";"2094996";"";"";"";"2439";"7841259";"https://www.camara.leg.br/cota-parlamentar/documentos/publ/2439/2024/7841259.pdf"
"LIDERANÇA DO PT";"";"";"";"2023";"NA";"";"57";"122";"SERVIÇO DE TÁXI, PEDÁGIO E ESTACIONAMENTO";"0";"";"UBER DO BRASIL TECNOLOGIA LTDA.";"178.956.460/0018-7";"2498";"1";"2024-11-10T00:00:00";"24.98";"0";"24.98";"11";"2024";"0";"";"";"2089352";"";"";"";"2439";"7830928";"https://www.camara.leg.br/cota-parlamentar/documentos/publ/2439/2024/7830928.pdf"
"LIDERANÇA DO PT";"";"";"";"2023";"NA";"";"57";"122";"SERVIÇO DE TÁXI, PEDÁGIO E ESTACIONAMENTO";"0";"";"UBER DO BRASIL TECNOLOGIA LTDA.";"178.956.460/0018-7";"2797";"1";"2024-11-12T00:00:00";"27.97";"3.49";"24.48";"11";"2024";"0";"";"";"2089352";"";"";"";"2439";"7830932";"https://www.camara.leg.br/cota-parlamentar/documentos/publ/2439/2024/7830932.pdf"
"LIDERANÇA DO PT";"";"";"";"2023";"NA";"";"57";"122";"SERVIÇO DE TÁXI, PEDÁGIO E ESTACIONAMENTO";"0";"";"UBER DO BRASIL TECNOLOGIA LTDA.";"178.956.460/0018-7";"6163";"1";"2024-11-11T00:00:00";"61.63";"0";"61.63";"11";"2024";"0";"";"";"2089352";"";"";"";"2439";"7830922";"https://www.camara.leg.br/cota-parlamentar/documentos/publ/2439/2024/7830922.pdf"
"PDT";"";"";"";"2023";"NA";"";"57";"1";"MANUTENÇÃO DE ESCRITÓRIO DE APOIO À ATIVIDADE PARLAMENTAR";"0";"";"CAFES DA TERRA TORREFACAO LTDA";"456.212.950/0015-1";"306";"0";"2024-03-21T00:00:00";"450";"0";"450";"3";"2024";"0";"";"";"2024634";"";"";"";"2715";"7708283";"https://www.camara.leg.br/cota-parlamentar/documentos/publ/2715/2024/7708283.pdf"
"PDT";"";"";"";"2023";"NA";"";"57";"1";"MANUTENÇÃO DE ESCRITÓRIO DE APOIO À ATIVIDADE PARLAMENTAR";"0";"";"CAFES DA TERRA TORREFACAO LTDA";"456.212.950/0015-1";"327";"0";"2024-04-17T00:00:00";"450";"0";"450";"3";"2024";"0";"";"";"2031937";"";"";"";"2715";"7721976";"https://www.camara.leg.br/cota-parlamentar/documentos/publ/2715/2024/7721976.pdf"
"PDT";"";"";"";"2023";"NA";"";"57";"1";"MANUTENÇÃO DE ESCRITÓRIO DE APOIO À ATIVIDADE PARLAMENTAR";"0";"";"CAFES DA TERRA TORREFACAO LTDA";"456.212.950/0015-1";"352";"0";"2024-05-14T00:00:00";"450";"0";"450";"4";"2024";"0";"";"";"2039771";"";"";"";"2715";"7735990";"https://www.camara.leg.br/cota-parlamentar/documentos/publ/2715/2024/7735990.pdf"
"PDT";"";"";"";"2023";"NA";"";"57";"1";"MANUTENÇÃO DE ESCRITÓRIO DE APOIO À ATIVIDADE PARLAMENTAR";"0";"";"CAFES DA TERRA TORREFACAO LTDA";"456.212.950/0015-1";"369";"0";"2024-06-14T00:00:00";"450";"0";"450";"5";"2024";"0";"";"";"2049050";"";"";"";"2715";"7753576";"https://www.camara.leg.br/cota-parlamentar/documentos/publ/2715/2024/7753576.pdf"
"PDT";"";"";"";"2023";"NA";"";"57";"1";"MANUTENÇÃO DE ESCRITÓRIO DE APOIO À ATIVIDADE PARLAMENTAR";"0";"";"CAFES DA TERRA TORREFACAO LTDA";"456.212.950/0015-1";"395";"0";"2024-07-17T00:00:00";"450";"0";"450";"6";"2024";"0";"";"";"2059285";"";"";"";"2715";"7773701";"https://www.camara.leg.br/cota-parlamentar/documentos/publ/2715/2024/7773701.pdf"
"PDT";"";"";"";"2023";"NA";"";"57";"1";"MANUTENÇÃO DE ESCRITÓRIO DE APOIO À ATIVIDADE PARLAMENTAR";"0";"";"CAFES DA TERRA TORREFACAO LTDA";"456.212.950/0015-1";"407";"0";"2024-08-13T00:00:00";"450";"0";"450";"7";"2024";"0";"";"";"2066359";"";"";"";"2715";"7788318";"https://www.camara.leg.br/cota-parlamentar/documentos/publ/2715/2024/7788318.pdf"
"PDT";"";"";"";"2023";"NA";"";"57";"1";"MANUTENÇÃO DE ESCRITÓRIO DE APOIO À ATIVIDADE PARLAMENTAR";"0";"";"CAFES DA TERRA TORREFACAO LTDA";"456.212.950/0015-1";"439";"0";"2024-09-24T00:00:00";"450";"0";"450";"8";"2024";"0";"";"";"2078083";"";"";"";"2715";"7810716";"https://www.camara.leg.br/cota-parlamentar/documentos/publ/2715/2024/7810716.pdf"
"PDT";"";"";"";"2023";"NA";"";"57";"1";"MANUTENÇÃO DE ESCRITÓRIO DE APOIO À ATIVIDADE PARLAMENTAR";"0";"";"CAFES DA TERRA TORREFACAO LTDA";"456.212.950/0015-1";"458";"0";"2024-10-18T00:00:00";"450";"0";"450";"9";"2024";"0";"";"";"2082723";"";"";"";"2715";"7818674";"https://www.camara.leg.br/cota-parlamentar/documentos/publ/2715/2024/7818674.pdf"
"PDT";"";"";"";"2023";"NA";"";"57";"1";"MANUTENÇÃO DE ESCRITÓRIO DE APOIO À ATIVIDADE PARLAMENTAR";"0";"";"CAFES DA TERRA TORREFACAO LTDA";"456.212.950/0015-1";"496";"0";"2024-12-10T00:00:00";"450";"0";"450";"10";"2024";"0";"";"";"2095798";"";"";"";"2715";"7842799";"https://www.camara.leg.br/cota-parlamentar/documentos/publ/2715/2024/7842799.pdf"
"PDT";"";"";"";"2023";"NA";"";"57";"1";"MANUTENÇÃO DE ESCRITÓRIO DE APOIO À ATIVIDADE PARLAMENTAR";"0";"";"CAFES DA TERRA TORREFACAO LTDA";"456.212.950/0015-1";"498";"0";"2024-12-11T00:00:00";"450";"0";"450";"11";"2024";"0";"";"";"2096678";"";"";"";"2715";"7844362";"https://www.camara.leg.br/cota-parlamentar/documentos/publ/2715/2024/7844362.pdf"
"PDT";"";"";"";"2023";"NA";"";"57";"1";"MANUTENÇÃO DE ESCRITÓRIO DE APOIO À ATIVIDADE PARLAMENTAR";"0";"";"CAFES DA TERRA TORREFACAO LTDA";"456.212.950/0015-1";"521";"0";"2025-02-01T00:00:00";"450";"0";"450";"12";"2024";"0";"";"";"2117077";"";"";"";"2715";"7865519";"https://www.camara.leg.br/cota-parlamentar/documentos/publ/2715/2025/7865519.pdf"
"PDT";"";"";"";"2023";"NA";"";"57";"1";"MANUTENÇÃO DE ESCRITÓRIO DE APOIO À ATIVIDADE PARLAMENTAR";"0";"";"CAFES DA TERRA TORREFACAO LTDA";"456.212.950/0015-1";"996";"4";"2024-02-02T00:00:00";"450";"0";"450";"1";"2024";"0";"";"";"2010948";"";"";"";"2715";"7683221";"https://www.camara.leg.br/cota-parlamentar/nota-fiscal-eletronica?ideDocumentoFiscal=7683221"
"PDT";"";"";"";"2023";"NA";"";"57";"5";"DIVULGAÇÃO DA ATIVIDADE PARLAMENTAR.";"0";"";"BUNKER BRAIN AUDIOVISUAL EIRELI";"307.278.290/0015-1";"63";"0";"2024-01-31T00:00:00";"5000";"0";"5000";"1";"2024";"0";"";"";"2009498";"";"";"";"2715";"7680608";"https://www.camara.leg.br/cota-parlamentar/documentos/publ/2715/2024/7680608.pdf"
"PDT";"";"";"";"2023";"NA";"";"57";"5";"DIVULGAÇÃO DA ATIVIDADE PARLAMENTAR.";"0";"";"ESPAÇO MULTIPLICIDADE ESCRITÓRIO COLABORATIVO LTDA-ME";"144.555.530/0014-3";"105";"0";"2024-07-11T00:00:00";"2860";"0";"2860";"7";"2024";"0";"";"";"2059282";"";"";"";"2715";"7773698";"https://www.camara.leg.br/cota-parlamentar/documentos/publ/2715/2024/7773698.pdf"
"PDT";"";"";"";"2023";"NA";"";"57";"5";"DIVULGAÇÃO DA ATIVIDADE PARLAMENTAR.";"0";"";"ESPAÇO MULTIPLICIDADE ESCRITÓRIO COLABORATIVO LTDA-ME";"144.555.530/0014-3";"112";"0";"2024-08-21T00:00:00";"3380";"0";"3380";"8";"2024";"0";"";"";"2067615";"";"";"";"2715";"7790626";"https://www.camara.leg.br/cota-parlamentar/documentos/publ/2715/2024/7790626.pdf"
"PDT";"";"";"";"2023";"NA";"";"57";"5";"DIVULGAÇÃO DA ATIVIDADE PARLAMENTAR.";"0";"";"JGC TECNOLOGIA LTDA";"206.479.930/0010-3";"213";"0";"2024-03-15T00:00:00";"365";"0";"365";"2";"2024";"0";"";"";"2022715";"";"";"";"2715";"7704836";"https://www.camara.leg.br/cota-parlamentar/documentos/publ/2715/2024/7704836.pdf"
"PDT";"";"";"";"2023";"NA";"";"57";"13";"FORNECIMENTO DE ALIMENTAÇÃO DO PARLAMENTAR";"0";"";"RCS SERVIÇOS DE ALIMENTAÇÃO LTDA";"512.702.430/0018-0";"100";"0";"2024-03-20T00:00:00";"880";"0";"880";"3";"2024";"0";"";"";"2024191";"";"";"";"2715";"7707418";"https://www.camara.leg.br/cota-parlamentar/documentos/publ/2715/2024/7707418.pdf"
"PDT";"";"";"";"2023";"NA";"";"57";"13";"FORNECIMENTO DE ALIMENTAÇÃO DO PARLAMENTAR";"0";"";"RCS SERVIÇOS DE ALIMENTAÇÃO LTDA";"512.702.430/0018-0";"101";"0";"2024-03-20T00:00:00";"800";"0";"800";"3";"2024";"0";"";"";"2028379";"";"";"";"2715";"7715249";"https://www.camara.leg.br/cota-parlamentar/documentos/publ/2715/2024/7715249.pdf"
"PDT";"";"";"";"2023";"NA";"";"57";"13";"FORNECIMENTO DE ALIMENTAÇÃO DO PARLAMENTAR";"0";"";"RCS SERVIÇOS DE ALIMENTAÇÃO LTDA";"512.702.430/0018-0";"109";"0";"2024-03-26T00:00:00";"720";"0";"720";"3";"2024";"0";"";"";"2028380";"";"";"";"2715";"7715250";"https://www.camara.leg.br/cota-parlamentar/documentos/publ/2715/2024/7715250.pdf"
"PDT";"";"";"";"2023";"NA";"";"57";"13";"FORNECIMENTO DE ALIMENTAÇÃO DO PARLAMENTAR";"0";"";"RCS SERVIÇOS DE ALIMENTAÇÃO LTDA";"512.702.430/0018-0";"122";"0";"2024-04-11T00:00:00";"874";"0";"874";"4";"2024";"0";"";"";"2030610";"";"";"";"2715";"7719327";"https://www.camara.leg.br/cota-parlamentar/documentos/publ/2715/2024/7719327.pdf"
"PDT";"";"";"";"2023";"NA";"";"57";"13";"FORNECIMENTO DE ALIMENTAÇÃO DO PARLAMENTAR";"0";"";"RCS SERVIÇOS DE ALIMENTAÇÃO LTDA";"512.702.430/0018-0";"126";"0";"2024-04-11T00:00:00";"800";"0";"800";"4";"2024";"0";"";"";"2030611";"";"";"";"2715";"7719328";"https://www.camara.leg.br/cota-parlamentar/documentos/publ/2715/2024/7719328.pdf"
"PDT";"";"";"";"2023";"NA";"";"57";"13";"FORNECIMENTO DE ALIMENTAÇÃO DO PARLAMENTAR";"0";"";"RCS SERVIÇOS DE ALIMENTAÇÃO LTDA";"512.702.430/0018-0";"135";"0";"2024-04-18T00:00:00";"948";"0";"948";"4";"2024";"0";"";"";"2032500";"";"";"";"2715";"7722977";"https://www.camara.leg.br/cota-parlamentar/documentos/publ/2715/2024/7722977.pdf"
"PDT";"";"";"";"2023";"NA";"";"57";"13";"FORNECIMENTO DE ALIMENTAÇÃO DO PARLAMENTAR";"0";"";"RCS SERVIÇOS DE ALIMENTAÇÃO LTDA";"512.702.430/0018-0";"139";"0";"2024-04-18T00:00:00";"800";"0";"800";"4";"2024";"0";"";"";"2032501";"";"";"";"2715";"7722978";"https://www.camara.leg.br/cota-parlamentar/documentos/publ/2715/2024/7722978.pdf"
"PDT";"";"";"";"2023";"NA";"";"57";"13";"FORNECIMENTO DE ALIMENTAÇÃO DO PARLAMENTAR";"0";"";"RCS SERVIÇOS DE ALIMENTAÇÃO LTDA";"512.702.430/0018-0";"151";"0";"2024-04-24T00:00:00";"1100";"0";"1100";"5";"2024";"0";"";"";"2035516";"";"";"";"2715";"7728873";"https://www.camara.leg.br/cota-parlamentar/documentos/publ/2715/2024/7728873.pdf"
"PDT";"";"";"";"2023";"NA";"";"57";"13";"FORNECIMENTO DE ALIMENTAÇÃO DO PARLAMENTAR";"0";"";"RCS SERVIÇOS DE ALIMENTAÇÃO LTDA";"512.702.430/0018-0";"168";"0";"2024-05-08T00:00:00";"880";"0";"880";"5";"2024";"0";"";"";"2039015";"";"";"";"2715";"7734491";"https://www.camara.leg.br/cota-parlamentar/documentos/publ/2715/2024/7734491.pdf"
"PDT";"";"";"";"2023";"NA";"";"57";"13";"FORNECIMENTO DE ALIMENTAÇÃO DO PARLAMENTAR";"0";"";"RCS SERVIÇOS DE ALIMENTAÇÃO LTDA";"512.702.430/0018-0";"173";"0";"2024-05-08T00:00:00";"1022";"0";"1022";"5";"2024";"0";"";"";"2039014";"";"";"";"2715";"7734490";"https://www.camara.leg.br/cota-parlamentar/documentos/publ/2715/2024/7734490.pdf"
"PDT";"";"";"";"2023";"NA";"";"57";"13";"FORNECIMENTO DE ALIMENTAÇÃO DO PARLAMENTAR";"0";"";"RCS SERVIÇOS DE ALIMENTAÇÃO LTDA";"512.702.430/0018-0";"183";"0";"2024-05-15T00:00:00";"911";"0";"911";"5";"2024";"0";"";"";"2039797";"";"";"";"2715";"7736040";"https://www.camara.leg.br/cota-parlamentar/documentos/publ/2715/2024/7736040.pdf"
"PDT";"";"";"";"2023";"NA";"";"57";"13";"FORNECIMENTO DE ALIMENTAÇÃO DO PARLAMENTAR";"0";"";"RCS SERVIÇOS DE ALIMENTAÇÃO LTDA";"512.702.430/0018-0";"187";"0";"2024-05-15T00:00:00";"800";"0";"800";"5";"2024";"0";"";"";"2039800";"";"";"";"2715";"7736045";"https://www.camara.leg.br/cota-parlamentar/documentos/publ/2715/2024/7736045.pdf"
"PDT";"";"";"";"2023";"NA";"";"57";"13";"FORNECIMENTO DE ALIMENTAÇÃO DO PARLAMENTAR";"0";"";"RCS SERVIÇOS DE ALIMENTAÇÃO LTDA";"512.702.430/0018-0";"200";"0";"2024-05-22T00:00:00";"800";"0";"800";"5";"2024";"0";"";"";"2042029";"";"";"";"2715";"7740550";"https://www.camara.leg.br/cota-parlamentar/documentos/publ/2715/2024/7740550.pdf"
"PDT";"";"";"";"2023";"NA";"";"57";"13";"FORNECIMENTO DE ALIMENTAÇÃO DO PARLAMENTAR";"0";"";"RCS SERVIÇOS DE ALIMENTAÇÃO LTDA";"512.702.430/0018-0";"205";"0";"2024-05-22T00:00:00";"800";"0";"800";"5";"2024";"0";"";"";"2042036";"";"";"";"2715";"7740562";"https://www.camara.leg.br/cota-parlamentar/documentos/publ/2715/2024/7740562.pdf"
"PDT";"";"";"";"2023";"NA";"";"57";"13";"FORNECIMENTO DE ALIMENTAÇÃO DO PARLAMENTAR";"0";"";"RCS SERVIÇOS DE ALIMENTAÇÃO LTDA";"512.702.430/0018-0";"218";"0";"2024-05-28T00:00:00";"1022";"0";"1022";"5";"2024";"0";"";"";"2044402";"";"";"";"2715";"7745219";"https://www.camara.leg.br/cota-parlamentar/documentos/publ/2715/2024/7745219.pdf"
"PDT";"";"";"";"2023";"NA";"";"57";"13";"FORNECIMENTO DE ALIMENTAÇÃO DO PARLAMENTAR";"0";"";"RCS SERVIÇOS DE ALIMENTAÇÃO LTDA";"512.702.430/0018-0";"222";"0";"2024-05-28T00:00:00";"800";"0";"800";"5";"2024";"0";"";"";"2044404";"";"";"";"2715";"7745224";"https://www.camara.leg.br/cota-parlamentar/documentos/publ/2715/2024/7745224.pdf"
"PDT";"";"";"";"2023";"NA";"";"57";"13";"FORNECIMENTO DE ALIMENTAÇÃO DO PARLAMENTAR";"0";"";"RCS SERVIÇOS DE ALIMENTAÇÃO LTDA";"512.702.430/0018-0";"231";"0";"2024-06-04T00:00:00";"800";"0";"800";"6";"2024";"0";"";"";"2045846";"";"";"";"2715";"7747836";"https://www.camara.leg.br/cota-parlamentar/documentos/publ/2715/2024/7747836.pdf"
"PDT";"";"";"";"2023";"NA";"";"57";"13";"FORNECIMENTO DE ALIMENTAÇÃO DO PARLAMENTAR";"0";"";"RCS SERVIÇOS DE ALIMENTAÇÃO LTDA";"512.702.430/0018-0";"239";"0";"2024-06-06T00:00:00";"800";"0";"800";"6";"2024";"0";"";"";"2047405";"";"";"";"2715";"7750449";"https://www.camara.leg.br/cota-parlamentar/documentos/publ/2715/2024/7750449.pdf"
"PDT";"";"";"";"2023";"NA";"";"57";"13";"FORNECIMENTO DE ALIMENTAÇÃO DO PARLAMENTAR";"0";"";"RCS SERVIÇOS DE ALIMENTAÇÃO LTDA";"512.702.430/0018-0";"247";"0";"2024-06-11T00:00:00";"1022";"0";"1022";"6";"2024";"0";"";"";"2049046";"";"";"";"2715";"7753574";"https://www.camara.leg.br/cota-parlamentar/documentos/publ/2715/2024/7753574.pdf"
"PDT";"";"";"";"2023";"NA";"";"57";"13";"FORNECIMENTO DE ALIMENTAÇÃO DO PARLAMENTAR";"0";"";"RCS SERVIÇOS DE ALIMENTAÇÃO LTDA";"512.702.430/0018-0";"256";"0";"2024-06-12T00:00:00";"800";"0";"800";"6";"2024";"0";"";"";"2049047";"";"";"";"2715";"7753575";"https://www.camara.leg.br/cota-parlamentar/documentos/publ/2715/2024/7753575.pdf"
"PDT";"";"";"";"2023";"NA";"";"57";"13";"FORNECIMENTO DE ALIMENTAÇÃO DO PARLAMENTAR";"0";"";"RCS SERVIÇOS DE ALIMENTAÇÃO LTDA";"512.702.430/0018-0";"269";"0";"2024-06-19T00:00:00";"950";"0";"950";"7";"2024";"0";"";"";"2054768";"";"";"";"2715";"7764939";"https://www.camara.leg.br/cota-parlamentar/documentos/publ/2715/2024/7764939.pdf"
"PDT";"";"";"";"2023";"NA";"";"57";"13";"FORNECIMENTO DE ALIMENTAÇÃO DO PARLAMENTAR";"0";"";"RCS SERVIÇOS DE ALIMENTAÇÃO LTDA";"512.702.430/0018-0";"270";"0";"2024-06-19T00:00:00";"1061";"0";"1061";"7";"2024";"0";"";"";"2054769";"";"";"";"2715";"7764940";"https://www.camara.leg.br/cota-parlamentar/documentos/publ/2715/2024/7764940.pdf"
"PDT";"";"";"";"2023";"NA";"";"57";"13";"FORNECIMENTO DE ALIMENTAÇÃO DO PARLAMENTAR";"0";"";"RCS SERVIÇOS DE ALIMENTAÇÃO LTDA";"512.702.430/0018-0";"291";"0";"2024-07-03T00:00:00";"1098";"0";"1098";"7";"2024";"0";"";"";"2055227";"";"";"";"2715";"7765740";"https://www.camara.leg.br/cota-parlamentar/documentos/publ/2715/2024/7765740.pdf"
"PDT";"";"";"";"2023";"NA";"";"57";"13";"FORNECIMENTO DE ALIMENTAÇÃO DO PARLAMENTAR";"0";"";"RCS SERVIÇOS DE ALIMENTAÇÃO LTDA";"512.702.430/0018-0";"295";"0";"2024-07-03T00:00:00";"950";"0";"950";"7";"2024";"0";"";"";"2055226";"";"";"";"2715";"7765739";"https://www.camara.leg.br/cota-parlamentar/documentos/publ/2715/2024/7765739.pdf"
"PDT";"";"";"";"2023";"NA";"";"57";"13";"FORNECIMENTO DE ALIMENTAÇÃO DO PARLAMENTAR";"0";"";"RCS SERVIÇOS DE ALIMENTAÇÃO LTDA";"512.702.430/0018-0";"309";"0";"2024-07-10T00:00:00";"1135";"0";"1135";"7";"2024";"0";"";"";"2059284";"";"";"";"2715";"7773700";"https://www.camara.leg.br/cota-parlamentar/documentos/publ/2715/2024/7773700.pdf"
"PDT";"";"";"";"2023";"NA";"";"57";"13";"FORNECIMENTO DE ALIMENTAÇÃO DO PARLAMENTAR";"0";"";"RCS SERVIÇOS DE ALIMENTAÇÃO LTDA";"512.702.430/0018-0";"313";"0";"2024-07-10T00:00:00";"800";"0";"800";"7";"2024";"0";"";"";"2059283";"";"";"";"2715";"7773699";"https://www.camara.leg.br/cota-parlamentar/documentos/publ/2715/2024/7773699.pdf"
"PDT";"";"";"";"2023";"NA";"";"57";"13";"FORNECIMENTO DE ALIMENTAÇÃO DO PARLAMENTAR";"0";"";"RCS SERVIÇOS DE ALIMENTAÇÃO LTDA";"512.702.430/0018-0";"32";"0";"2024-02-22T00:00:00";"800";"0";"800";"3";"2024";"0";"";"";"2018212";"";"";"";"2715";"7696389";"https://www.camara.leg.br/cota-parlamentar/documentos/publ/2715/2024/7696389.pdf"
"PDT";"";"";"";"2023";"NA";"";"57";"13";"FORNECIMENTO DE ALIMENTAÇÃO DO PARLAMENTAR";"0";"";"RCS SERVIÇOS DE ALIMENTAÇÃO LTDA";"512.702.430/0018-0";"330";"0";"2024-08-14T00:00:00";"911";"0";"911";"8";"2024";"0";"";"";"2066905";"";"";"";"2715";"7789345";"https://www.camara.leg.br/cota-parlamentar/documentos/publ/2715/2024/7789345.pdf"
"PDT";"";"";"";"2023";"NA";"";"57";"13";"FORNECIMENTO DE ALIMENTAÇÃO DO PARLAMENTAR";"0";"";"RCS SERVIÇOS DE ALIMENTAÇÃO LTDA";"512.702.430/0018-0";"331";"0";"2024-08-14T00:00:00";"800";"0";"800";"8";"2024";"0";"";"";"2066910";"";"";"";"2715";"7789350";"https://www.camara.leg.br/cota-parlamentar/documentos/publ/2715/2024/7789350.pdf"
"PDT";"";"";"";"2023";"NA";"";"57";"13";"FORNECIMENTO DE ALIMENTAÇÃO DO PARLAMENTAR";"0";"";"RCS SERVIÇOS DE ALIMENTAÇÃO LTDA";"512.702.430/0018-0";"378";"0";"2024-10-09T00:00:00";"1022";"0";"1022";"10";"2024";"0";"";"";"2081152";"";"";"";"2715";"7815749";"https://www.camara.leg.br/cota-parlamentar/documentos/publ/2715/2024/7815749.pdf"
"PDT";"";"";"";"2023";"NA";"";"57";"13";"FORNECIMENTO DE ALIMENTAÇÃO DO PARLAMENTAR";"0";"";"RCS SERVIÇOS DE ALIMENTAÇÃO LTDA";"512.702.430/0018-0";"406";"0";"2024-10-30T00:00:00";"911";"0";"911";"10";"2024";"0";"";"";"2085335";"";"";"";"2715";"7823829";"https://www.camara.leg.br/cota-parlamentar/documentos/publ/2715/2024/7823829.pdf"
"PDT";"";"";"";"2023";"NA";"";"57";"13";"FORNECIMENTO DE ALIMENTAÇÃO DO PARLAMENTAR";"0";"";"RCS SERVIÇOS DE ALIMENTAÇÃO LTDA";"512.702.430/0018-0";"407";"0";"2024-10-30T00:00:00";"800";"0";"800";"10";"2024";"0";"";"";"2085337";"";"";"";"2715";"7823834";"https://www.camara.leg.br/cota-parlamentar/documentos/publ/2715/2024/7823834.pdf"
"PDT";"";"";"";"2023";"NA";"";"57";"13";"FORNECIMENTO DE ALIMENTAÇÃO DO PARLAMENTAR";"0";"";"RCS SERVIÇOS DE ALIMENTAÇÃO LTDA";"512.702.430/0018-0";"408";"0";"2024-10-30T00:00:00";"800";"0";"800";"10";"2024";"0";"";"";"2085340";"";"";"";"2715";"7823838";"https://www.camara.leg.br/cota-parlamentar/documentos/publ/2715/2024/7823838.pdf"
"PDT";"";"";"";"2023";"NA";"";"57";"13";"FORNECIMENTO DE ALIMENTAÇÃO DO PARLAMENTAR";"0";"";"RCS SERVIÇOS DE ALIMENTAÇÃO LTDA";"512.702.430/0018-0";"426";"0";"2024-11-06T00:00:00";"1311";"0";"1311";"11";"2024";"0";"";"";"2087607";"";"";"";"2715";"7827703";"https://www.camara.leg.br/cota-parlamentar/documentos/publ/2715/2024/7827703.pdf"
"PDT";"";"";"";"2023";"NA";"";"57";"13";"FORNECIMENTO DE ALIMENTAÇÃO DO PARLAMENTAR";"0";"";"RCS SERVIÇOS DE ALIMENTAÇÃO LTDA";"512.702.430/0018-0";"460";"0";"2024-11-19T00:00:00";"1035";"0";"1035";"11";"2024";"0";"";"";"2090356";"";"";"";"2715";"7832784";"https://www.camara.leg.br/cota-parlamentar/documentos/publ/2715/2024/7832784.pdf"
"PDT";"";"";"";"2023";"NA";"";"57";"13";"FORNECIMENTO DE ALIMENTAÇÃO DO PARLAMENTAR";"0";"";"RCS SERVIÇOS DE ALIMENTAÇÃO LTDA";"512.702.430/0018-0";"475";"0";"2024-11-28T00:00:00";"1131";"0";"1131";"11";"2024";"0";"";"";"2092750";"";"";"";"2715";"7837445";"https://www.camara.leg.br/cota-parlamentar/documentos/publ/2715/2024/7837445.pdf"
"PDT";"";"";"";"2023";"NA";"";"57";"13";"FORNECIMENTO DE ALIMENTAÇÃO DO PARLAMENTAR";"0";"";"RCS SERVIÇOS DE ALIMENTAÇÃO LTDA";"512.702.430/0018-0";"476";"0";"2024-11-28T00:00:00";"1020";"0";"1020";"11";"2024";"0";"";"";"2092755";"";"";"";"2715";"7837487";"https://www.camara.leg.br/cota-parlamentar/documentos/publ/2715/2024/7837487.pdf"
"PDT";"";"";"";"2023";"NA";"";"57";"13";"FORNECIMENTO DE ALIMENTAÇÃO DO PARLAMENTAR";"0";"";"RCS SERVIÇOS DE ALIMENTAÇÃO LTDA";"512.702.430/0018-0";"49";"0";"2024-02-28T00:00:00";"800";"0";"800";"2";"2024";"0";"";"";"2017984";"";"";"";"2715";"7695961";"https://www.camara.leg.br/cota-parlamentar/documentos/publ/2715/2024/7695961.pdf"
"PDT";"";"";"";"2023";"NA";"";"57";"13";"FORNECIMENTO DE ALIMENTAÇÃO DO PARLAMENTAR";"0";"";"RCS SERVIÇOS DE ALIMENTAÇÃO LTDA";"512.702.430/0018-0";"493";"0";"2024-12-04T00:00:00";"1131";"0";"1131";"12";"2024";"0";"";"";"2094463";"";"";"";"2715";"7840346";"https://www.camara.leg.br/cota-parlamentar/documentos/publ/2715/2024/7840346.pdf"
"PDT";"";"";"";"2023";"NA";"";"57";"13";"FORNECIMENTO DE ALIMENTAÇÃO DO PARLAMENTAR";"0";"";"RCS SERVIÇOS DE ALIMENTAÇÃO LTDA";"512.702.430/0018-0";"494";"0";"2024-12-04T00:00:00";"1275";"0";"1275";"12";"2024";"0";"";"";"2094464";"";"";"";"2715";"7840347";"https://www.camara.leg.br/cota-parlamentar/documentos/publ/2715/2024/7840347.pdf"
"PDT";"";"";"";"2023";"NA";"";"57";"13";"FORNECIMENTO DE ALIMENTAÇÃO DO PARLAMENTAR";"0";"";"RCS SERVIÇOS DE ALIMENTAÇÃO LTDA";"512.702.430/0018-0";"50";"0";"2024-02-28T00:00:00";"800";"0";"800";"2";"2024";"0";"";"";"2017985";"";"";"";"2715";"7695962";"https://www.camara.leg.br/cota-parlamentar/documentos/publ/2715/2024/7695962.pdf"
"PDT";"";"";"";"2023";"NA";"";"57";"13";"FORNECIMENTO DE ALIMENTAÇÃO DO PARLAMENTAR";"0";"";"RCS SERVIÇOS DE ALIMENTAÇÃO LTDA";"512.702.430/0018-0";"516";"0";"2024-12-12T00:00:00";"1272";"0";"1272";"12";"2024";"0";"";"";"2097375";"";"";"";"2715";"7845749";"https://www.camara.leg.br/cota-parlamentar/documentos/publ/2715/2024/7845749.pdf"
"PDT";"";"";"";"2023";"NA";"";"57";"13";"FORNECIMENTO DE ALIMENTAÇÃO DO PARLAMENTAR";"0";"";"RCS SERVIÇOS DE ALIMENTAÇÃO LTDA";"512.702.430/0018-0";"517";"0";"2024-12-12T00:00:00";"1176";"0";"1176";"12";"2024";"0";"";"";"2097370";"";"";"";"2715";"7845738";"https://www.camara.leg.br/cota-parlamentar/documentos/publ/2715/2024/7845738.pdf"
"PDT";"";"";"";"2023";"NA";"";"57";"13";"FORNECIMENTO DE ALIMENTAÇÃO DO PARLAMENTAR";"0";"";"RCS SERVIÇOS DE ALIMENTAÇÃO LTDA";"512.702.430/0018-0";"518";"0";"2024-12-12T00:00:00";"1176";"0";"1176";"12";"2024";"0";"";"";"2097377";"";"";"";"2715";"7845752";"https://www.camara.leg.br/cota-parlamentar/documentos/publ/2715/2024/7845752.pdf"
"PDT";"";"";"";"2023";"NA";"";"57";"13";"FORNECIMENTO DE ALIMENTAÇÃO DO PARLAMENTAR";"0";"";"RCS SERVIÇOS DE ALIMENTAÇÃO LTDA";"512.702.430/0018-0";"530";"0";"2024-12-18T00:00:00";"1231";"0";"1231";"12";"2024";"0";"";"";"2099244";"";"";"";"2715";"7849365";"https://www.camara.leg.br/cota-parlamentar/documentos/publ/2715/2024/7849365.pdf"
"PDT";"";"";"";"2023";"NA";"";"57";"13";"FORNECIMENTO DE ALIMENTAÇÃO DO PARLAMENTAR";"0";"";"RCS SERVIÇOS DE ALIMENTAÇÃO LTDA";"512.702.430/0018-0";"533";"0";"2024-12-18T00:00:00";"1176";"0";"1176";"12";"2024";"0";"";"";"2099245";"";"";"";"2715";"7849366";"https://www.camara.leg.br/cota-parlamentar/documentos/publ/2715/2024/7849366.pdf"
"PDT";"";"";"";"2023";"NA";"";"57";"13";"FORNECIMENTO DE ALIMENTAÇÃO DO PARLAMENTAR";"0";"";"RCS SERVIÇOS DE ALIMENTAÇÃO LTDA";"512.702.430/0018-0";"68";"0";"2024-03-06T00:00:00";"950";"0";"950";"3";"2024";"0";"";"";"2020465";"";"";"";"2715";"7700373";"https://www.camara.leg.br/cota-parlamentar/documentos/publ/2715/2024/7700373.pdf"
"PDT";"";"";"";"2023";"NA";"";"57";"13";"FORNECIMENTO DE ALIMENTAÇÃO DO PARLAMENTAR";"0";"";"RCS SERVIÇOS DE ALIMENTAÇÃO LTDA";"512.702.430/0018-0";"83";"0";"2024-03-13T00:00:00";"950";"0";"950";"3";"2024";"0";"";"";"2022461";"";"";"";"2715";"7704332";"https://www.camara.leg.br/cota-parlamentar/documentos/publ/2715/2024/7704332.pdf"
"PDT";"";"";"";"2023";"NA";"";"57";"13";"FORNECIMENTO DE ALIMENTAÇÃO DO PARLAMENTAR";"0";"";"RCS SERVIÇOS DE ALIMENTAÇÃO LTDA";"512.702.430/0018-0";"84";"0";"2024-03-13T00:00:00";"800";"0";"800";"3";"2024";"0";"";"";"2022462";"";"";"";"2715";"7704333";"https://www.camara.leg.br/cota-parlamentar/documentos/publ/2715/2024/7704333.pdf"
"PODE";"";"";"";"2023";"NA";"";"57";"13";"FORNECIMENTO DE ALIMENTAÇÃO DO PARLAMENTAR";"0";"";"RCS SERVIÇOS DE ALIMENTAÇÃO LTDA";"512.702.430/0018-0";"112";"0";"2024-03-28T00:00:00";"1800";"0";"1800";"3";"2024";"0";"";"";"2030080";"";"";"";"3172";"7718310";"https://www.camara.leg.br/cota-parlamentar/documentos/publ/3172/2024/7718310.pdf"
"PODE";"";"";"";"2023";"NA";"";"57";"13";"FORNECIMENTO DE ALIMENTAÇÃO DO PARLAMENTAR";"0";"";"RCS SERVIÇOS DE ALIMENTAÇÃO LTDA";"512.702.430/0018-0";"118";"0";"2024-04-11T00:00:00";"1800";"0";"1800";"4";"2024";"0";"";"";"2030081";"";"";"";"3172";"7718312";"https://www.camara.leg.br/cota-parlamentar/documentos/publ/3172/2024/7718312.pdf"
"PODE";"";"";"";"2023";"NA";"";"57";"13";"FORNECIMENTO DE ALIMENTAÇÃO DO PARLAMENTAR";"0";"";"RCS SERVIÇOS DE ALIMENTAÇÃO LTDA";"512.702.430/0018-0";"131";"0";"2024-04-16T00:00:00";"3029";"0";"3029";"4";"2024";"0";"";"";"2031024";"";"";"";"3172";"7720178";"https://www.camara.leg.br/cota-parlamentar/documentos/publ/3172/2024/7720178.pdf"
"PODE";"";"";"";"2023";"NA";"";"57";"13";"FORNECIMENTO DE ALIMENTAÇÃO DO PARLAMENTAR";"0";"";"RCS SERVIÇOS DE ALIMENTAÇÃO LTDA";"512.702.430/0018-0";"144";"0";"2024-04-24T00:00:00";"1806";"0";"1806";"4";"2024";"0";"";"";"2036843";"";"";"";"3172";"7731288";"https://www.camara.leg.br/cota-parlamentar/documentos/publ/3172/2024/7731288.pdf"
"PODE";"";"";"";"2023";"NA";"";"57";"13";"FORNECIMENTO DE ALIMENTAÇÃO DO PARLAMENTAR";"0";"";"RCS SERVIÇOS DE ALIMENTAÇÃO LTDA";"512.702.430/0018-0";"161";"0";"2024-05-07T00:00:00";"1807";"0";"1807";"5";"2024";"0";"";"";"2036858";"";"";"";"3172";"7731291";"https://www.camara.leg.br/cota-parlamentar/documentos/publ/3172/2024/7731291.pdf"
"PODE";"";"";"";"2023";"NA";"";"57";"13";"FORNECIMENTO DE ALIMENTAÇÃO DO PARLAMENTAR";"0";"";"RCS SERVIÇOS DE ALIMENTAÇÃO LTDA";"512.702.430/0018-0";"18";"0";"2024-02-15T00:00:00";"1508";"0";"1508";"2";"2024";"0";"";"";"2018006";"";"";"";"3172";"7695990";"https://www.camara.leg.br/cota-parlamentar/documentos/publ/3172/2024/7695990.pdf"
"PODE";"";"";"";"2023";"NA";"";"57";"13";"FORNECIMENTO DE ALIMENTAÇÃO DO PARLAMENTAR";"0";"";"RCS SERVIÇOS DE ALIMENTAÇÃO LTDA";"512.702.430/0018-0";"180";"0";"2024-05-15T00:00:00";"1896";"0";"1896";"5";"2024";"0";"";"";"2039834";"";"";"";"3172";"7736098";"https://www.camara.leg.br/cota-parlamentar/documentos/publ/3172/2024/7736098.pdf"
"PODE";"";"";"";"2023";"NA";"";"57";"13";"FORNECIMENTO DE ALIMENTAÇÃO DO PARLAMENTAR";"0";"";"RCS SERVIÇOS DE ALIMENTAÇÃO LTDA";"512.702.430/0018-0";"19";"0";"2024-02-15T00:00:00";"1806";"0";"1806";"2";"2024";"0";"";"";"2018008";"";"";"";"3172";"7695996";"https://www.camara.leg.br/cota-parlamentar/documentos/publ/3172/2024/7695996.pdf"
"PODE";"";"";"";"2023";"NA";"";"57";"13";"FORNECIMENTO DE ALIMENTAÇÃO DO PARLAMENTAR";"0";"";"RCS SERVIÇOS DE ALIMENTAÇÃO LTDA";"512.702.430/0018-0";"194";"0";"2024-05-21T00:00:00";"2506";"0";"2506";"5";"2024";"0";"";"";"2041956";"";"";"";"3172";"7740403";"https://www.camara.leg.br/cota-parlamentar/documentos/publ/3172/2024/7740403.pdf"
"PODE";"";"";"";"2023";"NA";"";"57";"13";"FORNECIMENTO DE ALIMENTAÇÃO DO PARLAMENTAR";"0";"";"RCS SERVIÇOS DE ALIMENTAÇÃO LTDA";"512.702.430/0018-0";"206";"0";"2024-05-23T00:00:00";"2210";"0";"2210";"5";"2024";"0";"";"";"2045150";"";"";"";"3172";"7746562";"https://www.camara.leg.br/cota-parlamentar/documentos/publ/3172/2024/7746562.pdf"
"PODE";"";"";"";"2023";"NA";"";"57";"13";"FORNECIMENTO DE ALIMENTAÇÃO DO PARLAMENTAR";"0";"";"RCS SERVIÇOS DE ALIMENTAÇÃO LTDA";"512.702.430/0018-0";"213";"0";"2024-05-28T00:00:00";"1804";"0";"1804";"5";"2024";"0";"";"";"2045157";"";"";"";"3172";"7743788";"https://www.camara.leg.br/cota-parlamentar/documentos/publ/3172/2024/7743788.pdf"
"PODE";"";"";"";"2023";"NA";"";"57";"13";"FORNECIMENTO DE ALIMENTAÇÃO DO PARLAMENTAR";"0";"";"RCS SERVIÇOS DE ALIMENTAÇÃO LTDA";"512.702.430/0018-0";"23";"0";"2024-02-21T00:00:00";"1800";"0";"1800";"2";"2024";"0";"";"";"2018010";"";"";"";"3172";"7696002";"https://www.camara.leg.br/cota-parlamentar/documentos/publ/3172/2024/7696002.pdf"
"PODE";"";"";"";"2023";"NA";"";"57";"13";"FORNECIMENTO DE ALIMENTAÇÃO DO PARLAMENTAR";"0";"";"RCS SERVIÇOS DE ALIMENTAÇÃO LTDA";"512.702.430/0018-0";"232";"0";"2024-06-04T00:00:00";"1807";"0";"1807";"6";"2024";"0";"";"";"2048109";"";"";"";"3172";"7750809";"https://www.camara.leg.br/cota-parlamentar/documentos/publ/3172/2024/7750809.pdf"
"PODE";"";"";"";"2023";"NA";"";"57";"13";"FORNECIMENTO DE ALIMENTAÇÃO DO PARLAMENTAR";"0";"";"RCS SERVIÇOS DE ALIMENTAÇÃO LTDA";"512.702.430/0018-0";"248";"0";"2024-06-11T00:00:00";"2256";"0";"2256";"6";"2024";"0";"";"";"2048110";"";"";"";"3172";"7751888";"https://www.camara.leg.br/cota-parlamentar/documentos/publ/3172/2024/7751888.pdf"
"PODE";"";"";"";"2023";"NA";"";"57";"13";"FORNECIMENTO DE ALIMENTAÇÃO DO PARLAMENTAR";"0";"";"RCS SERVIÇOS DE ALIMENTAÇÃO LTDA";"512.702.430/0018-0";"286";"0";"2024-07-03T00:00:00";"1804";"0";"1804";"7";"2024";"0";"";"";"2054650";"";"";"";"3172";"7764754";"https://www.camara.leg.br/cota-parlamentar/documentos/publ/3172/2024/7764754.pdf"
"PODE";"";"";"";"2023";"NA";"";"57";"13";"FORNECIMENTO DE ALIMENTAÇÃO DO PARLAMENTAR";"0";"";"RCS SERVIÇOS DE ALIMENTAÇÃO LTDA";"512.702.430/0018-0";"304";"0";"2024-07-09T00:00:00";"1807";"0";"1807";"7";"2024";"0";"";"";"2057135";"";"";"";"3172";"7768459";"https://www.camara.leg.br/cota-parlamentar/documentos/publ/3172/2024/7768459.pdf"
"PODE";"";"";"";"2023";"NA";"";"57";"13";"FORNECIMENTO DE ALIMENTAÇÃO DO PARLAMENTAR";"0";"";"RCS SERVIÇOS DE ALIMENTAÇÃO LTDA";"512.702.430/0018-0";"327";"0";"2024-08-14T00:00:00";"1806";"0";"1806";"8";"2024";"0";"";"";"2065629";"";"";"";"3172";"7786819";"https://www.camara.leg.br/cota-parlamentar/documentos/publ/3172/2024/7786819.pdf"
"PODE";"";"";"";"2023";"NA";"";"57";"13";"FORNECIMENTO DE ALIMENTAÇÃO DO PARLAMENTAR";"0";"";"RCS SERVIÇOS DE ALIMENTAÇÃO LTDA";"512.702.430/0018-0";"377";"0";"2024-10-09T00:00:00";"2150";"0";"2150";"10";"2024";"0";"";"";"2081547";"";"";"";"3172";"7816486";"https://www.camara.leg.br/cota-parlamentar/documentos/publ/3172/2024/7816486.pdf"
"PODE";"";"";"";"2023";"NA";"";"57";"13";"FORNECIMENTO DE ALIMENTAÇÃO DO PARLAMENTAR";"0";"";"RCS SERVIÇOS DE ALIMENTAÇÃO LTDA";"512.702.430/0018-0";"409";"0";"2024-10-30T00:00:00";"1500";"0";"1500";"10";"2024";"0";"";"";"2085574";"";"";"";"3172";"7824306";"https://www.camara.leg.br/cota-parlamentar/documentos/publ/3172/2024/7824306.pdf"
"PODE";"";"";"";"2023";"NA";"";"57";"13";"FORNECIMENTO DE ALIMENTAÇÃO DO PARLAMENTAR";"0";"";"RCS SERVIÇOS DE ALIMENTAÇÃO LTDA";"512.702.430/0018-0";"41";"0";"2024-02-28T00:00:00";"1800";"0";"1800";"2";"2024";"0";"";"";"2018014";"";"";"";"3172";"7696008";"https://www.camara.leg.br/cota-parlamentar/documentos/publ/3172/2024/7696008.pdf"
"PODE";"";"";"";"2023";"NA";"";"57";"13";"FORNECIMENTO DE ALIMENTAÇÃO DO PARLAMENTAR";"0";"";"RCS SERVIÇOS DE ALIMENTAÇÃO LTDA";"512.702.430/0018-0";"410";"0";"2024-10-30T00:00:00";"2100";"0";"2100";"10";"2024";"0";"";"";"2085575";"";"";"";"3172";"7824317";"https://www.camara.leg.br/cota-parlamentar/documentos/publ/3172/2024/7824317.pdf"
"PODE";"";"";"";"2023";"NA";"";"57";"13";"FORNECIMENTO DE ALIMENTAÇÃO DO PARLAMENTAR";"0";"";"RCS SERVIÇOS DE ALIMENTAÇÃO LTDA";"512.702.430/0018-0";"411";"0";"2024-10-30T00:00:00";"2100";"0";"2100";"10";"2024";"0";"";"";"2085576";"";"";"";"3172";"7824320";"https://www.camara.leg.br/cota-parlamentar/documentos/publ/3172/2024/7824320.pdf"
"PODE";"";"";"";"2023";"NA";"";"57";"13";"FORNECIMENTO DE ALIMENTAÇÃO DO PARLAMENTAR";"0";"";"RCS SERVIÇOS DE ALIMENTAÇÃO LTDA";"512.702.430/0018-0";"412";"0";"2024-10-30T00:00:00";"2880";"0";"2880";"10";"2024";"0";"";"";"2085578";"";"";"";"3172";"7824321";"https://www.camara.leg.br/cota-parlamentar/documentos/publ/3172/2024/7824321.pdf"
"PODE";"";"";"";"2023";"NA";"";"57";"13";"FORNECIMENTO DE ALIMENTAÇÃO DO PARLAMENTAR";"0";"";"RCS SERVIÇOS DE ALIMENTAÇÃO LTDA";"512.702.430/0018-0";"413";"0";"2024-10-30T00:00:00";"2100";"0";"2100";"10";"2024";"0";"";"";"2085580";"";"";"";"3172";"7824325";"https://www.camara.leg.br/cota-parlamentar/documentos/publ/3172/2024/7824325.pdf"
"PODE";"";"";"";"2023";"NA";"";"57";"13";"FORNECIMENTO DE ALIMENTAÇÃO DO PARLAMENTAR";"0";"";"RCS SERVIÇOS DE ALIMENTAÇÃO LTDA";"512.702.430/0018-0";"422";"0";"2024-11-05T00:00:00";"1500";"0";"1500";"11";"2024";"0";"";"";"2087214";"";"";"";"3172";"7827028";"https://www.camara.leg.br/cota-parlamentar/documentos/publ/3172/2024/7827028.pdf"
"PODE";"";"";"";"2023";"NA";"";"57";"13";"FORNECIMENTO DE ALIMENTAÇÃO DO PARLAMENTAR";"0";"";"RCS SERVIÇOS DE ALIMENTAÇÃO LTDA";"512.702.430/0018-0";"423";"0";"2024-11-05T00:00:00";"2100";"0";"2100";"11";"2024";"0";"";"";"2087215";"";"";"";"3172";"7827030";"https://www.camara.leg.br/cota-parlamentar/documentos/publ/3172/2024/7827030.pdf"
"PODE";"";"";"";"2023";"NA";"";"57";"13";"FORNECIMENTO DE ALIMENTAÇÃO DO PARLAMENTAR";"0";"";"RCS SERVIÇOS DE ALIMENTAÇÃO LTDA";"512.702.430/0018-0";"441";"0";"2024-11-13T00:00:00";"1500";"0";"1500";"11";"2024";"0";"";"";"2088970";"";"";"";"3172";"7830233";"https://www.camara.leg.br/cota-parlamentar/documentos/publ/3172/2024/7830233.pdf"
"PODE";"";"";"";"2023";"NA";"";"57";"13";"FORNECIMENTO DE ALIMENTAÇÃO DO PARLAMENTAR";"0";"";"RCS SERVIÇOS DE ALIMENTAÇÃO LTDA";"512.702.430/0018-0";"442";"0";"2024-11-13T00:00:00";"2100";"0";"2100";"11";"2024";"0";"";"";"2088971";"";"";"";"3172";"7830234";"https://www.camara.leg.br/cota-parlamentar/documentos/publ/3172/2024/7830234.pdf"
"PODE";"";"";"";"2023";"NA";"";"57";"13";"FORNECIMENTO DE ALIMENTAÇÃO DO PARLAMENTAR";"0";"";"RCS SERVIÇOS DE ALIMENTAÇÃO LTDA";"512.702.430/0018-0";"443";"0";"2024-11-13T00:00:00";"1500";"0";"1500";"11";"2024";"0";"";"";"2088973";"";"";"";"3172";"7830235";"https://www.camara.leg.br/cota-parlamentar/documentos/publ/3172/2024/7830235.pdf"
"PODE";"";"";"";"2023";"NA";"";"57";"13";"FORNECIMENTO DE ALIMENTAÇÃO DO PARLAMENTAR";"0";"";"RCS SERVIÇOS DE ALIMENTAÇÃO LTDA";"512.702.430/0018-0";"444";"0";"2024-11-13T00:00:00";"2100";"0";"2100";"11";"2024";"0";"";"";"2088974";"";"";"";"3172";"7830237";"https://www.camara.leg.br/cota-parlamentar/documentos/publ/3172/2024/7830237.pdf"
"PODE";"";"";"";"2023";"NA";"";"57";"13";"FORNECIMENTO DE ALIMENTAÇÃO DO PARLAMENTAR";"0";"";"RCS SERVIÇOS DE ALIMENTAÇÃO LTDA";"512.702.430/0018-0";"461";"0";"2024-11-21T00:00:00";"1500";"0";"1500";"11";"2024";"0";"";"";"2090491";"";"";"";"3172";"7833047";"https://www.camara.leg.br/cota-parlamentar/documentos/publ/3172/2024/7833047.pdf"
"PODE";"";"";"";"2023";"NA";"";"57";"13";"FORNECIMENTO DE ALIMENTAÇÃO DO PARLAMENTAR";"0";"";"RCS SERVIÇOS DE ALIMENTAÇÃO LTDA";"512.702.430/0018-0";"462";"0";"2024-11-21T00:00:00";"2250";"0";"2250";"11";"2024";"0";"";"";"2090492";"";"";"";"3172";"7833048";"https://www.camara.leg.br/cota-parlamentar/documentos/publ/3172/2024/7833048.pdf"
"PODE";"";"";"";"2023";"NA";"";"57";"13";"FORNECIMENTO DE ALIMENTAÇÃO DO PARLAMENTAR";"0";"";"RCS SERVIÇOS DE ALIMENTAÇÃO LTDA";"512.702.430/0018-0";"463";"0";"2024-11-21T00:00:00";"2100";"0";"2100";"11";"2024";"0";"";"";"2090493";"";"";"";"3172";"7833050";"https://www.camara.leg.br/cota-parlamentar/documentos/publ/3172/2024/7833050.pdf"
"PODE";"";"";"";"2023";"NA";"";"57";"13";"FORNECIMENTO DE ALIMENTAÇÃO DO PARLAMENTAR";"0";"";"RCS SERVIÇOS DE ALIMENTAÇÃO LTDA";"512.702.430/0018-0";"473";"0";"2024-11-27T00:00:00";"1806";"0";"1806";"11";"2024";"0";"";"";"2092071";"";"";"";"3172";"7836182";"https://www.camara.leg.br/cota-parlamentar/documentos/publ/3172/2024/7836182.pdf"
"PODE";"";"";"";"2023";"NA";"";"57";"13";"FORNECIMENTO DE ALIMENTAÇÃO DO PARLAMENTAR";"0";"";"RCS SERVIÇOS DE ALIMENTAÇÃO LTDA";"512.702.430/0018-0";"490";"0";"2024-12-04T00:00:00";"1800";"0";"1800";"12";"2024";"0";"";"";"2094337";"";"";"";"3172";"7840110";"https://www.camara.leg.br/cota-parlamentar/documentos/publ/3172/2024/7840110.pdf"
"PODE";"";"";"";"2023";"NA";"";"57";"13";"FORNECIMENTO DE ALIMENTAÇÃO DO PARLAMENTAR";"0";"";"RCS SERVIÇOS DE ALIMENTAÇÃO LTDA";"512.702.430/0018-0";"497";"0";"2024-12-04T00:00:00";"2100";"0";"2100";"12";"2024";"0";"";"";"2094338";"";"";"";"3172";"7840112";"https://www.camara.leg.br/cota-parlamentar/documentos/publ/3172/2024/7840112.pdf"
"PODE";"";"";"";"2023";"NA";"";"57";"13";"FORNECIMENTO DE ALIMENTAÇÃO DO PARLAMENTAR";"0";"";"RCS SERVIÇOS DE ALIMENTAÇÃO LTDA";"512.702.430/0018-0";"513";"0";"2024-12-12T00:00:00";"1800";"0";"1800";"12";"2024";"0";"";"";"2097532";"";"";"";"3172";"7845981";"https://www.camara.leg.br/cota-parlamentar/documentos/publ/3172/2024/7845981.pdf"
"PODE";"";"";"";"2023";"NA";"";"57";"13";"FORNECIMENTO DE ALIMENTAÇÃO DO PARLAMENTAR";"0";"";"RCS SERVIÇOS DE ALIMENTAÇÃO LTDA";"512.702.430/0018-0";"59";"0";"2024-03-06T00:00:00";"1989";"0";"1989";"3";"2024";"0";"";"";"2023009";"";"";"";"3172";"7698537";"https://www.camara.leg.br/cota-parlamentar/documentos/publ/3172/2024/7698537.pdf"
"PODE";"";"";"";"2023";"NA";"";"57";"13";"FORNECIMENTO DE ALIMENTAÇÃO DO PARLAMENTAR";"0";"";"RCS SERVIÇOS DE ALIMENTAÇÃO LTDA";"512.702.430/0018-0";"60";"0";"2024-03-06T00:00:00";"2184";"0";"2184";"3";"2024";"0";"";"";"2023010";"";"";"";"3172";"7698541";"https://www.camara.leg.br/cota-parlamentar/documentos/publ/3172/2024/7698541.pdf"
"PODE";"";"";"";"2023";"NA";"";"57";"13";"FORNECIMENTO DE ALIMENTAÇÃO DO PARLAMENTAR";"0";"";"RCS SERVIÇOS DE ALIMENTAÇÃO LTDA";"512.702.430/0018-0";"74";"0";"2024-03-13T00:00:00";"1800";"0";"1800";"3";"2024";"0";"";"";"2023014";"";"";"";"3172";"7702244";"https://www.camara.leg.br/cota-parlamentar/documentos/publ/3172/2024/7702244.pdf"
"PODE";"";"";"";"2023";"NA";"";"57";"13";"FORNECIMENTO DE ALIMENTAÇÃO DO PARLAMENTAR";"0";"";"RCS SERVIÇOS DE ALIMENTAÇÃO LTDA";"512.702.430/0018-0";"92";"0";"2024-03-20T00:00:00";"1800";"0";"1800";"3";"2024";"0";"";"";"2025054";"";"";"";"3172";"7709144";"https://www.camara.leg.br/cota-parlamentar/documentos/publ/3172/2024/7709144.pdf"
"PP";"";"";"";"2023";"NA";"";"57";"13";"FORNECIMENTO DE ALIMENTAÇÃO DO PARLAMENTAR";"0";"";"TAIOBA SELF-SERVICE LTDA EPP";"033.466.710/0133-0";"133";"4";"2024-06-28T00:00:00";"14000";"0";"14000";"6";"2024";"0";"";"";"2057179";"";"";"";"3461";"7769502";"https://www.camara.leg.br/cota-parlamentar/nota-fiscal-eletronica?ideDocumentoFiscal=7769502"
"PP";"";"";"";"2023";"NA";"";"57";"13";"FORNECIMENTO DE ALIMENTAÇÃO DO PARLAMENTAR";"0";"";"TAIOBA SELF-SERVICE LTDA EPP";"033.466.710/0133-0";"161";"4";"2024-07-31T00:00:00";"8000";"0";"8000";"7";"2024";"0";"";"";"2066757";"";"";"";"3461";"7789043";"https://www.camara.leg.br/cota-parlamentar/nota-fiscal-eletronica?ideDocumentoFiscal=7789043"
"PP";"";"";"";"2023";"NA";"";"57";"13";"FORNECIMENTO DE ALIMENTAÇÃO DO PARLAMENTAR";"0";"";"TAIOBA SELF-SERVICE LTDA EPP";"033.466.710/0133-0";"17";"4";"2024-04-01T00:00:00";"16000";"0";"16000";"3";"2024";"0";"";"";"2031109";"";"";"";"3461";"7720356";"https://www.camara.leg.br/cota-parlamentar/nota-fiscal-eletronica?ideDocumentoFiscal=7720356"
"PP";"";"";"";"2023";"NA";"";"57";"13";"FORNECIMENTO DE ALIMENTAÇÃO DO PARLAMENTAR";"0";"";"TAIOBA SELF-SERVICE LTDA EPP";"033.466.710/0133-0";"192";"4";"2024-09-05T00:00:00";"6000";"0";"6000";"8";"2024";"0";"";"";"2077029";"";"";"";"3461";"7808755";"https://www.camara.leg.br/cota-parlamentar/nota-fiscal-eletronica?ideDocumentoFiscal=7808755"
"PP";"";"";"";"2023";"NA";"";"57";"13";"FORNECIMENTO DE ALIMENTAÇÃO DO PARLAMENTAR";"0";"";"TAIOBA SELF-SERVICE LTDA EPP";"033.466.710/0133-0";"203";"4";"2024-09-30T00:00:00";"2000";"0";"2000";"9";"2024";"0";"";"";"2081537";"";"";"";"3461";"7816456";"https://www.camara.leg.br/cota-parlamentar/nota-fiscal-eletronica?ideDocumentoFiscal=7816456"
"PP";"";"";"";"2023";"NA";"";"57";"13";"FORNECIMENTO DE ALIMENTAÇÃO DO PARLAMENTAR";"0";"";"TAIOBA SELF-SERVICE LTDA EPP";"033.466.710/0133-0";"255";"4";"2024-12-03T00:00:00";"14000";"0";"14000";"11";"2024";"0";"";"";"2098501";"";"";"";"3461";"7847874";"https://www.camara.leg.br/cota-parlamentar/nota-fiscal-eletronica?ideDocumentoFiscal=7847874"
"PP";"";"";"";"2023";"NA";"";"57";"13";"FORNECIMENTO DE ALIMENTAÇÃO DO PARLAMENTAR";"0";"";"TAIOBA SELF-SERVICE LTDA EPP";"033.466.710/0133-0";"256";"4";"2024-12-03T00:00:00";"6000";"0";"6000";"10";"2024";"0";"";"";"2094673";"";"";"";"3461";"7840744";"https://www.camara.leg.br/cota-parlamentar/nota-fiscal-eletronica?ideDocumentoFiscal=7840744"
"PP";"";"";"";"2023";"NA";"";"57";"13";"FORNECIMENTO DE ALIMENTAÇÃO DO PARLAMENTAR";"0";"";"TAIOBA SELF-SERVICE LTDA EPP";"033.466.710/0133-0";"311";"4";"2024-12-19T00:00:00";"12000";"0";"12000";"12";"2024";"0";"";"";"2105995";"";"";"";"3461";"7861275";"https://www.camara.leg.br/cota-parlamentar/nota-fiscal-eletronica?ideDocumentoFiscal=7861275"
"PP";"";"";"";"2023";"NA";"";"57";"13";"FORNECIMENTO DE ALIMENTAÇÃO DO PARLAMENTAR";"0";"";"TAIOBA SELF-SERVICE LTDA EPP";"033.466.710/0133-0";"60";"0";"2024-05-02T00:00:00";"12000";"0";"12000";"4";"2024";"0";"";"";"2039452";"";"";"";"3461";"7735354";"https://www.camara.leg.br/cota-parlamentar/documentos/publ/3461/2024/7735354.pdf"
"PP";"";"";"";"2023";"NA";"";"57";"13";"FORNECIMENTO DE ALIMENTAÇÃO DO PARLAMENTAR";"0";"";"TAIOBA SELF-SERVICE LTDA EPP";"033.466.710/0133-0";"8";"4";"2024-03-22T00:00:00";"10000";"0";"10000";"2";"2024";"0";"";"";"2024741";"";"";"";"3461";"7708456";"https://www.camara.leg.br/cota-parlamentar/nota-fiscal-eletronica?ideDocumentoFiscal=7708456"
"PP";"";"";"";"2023";"NA";"";"57";"13";"FORNECIMENTO DE ALIMENTAÇÃO DO PARLAMENTAR";"0";"";"TAIOBA SELF-SERVICE LTDA EPP";"033.466.710/0133-0";"94";"4";"2024-05-29T00:00:00";"14000";"0";"14000";"5";"2024";"0";"";"";"2048521";"";"";"";"3461";"7752628";"https://www.camara.leg.br/cota-parlamentar/nota-fiscal-eletronica?ideDocumentoFiscal=7752628"
"PRD";"";"";"";"2023";"NA";"";"57";"13";"FORNECIMENTO DE ALIMENTAÇÃO DO PARLAMENTAR";"0";"";"LIDIA MARIA DA PONTE VIVEIROS 60615192149";"421.953.730/0010-5";"27";"4";"2024-06-03T00:00:00";"225";"0";"225";"5";"2024";"0";"";"";"2055062";"";"";"";"3760";"7765454";"https://www.camara.leg.br/cota-parlamentar/nota-fiscal-eletronica?ideDocumentoFiscal=7765454"
"PRD";"";"";"";"2023";"NA";"";"57";"13";"FORNECIMENTO DE ALIMENTAÇÃO DO PARLAMENTAR";"0";"";"LIDIA MARIA DA PONTE VIVEIROS 60615192149";"421.953.730/0010-5";"28";"4";"2024-06-03T00:00:00";"225";"0";"225";"5";"2024";"0";"";"";"2055062";"";"";"";"3760";"7765458";"https://www.camara.leg.br/cota-parlamentar/nota-fiscal-eletronica?ideDocumentoFiscal=7765458"
"PSD";"";"";"";"2023";"NA";"";"57";"1";"MANUTENÇÃO DE ESCRITÓRIO DE APOIO À ATIVIDADE PARLAMENTAR";"0";"";"GRAN COFFEE COM. LOC. E SERVICOS S.A.";"087.360.110/0111-8";"56370";"1";"2024-02-01T00:00:00";"336.57";"0";"336.57";"1";"2024";"0";"";"";"2025256";"";"";"";"2725";"7709502";"https://www.camara.leg.br/cota-parlamentar/documentos/publ/2725/2024/7709502.pdf"
"PSD";"";"";"";"2023";"NA";"";"57";"1";"MANUTENÇÃO DE ESCRITÓRIO DE APOIO À ATIVIDADE PARLAMENTAR";"0";"";"GRAN COFFEE COM. LOC. E SERVICOS S.A.";"087.360.110/0111-8";"56817";"1";"2024-03-01T00:00:00";"336.57";"0";"336.57";"2";"2024";"0";"";"";"2025282";"";"";"";"2725";"7709590";"https://www.camara.leg.br/cota-parlamentar/documentos/publ/2725/2024/7709590.pdf"
"PSD";"";"";"";"2023";"NA";"";"57";"1";"MANUTENÇÃO DE ESCRITÓRIO DE APOIO À ATIVIDADE PARLAMENTAR";"0";"";"THM MAQUINAS SEMIAUTOMATICAS LTDA";"443.183.930/0015-1";"581";"0";"2024-04-29T00:00:00";"1106";"0";"1106";"5";"2024";"0";"";"";"2035178";"";"";"";"2725";"7728343";"https://www.camara.leg.br/cota-parlamentar/documentos/publ/2725/2024/7728343.pdf"
"PSD";"";"";"";"2023";"NA";"";"57";"1";"MANUTENÇÃO DE ESCRITÓRIO DE APOIO À ATIVIDADE PARLAMENTAR";"0";"";"THM MAQUINAS SEMIAUTOMATICAS LTDA";"443.183.930/0015-1";"612";"0";"2024-05-22T00:00:00";"1106";"0";"1106";"6";"2024";"0";"";"";"2046665";"";"";"";"2725";"7749130";"https://www.camara.leg.br/cota-parlamentar/documentos/publ/2725/2024/7749130.pdf"
"PSD";"";"";"";"2023";"NA";"";"57";"1";"MANUTENÇÃO DE ESCRITÓRIO DE APOIO À ATIVIDADE PARLAMENTAR";"0";"";"THM MAQUINAS SEMIAUTOMATICAS LTDA";"443.183.930/0015-1";"653";"0";"2024-06-25T00:00:00";"1106";"0";"1106";"7";"2024";"0";"";"";"2056218";"";"";"";"2725";"7767630";"https://www.camara.leg.br/cota-parlamentar/documentos/publ/2725/2024/7767630.pdf"
"PSD";"";"";"";"2023";"NA";"";"57";"1";"MANUTENÇÃO DE ESCRITÓRIO DE APOIO À ATIVIDADE PARLAMENTAR";"0";"";"THM MAQUINAS SEMIAUTOMATICAS LTDA";"443.183.930/0015-1";"687";"0";"2024-07-22T00:00:00";"1106";"0";"1106";"8";"2024";"0";"";"";"2066164";"";"";"";"2725";"7787953";"https://www.camara.leg.br/cota-parlamentar/documentos/publ/2725/2024/7787953.pdf"
"PSD";"";"";"";"2023";"NA";"";"57";"1";"MANUTENÇÃO DE ESCRITÓRIO DE APOIO À ATIVIDADE PARLAMENTAR";"0";"";"THM MAQUINAS SEMIAUTOMATICAS LTDA";"443.183.930/0015-1";"731";"0";"2024-08-23T00:00:00";"1106";"0";"1106";"9";"2024";"0";"";"";"2071894";"";"";"";"2725";"7798769";"https://www.camara.leg.br/cota-parlamentar/documentos/publ/2725/2024/7798769.pdf"
"PSD";"";"";"";"2023";"NA";"";"57";"1";"MANUTENÇÃO DE ESCRITÓRIO DE APOIO À ATIVIDADE PARLAMENTAR";"0";"";"THM MAQUINAS SEMIAUTOMATICAS LTDA";"443.183.930/0015-1";"790";"0";"2024-09-24T00:00:00";"1106";"0";"1106";"10";"2024";"0";"";"";"2081879";"";"";"";"2725";"7817149";"https://www.camara.leg.br/cota-parlamentar/documentos/publ/2725/2024/7817149.pdf"
"PSD";"";"";"";"2023";"NA";"";"57";"13";"FORNECIMENTO DE ALIMENTAÇÃO DO PARLAMENTAR";"0";"";"RCS SERVIÇOS DE ALIMENTAÇÃO LTDA";"512.702.430/0018-0";"106";"0";"2024-03-26T00:00:00";"1400";"0";"1400";"3";"2024";"0";"";"";"2029708";"";"";"";"2725";"7717636";"https://www.camara.leg.br/cota-parlamentar/documentos/publ/2725/2024/7717636.pdf"
"PSD";"";"";"";"2023";"NA";"";"57";"13";"FORNECIMENTO DE ALIMENTAÇÃO DO PARLAMENTAR";"0";"";"RCS SERVIÇOS DE ALIMENTAÇÃO LTDA";"512.702.430/0018-0";"120";"0";"2024-04-11T00:00:00";"1400";"0";"1400";"4";"2024";"0";"";"";"2033807";"";"";"";"2725";"7725675";"https://www.camara.leg.br/cota-parlamentar/documentos/publ/2725/2024/7725675.pdf"
"PSD";"";"";"";"2023";"NA";"";"57";"13";"FORNECIMENTO DE ALIMENTAÇÃO DO PARLAMENTAR";"0";"";"RCS SERVIÇOS DE ALIMENTAÇÃO LTDA";"512.702.430/0018-0";"123";"0";"2024-04-11T00:00:00";"1400";"0";"1400";"4";"2024";"0";"";"";"2033809";"";"";"";"2725";"7725679";"https://www.camara.leg.br/cota-parlamentar/documentos/publ/2725/2024/7725679.pdf"
"PSD";"";"";"";"2023";"NA";"";"57";"13";"FORNECIMENTO DE ALIMENTAÇÃO DO PARLAMENTAR";"0";"";"RCS SERVIÇOS DE ALIMENTAÇÃO LTDA";"512.702.430/0018-0";"133";"0";"2024-04-18T00:00:00";"1400";"0";"1400";"4";"2024";"0";"";"";"2033811";"";"";"";"2725";"7725682";"https://www.camara.leg.br/cota-parlamentar/documentos/publ/2725/2024/7725682.pdf"
"PSD";"";"";"";"2023";"NA";"";"57";"13";"FORNECIMENTO DE ALIMENTAÇÃO DO PARLAMENTAR";"0";"";"RCS SERVIÇOS DE ALIMENTAÇÃO LTDA";"512.702.430/0018-0";"136";"0";"2024-04-18T00:00:00";"1400";"0";"1400";"4";"2024";"0";"";"";"2033812";"";"";"";"2725";"7725684";"https://www.camara.leg.br/cota-parlamentar/documentos/publ/2725/2024/7725684.pdf"
"PSD";"";"";"";"2023";"NA";"";"57";"13";"FORNECIMENTO DE ALIMENTAÇÃO DO PARLAMENTAR";"0";"";"RCS SERVIÇOS DE ALIMENTAÇÃO LTDA";"512.702.430/0018-0";"14";"0";"2024-02-07T00:00:00";"2100";"0";"2100";"2";"2024";"0";"";"";"2014876";"";"";"";"2725";"7690325";"https://www.camara.leg.br/cota-parlamentar/documentos/publ/2725/2024/7690325.pdf"
"PSD";"";"";"";"2023";"NA";"";"57";"13";"FORNECIMENTO DE ALIMENTAÇÃO DO PARLAMENTAR";"0";"";"RCS SERVIÇOS DE ALIMENTAÇÃO LTDA";"512.702.430/0018-0";"146";"0";"2024-04-24T00:00:00";"1400";"0";"1400";"4";"2024";"0";"";"";"2038827";"";"";"";"2725";"7734106";"https://www.camara.leg.br/cota-parlamentar/documentos/publ/2725/2024/7734106.pdf"
"PSD";"";"";"";"2023";"NA";"";"57";"13";"FORNECIMENTO DE ALIMENTAÇÃO DO PARLAMENTAR";"0";"";"RCS SERVIÇOS DE ALIMENTAÇÃO LTDA";"512.702.430/0018-0";"148";"0";"2024-04-24T00:00:00";"1400";"0";"1400";"4";"2024";"0";"";"";"2038828";"";"";"";"2725";"7734108";"https://www.camara.leg.br/cota-parlamentar/documentos/publ/2725/2024/7734108.pdf"
"PSD";"";"";"";"2023";"NA";"";"57";"13";"FORNECIMENTO DE ALIMENTAÇÃO DO PARLAMENTAR";"0";"";"RCS SERVIÇOS DE ALIMENTAÇÃO LTDA";"512.702.430/0018-0";"15";"0";"2024-02-07T00:00:00";"2100";"0";"2100";"2";"2024";"0";"";"";"2014883";"";"";"";"2725";"7690332";"https://www.camara.leg.br/cota-parlamentar/documentos/publ/2725/2024/7690332.pdf"
"PSD";"";"";"";"2023";"NA";"";"57";"13";"FORNECIMENTO DE ALIMENTAÇÃO DO PARLAMENTAR";"0";"";"RCS SERVIÇOS DE ALIMENTAÇÃO LTDA";"512.702.430/0018-0";"165";"0";"2024-05-08T00:00:00";"1400";"0";"1400";"5";"2024";"0";"";"";"2042100";"";"";"";"2725";"7740665";"https://www.camara.leg.br/cota-parlamentar/documentos/publ/2725/2024/7740665.pdf"
"PSD";"";"";"";"2023";"NA";"";"57";"13";"FORNECIMENTO DE ALIMENTAÇÃO DO PARLAMENTAR";"0";"";"RCS SERVIÇOS DE ALIMENTAÇÃO LTDA";"512.702.430/0018-0";"169";"0";"2024-05-08T00:00:00";"1400";"0";"1400";"5";"2024";"0";"";"";"2042103";"";"";"";"2725";"7740667";"https://www.camara.leg.br/cota-parlamentar/documentos/publ/2725/2024/7740667.pdf"
"PSD";"";"";"";"2023";"NA";"";"57";"13";"FORNECIMENTO DE ALIMENTAÇÃO DO PARLAMENTAR";"0";"";"RCS SERVIÇOS DE ALIMENTAÇÃO LTDA";"512.702.430/0018-0";"177";"0";"2024-05-15T00:00:00";"1400";"0";"1400";"5";"2024";"0";"";"";"2042104";"";"";"";"2725";"7740668";"https://www.camara.leg.br/cota-parlamentar/documentos/publ/2725/2024/7740668.pdf"
"PSD";"";"";"";"2023";"NA";"";"57";"13";"FORNECIMENTO DE ALIMENTAÇÃO DO PARLAMENTAR";"0";"";"RCS SERVIÇOS DE ALIMENTAÇÃO LTDA";"512.702.430/0018-0";"184";"0";"2024-05-15T00:00:00";"1400";"0";"1400";"5";"2024";"0";"";"";"2042108";"";"";"";"2725";"7740669";"https://www.camara.leg.br/cota-parlamentar/documentos/publ/2725/2024/7740669.pdf"
"PSD";"";"";"";"2023";"NA";"";"57";"13";"FORNECIMENTO DE ALIMENTAÇÃO DO PARLAMENTAR";"0";"";"RCS SERVIÇOS DE ALIMENTAÇÃO LTDA";"512.702.430/0018-0";"197";"0";"2024-05-22T00:00:00";"1400";"0";"1400";"5";"2024";"0";"";"";"2044283";"";"";"";"2725";"7744966";"https://www.camara.leg.br/cota-parlamentar/documentos/publ/2725/2024/7744966.pdf"
"PSD";"";"";"";"2023";"NA";"";"57";"13";"FORNECIMENTO DE ALIMENTAÇÃO DO PARLAMENTAR";"0";"";"RCS SERVIÇOS DE ALIMENTAÇÃO LTDA";"512.702.430/0018-0";"201";"0";"2024-05-22T00:00:00";"1400";"0";"1400";"5";"2024";"0";"";"";"2044285";"";"";"";"2725";"7744969";"https://www.camara.leg.br/cota-parlamentar/documentos/publ/2725/2024/7744969.pdf"
"PSD";"";"";"";"2023";"NA";"";"57";"13";"FORNECIMENTO DE ALIMENTAÇÃO DO PARLAMENTAR";"0";"";"RCS SERVIÇOS DE ALIMENTAÇÃO LTDA";"512.702.430/0018-0";"215";"0";"2024-05-28T00:00:00";"1400";"0";"1400";"5";"2024";"0";"";"";"2044196";"";"";"";"2725";"7744830";"https://www.camara.leg.br/cota-parlamentar/documentos/publ/2725/2024/7744830.pdf"
"PSD";"";"";"";"2023";"NA";"";"57";"13";"FORNECIMENTO DE ALIMENTAÇÃO DO PARLAMENTAR";"0";"";"RCS SERVIÇOS DE ALIMENTAÇÃO LTDA";"512.702.430/0018-0";"219";"0";"2024-05-28T00:00:00";"1400";"0";"1400";"5";"2024";"0";"";"";"2044197";"";"";"";"2725";"7744832";"https://www.camara.leg.br/cota-parlamentar/documentos/publ/2725/2024/7744832.pdf"
"PSD";"";"";"";"2023";"NA";"";"57";"13";"FORNECIMENTO DE ALIMENTAÇÃO DO PARLAMENTAR";"0";"";"RCS SERVIÇOS DE ALIMENTAÇÃO LTDA";"512.702.430/0018-0";"233";"0";"2024-06-06T00:00:00";"1400";"0";"1400";"6";"2024";"0";"";"";"2049113";"";"";"";"2725";"7753716";"https://www.camara.leg.br/cota-parlamentar/documentos/publ/2725/2024/7753716.pdf"
"PSD";"";"";"";"2023";"NA";"";"57";"13";"FORNECIMENTO DE ALIMENTAÇÃO DO PARLAMENTAR";"0";"";"RCS SERVIÇOS DE ALIMENTAÇÃO LTDA";"512.702.430/0018-0";"236";"0";"2024-06-06T00:00:00";"1700";"0";"1700";"6";"2024";"0";"";"";"2049119";"";"";"";"2725";"7753724";"https://www.camara.leg.br/cota-parlamentar/documentos/publ/2725/2024/7753724.pdf"
"PSD";"";"";"";"2023";"NA";"";"57";"13";"FORNECIMENTO DE ALIMENTAÇÃO DO PARLAMENTAR";"0";"";"RCS SERVIÇOS DE ALIMENTAÇÃO LTDA";"512.702.430/0018-0";"249";"0";"2024-06-12T00:00:00";"1400";"0";"1400";"6";"2024";"0";"";"";"2053005";"";"";"";"2725";"7761600";"https://www.camara.leg.br/cota-parlamentar/documentos/publ/2725/2024/7761600.pdf"
"PSD";"";"";"";"2023";"NA";"";"57";"13";"FORNECIMENTO DE ALIMENTAÇÃO DO PARLAMENTAR";"0";"";"RCS SERVIÇOS DE ALIMENTAÇÃO LTDA";"512.702.430/0018-0";"25";"0";"2024-02-21T00:00:00";"2100";"0";"2100";"2";"2024";"0";"";"";"2014887";"";"";"";"2725";"7690339";"https://www.camara.leg.br/cota-parlamentar/documentos/publ/2725/2024/7690339.pdf"
"PSD";"";"";"";"2023";"NA";"";"57";"13";"FORNECIMENTO DE ALIMENTAÇÃO DO PARLAMENTAR";"0";"";"RCS SERVIÇOS DE ALIMENTAÇÃO LTDA";"512.702.430/0018-0";"253";"0";"2024-06-12T00:00:00";"1400";"0";"1400";"6";"2024";"0";"";"";"2053008";"";"";"";"2725";"7761605";"https://www.camara.leg.br/cota-parlamentar/documentos/publ/2725/2024/7761605.pdf"
"PSD";"";"";"";"2023";"NA";"";"57";"13";"FORNECIMENTO DE ALIMENTAÇÃO DO PARLAMENTAR";"0";"";"RCS SERVIÇOS DE ALIMENTAÇÃO LTDA";"512.702.430/0018-0";"26";"0";"2024-02-21T00:00:00";"2100";"0";"2100";"2";"2024";"0";"";"";"2014888";"";"";"";"2725";"7690343";"https://www.camara.leg.br/cota-parlamentar/documentos/publ/2725/2024/7690343.pdf"
"PSD";"";"";"";"2023";"NA";"";"57";"13";"FORNECIMENTO DE ALIMENTAÇÃO DO PARLAMENTAR";"0";"";"RCS SERVIÇOS DE ALIMENTAÇÃO LTDA";"512.702.430/0018-0";"263";"0";"2024-06-19T00:00:00";"2100";"0";"2100";"6";"2024";"0";"";"";"2053013";"";"";"";"2725";"7761609";"https://www.camara.leg.br/cota-parlamentar/documentos/publ/2725/2024/7761609.pdf"
"PSD";"";"";"";"2023";"NA";"";"57";"13";"FORNECIMENTO DE ALIMENTAÇÃO DO PARLAMENTAR";"0";"";"RCS SERVIÇOS DE ALIMENTAÇÃO LTDA";"512.702.430/0018-0";"266";"0";"2024-06-19T00:00:00";"1400";"0";"1400";"6";"2024";"0";"";"";"2053015";"";"";"";"2725";"7761610";"https://www.camara.leg.br/cota-parlamentar/documentos/publ/2725/2024/7761610.pdf"
"PSD";"";"";"";"2023";"NA";"";"57";"13";"FORNECIMENTO DE ALIMENTAÇÃO DO PARLAMENTAR";"0";"";"RCS SERVIÇOS DE ALIMENTAÇÃO LTDA";"512.702.430/0018-0";"287";"1";"2024-07-03T00:00:00";"1400";"0";"1400";"7";"2024";"0";"";"";"2059146";"";"";"";"2725";"7773442";"https://www.camara.leg.br/cota-parlamentar/documentos/publ/2725/2024/7773442.pdf"
"PSD";"";"";"";"2023";"NA";"";"57";"13";"FORNECIMENTO DE ALIMENTAÇÃO DO PARLAMENTAR";"0";"";"RCS SERVIÇOS DE ALIMENTAÇÃO LTDA";"512.702.430/0018-0";"292";"1";"2024-07-03T00:00:00";"1400";"0";"1400";"7";"2024";"0";"";"";"2059147";"";"";"";"2725";"7773443";"https://www.camara.leg.br/cota-parlamentar/documentos/publ/2725/2024/7773443.pdf"
"PSD";"";"";"";"2023";"NA";"";"57";"13";"FORNECIMENTO DE ALIMENTAÇÃO DO PARLAMENTAR";"0";"";"RCS SERVIÇOS DE ALIMENTAÇÃO LTDA";"512.702.430/0018-0";"306";"1";"2024-07-10T00:00:00";"1400";"0";"1400";"7";"2024";"0";"";"";"2059148";"";"";"";"2725";"7773444";"https://www.camara.leg.br/cota-parlamentar/documentos/publ/2725/2024/7773444.pdf"
"PSD";"";"";"";"2023";"NA";"";"57";"13";"FORNECIMENTO DE ALIMENTAÇÃO DO PARLAMENTAR";"0";"";"RCS SERVIÇOS DE ALIMENTAÇÃO LTDA";"512.702.430/0018-0";"310";"1";"2024-07-10T00:00:00";"1400";"0";"1400";"7";"2024";"0";"";"";"2059150";"";"";"";"2725";"7773446";"https://www.camara.leg.br/cota-parlamentar/documentos/publ/2725/2024/7773446.pdf"
"PSD";"";"";"";"2023";"NA";"";"57";"13";"FORNECIMENTO DE ALIMENTAÇÃO DO PARLAMENTAR";"0";"";"RCS SERVIÇOS DE ALIMENTAÇÃO LTDA";"512.702.430/0018-0";"325";"0";"2024-08-14T00:00:00";"1400";"0";"1400";"8";"2024";"0";"";"";"2067168";"";"";"";"2725";"7789884";"https://www.camara.leg.br/cota-parlamentar/documentos/publ/2725/2024/7789884.pdf"
"PSD";"";"";"";"2023";"NA";"";"57";"13";"FORNECIMENTO DE ALIMENTAÇÃO DO PARLAMENTAR";"0";"";"RCS SERVIÇOS DE ALIMENTAÇÃO LTDA";"512.702.430/0018-0";"326";"0";"2024-08-14T00:00:00";"1400";"0";"1400";"8";"2024";"0";"";"";"2067169";"";"";"";"2725";"7789886";"https://www.camara.leg.br/cota-parlamentar/documentos/publ/2725/2024/7789886.pdf"
"PSD";"";"";"";"2023";"NA";"";"57";"13";"FORNECIMENTO DE ALIMENTAÇÃO DO PARLAMENTAR";"0";"";"RCS SERVIÇOS DE ALIMENTAÇÃO LTDA";"512.702.430/0018-0";"345";"0";"2024-08-28T00:00:00";"700";"0";"700";"8";"2024";"0";"";"";"2073097";"";"";"";"2725";"7801269";"https://www.camara.leg.br/cota-parlamentar/documentos/publ/2725/2024/7801269.pdf"
"PSD";"";"";"";"2023";"NA";"";"57";"13";"FORNECIMENTO DE ALIMENTAÇÃO DO PARLAMENTAR";"0";"";"RCS SERVIÇOS DE ALIMENTAÇÃO LTDA";"512.702.430/0018-0";"355";"0";"2024-09-11T00:00:00";"840";"0";"840";"9";"2024";"0";"";"";"2073098";"";"";"";"2725";"7801272";"https://www.camara.leg.br/cota-parlamentar/documentos/publ/2725/2024/7801272.pdf"
"PSD";"";"";"";"2023";"NA";"";"57";"13";"FORNECIMENTO DE ALIMENTAÇÃO DO PARLAMENTAR";"0";"";"RCS SERVIÇOS DE ALIMENTAÇÃO LTDA";"512.702.430/0018-0";"356";"0";"2024-09-11T00:00:00";"840";"0";"840";"9";"2024";"0";"";"";"2073099";"";"";"";"2725";"7801275";"https://www.camara.leg.br/cota-parlamentar/documentos/publ/2725/2024/7801275.pdf"
"PSD";"";"";"";"2023";"NA";"";"57";"13";"FORNECIMENTO DE ALIMENTAÇÃO DO PARLAMENTAR";"0";"";"RCS SERVIÇOS DE ALIMENTAÇÃO LTDA";"512.702.430/0018-0";"374";"0";"2024-10-09T00:00:00";"1400";"0";"1400";"10";"2024";"0";"";"";"2085728";"";"";"";"2725";"7824543";"https://www.camara.leg.br/cota-parlamentar/documentos/publ/2725/2024/7824543.pdf"
"PSD";"";"";"";"2023";"NA";"";"57";"13";"FORNECIMENTO DE ALIMENTAÇÃO DO PARLAMENTAR";"0";"";"RCS SERVIÇOS DE ALIMENTAÇÃO LTDA";"512.702.430/0018-0";"375";"0";"2024-10-09T00:00:00";"1400";"0";"1400";"10";"2024";"0";"";"";"2084426";"";"";"";"2725";"7821928";"https://www.camara.leg.br/cota-parlamentar/documentos/publ/2725/2024/7821928.pdf"
"PSD";"";"";"";"2023";"NA";"";"57";"13";"FORNECIMENTO DE ALIMENTAÇÃO DO PARLAMENTAR";"0";"";"RCS SERVIÇOS DE ALIMENTAÇÃO LTDA";"512.702.430/0018-0";"400";"0";"2024-10-30T00:00:00";"1400";"0";"1400";"10";"2024";"0";"";"";"2089541";"";"";"";"2725";"7831409";"https://www.camara.leg.br/cota-parlamentar/documentos/publ/2725/2024/7831409.pdf"
"PSD";"";"";"";"2023";"NA";"";"57";"13";"FORNECIMENTO DE ALIMENTAÇÃO DO PARLAMENTAR";"0";"";"RCS SERVIÇOS DE ALIMENTAÇÃO LTDA";"512.702.430/0018-0";"401";"0";"2024-10-30T00:00:00";"1400";"0";"1400";"10";"2024";"0";"";"";"2085731";"";"";"";"2725";"7824546";"https://www.camara.leg.br/cota-parlamentar/documentos/publ/2725/2024/7824546.pdf"
"PSD";"";"";"";"2023";"NA";"";"57";"13";"FORNECIMENTO DE ALIMENTAÇÃO DO PARLAMENTAR";"0";"";"RCS SERVIÇOS DE ALIMENTAÇÃO LTDA";"512.702.430/0018-0";"425";"0";"2024-11-06T00:00:00";"1400";"0";"1400";"11";"2024";"0";"";"";"2089111";"";"";"";"2725";"7830537";"https://www.camara.leg.br/cota-parlamentar/documentos/publ/2725/2024/7830537.pdf"
"PSD";"";"";"";"2023";"NA";"";"57";"13";"FORNECIMENTO DE ALIMENTAÇÃO DO PARLAMENTAR";"0";"";"RCS SERVIÇOS DE ALIMENTAÇÃO LTDA";"512.702.430/0018-0";"43";"0";"2024-02-28T00:00:00";"2100";"0";"2100";"2";"2024";"0";"";"";"2019433";"";"";"";"2725";"7698618";"https://www.camara.leg.br/cota-parlamentar/documentos/publ/2725/2024/7698618.pdf"
"PSD";"";"";"";"2023";"NA";"";"57";"13";"FORNECIMENTO DE ALIMENTAÇÃO DO PARLAMENTAR";"0";"";"RCS SERVIÇOS DE ALIMENTAÇÃO LTDA";"512.702.430/0018-0";"44";"0";"2024-02-28T00:00:00";"2100";"0";"2100";"2";"2024";"0";"";"";"2019441";"";"";"";"2725";"7698635";"https://www.camara.leg.br/cota-parlamentar/documentos/publ/2725/2024/7698635.pdf"
"PSD";"";"";"";"2023";"NA";"";"57";"13";"FORNECIMENTO DE ALIMENTAÇÃO DO PARLAMENTAR";"0";"";"RCS SERVIÇOS DE ALIMENTAÇÃO LTDA";"512.702.430/0018-0";"445";"0";"2024-11-13T00:00:00";"1400";"0";"1400";"11";"2024";"0";"";"";"2089112";"";"";"";"2725";"7830542";"https://www.camara.leg.br/cota-parlamentar/documentos/publ/2725/2024/7830542.pdf"
"PSD";"";"";"";"2023";"NA";"";"57";"13";"FORNECIMENTO DE ALIMENTAÇÃO DO PARLAMENTAR";"0";"";"RCS SERVIÇOS DE ALIMENTAÇÃO LTDA";"512.702.430/0018-0";"446";"0";"2024-11-13T00:00:00";"1400";"0";"1400";"11";"2024";"0";"";"";"2089114";"";"";"";"2725";"7830545";"https://www.camara.leg.br/cota-parlamentar/documentos/publ/2725/2024/7830545.pdf"
"PSD";"";"";"";"2023";"NA";"";"57";"13";"FORNECIMENTO DE ALIMENTAÇÃO DO PARLAMENTAR";"0";"";"RCS SERVIÇOS DE ALIMENTAÇÃO LTDA";"512.702.430/0018-0";"457";"0";"2024-11-19T00:00:00";"1050";"0";"1050";"11";"2024";"0";"";"";"2095033";"";"";"";"2725";"7841357";"https://www.camara.leg.br/cota-parlamentar/documentos/publ/2725/2024/7841357.pdf"
"PSD";"";"";"";"2023";"NA";"";"57";"13";"FORNECIMENTO DE ALIMENTAÇÃO DO PARLAMENTAR";"0";"";"RCS SERVIÇOS DE ALIMENTAÇÃO LTDA";"512.702.430/0018-0";"474";"0";"2024-11-28T00:00:00";"1400";"0";"1400";"11";"2024";"0";"";"";"2095034";"";"";"";"2725";"7841360";"https://www.camara.leg.br/cota-parlamentar/documentos/publ/2725/2024/7841360.pdf"
"PSD";"";"";"";"2023";"NA";"";"57";"13";"FORNECIMENTO DE ALIMENTAÇÃO DO PARLAMENTAR";"0";"";"RCS SERVIÇOS DE ALIMENTAÇÃO LTDA";"512.702.430/0018-0";"61";"0";"2024-03-06T00:00:00";"2800";"0";"2800";"3";"2024";"0";"";"";"2022944";"";"";"";"2725";"7705226";"https://www.camara.leg.br/cota-parlamentar/documentos/publ/2725/2024/7705226.pdf"
"PSD";"";"";"";"2023";"NA";"";"57";"13";"FORNECIMENTO DE ALIMENTAÇÃO DO PARLAMENTAR";"0";"";"RCS SERVIÇOS DE ALIMENTAÇÃO LTDA";"512.702.430/0018-0";"62";"0";"2024-03-06T00:00:00";"2100";"0";"2100";"3";"2024";"0";"";"";"2022944";"";"";"";"2725";"7705237";"https://www.camara.leg.br/cota-parlamentar/documentos/publ/2725/2024/7705237.pdf"
"PSD";"";"";"";"2023";"NA";"";"57";"13";"FORNECIMENTO DE ALIMENTAÇÃO DO PARLAMENTAR";"0";"";"RCS SERVIÇOS DE ALIMENTAÇÃO LTDA";"512.702.430/0018-0";"75";"0";"2024-03-13T00:00:00";"1400";"0";"1400";"3";"2024";"0";"";"";"2025622";"";"";"";"2725";"7710252";"https://www.camara.leg.br/cota-parlamentar/documentos/publ/2725/2024/7710252.pdf"
"PSD";"";"";"";"2023";"NA";"";"57";"13";"FORNECIMENTO DE ALIMENTAÇÃO DO PARLAMENTAR";"0";"";"RCS SERVIÇOS DE ALIMENTAÇÃO LTDA";"512.702.430/0018-0";"76";"0";"2024-03-13T00:00:00";"1400";"0";"1400";"3";"2024";"0";"";"";"2025635";"";"";"";"2725";"7710255";"https://www.camara.leg.br/cota-parlamentar/documentos/publ/2725/2024/7710255.pdf"
"PSD";"";"";"";"2023";"NA";"";"57";"13";"FORNECIMENTO DE ALIMENTAÇÃO DO PARLAMENTAR";"0";"";"RCS SERVIÇOS DE ALIMENTAÇÃO LTDA";"512.702.430/0018-0";"93";"0";"2024-03-20T00:00:00";"1400";"0";"1400";"3";"2024";"0";"";"";"2025640";"";"";"";"2725";"7710260";"https://www.camara.leg.br/cota-parlamentar/documentos/publ/2725/2024/7710260.pdf"
"PSD";"";"";"";"2023";"NA";"";"57";"13";"FORNECIMENTO DE ALIMENTAÇÃO DO PARLAMENTAR";"0";"";"RCS SERVIÇOS DE ALIMENTAÇÃO LTDA";"512.702.430/0018-0";"94";"0";"2024-03-20T00:00:00";"2100";"0";"2100";"3";"2024";"0";"";"";"2025644";"";"";"";"2725";"7710262";"https://www.camara.leg.br/cota-parlamentar/documentos/publ/2725/2024/7710262.pdf"
"PSD";"";"";"";"2023";"NA";"";"57";"13";"FORNECIMENTO DE ALIMENTAÇÃO DO PARLAMENTAR";"0";"";"TAIOBA SELF-SERVICE LTDA EPP";"033.466.710/0133-0";"280";"4";"2024-12-13T00:00:00";"1980";"0";"1980";"11";"2024";"0";"";"";"2099348";"";"";"";"2725";"7849547";"https://www.camara.leg.br/cota-parlamentar/nota-fiscal-eletronica?ideDocumentoFiscal=7849547"
"PSD";"";"";"";"2023";"NA";"";"57";"13";"FORNECIMENTO DE ALIMENTAÇÃO DO PARLAMENTAR";"0";"";"TAIOBA SELF-SERVICE LTDA EPP";"033.466.710/0133-0";"281";"4";"2024-12-13T00:00:00";"1980";"0";"1980";"12";"2024";"0";"";"";"2099349";"";"";"";"2725";"7849548";"https://www.camara.leg.br/cota-parlamentar/nota-fiscal-eletronica?ideDocumentoFiscal=7849548"
"PSD";"";"";"";"2023";"NA";"";"57";"13";"FORNECIMENTO DE ALIMENTAÇÃO DO PARLAMENTAR";"0";"";"TAIOBA SELF-SERVICE LTDA EPP";"033.466.710/0133-0";"282";"4";"2024-12-13T00:00:00";"1980";"0";"1980";"12";"2024";"0";"";"";"2099351";"";"";"";"2725";"7849551";"https://www.camara.leg.br/cota-parlamentar/nota-fiscal-eletronica?ideDocumentoFiscal=7849551"
"PSD";"";"";"";"2023";"NA";"";"57";"13";"FORNECIMENTO DE ALIMENTAÇÃO DO PARLAMENTAR";"0";"";"TAIOBA SELF-SERVICE LTDA EPP";"033.466.710/0133-0";"283";"4";"2024-12-13T00:00:00";"1980";"0";"1980";"12";"2024";"0";"";"";"2099353";"";"";"";"2725";"7849556";"https://www.camara.leg.br/cota-parlamentar/nota-fiscal-eletronica?ideDocumentoFiscal=7849556"
"PSD";"";"";"";"2023";"NA";"";"57";"13";"FORNECIMENTO DE ALIMENTAÇÃO DO PARLAMENTAR";"0";"";"TAIOBA SELF-SERVICE LTDA EPP";"033.466.710/0133-0";"284";"4";"2024-12-13T00:00:00";"1980";"0";"1980";"12";"2024";"0";"";"";"2099354";"";"";"";"2725";"7849559";"https://www.camara.leg.br/cota-parlamentar/nota-fiscal-eletronica?ideDocumentoFiscal=7849559"
"PSD";"";"";"";"2023";"NA";"";"57";"13";"FORNECIMENTO DE ALIMENTAÇÃO DO PARLAMENTAR";"0";"";"TAIOBA SELF-SERVICE LTDA EPP";"033.466.710/0133-0";"309";"4";"2024-12-19T00:00:00";"1980";"0";"1980";"12";"2024";"0";"";"";"2099509";"";"";"";"2725";"7849879";"https://www.camara.leg.br/cota-parlamentar/nota-fiscal-eletronica?ideDocumentoFiscal=7849879"
"PSD";"";"";"";"2023";"NA";"";"57";"13";"FORNECIMENTO DE ALIMENTAÇÃO DO PARLAMENTAR";"0";"";"TAIOBA SELF-SERVICE LTDA EPP";"033.466.710/0133-0";"310";"4";"2024-12-19T00:00:00";"1980";"0";"1980";"12";"2024";"0";"";"";"2099513";"";"";"";"2725";"7849880";"https://www.camara.leg.br/cota-parlamentar/nota-fiscal-eletronica?ideDocumentoFiscal=7849880"
"PSOL";"";"";"";"2023";"NA";"";"57";"5";"DIVULGAÇÃO DA ATIVIDADE PARLAMENTAR.";"0";"";"Cristhian Ricardo Lira Alves";"130.914.970/0014-2";"12";"0";"2024-12-18T00:00:00";"5830";"0";"5830";"12";"2024";"0";"";"";"2110400";"";"";"";"3150";"7868794";"https://www.camara.leg.br/cota-parlamentar/documentos/publ/3150/2025/7868794.pdf"
"PSOL";"";"";"";"2023";"NA";"";"57";"5";"DIVULGAÇÃO DA ATIVIDADE PARLAMENTAR.";"0";"";"Daniel Coimbra Santos";"250.528.450/0015-1";"4";"0";"2024-05-24T00:00:00";"4800";"0";"4800";"5";"2024";"0";"";"";"2042708";"";"";"";"3150";"7741875";"https://www.camara.leg.br/cota-parlamentar/documentos/publ/3150/2024/7741875.pdf"
"PSOL";"";"";"";"2023";"NA";"";"57";"5";"DIVULGAÇÃO DA ATIVIDADE PARLAMENTAR.";"0";"";"EVAG COMUNICAÇÃO E TECNOLOGIA LTDA";"157.056.970/0017-3";"00001058";"0";"2024-01-31T00:00:00";"500";"0";"500";"1";"2024";"0";"";"";"2015308";"";"";"";"3150";"7691129";"https://www.camara.leg.br/cota-parlamentar/documentos/publ/3150/2024/7691129.pdf"
"PSOL";"";"";"";"2023";"NA";"";"57";"5";"DIVULGAÇÃO DA ATIVIDADE PARLAMENTAR.";"0";"";"EVAG COMUNICAÇÃO E TECNOLOGIA LTDA";"157.056.970/0017-3";"00001081";"0";"2024-02-29T00:00:00";"500";"0";"500";"2";"2024";"0";"";"";"2018638";"";"";"";"3150";"7697216";"https://www.camara.leg.br/cota-parlamentar/documentos/publ/3150/2024/7697216.pdf"
"PSOL";"";"";"";"2023";"NA";"";"57";"5";"DIVULGAÇÃO DA ATIVIDADE PARLAMENTAR.";"0";"";"EVAG COMUNICAÇÃO E TECNOLOGIA LTDA";"157.056.970/0017-3";"00001131";"0";"2024-04-30T00:00:00";"500";"0";"500";"3";"2024";"0";"";"";"2037049";"";"";"";"3150";"7731322";"https://www.camara.leg.br/cota-parlamentar/documentos/publ/3150/2024/7731322.pdf"
"PSOL";"";"";"";"2023";"NA";"";"57";"5";"DIVULGAÇÃO DA ATIVIDADE PARLAMENTAR.";"0";"";"EVAG COMUNICAÇÃO E TECNOLOGIA LTDA";"157.056.970/0017-3";"00001132";"0";"2024-04-30T00:00:00";"500";"0";"500";"4";"2024";"0";"";"";"2036859";"";"";"";"3150";"7731318";"https://www.camara.leg.br/cota-parlamentar/documentos/publ/3150/2024/7731318.pdf"
"PSOL";"";"";"";"2023";"NA";"";"57";"5";"DIVULGAÇÃO DA ATIVIDADE PARLAMENTAR.";"0";"";"EVAG COMUNICAÇÃO E TECNOLOGIA LTDA";"157.056.970/0017-3";"00001161";"0";"2024-05-29T00:00:00";"500";"0";"500";"5";"2024";"0";"";"";"2045998";"";"";"";"3150";"7748121";"https://www.camara.leg.br/cota-parlamentar/documentos/publ/3150/2024/7748121.pdf"
"PSOL";"";"";"";"2023";"NA";"";"57";"5";"DIVULGAÇÃO DA ATIVIDADE PARLAMENTAR.";"0";"";"EVAG COMUNICAÇÃO E TECNOLOGIA LTDA";"157.056.970/0017-3";"00001192";"0";"2024-06-28T00:00:00";"500";"0";"500";"6";"2024";"0";"";"";"2053809";"";"";"";"3150";"7763160";"https://www.camara.leg.br/cota-parlamentar/documentos/publ/3150/2024/7763160.pdf"
"PSOL";"";"";"";"2023";"NA";"";"57";"5";"DIVULGAÇÃO DA ATIVIDADE PARLAMENTAR.";"0";"";"EVAG COMUNICAÇÃO E TECNOLOGIA LTDA";"157.056.970/0017-3";"00001221";"0";"2024-07-31T00:00:00";"500";"0";"500";"7";"2024";"0";"";"";"2064119";"";"";"";"3150";"7783561";"https://www.camara.leg.br/cota-parlamentar/documentos/publ/3150/2024/7783561.pdf"
"PSOL";"";"";"";"2023";"NA";"";"57";"5";"DIVULGAÇÃO DA ATIVIDADE PARLAMENTAR.";"0";"";"EVAG COMUNICAÇÃO E TECNOLOGIA LTDA";"157.056.970/0017-3";"00001245";"0";"2024-08-30T00:00:00";"500";"0";"500";"8";"2024";"0";"";"";"2072886";"";"";"";"3150";"7800913";"https://www.camara.leg.br/cota-parlamentar/documentos/publ/3150/2024/7800913.pdf"
"PSOL";"";"";"";"2023";"NA";"";"57";"5";"DIVULGAÇÃO DA ATIVIDADE PARLAMENTAR.";"0";"";"EVAG COMUNICAÇÃO E TECNOLOGIA LTDA";"157.056.970/0017-3";"00001289";"0";"2024-09-30T00:00:00";"500";"0";"500";"9";"2024";"0";"";"";"2079966";"";"";"";"3150";"7813322";"https://www.camara.leg.br/cota-parlamentar/documentos/publ/3150/2024/7813322.pdf"
"PSOL";"";"";"";"2023";"NA";"";"57";"5";"DIVULGAÇÃO DA ATIVIDADE PARLAMENTAR.";"0";"";"EVAG COMUNICAÇÃO E TECNOLOGIA LTDA";"157.056.970/0017-3";"00001319";"0";"2024-10-31T00:00:00";"500";"0";"500";"10";"2024";"0";"";"";"2095077";"";"";"";"3150";"7841443";"https://www.camara.leg.br/cota-parlamentar/documentos/publ/3150/2024/7841443.pdf"
"PSOL";"";"";"";"2023";"NA";"";"57";"5";"DIVULGAÇÃO DA ATIVIDADE PARLAMENTAR.";"0";"";"EVAG COMUNICAÇÃO E TECNOLOGIA LTDA";"157.056.970/0017-3";"00001340";"0";"2024-11-29T00:00:00";"500";"0";"500";"11";"2024";"0";"";"";"2095082";"";"";"";"3150";"7841457";"https://www.camara.leg.br/cota-parlamentar/documentos/publ/3150/2024/7841457.pdf"
"PSOL";"";"";"";"2023";"NA";"";"57";"5";"DIVULGAÇÃO DA ATIVIDADE PARLAMENTAR.";"0";"";"EVAG COMUNICAÇÃO E TECNOLOGIA LTDA";"157.056.970/0017-3";"00001365";"0";"2024-12-30T00:00:00";"500";"0";"500";"12";"2024";"0";"";"";"2102336";"";"";"";"3150";"7854645";"https://www.camara.leg.br/cota-parlamentar/documentos/publ/3150/2025/7854645.pdf"
"PSOL";"";"";"";"2023";"NA";"";"57";"5";"DIVULGAÇÃO DA ATIVIDADE PARLAMENTAR.";"0";"";"Foco Comunicação Visual";"265.027.460/0019-7";"45";"0";"2024-04-09T00:00:00";"200";"0";"200";"4";"2024";"0";"";"";"2032254";"";"";"";"3150";"7722520";"https://www.camara.leg.br/cota-parlamentar/documentos/publ/3150/2024/7722520.pdf"
"PSOL";"";"";"";"2023";"NA";"";"57";"5";"DIVULGAÇÃO DA ATIVIDADE PARLAMENTAR.";"0";"";"MANGASANTA ARTE E DESIGN - EIRELI - ME";"189.675.110/0014-2";"17";"0";"2024-03-21T00:00:00";"600";"0";"600";"3";"2024";"0";"";"";"2032262";"";"";"";"3150";"7722540";"https://www.camara.leg.br/cota-parlamentar/documentos/publ/3150/2024/7722540.pdf"
"PSOL";"";"";"";"2023";"NA";"";"57";"5";"DIVULGAÇÃO DA ATIVIDADE PARLAMENTAR.";"0";"";"SOCIALBIZ COMUNICACAO ESTRATEGICA LTDA";"465.766.480/0010-1";"18";"0";"2024-01-29T00:00:00";"2000";"0";"2000";"1";"2024";"0";"";"";"2011432";"";"";"";"3150";"7684025";"https://www.camara.leg.br/cota-parlamentar/documentos/publ/3150/2024/7684025.pdf"
"PSOL";"";"";"";"2023";"NA";"";"57";"5";"DIVULGAÇÃO DA ATIVIDADE PARLAMENTAR.";"0";"";"SOCIALBIZ COMUNICACAO ESTRATEGICA LTDA";"465.766.480/0010-1";"20";"0";"2024-03-03T00:00:00";"2000";"0";"2000";"2";"2024";"0";"";"";"2018625";"";"";"";"3150";"7697199";"https://www.camara.leg.br/cota-parlamentar/documentos/publ/3150/2024/7697199.pdf"
"PSOL";"";"";"";"2023";"NA";"";"57";"5";"DIVULGAÇÃO DA ATIVIDADE PARLAMENTAR.";"0";"";"SOCIALBIZ COMUNICACAO ESTRATEGICA LTDA";"465.766.480/0010-1";"23";"0";"2024-04-22T00:00:00";"2000";"0";"2000";"3";"2024";"0";"";"";"2032908";"";"";"";"3150";"7723871";"https://www.camara.leg.br/cota-parlamentar/documentos/publ/3150/2024/7723871.pdf"
"PSOL";"";"";"";"2023";"NA";"";"57";"5";"DIVULGAÇÃO DA ATIVIDADE PARLAMENTAR.";"0";"";"SOCIALBIZ COMUNICACAO ESTRATEGICA LTDA";"465.766.480/0010-1";"25";"0";"2024-05-07T00:00:00";"2000";"0";"2000";"4";"2024";"0";"";"";"2037073";"";"";"";"3150";"7731716";"https://www.camara.leg.br/cota-parlamentar/documentos/publ/3150/2024/7731716.pdf"
"PSOL";"";"";"";"2023";"NA";"";"57";"5";"DIVULGAÇÃO DA ATIVIDADE PARLAMENTAR.";"0";"";"SOCIALBIZ COMUNICACAO ESTRATEGICA LTDA";"465.766.480/0010-1";"27";"0";"2024-06-05T00:00:00";"2000";"0";"2000";"5";"2024";"0";"";"";"2046666";"";"";"";"3150";"7748176";"https://www.camara.leg.br/cota-parlamentar/documentos/publ/3150/2024/7748176.pdf"
"PSOL";"";"";"";"2023";"NA";"";"57";"5";"DIVULGAÇÃO DA ATIVIDADE PARLAMENTAR.";"0";"";"SOCIALBIZ COMUNICACAO ESTRATEGICA LTDA";"465.766.480/0010-1";"29";"0";"2024-07-02T00:00:00";"2000";"0";"2000";"6";"2024";"0";"";"";"2057403";"";"";"";"3150";"7769928";"https://www.camara.leg.br/cota-parlamentar/documentos/publ/3150/2024/7769928.pdf"
"PSOL";"";"";"";"2023";"NA";"";"57";"5";"DIVULGAÇÃO DA ATIVIDADE PARLAMENTAR.";"0";"";"SOCIALBIZ COMUNICACAO ESTRATEGICA LTDA";"465.766.480/0010-1";"31";"0";"2024-08-02T00:00:00";"2000";"0";"2000";"7";"2024";"0";"";"";"2062405";"";"";"";"3150";"7780004";"https://www.camara.leg.br/cota-parlamentar/documentos/publ/3150/2024/7780004.pdf"
"PSOL";"";"";"";"2023";"NA";"";"57";"5";"DIVULGAÇÃO DA ATIVIDADE PARLAMENTAR.";"0";"";"SOCIALBIZ COMUNICACAO ESTRATEGICA LTDA";"465.766.480/0010-1";"33";"0";"2024-09-16T00:00:00";"2000";"0";"2000";"8";"2024";"0";"";"";"2074879";"";"";"";"3150";"7804780";"https://www.camara.leg.br/cota-parlamentar/documentos/publ/3150/2024/7804780.pdf"
"PSOL";"";"";"";"2023";"NA";"";"57";"5";"DIVULGAÇÃO DA ATIVIDADE PARLAMENTAR.";"0";"";"SOCIALBIZ COMUNICACAO ESTRATEGICA LTDA";"465.766.480/0010-1";"36";"0";"2024-12-18T00:00:00";"4000";"2000";"2000";"10";"2024";"0";"";"";"2102345";"";"";"";"3150";"7854649";"https://www.camara.leg.br/cota-parlamentar/documentos/publ/3150/2025/7854649.pdf"
"PSOL";"";"";"";"2023";"NA";"";"57";"5";"DIVULGAÇÃO DA ATIVIDADE PARLAMENTAR.";"0";"";"STUDIO MAIS COMUNICAÇÃO VISUAL LTDA-ME";"120.541.320/0018-5";"246";"0";"2024-04-09T00:00:00";"180";"0";"180";"4";"2024";"0";"";"";"2033373";"";"";"";"3150";"7724851";"https://www.camara.leg.br/cota-parlamentar/documentos/publ/3150/2024/7724851.pdf"
"PSOL";"";"";"";"2023";"NA";"";"57";"13";"FORNECIMENTO DE ALIMENTAÇÃO DO PARLAMENTAR";"0";"";"LOPES OLIVEIRA COMERCIO DE ALIMENTOS LTDA - EPP";"024.840.600/0015-2";"311";"4";"2024-11-08T00:00:00";"1264.72";"0";"1264.72";"11";"2024";"0";"";"";"2089453";"";"";"";"3150";"7831176";"https://www.camara.leg.br/cota-parlamentar/nota-fiscal-eletronica?ideDocumentoFiscal=7831176"
"PSOL";"";"";"";"2023";"NA";"";"57";"13";"FORNECIMENTO DE ALIMENTAÇÃO DO PARLAMENTAR";"0";"";"LOPES OLIVEIRA COMERCIO DE ALIMENTOS LTDA - EPP";"024.840.600/0015-2";"312";"4";"2024-11-18T00:00:00";"1125.93";"0";"1125.93";"11";"2024";"0";"";"";"2094304";"";"";"";"3150";"7840096";"https://www.camara.leg.br/cota-parlamentar/nota-fiscal-eletronica?ideDocumentoFiscal=7840096"
"PSOL";"";"";"";"2023";"NA";"";"57";"13";"FORNECIMENTO DE ALIMENTAÇÃO DO PARLAMENTAR";"0";"";"TAIOBA SELF-SERVICE LTDA EPP";"033.466.710/0133-0";"146";"4";"2024-07-11T00:00:00";"530";"0";"530";"7";"2024";"0";"";"";"2058824";"";"";"";"3150";"7772831";"https://www.camara.leg.br/cota-parlamentar/nota-fiscal-eletronica?ideDocumentoFiscal=7772831"
"PSOL";"";"";"";"2023";"NA";"";"57";"13";"FORNECIMENTO DE ALIMENTAÇÃO DO PARLAMENTAR";"0";"";"TAIOBA SELF-SERVICE LTDA EPP";"033.466.710/0133-0";"9";"0";"2024-03-22T00:00:00";"440";"0";"440";"3";"2024";"0";"";"";"2033346";"";"";"";"3150";"7724778";"https://www.camara.leg.br/cota-parlamentar/documentos/publ/3150/2024/7724778.pdf"
"REPUBLICANOS";"";"";"";"2023";"NA";"";"57";"3";"COMBUSTÍVEIS E LUBRIFICANTES.";"1";"Veículos Automotores";"031 - 302 NORTE - CASCOL COMBUSTIVEIS PARA VEICULOS LTDA";"003.065.970/0311-2";"417833";"4";"2024-09-13T07:09:13";"100";"0";"100";"9";"2024";"0";"";"";"2076097";"";"";"";"3457";"7806612";"https://www.camara.leg.br/cota-parlamentar/nota-fiscal-eletronica?ideDocumentoFiscal=7806612"
"REPUBLICANOS";"";"";"";"2023";"NA";"";"57";"3";"COMBUSTÍVEIS E LUBRIFICANTES.";"1";"Veículos Automotores";"14 - QL 14 - CASCOL COMBUSTIVEIS PARA VEICULOS LTDA";"003.065.970/0141-1";"328401";"4";"2024-06-11T16:21:03";"292.52";"0";"292.52";"6";"2024";"0";"";"";"2049567";"";"";"";"3457";"7754578";"https://www.camara.leg.br/cota-parlamentar/nota-fiscal-eletronica?ideDocumentoFiscal=7754578"
"REPUBLICANOS";"";"";"";"2023";"NA";"";"57";"3";"COMBUSTÍVEIS E LUBRIFICANTES.";"1";"Veículos Automotores";"14 - QL 14 - CASCOL COMBUSTIVEIS PARA VEICULOS LTDA";"003.065.970/0141-1";"343210";"4";"2024-08-12T12:52:51";"200";"0";"200";"8";"2024";"0";"";"";"2067638";"";"";"";"3457";"7790658";"https://www.camara.leg.br/cota-parlamentar/nota-fiscal-eletronica?ideDocumentoFiscal=7790658"
"REPUBLICANOS";"";"";"";"2023";"NA";"";"57";"3";"COMBUSTÍVEIS E LUBRIFICANTES.";"1";"Veículos Automotores";"AUTO POSTO 303 NORTE LTDA";"381.942.120/0012-0";"39891";"4";"2024-09-17T16:03:25";"211.31";"0";"211.31";"9";"2024";"0";"";"";"2076097";"";"";"";"3457";"7807029";"https://www.camara.leg.br/cota-parlamentar/nota-fiscal-eletronica?ideDocumentoFiscal=7807029"
"REPUBLICANOS";"";"";"";"2023";"NA";"";"57";"3";"COMBUSTÍVEIS E LUBRIFICANTES.";"1";"Veículos Automotores";"AUTO POSTO 405 NORTE LTDA";"334.310.980/0019-0";"5199";"4";"2024-08-15T18:00:01";"120";"0";"120";"8";"2024";"0";"";"";"2067638";"";"";"";"3457";"7790651";"https://www.camara.leg.br/cota-parlamentar/nota-fiscal-eletronica?ideDocumentoFiscal=7790651"
"REPUBLICANOS";"";"";"";"2023";"NA";"";"57";"3";"COMBUSTÍVEIS E LUBRIFICANTES.";"1";"Veículos Automotores";"AUTO POSTO AEROPORTO LTDA";"082.021.160/0011-5";"622979";"4";"2024-08-20T06:47:10";"320.07";"0";"320.07";"8";"2024";"0";"";"";"2067638";"";"";"";"3457";"7790648";"https://www.camara.leg.br/cota-parlamentar/nota-fiscal-eletronica?ideDocumentoFiscal=7790648"
"REPUBLICANOS";"";"";"";"2023";"NA";"";"57";"3";"COMBUSTÍVEIS E LUBRIFICANTES.";"1";"Veículos Automotores";"AUTO POSTO JF COMERCIO DE DERIVADOS DE PETROLEO LTDA";"059.016.880/0010-2";"240304";"4";"2024-09-24T16:49:34";"200";"0";"200";"9";"2024";"0";"";"";"2076097";"";"";"";"3457";"7807002";"https://www.camara.leg.br/cota-parlamentar/nota-fiscal-eletronica?ideDocumentoFiscal=7807002"
"REPUBLICANOS";"";"";"";"2023";"NA";"";"57";"3";"COMBUSTÍVEIS E LUBRIFICANTES.";"1";"Veículos Automotores";"AUTO POSTO JK LTDA";"034.822.080/0018-2";"598993";"4";"2024-05-29T12:48:46";"180";"0";"180";"5";"2024";"0";"";"";"2047411";"";"";"";"3457";"7750407";"https://www.camara.leg.br/cota-parlamentar/nota-fiscal-eletronica?ideDocumentoFiscal=7750407"
"REPUBLICANOS";"";"";"";"2023";"NA";"";"57";"3";"COMBUSTÍVEIS E LUBRIFICANTES.";"1";"Veículos Automotores";"AUTO POSTO JK LTDA";"034.822.080/0018-2";"601115";"4";"2024-06-05T00:00:00";"200.02";"0";"200.02";"6";"2024";"0";"";"";"2047440";"";"";"";"3457";"7750427";"https://www.camara.leg.br/cota-parlamentar/nota-fiscal-eletronica?ideDocumentoFiscal=7750427"
"REPUBLICANOS";"";"";"";"2023";"NA";"";"57";"3";"COMBUSTÍVEIS E LUBRIFICANTES.";"1";"Veículos Automotores";"AUTO POSTO JK LTDA";"034.822.080/0018-2";"601488";"4";"2024-06-06T00:12:04";"150";"0";"150";"6";"2024";"0";"";"";"2047440";"";"";"";"3457";"7750438";"https://www.camara.leg.br/cota-parlamentar/nota-fiscal-eletronica?ideDocumentoFiscal=7750438"
"REPUBLICANOS";"";"";"";"2023";"NA";"";"57";"3";"COMBUSTÍVEIS E LUBRIFICANTES.";"1";"Veículos Automotores";"AUTO POSTO JK LTDA";"034.822.080/0018-2";"636125";"4";"2024-09-11T10:47:12";"210.02";"0";"210.02";"9";"2024";"0";"";"";"2076097";"";"";"";"3457";"7806611";"https://www.camara.leg.br/cota-parlamentar/nota-fiscal-eletronica?ideDocumentoFiscal=7806611"
"REPUBLICANOS";"";"";"";"2023";"NA";"";"57";"3";"COMBUSTÍVEIS E LUBRIFICANTES.";"1";"Veículos Automotores";"AUTO POSTO JK LTDA";"034.822.080/0018-2";"639282";"4";"2024-09-18T21:45:01";"197.03";"0";"197.03";"9";"2024";"0";"";"";"2076097";"";"";"";"3457";"7806615";"https://www.camara.leg.br/cota-parlamentar/nota-fiscal-eletronica?ideDocumentoFiscal=7806615"
"REPUBLICANOS";"";"";"";"2023";"NA";"";"57";"3";"COMBUSTÍVEIS E LUBRIFICANTES.";"1";"Veículos Automotores";"AUTO POSTO PETER PAN 01 LTDA";"050.006.840/0022-6";"1025756";"4";"2024-08-14T19:25:57";"150";"0";"150";"8";"2024";"0";"";"";"2067638";"";"";"";"3457";"7790655";"https://www.camara.leg.br/cota-parlamentar/nota-fiscal-eletronica?ideDocumentoFiscal=7790655"
"REPUBLICANOS";"";"";"";"2023";"NA";"";"57";"3";"COMBUSTÍVEIS E LUBRIFICANTES.";"1";"Veículos Automotores";"JT COMERCIO DE DERIVADOS DE PETROLEO LTDA (103 SUL)";"371.284.770/0024-8";"77954";"4";"2024-08-08T22:44:58";"100";"0";"100";"8";"2024";"0";"";"";"2067638";"";"";"";"3457";"7790642";"https://www.camara.leg.br/cota-parlamentar/nota-fiscal-eletronica?ideDocumentoFiscal=7790642"
"REPUBLICANOS";"";"";"";"2023";"NA";"";"57";"3";"COMBUSTÍVEIS E LUBRIFICANTES.";"1";"Veículos Automotores";"PIONEIRO COMBUSTIVEIS LTDA";"840.100.400/0070-8";"1867";"4";"2024-07-21T00:00:00";"3644.25";"0";"3644.25";"7";"2024";"0";"";"";"2061158";"";"";"";"3457";"7777552";"https://www.camara.leg.br/cota-parlamentar/nota-fiscal-eletronica?ideDocumentoFiscal=7777552"
"REPUBLICANOS";"";"";"";"2023";"NA";"";"57";"3";"COMBUSTÍVEIS E LUBRIFICANTES.";"1";"Veículos Automotores";"POSTO DE COMBUSTIVEIS 310 SUL LTDA";"325.902.570/0013-7";"1046";"4";"2024-08-14T13:37:46";"50";"0";"50";"8";"2024";"0";"";"";"2067638";"";"";"";"3457";"7790657";"https://www.camara.leg.br/cota-parlamentar/nota-fiscal-eletronica?ideDocumentoFiscal=7790657"
"REPUBLICANOS";"";"";"";"2023";"NA";"";"57";"3";"COMBUSTÍVEIS E LUBRIFICANTES.";"1";"Veículos Automotores";"POSTO DE COMBUSTIVEL GUERREIRINHO LTDA";"353.405.290/0013-9";"317437";"4";"2024-05-27T14:01:37";"275.75";"0";"275.75";"5";"2024";"0";"";"";"2047411";"";"";"";"3457";"7750453";"https://www.camara.leg.br/cota-parlamentar/nota-fiscal-eletronica?ideDocumentoFiscal=7750453"
"REPUBLICANOS";"";"";"";"2023";"NA";"";"57";"3";"COMBUSTÍVEIS E LUBRIFICANTES.";"1";"Veículos Automotores";"POSTO ITAMARATY LTDA";"003.148.310/0013-8";"400824";"4";"2024-09-09T09:29:54";"282.15";"0";"282.15";"9";"2024";"0";"";"";"2076097";"";"";"";"3457";"7806613";"https://www.camara.leg.br/cota-parlamentar/nota-fiscal-eletronica?ideDocumentoFiscal=7806613"
"REPUBLICANOS";"";"";"";"2023";"NA";"";"57";"3";"COMBUSTÍVEIS E LUBRIFICANTES.";"3";"Aeronaves";"PIONEIRO COMBUSTIVEIS LTDA";"840.100.400/0509-2";"1869";"4";"2024-03-11T00:00:00";"1555.5";"0";"1555.5";"3";"2024";"0";"";"";"2025335";"";"";"";"3457";"7709673";"https://www.camara.leg.br/cota-parlamentar/nota-fiscal-eletronica?ideDocumentoFiscal=7709673"
"REPUBLICANOS";"";"";"";"2023";"NA";"";"57";"3";"COMBUSTÍVEIS E LUBRIFICANTES.";"3";"Aeronaves";"PIONEIRO COMBUSTIVEIS LTDA";"840.100.400/0509-2";"1870";"4";"2024-03-11T00:00:00";"1662.25";"0";"1662.25";"3";"2024";"0";"";"";"2025335";"";"";"";"3457";"7709681";"https://www.camara.leg.br/cota-parlamentar/nota-fiscal-eletronica?ideDocumentoFiscal=7709681"
"REPUBLICANOS";"";"";"";"2023";"NA";"";"57";"3";"COMBUSTÍVEIS E LUBRIFICANTES.";"3";"Aeronaves";"PIONEIRO COMBUSTIVEIS LTDA";"840.100.400/0509-2";"2164";"4";"2024-10-17T00:00:00";"5086.8";"0";"5086.8";"10";"2024";"0";"";"";"2084267";"";"";"";"3457";"7821627";"https://www.camara.leg.br/cota-parlamentar/nota-fiscal-eletronica?ideDocumentoFiscal=7821627"
"REPUBLICANOS";"";"";"";"2023";"NA";"";"57";"5";"DIVULGAÇÃO DA ATIVIDADE PARLAMENTAR.";"0";"";"GP COBERTURA JORNALISTICA LTDA ME";"288.007.860/0014-0";"23";"0";"2024-05-06T00:00:00";"8000";"0";"8000";"4";"2024";"0";"";"";"2036268";"";"";"";"3457";"7730121";"https://www.camara.leg.br/cota-parlamentar/documentos/publ/3457/2024/7730121.pdf"
"REPUBLICANOS";"";"";"";"2023";"NA";"";"57";"5";"DIVULGAÇÃO DA ATIVIDADE PARLAMENTAR.";"0";"";"GP COBERTURA JORNALISTICA LTDA ME";"288.007.860/0014-0";"24";"0";"2024-06-05T00:00:00";"8000";"0";"8000";"5";"2024";"0";"";"";"2046226";"";"";"";"3457";"7748488";"https://www.camara.leg.br/cota-parlamentar/documentos/publ/3457/2024/7748488.pdf"
"REPUBLICANOS";"";"";"";"2023";"NA";"";"57";"5";"DIVULGAÇÃO DA ATIVIDADE PARLAMENTAR.";"0";"";"GP COBERTURA JORNALISTICA LTDA ME";"288.007.860/0014-0";"26";"0";"2024-07-04T00:00:00";"8000";"0";"8000";"6";"2024";"0";"";"";"2056169";"";"";"";"3457";"7766947";"https://www.camara.leg.br/cota-parlamentar/documentos/publ/3457/2024/7766947.pdf"
"REPUBLICANOS";"";"";"";"2023";"NA";"";"57";"5";"DIVULGAÇÃO DA ATIVIDADE PARLAMENTAR.";"0";"";"GP COBERTURA JORNALISTICA LTDA ME";"288.007.860/0014-0";"27";"0";"2024-08-07T00:00:00";"8000";"0";"8000";"7";"2024";"0";"";"";"2063668";"";"";"";"3457";"7782740";"https://www.camara.leg.br/cota-parlamentar/documentos/publ/3457/2024/7782740.pdf"
"REPUBLICANOS";"";"";"";"2023";"NA";"";"57";"5";"DIVULGAÇÃO DA ATIVIDADE PARLAMENTAR.";"0";"";"GP COBERTURA JORNALISTICA LTDA ME";"288.007.860/0014-0";"28";"0";"2024-09-02T00:00:00";"8000";"0";"8000";"8";"2024";"0";"";"";"2069905";"";"";"";"3457";"7795194";"https://www.camara.leg.br/cota-parlamentar/documentos/publ/3457/2024/7795194.pdf"
"REPUBLICANOS";"";"";"";"2023";"NA";"";"57";"5";"DIVULGAÇÃO DA ATIVIDADE PARLAMENTAR.";"0";"";"GP COBERTURA JORNALISTICA LTDA ME";"288.007.860/0014-0";"29";"0";"2024-10-01T00:00:00";"8000";"0";"8000";"9";"2024";"0";"";"";"2079317";"";"";"";"3457";"7812074";"https://www.camara.leg.br/cota-parlamentar/documentos/publ/3457/2024/7812074.pdf"
"REPUBLICANOS";"";"";"";"2023";"NA";"";"57";"5";"DIVULGAÇÃO DA ATIVIDADE PARLAMENTAR.";"0";"";"GP COBERTURA JORNALISTICA LTDA ME";"288.007.860/0014-0";"30";"0";"2024-10-28T00:00:00";"8000";"0";"8000";"10";"2024";"0";"";"";"2084428";"";"";"";"3457";"7821926";"https://www.camara.leg.br/cota-parlamentar/documentos/publ/3457/2024/7821926.pdf"
"REPUBLICANOS";"";"";"";"2023";"NA";"";"57";"5";"DIVULGAÇÃO DA ATIVIDADE PARLAMENTAR.";"0";"";"GP COBERTURA JORNALISTICA LTDA ME";"288.007.860/0014-0";"31";"0";"2024-12-03T00:00:00";"8000";"0";"8000";"11";"2024";"0";"";"";"2094213";"";"";"";"3457";"7839955";"https://www.camara.leg.br/cota-parlamentar/documentos/publ/3457/2024/7839955.pdf"
"REPUBLICANOS";"";"";"";"2023";"NA";"";"57";"5";"DIVULGAÇÃO DA ATIVIDADE PARLAMENTAR.";"0";"";"GP COBERTURA JORNALISTICA LTDA ME";"288.007.860/0014-0";"32";"0";"2024-12-17T00:00:00";"8000";"0";"8000";"12";"2024";"0";"";"";"2098371";"";"";"";"3457";"7847646";"https://www.camara.leg.br/cota-parlamentar/documentos/publ/3457/2024/7847646.pdf"
"REPUBLICANOS";"";"";"";"2023";"NA";"";"57";"9";"PASSAGEM AÉREA - REEMBOLSO";"0";"";"Latam Linhas Aéreas S.A";"020.128.620/0016-0";"9572142951565";"0";"2024-01-30T00:00:00";"3741.51";"0";"3741.51";"1";"2024";"0";"KILMA MÔNICA DONATO DE ARAUJO; KILMA MÔNICA DONATO DE ARAUJO;";"";"2009227";"";"";"";"3457";"7680115";"https://www.camara.leg.br/cota-parlamentar/documentos/publ/3457/2024/7680115.pdf"
"REPUBLICANOS";"";"";"";"2023";"NA";"";"57";"14";"HOSPEDAGEM ,EXCETO DO PARLAMENTAR NO DISTRITO FEDERAL.";"0";"";"BT FARIA LIMA HOTEIS LTDA";"223.592.830/0010-3";"00448478";"0";"2024-11-06T00:00:00";"1404.21";"16";"1388.21";"11";"2024";"0";"";"";"2088311";"";"";"";"3457";"7829009";"https://www.camara.leg.br/cota-parlamentar/documentos/publ/3457/2024/7829009.pdf"
"REPUBLICANOS";"";"";"";"2023";"NA";"";"57";"14";"HOSPEDAGEM ,EXCETO DO PARLAMENTAR NO DISTRITO FEDERAL.";"0";"";"IBR hotelaria Ltda.";"212.226.850/0019-0";"30965";"1";"2024-11-30T00:00:00";"486.72";"0";"486.72";"11";"2024";"0";"";"";"2093163";"";"";"";"3457";"7837681";"https://www.camara.leg.br/cota-parlamentar/documentos/publ/3457/2024/7837681.pdf"
"REPUBLICANOS";"";"";"";"2023";"NA";"";"57";"122";"SERVIÇO DE TÁXI, PEDÁGIO E ESTACIONAMENTO";"0";"";"ASSOCIAÇÃO DOS TAXISTAS DO DISTRITO FEDERAL";"156.953.570/0010-9";"10302";"1";"2024-11-30T00:00:00";"49.61";"0";"49.61";"11";"2024";"0";"";"";"2093163";"";"";"";"3457";"7837704";"https://www.camara.leg.br/cota-parlamentar/documentos/publ/3457/2024/7837704.pdf"
"REPUBLICANOS";"";"";"";"2023";"NA";"";"57";"122";"SERVIÇO DE TÁXI, PEDÁGIO E ESTACIONAMENTO";"0";"";"UBER DO BRASIL TECNOLOGIA LTDA.";"178.956.460/0018-7";"s/n";"1";"2024-11-30T00:00:00";"104.67";"0";"104.67";"11";"2024";"0";"";"";"2093163";"";"";"";"3457";"7838214";"https://www.camara.leg.br/cota-parlamentar/documentos/publ/3457/2024/7838214.pdf"
"SDD";"";"";"";"2023";"NA";"";"57";"5";"DIVULGAÇÃO DA ATIVIDADE PARLAMENTAR.";"0";"";"55.963.567 FLAVIO SCORPIONE NAZARENO";"559.635.670/0015-5";"3";"0";"2024-12-29T00:00:00";"10000";"0";"10000";"12";"2024";"0";"";"";"2101136";"";"";"";"2864";"7852688";"https://www.camara.leg.br/cota-parlamentar/documentos/publ/2864/2025/7852688.pdf"
"SDD";"";"";"";"2023";"NA";"";"57";"13";"FORNECIMENTO DE ALIMENTAÇÃO DO PARLAMENTAR";"0";"";"28.495.670 EVA ALVES DA SILVA";"284.956.700/0014-5";"4";"0";"2024-05-07T00:00:00";"514.5";"0";"514.5";"5";"2024";"0";"";"";"2038564";"";"";"";"2864";"7733583";"https://www.camara.leg.br/cota-parlamentar/documentos/publ/2864/2024/7733583.pdf"
"SDD";"";"";"";"2023";"NA";"";"57";"13";"FORNECIMENTO DE ALIMENTAÇÃO DO PARLAMENTAR";"0";"";"28.495.670 EVA ALVES DA SILVA";"284.956.700/0014-5";"5";"0";"2024-05-08T00:00:00";"514.5";"0";"514.5";"5";"2024";"0";"";"";"2040724";"";"";"";"2864";"7737941";"https://www.camara.leg.br/cota-parlamentar/documentos/publ/2864/2024/7737941.pdf"
"SDD";"";"";"";"2023";"NA";"";"57";"13";"FORNECIMENTO DE ALIMENTAÇÃO DO PARLAMENTAR";"0";"";"CONFEITARIA CEREJA KIT FESTAS LTDA";"267.537.110/0012-0";"205";"4";"2024-02-20T00:00:00";"372";"0";"372";"2";"2024";"0";"";"";"2031093";"";"";"";"2864";"7718099";"https://www.camara.leg.br/cota-parlamentar/nota-fiscal-eletronica?ideDocumentoFiscal=7718099"
"SDD";"";"";"";"2023";"NA";"";"57";"13";"FORNECIMENTO DE ALIMENTAÇÃO DO PARLAMENTAR";"0";"";"PANIFICADORA E CONFEITARIA CINCO ESTRELAS LTDA";"370.647.300/0075-1";"13414";"4";"2024-02-22T00:00:00";"377.88";"20.21";"357.67";"2";"2024";"0";"";"";"2021075";"";"";"";"2864";"7701572";"https://www.camara.leg.br/cota-parlamentar/nota-fiscal-eletronica?ideDocumentoFiscal=7701572"
"SDD";"";"";"";"2023";"NA";"";"57";"13";"FORNECIMENTO DE ALIMENTAÇÃO DO PARLAMENTAR";"0";"";"PANIFICADORA E CONFEITARIA CINCO ESTRELAS LTDA";"370.647.300/0075-1";"13729";"4";"2024-03-08T00:00:00";"409.7";"24";"385.7";"2";"2024";"0";"";"";"2021075";"";"";"";"2864";"7701568";"https://www.camara.leg.br/cota-parlamentar/nota-fiscal-eletronica?ideDocumentoFiscal=7701568"
"SDD";"";"";"";"2023";"NA";"";"57";"13";"FORNECIMENTO DE ALIMENTAÇÃO DO PARLAMENTAR";"0";"";"PANIFICADORA E CONFEITARIA CINCO ESTRELAS LTDA";"370.647.300/0075-1";"17643";"4";"2024-11-29T00:00:00";"398.76";"0";"398.76";"11";"2024";"0";"";"";"2092765";"";"";"";"2864";"7837521";"https://www.camara.leg.br/cota-parlamentar/nota-fiscal-eletronica?ideDocumentoFiscal=7837521"
"SDD";"";"";"";"2023";"NA";"";"57";"13";"FORNECIMENTO DE ALIMENTAÇÃO DO PARLAMENTAR";"0";"";"PANIFICADORA E CONFEITARIA CINCO ESTRELAS LTDA";"370.647.300/0075-1";"17644";"4";"2024-11-29T00:00:00";"387.66";"0";"387.66";"11";"2024";"0";"";"";"2092765";"";"";"";"2864";"7837528";"https://www.camara.leg.br/cota-parlamentar/nota-fiscal-eletronica?ideDocumentoFiscal=7837528"
"SDD";"";"";"";"2023";"NA";"";"57";"13";"FORNECIMENTO DE ALIMENTAÇÃO DO PARLAMENTAR";"0";"";"TAIOBA SELF-SERVICE LTDA EPP";"033.466.710/0133-0";"1";"4";"2024-03-15T00:00:00";"395";"0";"395";"3";"2024";"0";"";"";"2027298";"";"";"";"2864";"7711774";"https://www.camara.leg.br/cota-parlamentar/nota-fiscal-eletronica?ideDocumentoFiscal=7711774"
"SDD";"";"";"";"2023";"NA";"";"57";"13";"FORNECIMENTO DE ALIMENTAÇÃO DO PARLAMENTAR";"0";"";"TAIOBA SELF-SERVICE LTDA EPP";"033.466.710/0133-0";"102";"4";"2024-06-06T00:00:00";"462.5";"0";"462.5";"6";"2024";"0";"";"";"2047543";"";"";"";"2864";"7749656";"https://www.camara.leg.br/cota-parlamentar/nota-fiscal-eletronica?ideDocumentoFiscal=7749656"
"SDD";"";"";"";"2023";"NA";"";"57";"13";"FORNECIMENTO DE ALIMENTAÇÃO DO PARLAMENTAR";"0";"";"TAIOBA SELF-SERVICE LTDA EPP";"033.466.710/0133-0";"103";"4";"2024-06-06T00:00:00";"462.5";"0";"462.5";"6";"2024";"0";"";"";"2047543";"";"";"";"2864";"7749657";"https://www.camara.leg.br/cota-parlamentar/nota-fiscal-eletronica?ideDocumentoFiscal=7749657"
"SDD";"";"";"";"2023";"NA";"";"57";"13";"FORNECIMENTO DE ALIMENTAÇÃO DO PARLAMENTAR";"0";"";"TAIOBA SELF-SERVICE LTDA EPP";"033.466.710/0133-0";"119";"4";"2024-06-13T00:00:00";"462.5";"0";"462.5";"6";"2024";"0";"";"";"2049122";"";"";"";"2864";"7753375";"https://www.camara.leg.br/cota-parlamentar/nota-fiscal-eletronica?ideDocumentoFiscal=7753375"
"SDD";"";"";"";"2023";"NA";"";"57";"13";"FORNECIMENTO DE ALIMENTAÇÃO DO PARLAMENTAR";"0";"";"TAIOBA SELF-SERVICE LTDA EPP";"033.466.710/0133-0";"120";"4";"2024-06-13T00:00:00";"462.5";"0";"462.5";"6";"2024";"0";"";"";"2049122";"";"";"";"2864";"7753376";"https://www.camara.leg.br/cota-parlamentar/nota-fiscal-eletronica?ideDocumentoFiscal=7753376"
"SDD";"";"";"";"2023";"NA";"";"57";"13";"FORNECIMENTO DE ALIMENTAÇÃO DO PARLAMENTAR";"0";"";"TAIOBA SELF-SERVICE LTDA EPP";"033.466.710/0133-0";"124";"4";"2024-06-20T00:00:00";"462.5";"0";"462.5";"6";"2024";"0";"";"";"2051100";"";"";"";"2864";"7757731";"https://www.camara.leg.br/cota-parlamentar/nota-fiscal-eletronica?ideDocumentoFiscal=7757731"
"SDD";"";"";"";"2023";"NA";"";"57";"13";"FORNECIMENTO DE ALIMENTAÇÃO DO PARLAMENTAR";"0";"";"TAIOBA SELF-SERVICE LTDA EPP";"033.466.710/0133-0";"125";"4";"2024-06-20T00:00:00";"462.5";"0";"462.5";"6";"2024";"0";"";"";"2051100";"";"";"";"2864";"7757733";"https://www.camara.leg.br/cota-parlamentar/nota-fiscal-eletronica?ideDocumentoFiscal=7757733"
"SDD";"";"";"";"2023";"NA";"";"57";"13";"FORNECIMENTO DE ALIMENTAÇÃO DO PARLAMENTAR";"0";"";"TAIOBA SELF-SERVICE LTDA EPP";"033.466.710/0133-0";"142";"4";"2024-07-05T00:00:00";"462.5";"0";"462.5";"7";"2024";"0";"";"";"2058901";"";"";"";"2864";"7770085";"https://www.camara.leg.br/cota-parlamentar/nota-fiscal-eletronica?ideDocumentoFiscal=7770085"
"SDD";"";"";"";"2023";"NA";"";"57";"13";"FORNECIMENTO DE ALIMENTAÇÃO DO PARLAMENTAR";"0";"";"TAIOBA SELF-SERVICE LTDA EPP";"033.466.710/0133-0";"143";"4";"2024-07-05T00:00:00";"462.5";"0";"462.5";"7";"2024";"0";"";"";"2058901";"";"";"";"2864";"7770088";"https://www.camara.leg.br/cota-parlamentar/nota-fiscal-eletronica?ideDocumentoFiscal=7770088"
"SDD";"";"";"";"2023";"NA";"";"57";"13";"FORNECIMENTO DE ALIMENTAÇÃO DO PARLAMENTAR";"0";"";"TAIOBA SELF-SERVICE LTDA EPP";"033.466.710/0133-0";"144";"4";"2024-07-11T00:00:00";"462.5";"0";"462.5";"7";"2024";"0";"";"";"2058901";"";"";"";"2864";"7770090";"https://www.camara.leg.br/cota-parlamentar/nota-fiscal-eletronica?ideDocumentoFiscal=7770090"
"SDD";"";"";"";"2023";"NA";"";"57";"13";"FORNECIMENTO DE ALIMENTAÇÃO DO PARLAMENTAR";"0";"";"TAIOBA SELF-SERVICE LTDA EPP";"033.466.710/0133-0";"145";"4";"2024-07-11T00:00:00";"462.5";"0";"462.5";"7";"2024";"0";"";"";"2058901";"";"";"";"2864";"7770094";"https://www.camara.leg.br/cota-parlamentar/nota-fiscal-eletronica?ideDocumentoFiscal=7770094"
"SDD";"";"";"";"2023";"NA";"";"57";"13";"FORNECIMENTO DE ALIMENTAÇÃO DO PARLAMENTAR";"0";"";"TAIOBA SELF-SERVICE LTDA EPP";"033.466.710/0133-0";"2";"4";"2024-03-15T00:00:00";"535.59";"0";"535.59";"3";"2024";"0";"";"";"2027298";"";"";"";"2864";"7711777";"https://www.camara.leg.br/cota-parlamentar/nota-fiscal-eletronica?ideDocumentoFiscal=7711777"
"SDD";"";"";"";"2023";"NA";"";"57";"13";"FORNECIMENTO DE ALIMENTAÇÃO DO PARLAMENTAR";"0";"";"TAIOBA SELF-SERVICE LTDA EPP";"033.466.710/0133-0";"218";"4";"2024-11-04T00:00:00";"462.5";"0";"462.5";"10";"2024";"0";"";"";"2086995";"";"";"";"2864";"7825570";"https://www.camara.leg.br/cota-parlamentar/nota-fiscal-eletronica?ideDocumentoFiscal=7825570"
"SDD";"";"";"";"2023";"NA";"";"57";"13";"FORNECIMENTO DE ALIMENTAÇÃO DO PARLAMENTAR";"0";"";"TAIOBA SELF-SERVICE LTDA EPP";"033.466.710/0133-0";"234";"4";"2024-11-14T00:00:00";"462.5";"0";"462.5";"11";"2024";"0";"";"";"2090422";"";"";"";"2864";"7832915";"https://www.camara.leg.br/cota-parlamentar/nota-fiscal-eletronica?ideDocumentoFiscal=7832915"
"SDD";"";"";"";"2023";"NA";"";"57";"13";"FORNECIMENTO DE ALIMENTAÇÃO DO PARLAMENTAR";"0";"";"TAIOBA SELF-SERVICE LTDA EPP";"033.466.710/0133-0";"235";"4";"2024-11-14T00:00:00";"462.5";"0";"462.5";"11";"2024";"0";"";"";"2090422";"";"";"";"2864";"7831740";"https://www.camara.leg.br/cota-parlamentar/nota-fiscal-eletronica?ideDocumentoFiscal=7831740"
"SDD";"";"";"";"2023";"NA";"";"57";"13";"FORNECIMENTO DE ALIMENTAÇÃO DO PARLAMENTAR";"0";"";"TAIOBA SELF-SERVICE LTDA EPP";"033.466.710/0133-0";"26";"4";"2024-04-12T00:00:00";"514.5";"0";"514.5";"4";"2024";"0";"";"";"2033428";"";"";"";"2864";"7724961";"https://www.camara.leg.br/cota-parlamentar/nota-fiscal-eletronica?ideDocumentoFiscal=7724961"
"SDD";"";"";"";"2023";"NA";"";"57";"13";"FORNECIMENTO DE ALIMENTAÇÃO DO PARLAMENTAR";"0";"";"TAIOBA SELF-SERVICE LTDA EPP";"033.466.710/0133-0";"27";"4";"2024-04-12T00:00:00";"512.5";"0";"512.5";"4";"2024";"0";"";"";"2033428";"";"";"";"2864";"7724965";"https://www.camara.leg.br/cota-parlamentar/nota-fiscal-eletronica?ideDocumentoFiscal=7724965"
"SDD";"";"";"";"2023";"NA";"";"57";"13";"FORNECIMENTO DE ALIMENTAÇÃO DO PARLAMENTAR";"0";"";"TAIOBA SELF-SERVICE LTDA EPP";"033.466.710/0133-0";"274";"4";"2024-12-12T00:00:00";"462.5";"0";"462.5";"12";"2024";"0";"";"";"2104842";"";"";"";"2864";"7848810";"https://www.camara.leg.br/cota-parlamentar/nota-fiscal-eletronica?ideDocumentoFiscal=7848810"
"SDD";"";"";"";"2023";"NA";"";"57";"13";"FORNECIMENTO DE ALIMENTAÇÃO DO PARLAMENTAR";"0";"";"TAIOBA SELF-SERVICE LTDA EPP";"033.466.710/0133-0";"275";"4";"2024-12-12T00:00:00";"462.5";"0";"462.5";"12";"2024";"0";"";"";"2104842";"";"";"";"2864";"7848811";"https://www.camara.leg.br/cota-parlamentar/nota-fiscal-eletronica?ideDocumentoFiscal=7848811"
"SDD";"";"";"";"2023";"NA";"";"57";"13";"FORNECIMENTO DE ALIMENTAÇÃO DO PARLAMENTAR";"0";"";"TAIOBA SELF-SERVICE LTDA EPP";"033.466.710/0133-0";"277";"4";"2024-12-12T00:00:00";"462.5";"0";"462.5";"12";"2024";"0";"";"";"2104842";"";"";"";"2864";"7848817";"https://www.camara.leg.br/cota-parlamentar/nota-fiscal-eletronica?ideDocumentoFiscal=7848817"
"SDD";"";"";"";"2023";"NA";"";"57";"13";"FORNECIMENTO DE ALIMENTAÇÃO DO PARLAMENTAR";"0";"";"TAIOBA SELF-SERVICE LTDA EPP";"033.466.710/0133-0";"278";"4";"2024-12-12T00:00:00";"462.5";"0";"462.5";"12";"2024";"0";"";"";"2104842";"";"";"";"2864";"7848815";"https://www.camara.leg.br/cota-parlamentar/nota-fiscal-eletronica?ideDocumentoFiscal=7848815"
"SDD";"";"";"";"2023";"NA";"";"57";"13";"FORNECIMENTO DE ALIMENTAÇÃO DO PARLAMENTAR";"0";"";"TAIOBA SELF-SERVICE LTDA EPP";"033.466.710/0133-0";"279";"4";"2024-12-12T00:00:00";"462.5";"0";"462.5";"12";"2024";"0";"";"";"2104842";"";"";"";"2864";"7848820";"https://www.camara.leg.br/cota-parlamentar/nota-fiscal-eletronica?ideDocumentoFiscal=7848820"
"SDD";"";"";"";"2023";"NA";"";"57";"13";"FORNECIMENTO DE ALIMENTAÇÃO DO PARLAMENTAR";"0";"";"TAIOBA SELF-SERVICE LTDA EPP";"033.466.710/0133-0";"3";"4";"2024-03-15T00:00:00";"459.5";"0";"459.5";"3";"2024";"0";"";"";"2027298";"";"";"";"2864";"7711778";"https://www.camara.leg.br/cota-parlamentar/nota-fiscal-eletronica?ideDocumentoFiscal=7711778"
"SDD";"";"";"";"2023";"NA";"";"57";"13";"FORNECIMENTO DE ALIMENTAÇÃO DO PARLAMENTAR";"0";"";"TAIOBA SELF-SERVICE LTDA EPP";"033.466.710/0133-0";"30";"4";"2024-04-18T00:00:00";"512.5";"0";"512.5";"4";"2024";"0";"";"";"2033428";"";"";"";"2864";"7724969";"https://www.camara.leg.br/cota-parlamentar/nota-fiscal-eletronica?ideDocumentoFiscal=7724969"
"SDD";"";"";"";"2023";"NA";"";"57";"13";"FORNECIMENTO DE ALIMENTAÇÃO DO PARLAMENTAR";"0";"";"TAIOBA SELF-SERVICE LTDA EPP";"033.466.710/0133-0";"305";"4";"2024-12-19T00:00:00";"462.5";"0";"462.5";"12";"2024";"0";"";"";"2104842";"";"";"";"2864";"7849749";"https://www.camara.leg.br/cota-parlamentar/nota-fiscal-eletronica?ideDocumentoFiscal=7849749"
"SDD";"";"";"";"2023";"NA";"";"57";"13";"FORNECIMENTO DE ALIMENTAÇÃO DO PARLAMENTAR";"0";"";"TAIOBA SELF-SERVICE LTDA EPP";"033.466.710/0133-0";"306";"4";"2024-12-19T00:00:00";"636";"0";"636";"12";"2024";"0";"";"";"2104842";"";"";"";"2864";"7849753";"https://www.camara.leg.br/cota-parlamentar/nota-fiscal-eletronica?ideDocumentoFiscal=7849753"
"SDD";"";"";"";"2023";"NA";"";"57";"13";"FORNECIMENTO DE ALIMENTAÇÃO DO PARLAMENTAR";"0";"";"TAIOBA SELF-SERVICE LTDA EPP";"033.466.710/0133-0";"31";"4";"2024-04-18T00:00:00";"512.5";"0";"512.5";"4";"2024";"0";"";"";"2033428";"";"";"";"2864";"7724972";"https://www.camara.leg.br/cota-parlamentar/nota-fiscal-eletronica?ideDocumentoFiscal=7724972"
"SDD";"";"";"";"2023";"NA";"";"57";"13";"FORNECIMENTO DE ALIMENTAÇÃO DO PARLAMENTAR";"0";"";"TAIOBA SELF-SERVICE LTDA EPP";"033.466.710/0133-0";"4";"4";"2024-03-15T00:00:00";"514.5";"0";"514.5";"3";"2024";"0";"";"";"2027298";"";"";"";"2864";"7711781";"https://www.camara.leg.br/cota-parlamentar/nota-fiscal-eletronica?ideDocumentoFiscal=7711781"
"SDD";"";"";"";"2023";"NA";"";"57";"13";"FORNECIMENTO DE ALIMENTAÇÃO DO PARLAMENTAR";"0";"";"TAIOBA SELF-SERVICE LTDA EPP";"033.466.710/0133-0";"45";"0";"2024-04-26T00:00:00";"512.5";"0";"512.5";"4";"2024";"0";"";"";"2040723";"";"";"";"2864";"7737971";"https://www.camara.leg.br/cota-parlamentar/documentos/publ/2864/2024/7737971.pdf"
"SDD";"";"";"";"2023";"NA";"";"57";"13";"FORNECIMENTO DE ALIMENTAÇÃO DO PARLAMENTAR";"0";"";"TAIOBA SELF-SERVICE LTDA EPP";"033.466.710/0133-0";"46";"0";"2024-04-26T00:00:00";"512.5";"0";"512.5";"4";"2024";"0";"";"";"2040723";"";"";"";"2864";"7737983";"https://www.camara.leg.br/cota-parlamentar/documentos/publ/2864/2024/7737983.pdf"
"SDD";"";"";"";"2023";"NA";"";"57";"13";"FORNECIMENTO DE ALIMENTAÇÃO DO PARLAMENTAR";"0";"";"TAIOBA SELF-SERVICE LTDA EPP";"033.466.710/0133-0";"6";"4";"2024-03-22T00:00:00";"514.5";"0";"514.5";"3";"2024";"0";"";"";"2027298";"";"";"";"2864";"7711838";"https://www.camara.leg.br/cota-parlamentar/nota-fiscal-eletronica?ideDocumentoFiscal=7711838"
"SDD";"";"";"";"2023";"NA";"";"57";"13";"FORNECIMENTO DE ALIMENTAÇÃO DO PARLAMENTAR";"0";"";"TAIOBA SELF-SERVICE LTDA EPP";"033.466.710/0133-0";"7";"4";"2024-03-22T00:00:00";"514.5";"0";"514.5";"3";"2024";"0";"";"";"2027298";"";"";"";"2864";"7711839";"https://www.camara.leg.br/cota-parlamentar/nota-fiscal-eletronica?ideDocumentoFiscal=7711839"
"SDD";"";"";"";"2023";"NA";"";"57";"13";"FORNECIMENTO DE ALIMENTAÇÃO DO PARLAMENTAR";"0";"";"TAIOBA SELF-SERVICE LTDA EPP";"033.466.710/0133-0";"72";"4";"2024-05-16T00:00:00";"512.5";"0";"512.5";"5";"2024";"0";"";"";"2042125";"";"";"";"2864";"7740698";"https://www.camara.leg.br/cota-parlamentar/nota-fiscal-eletronica?ideDocumentoFiscal=7740698"
"SDD";"";"";"";"2023";"NA";"";"57";"13";"FORNECIMENTO DE ALIMENTAÇÃO DO PARLAMENTAR";"0";"";"TAIOBA SELF-SERVICE LTDA EPP";"033.466.710/0133-0";"73";"4";"2024-05-16T00:00:00";"1167";"0";"1167";"5";"2024";"0";"";"";"2042125";"";"";"";"2864";"7740703";"https://www.camara.leg.br/cota-parlamentar/nota-fiscal-eletronica?ideDocumentoFiscal=7740703"
"SDD";"";"";"";"2023";"NA";"";"57";"13";"FORNECIMENTO DE ALIMENTAÇÃO DO PARLAMENTAR";"0";"";"TAIOBA SELF-SERVICE LTDA EPP";"033.466.710/0133-0";"78";"4";"2024-05-23T00:00:00";"958";"0";"958";"5";"2024";"0";"";"";"2042382";"";"";"";"2864";"7741190";"https://www.camara.leg.br/cota-parlamentar/nota-fiscal-eletronica?ideDocumentoFiscal=7741190"
"SDD";"";"";"";"2023";"NA";"";"57";"13";"FORNECIMENTO DE ALIMENTAÇÃO DO PARLAMENTAR";"0";"";"TAIOBA SELF-SERVICE LTDA EPP";"033.466.710/0133-0";"79";"4";"2024-05-23T00:00:00";"958";"0";"958";"5";"2024";"0";"";"";"2042382";"";"";"";"2864";"7741193";"https://www.camara.leg.br/cota-parlamentar/nota-fiscal-eletronica?ideDocumentoFiscal=7741193"
"SDD";"";"";"";"2023";"NA";"";"57";"13";"FORNECIMENTO DE ALIMENTAÇÃO DO PARLAMENTAR";"0";"";"TAIOBA SELF-SERVICE LTDA EPP";"033.466.710/0133-0";"95";"4";"2024-05-29T00:00:00";"512.5";"0";"512.5";"5";"2024";"0";"";"";"2047540";"";"";"";"2864";"7747171";"https://www.camara.leg.br/cota-parlamentar/nota-fiscal-eletronica?ideDocumentoFiscal=7747171"
"UNIÃO";"";"";"";"2023";"NA";"";"57";"1";"MANUTENÇÃO DE ESCRITÓRIO DE APOIO À ATIVIDADE PARLAMENTAR";"0";"";"ADOBE SYSTEMS SOFTWARE IRELAND LTD";"000.000.000/0001-0";"2818341428";"1";"2024-07-14T00:00:00";"2848.57";"0";"2848.57";"7";"2024";"0";"";"";"2066474";"";"";"";"3492";"7788537";"https://www.camara.leg.br/cota-parlamentar/documentos/publ/3492/2024/7788537.pdf"
"UNIÃO";"";"";"";"2023";"NA";"";"57";"1";"MANUTENÇÃO DE ESCRITÓRIO DE APOIO À ATIVIDADE PARLAMENTAR";"0";"";"BROAD BRASIL LTDA";"489.496.410/0011-3";"442";"0";"2024-01-17T00:00:00";"1050";"0";"1050";"1";"2024";"0";"";"";"2007909";"";"";"";"3492";"7678595";"https://www.camara.leg.br/cota-parlamentar/documentos/publ/3492/2024/7678595.pdf"
"UNIÃO";"";"";"";"2023";"NA";"";"57";"1";"MANUTENÇÃO DE ESCRITÓRIO DE APOIO À ATIVIDADE PARLAMENTAR";"0";"";"BROAD BRASIL LTDA";"489.496.410/0011-3";"484";"0";"2024-02-21T00:00:00";"1050";"0";"1050";"2";"2024";"0";"";"";"2018785";"";"";"";"3492";"7697439";"https://www.camara.leg.br/cota-parlamentar/documentos/publ/3492/2024/7697439.pdf"
"UNIÃO";"";"";"";"2023";"NA";"";"57";"1";"MANUTENÇÃO DE ESCRITÓRIO DE APOIO À ATIVIDADE PARLAMENTAR";"0";"";"BROAD BRASIL LTDA";"489.496.410/0011-3";"567";"0";"2024-04-19T00:00:00";"1050";"0";"1050";"4";"2024";"0";"";"";"2036162";"";"";"";"3492";"7729985";"https://www.camara.leg.br/cota-parlamentar/documentos/publ/3492/2024/7729985.pdf"
"UNIÃO";"";"";"";"2023";"NA";"";"57";"1";"MANUTENÇÃO DE ESCRITÓRIO DE APOIO À ATIVIDADE PARLAMENTAR";"0";"";"BROAD BRASIL LTDA";"489.496.410/0011-3";"735";"0";"2024-08-20T00:00:00";"1050";"0";"1050";"8";"2024";"0";"";"";"2070623";"";"";"";"3492";"7796605";"https://www.camara.leg.br/cota-parlamentar/documentos/publ/3492/2024/7796605.pdf"
"UNIÃO";"";"";"";"2023";"NA";"";"57";"1";"MANUTENÇÃO DE ESCRITÓRIO DE APOIO À ATIVIDADE PARLAMENTAR";"0";"";"BROAD BRASIL LTDA";"489.496.410/0011-3";"858";"0";"2024-11-19T00:00:00";"1050";"0";"1050";"11";"2024";"0";"";"";"2093283";"";"";"";"3492";"7838398";"https://www.camara.leg.br/cota-parlamentar/documentos/publ/3492/2024/7838398.pdf"
"UNIÃO";"";"";"";"2023";"NA";"";"57";"1";"MANUTENÇÃO DE ESCRITÓRIO DE APOIO À ATIVIDADE PARLAMENTAR";"0";"";"BROAD BRASIL LTDA";"489.496.410/0011-3";"903";"0";"2024-12-10T00:00:00";"1050";"0";"1050";"12";"2024";"0";"";"";"2098669";"";"";"";"3492";"7848222";"https://www.camara.leg.br/cota-parlamentar/documentos/publ/3492/2024/7848222.pdf"
"UNIÃO";"";"";"";"2023";"NA";"";"57";"1";"MANUTENÇÃO DE ESCRITÓRIO DE APOIO À ATIVIDADE PARLAMENTAR";"0";"";"ZOOM VIDEO COMMUNICATIONS INC.";"000.000.000/0001-0";"INV272632426";"1";"2024-09-11T00:00:00";"876.97";"0";"876.97";"10";"2024";"0";"";"";"2084411";"";"";"";"3492";"7821893";"https://www.camara.leg.br/cota-parlamentar/documentos/publ/3492/2024/7821893.pdf"
"UNIÃO";"";"";"";"2023";"NA";"";"57";"3";"COMBUSTÍVEIS E LUBRIFICANTES.";"1";"Veículos Automotores";"AUTO POSTO 303 NORTE LTDA";"381.942.120/0012-0";"14493";"4";"2024-02-07T00:00:00";"234.08";"0";"234.08";"2";"2024";"0";"";"";"2011922";"";"";"";"3492";"7684834";"https://www.camara.leg.br/cota-parlamentar/nota-fiscal-eletronica?ideDocumentoFiscal=7684834"
"UNIÃO";"";"";"";"2023";"NA";"";"57";"3";"COMBUSTÍVEIS E LUBRIFICANTES.";"1";"Veículos Automotores";"AUTO POSTO 303 NORTE LTDA";"381.942.120/0012-0";"18358";"4";"2024-06-09T20:03:13";"217.52";"0";"217.52";"6";"2024";"0";"";"";"2048000";"";"";"";"3492";"7751690";"https://www.camara.leg.br/cota-parlamentar/nota-fiscal-eletronica?ideDocumentoFiscal=7751690"
"UNIÃO";"";"";"";"2023";"NA";"";"57";"3";"COMBUSTÍVEIS E LUBRIFICANTES.";"1";"Veículos Automotores";"AUTO POSTO CINCO ESTRELAS LTDA";"006.924.180/0061-1";"695121";"4";"2024-06-03T12:08:46";"220.02";"0";"220.02";"6";"2024";"0";"";"";"2044692";"";"";"";"3492";"7745757";"https://www.camara.leg.br/cota-parlamentar/nota-fiscal-eletronica?ideDocumentoFiscal=7745757"
"UNIÃO";"";"";"";"2023";"NA";"";"57";"3";"COMBUSTÍVEIS E LUBRIFICANTES.";"1";"Veículos Automotores";"BRASAL COMBUSTIVEIS LTDA";"000.976.260/0032-0";"756164";"4";"2024-05-20T12:04:22";"195.06";"0";"195.06";"5";"2024";"0";"";"";"2040678";"";"";"";"3492";"7737897";"https://www.camara.leg.br/cota-parlamentar/nota-fiscal-eletronica?ideDocumentoFiscal=7737897"
"UNIÃO";"";"";"";"2023";"NA";"";"57";"3";"COMBUSTÍVEIS E LUBRIFICANTES.";"1";"Veículos Automotores";"POSTO DA TORRE EIRELI EPP";"044.731.930/0015-9";"841238";"4";"2024-03-19T08:45:44";"160.01";"0";"160.01";"3";"2024";"0";"";"";"2022562";"";"";"";"3492";"7704541";"https://www.camara.leg.br/cota-parlamentar/nota-fiscal-eletronica?ideDocumentoFiscal=7704541"
"UNIÃO";"";"";"";"2023";"NA";"";"57";"3";"COMBUSTÍVEIS E LUBRIFICANTES.";"3";"Aeronaves";"AIR BP PETROBAHIA LTDA";"228.995.330/0060-2";"27907";"4";"2024-02-10T00:00:00";"641.7";"0";"641.7";"2";"2024";"0";"";"";"2013701";"";"";"";"3492";"7688137";"https://www.camara.leg.br/cota-parlamentar/nota-fiscal-eletronica?ideDocumentoFiscal=7688137"
"UNIÃO";"";"";"";"2023";"NA";"";"57";"3";"COMBUSTÍVEIS E LUBRIFICANTES.";"3";"Aeronaves";"AIR BP PETROBAHIA LTDA";"228.995.330/0060-2";"28440";"4";"2024-03-04T00:00:00";"705";"0";"705";"3";"2024";"0";"";"";"2027273";"";"";"";"3492";"7713262";"https://www.camara.leg.br/cota-parlamentar/nota-fiscal-eletronica?ideDocumentoFiscal=7713262"
"UNIÃO";"";"";"";"2023";"NA";"";"57";"3";"COMBUSTÍVEIS E LUBRIFICANTES.";"3";"Aeronaves";"AIR BP PETROBAHIA LTDA";"228.995.330/0060-2";"30295";"4";"2024-06-18T00:00:00";"286.4";"0";"286.4";"6";"2024";"0";"";"";"2051079";"";"";"";"3492";"7757682";"https://www.camara.leg.br/cota-parlamentar/nota-fiscal-eletronica?ideDocumentoFiscal=7757682"
"UNIÃO";"";"";"";"2023";"NA";"";"57";"3";"COMBUSTÍVEIS E LUBRIFICANTES.";"3";"Aeronaves";"AIR BP PETROBAHIA LTDA";"228.995.330/0060-2";"31012";"4";"2024-07-29T00:00:00";"1067.22";"0";"1067.22";"7";"2024";"0";"";"";"2062517";"";"";"";"3492";"7780208";"https://www.camara.leg.br/cota-parlamentar/nota-fiscal-eletronica?ideDocumentoFiscal=7780208"
"UNIÃO";"";"";"";"2023";"NA";"";"57";"3";"COMBUSTÍVEIS E LUBRIFICANTES.";"3";"Aeronaves";"AIR BP PETROBAHIA LTDA";"228.995.330/0060-2";"33394";"4";"2024-11-18T00:00:00";"964.18";"0";"964.18";"11";"2024";"0";"";"";"2092856";"";"";"";"3492";"7837700";"https://www.camara.leg.br/cota-parlamentar/nota-fiscal-eletronica?ideDocumentoFiscal=7837700"
"UNIÃO";"";"";"";"2023";"NA";"";"57";"12";"ASSINATURA DE PUBLICAÇÕES";"0";"";"BROAD BRASIL LTDA";"489.496.410/0011-3";"524";"0";"2024-03-19T00:00:00";"1050";"0";"1050";"3";"2024";"0";"";"";"2026628";"";"";"";"3492";"7712049";"https://www.camara.leg.br/cota-parlamentar/documentos/publ/3492/2024/7712049.pdf"
"UNIÃO";"";"";"";"2023";"NA";"";"57";"12";"ASSINATURA DE PUBLICAÇÕES";"0";"";"BROAD BRASIL LTDA";"489.496.410/0011-3";"612";"0";"2024-05-23T00:00:00";"1050";"0";"1050";"5";"2024";"0";"";"";"2043621";"";"";"";"3492";"7743842";"https://www.camara.leg.br/cota-parlamentar/documentos/publ/3492/2024/7743842.pdf"
"UNIÃO";"";"";"";"2023";"NA";"";"57";"12";"ASSINATURA DE PUBLICAÇÕES";"0";"";"BROAD BRASIL LTDA";"489.496.410/0011-3";"653";"0";"2024-06-24T00:00:00";"1050";"0";"1050";"6";"2024";"0";"";"";"2053440";"";"";"";"3492";"7762261";"https://www.camara.leg.br/cota-parlamentar/documentos/publ/3492/2024/7762261.pdf"
"UNIÃO";"";"";"";"2023";"NA";"";"57";"12";"ASSINATURA DE PUBLICAÇÕES";"0";"";"BROAD BRASIL LTDA";"489.496.410/0011-3";"692";"0";"2024-07-11T00:00:00";"1050";"0";"1050";"7";"2024";"0";"";"";"2062298";"";"";"";"3492";"7779785";"https://www.camara.leg.br/cota-parlamentar/documentos/publ/3492/2024/7779785.pdf"
"UNIÃO";"";"";"";"2023";"NA";"";"57";"12";"ASSINATURA DE PUBLICAÇÕES";"0";"";"BROAD BRASIL LTDA";"489.496.410/0011-3";"776";"0";"2024-09-23T00:00:00";"1050";"0";"1050";"9";"2024";"0";"";"";"2077703";"";"";"";"3492";"7810056";"https://www.camara.leg.br/cota-parlamentar/documentos/publ/3492/2024/7810056.pdf"
"UNIÃO";"";"";"";"2023";"NA";"";"57";"12";"ASSINATURA DE PUBLICAÇÕES";"0";"";"S.A O ESTADO DE S.PAULO";"615.339.490/0014-1";"1033703001002";"1";"2024-02-21T00:00:00";"406.8";"0";"406.8";"2";"2024";"0";"";"";"2015923";"";"";"";"3492";"7692322";"https://www.camara.leg.br/cota-parlamentar/documentos/publ/3492/2024/7692322.pdf"
"UNIÃO";"";"";"";"2023";"NA";"";"57";"13";"FORNECIMENTO DE ALIMENTAÇÃO DO PARLAMENTAR";"0";"";"AMRC COMERCIO DE ALIMENTOS LTDA";"277.623.480/0017-2";"54659";"4";"2024-02-29T00:00:00";"328";"0";"328";"2";"2024";"0";"";"";"2018821";"";"";"";"3492";"7697514";"https://www.camara.leg.br/cota-parlamentar/nota-fiscal-eletronica?ideDocumentoFiscal=7697514"
"UNIÃO";"";"";"";"2023";"NA";"";"57";"13";"FORNECIMENTO DE ALIMENTAÇÃO DO PARLAMENTAR";"0";"";"AMRC COMERCIO DE ALIMENTOS LTDA";"277.623.480/0017-2";"61392";"4";"2024-08-13T00:00:00";"615";"0";"615";"8";"2024";"0";"";"";"2065161";"";"";"";"3492";"7785798";"https://www.camara.leg.br/cota-parlamentar/nota-fiscal-eletronica?ideDocumentoFiscal=7785798"
"UNIÃO";"";"";"";"2023";"NA";"";"57";"13";"FORNECIMENTO DE ALIMENTAÇÃO DO PARLAMENTAR";"0";"";"ASA GAUCHA RESTAURANTE LTDA EPP";"084.883.050/0010-4";"171596";"4";"2024-07-10T00:00:00";"323.98";"0";"323.98";"7";"2024";"0";"";"";"2056944";"";"";"";"3492";"7769081";"https://www.camara.leg.br/cota-parlamentar/nota-fiscal-eletronica?ideDocumentoFiscal=7769081"
"UNIÃO";"";"";"";"2023";"NA";"";"57";"13";"FORNECIMENTO DE ALIMENTAÇÃO DO PARLAMENTAR";"0";"";"CIA BRASILEIRA DE DISTRIBUICAO";"475.084.110/9349-9";"426714";"4";"2024-08-19T00:00:00";"114.46";"0";"114.46";"8";"2024";"0";"";"";"2066713";"";"";"";"3492";"7788955";"https://www.camara.leg.br/cota-parlamentar/nota-fiscal-eletronica?ideDocumentoFiscal=7788955"
"UNIÃO";"";"";"";"2023";"NA";"";"57";"13";"FORNECIMENTO DE ALIMENTAÇÃO DO PARLAMENTAR";"0";"";"DOM FRANCISCO RESTAURANTE LTDA";"033.271.910/0019-9";"22245";"4";"2024-10-16T00:00:00";"790";"34";"756";"10";"2024";"0";"";"";"2082389";"";"";"";"3492";"7818090";"https://www.camara.leg.br/cota-parlamentar/nota-fiscal-eletronica?ideDocumentoFiscal=7818090"
"UNIÃO";"";"";"";"2023";"NA";"";"57";"13";"FORNECIMENTO DE ALIMENTAÇÃO DO PARLAMENTAR";"0";"";"DOM FRANCISCO RESTAURANTE LTDA";"033.271.910/0019-9";"23095";"4";"2024-10-29T00:00:00";"500";"34";"466";"10";"2024";"0";"";"";"2084712";"";"";"";"3492";"7822550";"https://www.camara.leg.br/cota-parlamentar/nota-fiscal-eletronica?ideDocumentoFiscal=7822550"
"UNIÃO";"";"";"";"2023";"NA";"";"57";"13";"FORNECIMENTO DE ALIMENTAÇÃO DO PARLAMENTAR";"0";"";"DOM FRANCISCO RESTAURANTE LTDA";"033.271.910/0019-9";"25125";"4";"2024-11-27T00:00:00";"557";"34";"523";"11";"2024";"0";"";"";"2092217";"";"";"";"3492";"7836433";"https://www.camara.leg.br/cota-parlamentar/nota-fiscal-eletronica?ideDocumentoFiscal=7836433"
"UNIÃO";"";"";"";"2023";"NA";"";"57";"13";"FORNECIMENTO DE ALIMENTAÇÃO DO PARLAMENTAR";"0";"";"DOM FRANCISCO RESTAURANTE LTDA";"033.271.910/0019-9";"6937";"4";"2024-02-29T00:00:00";"195";"10";"185";"2";"2024";"0";"";"";"2018806";"";"";"";"3492";"7697479";"https://www.camara.leg.br/cota-parlamentar/nota-fiscal-eletronica?ideDocumentoFiscal=7697479"
"UNIÃO";"";"";"";"2023";"NA";"";"57";"13";"FORNECIMENTO DE ALIMENTAÇÃO DO PARLAMENTAR";"0";"";"FRANCISCO RESTAURANTE LTDA";"027.035.100/0015-0";"51865";"4";"2024-08-13T00:00:00";"187.5";"8.5";"179";"8";"2024";"0";"";"";"2065160";"";"";"";"3492";"7785793";"https://www.camara.leg.br/cota-parlamentar/nota-fiscal-eletronica?ideDocumentoFiscal=7785793"
"UNIÃO";"";"";"";"2023";"NA";"";"57";"13";"FORNECIMENTO DE ALIMENTAÇÃO DO PARLAMENTAR";"0";"";"MANOELZINHO PORTUGA LTDA";"375.561.350/0030-0";"983";"4";"2024-06-06T00:00:00";"855.41";"98.41";"757";"6";"2024";"0";"";"";"2046498";"";"";"";"3492";"7748954";"https://www.camara.leg.br/cota-parlamentar/nota-fiscal-eletronica?ideDocumentoFiscal=7748954"
"UNIÃO";"";"";"";"2023";"NA";"";"57";"13";"FORNECIMENTO DE ALIMENTAÇÃO DO PARLAMENTAR";"0";"";"RCS SERVIÇOS DE ALIMENTAÇÃO LTDA";"512.702.430/0018-0";"79";"0";"2024-03-13T00:00:00";"800";"0";"800";"3";"2024";"0";"";"";"2021769";"";"";"";"3492";"7702832";"https://www.camara.leg.br/cota-parlamentar/documentos/publ/3492/2024/7702832.pdf"
"UNIÃO";"";"";"";"2023";"NA";"";"57";"13";"FORNECIMENTO DE ALIMENTAÇÃO DO PARLAMENTAR";"0";"";"RCS SERVIÇOS DE ALIMENTAÇÃO LTDA";"512.702.430/0018-0";"97";"0";"2024-03-20T00:00:00";"800";"0";"800";"3";"2024";"0";"";"";"2023793";"";"";"";"3492";"7706778";"https://www.camara.leg.br/cota-parlamentar/documentos/publ/3492/2024/7706778.pdf"
"Danilo Forte";"";"62881";"91";"2023";"CE";"PP";"57";"1";"MANUTENÇÃO DE ESCRITÓRIO DE APOIO À ATIVIDADE PARLAMENTAR";"0";"";"ALARES";"633.560.420/0018-0";"5074738";"0";"2024-06-29T00:00:00";"95.53";"0";"95.53";"6";"2024";"0";"";"";"2059043";"";"";"";"2227";"7773081";"https://www.camara.leg.br/cota-parlamentar/documentos/publ/2227/2024/7773081.pdf"
"Danilo Forte";"";"62881";"91";"2023";"CE";"PP";"57";"1";"MANUTENÇÃO DE ESCRITÓRIO DE APOIO À ATIVIDADE PARLAMENTAR";"0";"";"ALARES";"633.560.420/0018-0";"5157938";"0";"2024-07-29T00:00:00";"97.47";"1.94";"95.53";"7";"2024";"0";"";"";"2064876";"";"";"";"2227";"7785069";"https://www.camara.leg.br/cota-parlamentar/documentos/publ/2227/2024/7785069.pdf"
"Danilo Forte";"";"62881";"91";"2023";"CE";"PP";"57";"1";"MANUTENÇÃO DE ESCRITÓRIO DE APOIO À ATIVIDADE PARLAMENTAR";"0";"";"ALARES";"633.560.420/0018-0";"5242179";"0";"2024-08-29T00:00:00";"95.53";"0";"95.53";"8";"2024";"0";"";"";"2075772";"";"";"";"2227";"7805930";"https://www.camara.leg.br/cota-parlamentar/documentos/publ/2227/2024/7805930.pdf"
"Danilo Forte";"";"62881";"91";"2023";"CE";"PP";"57";"1";"MANUTENÇÃO DE ESCRITÓRIO DE APOIO À ATIVIDADE PARLAMENTAR";"0";"";"ALARES";"633.560.420/0018-0";"5327512";"0";"2024-09-29T00:00:00";"104.58";"0";"104.58";"9";"2024";"0";"";"";"2080932";"";"";"";"2227";"7815313";"https://www.camara.leg.br/cota-parlamentar/documentos/publ/2227/2024/7815313.pdf"
"Danilo Forte";"";"62881";"91";"2023";"CE";"PP";"57";"1";"MANUTENÇÃO DE ESCRITÓRIO DE APOIO À ATIVIDADE PARLAMENTAR";"0";"";"ALARES";"633.560.420/0018-0";"5413970";"0";"2024-10-29T00:00:00";"104.58";"0";"104.58";"10";"2024";"0";"";"";"2092027";"";"";"";"2227";"7835173";"https://www.camara.leg.br/cota-parlamentar/documentos/publ/2227/2024/7835173.pdf"
"Danilo Forte";"";"62881";"91";"2023";"CE";"PP";"57";"1";"MANUTENÇÃO DE ESCRITÓRIO DE APOIO À ATIVIDADE PARLAMENTAR";"0";"";"ALARES";"633.560.420/0018-0";"5501801";"0";"2024-11-29T00:00:00";"104.58";"0";"104.58";"11";"2024";"0";"";"";"2100951";"";"";"";"2227";"7849859";"https://www.camara.leg.br/cota-parlamentar/documentos/publ/2227/2024/7849859.pdf"
"Danilo Forte";"";"62881";"91";"2023";"CE";"PP";"57";"1";"MANUTENÇÃO DE ESCRITÓRIO DE APOIO À ATIVIDADE PARLAMENTAR";"0";"";"ALARES";"633.560.420/0018-0";"5590737";"0";"2024-12-29T00:00:00";"106.74";"2.16";"104.58";"12";"2024";"0";"";"";"2102847";"";"";"";"2227";"7855505";"https://www.camara.leg.br/cota-parlamentar/documentos/publ/2227/2025/7855505.pdf"
"Danilo Forte";"";"62881";"91";"2023";"CE";"PP";"57";"1";"MANUTENÇÃO DE ESCRITÓRIO DE APOIO À ATIVIDADE PARLAMENTAR";"0";"";"CAGECE";"070.401.080/0015-7";"001814079";"0";"2024-03-06T00:00:00";"269.94";"0";"269.94";"3";"2024";"0";"";"";"2027220";"";"";"";"2227";"7712579";"https://www.camara.leg.br/cota-parlamentar/documentos/publ/2227/2024/7712579.pdf"
"Danilo Forte";"";"62881";"91";"2023";"CE";"PP";"57";"1";"MANUTENÇÃO DE ESCRITÓRIO DE APOIO À ATIVIDADE PARLAMENTAR";"0";"";"CAGECE";"070.401.080/0015-7";"001814079";"0";"2024-09-05T00:00:00";"291.6";"0";"291.6";"9";"2024";"0";"";"";"2075774";"";"";"";"2227";"7805924";"https://www.camara.leg.br/cota-parlamentar/documentos/publ/2227/2024/7805924.pdf"
"Danilo Forte";"";"62881";"91";"2023";"CE";"PP";"57";"1";"MANUTENÇÃO DE ESCRITÓRIO DE APOIO À ATIVIDADE PARLAMENTAR";"0";"";"CAGECE";"070.401.080/0015-7";"001814079/022024";"0";"2024-02-05T00:00:00";"269.94";"0";"269.94";"2";"2024";"0";"";"";"2015908";"";"";"";"2227";"7689700";"https://www.camara.leg.br/cota-parlamentar/documentos/publ/2227/2024/7689700.pdf"
"Danilo Forte";"";"62881";"91";"2023";"CE";"PP";"57";"1";"MANUTENÇÃO DE ESCRITÓRIO DE APOIO À ATIVIDADE PARLAMENTAR";"0";"";"CAGECE";"070.401.080/0015-7";"001814079/072024";"0";"2024-07-05T00:00:00";"269.94";"0";"269.94";"7";"2024";"0";"";"";"2059044";"";"";"";"2227";"7773085";"https://www.camara.leg.br/cota-parlamentar/documentos/publ/2227/2024/7773085.pdf"
"Danilo Forte";"";"62881";"91";"2023";"CE";"PP";"57";"1";"MANUTENÇÃO DE ESCRITÓRIO DE APOIO À ATIVIDADE PARLAMENTAR";"0";"";"CAGECE";"070.401.080/0015-7";"001814079/102024";"0";"2024-10-05T00:00:00";"291.6";"0";"291.6";"10";"2024";"0";"";"";"2083395";"";"";"";"2227";"7818911";"https://www.camara.leg.br/cota-parlamentar/documentos/publ/2227/2024/7818911.pdf"
"Danilo Forte";"";"62881";"91";"2023";"CE";"PP";"57";"1";"MANUTENÇÃO DE ESCRITÓRIO DE APOIO À ATIVIDADE PARLAMENTAR";"0";"";"CAGECE";"070.401.080/0015-7";"1814079";"0";"2024-01-05T00:00:00";"269.94";"0";"269.94";"1";"2024";"0";"";"";"2005202";"";"";"";"2227";"7673626";"https://www.camara.leg.br/cota-parlamentar/documentos/publ/2227/2024/7673626.pdf"
"Danilo Forte";"";"62881";"91";"2023";"CE";"PP";"57";"1";"MANUTENÇÃO DE ESCRITÓRIO DE APOIO À ATIVIDADE PARLAMENTAR";"0";"";"CAGECE";"070.401.080/0015-7";"1814079";"0";"2024-04-05T00:00:00";"276.05";"0";"276.05";"4";"2024";"0";"";"";"2034801";"";"";"";"2227";"7727547";"https://www.camara.leg.br/cota-parlamentar/documentos/publ/2227/2024/7727547.pdf"
"Danilo Forte";"";"62881";"91";"2023";"CE";"PP";"57";"1";"MANUTENÇÃO DE ESCRITÓRIO DE APOIO À ATIVIDADE PARLAMENTAR";"0";"";"CAGECE";"070.401.080/0015-7";"1814079";"0";"2024-05-06T00:00:00";"269.94";"0";"269.94";"5";"2024";"0";"";"";"2049844";"";"";"";"2227";"7755025";"https://www.camara.leg.br/cota-parlamentar/documentos/publ/2227/2024/7755025.pdf"
"Danilo Forte";"";"62881";"91";"2023";"CE";"PP";"57";"1";"MANUTENÇÃO DE ESCRITÓRIO DE APOIO À ATIVIDADE PARLAMENTAR";"0";"";"CAGECE";"070.401.080/0015-7";"1814079";"0";"2024-08-05T00:00:00";"270.65";"0";"270.65";"8";"2024";"0";"";"";"2070032";"";"";"";"2227";"7794201";"https://www.camara.leg.br/cota-parlamentar/documentos/publ/2227/2024/7794201.pdf"
"Danilo Forte";"";"62881";"91";"2023";"CE";"PP";"57";"1";"MANUTENÇÃO DE ESCRITÓRIO DE APOIO À ATIVIDADE PARLAMENTAR";"0";"";"CAGECE";"070.401.080/0015-7";"1814079";"0";"2024-11-05T00:00:00";"291.6";"0";"291.6";"11";"2024";"0";"";"";"2092018";"";"";"";"2227";"7835193";"https://www.camara.leg.br/cota-parlamentar/documentos/publ/2227/2024/7835193.pdf"
"Danilo Forte";"";"62881";"91";"2023";"CE";"PP";"57";"1";"MANUTENÇÃO DE ESCRITÓRIO DE APOIO À ATIVIDADE PARLAMENTAR";"0";"";"CAGECE";"070.401.080/0015-7";"1814079";"0";"2024-12-05T00:00:00";"297.54";"5.94";"291.6";"12";"2024";"0";"";"";"2100952";"";"";"";"2227";"7852384";"https://www.camara.leg.br/cota-parlamentar/documentos/publ/2227/2024/7852384.pdf"
"Danilo Forte";"";"62881";"91";"2023";"CE";"PP";"57";"1";"MANUTENÇÃO DE ESCRITÓRIO DE APOIO À ATIVIDADE PARLAMENTAR";"0";"";"CAGECE";"070.401.080/0015-7";"1814079";"1";"2024-06-05T00:00:00";"275.7";"5.86";"269.84";"6";"2024";"0";"";"";"2049845";"";"";"";"2227";"7754989";"https://www.camara.leg.br/cota-parlamentar/documentos/publ/2227/2024/7754989.pdf"
"Danilo Forte";"";"62881";"91";"2023";"CE";"PP";"57";"1";"MANUTENÇÃO DE ESCRITÓRIO DE APOIO À ATIVIDADE PARLAMENTAR";"0";"";"COMPANHIA ENERGÉTICA DO CEARÁ";"070.472.510/0017-0";"097257961";"0";"2024-01-12T00:00:00";"1794.32";"0";"1794.32";"1";"2024";"0";"";"";"2015904";"";"";"";"2227";"7689702";"https://www.camara.leg.br/cota-parlamentar/documentos/publ/2227/2024/7689702.pdf"
"Danilo Forte";"";"62881";"91";"2023";"CE";"PP";"57";"1";"MANUTENÇÃO DE ESCRITÓRIO DE APOIO À ATIVIDADE PARLAMENTAR";"0";"";"COMPANHIA ENERGÉTICA DO CEARÁ";"070.472.510/0017-0";"101478516";"0";"2024-02-12T00:00:00";"1890.24";"0";"1890.24";"2";"2024";"0";"";"";"2027218";"";"";"";"2227";"7712581";"https://www.camara.leg.br/cota-parlamentar/documentos/publ/2227/2024/7712581.pdf"
"Danilo Forte";"";"62881";"91";"2023";"CE";"PP";"57";"1";"MANUTENÇÃO DE ESCRITÓRIO DE APOIO À ATIVIDADE PARLAMENTAR";"0";"";"COMPANHIA ENERGÉTICA DO CEARÁ";"070.472.510/0017-0";"105520042";"0";"2024-03-12T00:00:00";"1480.65";"0";"1480.65";"3";"2024";"0";"";"";"2034800";"";"";"";"2227";"7727582";"https://www.camara.leg.br/cota-parlamentar/documentos/publ/2227/2024/7727582.pdf"
"Danilo Forte";"";"62881";"91";"2023";"CE";"PP";"57";"1";"MANUTENÇÃO DE ESCRITÓRIO DE APOIO À ATIVIDADE PARLAMENTAR";"0";"";"COMPANHIA ENERGÉTICA DO CEARÁ";"070.472.510/0017-0";"109617348";"0";"2024-04-11T00:00:00";"1606.81";"31.46";"1575.35";"4";"2024";"0";"";"";"2049848";"";"";"";"2227";"7755038";"https://www.camara.leg.br/cota-parlamentar/documentos/publ/2227/2024/7755038.pdf"
"Danilo Forte";"";"62881";"91";"2023";"CE";"PP";"57";"1";"MANUTENÇÃO DE ESCRITÓRIO DE APOIO À ATIVIDADE PARLAMENTAR";"0";"";"COMPANHIA ENERGÉTICA DO CEARÁ";"070.472.510/0017-0";"113765353";"0";"2024-05-13T00:00:00";"1764.03";"0";"1764.03";"5";"2024";"0";"";"";"2049844";"";"";"";"2227";"7754995";"https://www.camara.leg.br/cota-parlamentar/documentos/publ/2227/2024/7754995.pdf"
"Danilo Forte";"";"62881";"91";"2023";"CE";"PP";"57";"1";"MANUTENÇÃO DE ESCRITÓRIO DE APOIO À ATIVIDADE PARLAMENTAR";"0";"";"COMPANHIA ENERGÉTICA DO CEARÁ";"070.472.510/0017-0";"117941718";"0";"2024-06-12T00:00:00";"1793.67";"0";"1793.67";"6";"2024";"0";"";"";"2059776";"";"";"";"2227";"7774577";"https://www.camara.leg.br/cota-parlamentar/documentos/publ/2227/2024/7774577.pdf"
"Danilo Forte";"";"62881";"91";"2023";"CE";"PP";"57";"1";"MANUTENÇÃO DE ESCRITÓRIO DE APOIO À ATIVIDADE PARLAMENTAR";"0";"";"COMPANHIA ENERGÉTICA DO CEARÁ";"070.472.510/0017-0";"122201938";"0";"2024-07-12T00:00:00";"1748.8";"322.44";"1426.36";"7";"2024";"0";"";"";"2070029";"";"";"";"2227";"7794173";"https://www.camara.leg.br/cota-parlamentar/documentos/publ/2227/2024/7794173.pdf"
"Danilo Forte";"";"62881";"91";"2023";"CE";"PP";"57";"1";"MANUTENÇÃO DE ESCRITÓRIO DE APOIO À ATIVIDADE PARLAMENTAR";"0";"";"COMPANHIA ENERGÉTICA DO CEARÁ";"070.472.510/0017-0";"126216930";"0";"2024-08-13T00:00:00";"2041.12";"29.67";"2011.45";"8";"2024";"0";"";"";"2075772";"";"";"";"2227";"7805926";"https://www.camara.leg.br/cota-parlamentar/documentos/publ/2227/2024/7805926.pdf"
"Danilo Forte";"";"62881";"91";"2023";"CE";"PP";"57";"1";"MANUTENÇÃO DE ESCRITÓRIO DE APOIO À ATIVIDADE PARLAMENTAR";"0";"";"COMPANHIA ENERGÉTICA DO CEARÁ";"070.472.510/0017-0";"130619538";"0";"2024-09-13T00:00:00";"1751.02";"0";"1751.02";"9";"2024";"0";"";"";"2083393";"";"";"";"2227";"7818908";"https://www.camara.leg.br/cota-parlamentar/documentos/publ/2227/2024/7818908.pdf"
"Danilo Forte";"";"62881";"91";"2023";"CE";"PP";"57";"1";"MANUTENÇÃO DE ESCRITÓRIO DE APOIO À ATIVIDADE PARLAMENTAR";"0";"";"COMPANHIA ENERGÉTICA DO CEARÁ";"070.472.510/0017-0";"134618690";"0";"2024-10-14T00:00:00";"1758.93";"0";"1758.93";"10";"2024";"0";"";"";"2092027";"";"";"";"2227";"7835184";"https://www.camara.leg.br/cota-parlamentar/documentos/publ/2227/2024/7835184.pdf"
"Danilo Forte";"";"62881";"91";"2023";"CE";"PP";"57";"1";"MANUTENÇÃO DE ESCRITÓRIO DE APOIO À ATIVIDADE PARLAMENTAR";"0";"";"COMPANHIA ENERGÉTICA DO CEARÁ";"070.472.510/0017-0";"138793538";"0";"2024-11-13T00:00:00";"1791.85";"0";"1791.85";"11";"2024";"0";"";"";"2100951";"";"";"";"2227";"7852383";"https://www.camara.leg.br/cota-parlamentar/documentos/publ/2227/2024/7852383.pdf"
"Danilo Forte";"";"62881";"91";"2023";"CE";"PP";"57";"1";"MANUTENÇÃO DE ESCRITÓRIO DE APOIO À ATIVIDADE PARLAMENTAR";"0";"";"COMPANHIA ENERGÉTICA DO CEARÁ";"070.472.510/0017-0";"142924816";"0";"2024-12-12T00:00:00";"1578.26";"0";"1578.26";"12";"2024";"0";"";"";"2103950";"";"";"";"2227";"7857394";"https://www.camara.leg.br/cota-parlamentar/documentos/publ/2227/2025/7857394.pdf"
"Danilo Forte";"";"62881";"91";"2023";"CE";"PP";"57";"1";"MANUTENÇÃO DE ESCRITÓRIO DE APOIO À ATIVIDADE PARLAMENTAR";"0";"";"Conde & Dell Aringa - Des de Softwares";"096.137.720/0017-3";"12159";"0";"2024-02-05T00:00:00";"400";"0";"400";"1";"2024";"0";"";"";"2010200";"";"";"";"2227";"7681420";"https://www.camara.leg.br/cota-parlamentar/documentos/publ/2227/2024/7681420.pdf"
"Danilo Forte";"";"62881";"91";"2023";"CE";"PP";"57";"1";"MANUTENÇÃO DE ESCRITÓRIO DE APOIO À ATIVIDADE PARLAMENTAR";"0";"";"Conde & Dell Aringa - Des de Softwares";"096.137.720/0017-3";"12183";"0";"2024-03-01T00:00:00";"400";"0";"400";"2";"2024";"0";"";"";"2024414";"";"";"";"2227";"7707824";"https://www.camara.leg.br/cota-parlamentar/documentos/publ/2227/2024/7707824.pdf"
"Danilo Forte";"";"62881";"91";"2023";"CE";"PP";"57";"1";"MANUTENÇÃO DE ESCRITÓRIO DE APOIO À ATIVIDADE PARLAMENTAR";"0";"";"Conde & Dell Aringa - Des de Softwares";"096.137.720/0017-3";"12224";"0";"2024-04-01T00:00:00";"400";"0";"400";"3";"2024";"0";"";"";"2027221";"";"";"";"2227";"7713189";"https://www.camara.leg.br/cota-parlamentar/documentos/publ/2227/2024/7713189.pdf"
"Danilo Forte";"";"62881";"91";"2023";"CE";"PP";"57";"1";"MANUTENÇÃO DE ESCRITÓRIO DE APOIO À ATIVIDADE PARLAMENTAR";"0";"";"Conde & Dell Aringa - Des de Softwares";"096.137.720/0017-3";"12264";"0";"2024-05-03T00:00:00";"400";"0";"400";"4";"2024";"0";"";"";"2038549";"";"";"";"2227";"7731388";"https://www.camara.leg.br/cota-parlamentar/documentos/publ/2227/2024/7731388.pdf"
"Danilo Forte";"";"62881";"91";"2023";"CE";"PP";"57";"1";"MANUTENÇÃO DE ESCRITÓRIO DE APOIO À ATIVIDADE PARLAMENTAR";"0";"";"Conde & Dell Aringa - Des de Softwares";"096.137.720/0017-3";"12303";"0";"2024-06-03T00:00:00";"400";"0";"400";"5";"2024";"0";"";"";"2048295";"";"";"";"2227";"7750054";"https://www.camara.leg.br/cota-parlamentar/documentos/publ/2227/2024/7750054.pdf"
"Danilo Forte";"";"62881";"91";"2023";"CE";"PP";"57";"1";"MANUTENÇÃO DE ESCRITÓRIO DE APOIO À ATIVIDADE PARLAMENTAR";"0";"";"Conde & Dell Aringa - Des de Softwares";"096.137.720/0017-3";"12342";"0";"2024-07-02T00:00:00";"400";"0";"400";"6";"2024";"0";"";"";"2059776";"";"";"";"2227";"7774689";"https://www.camara.leg.br/cota-parlamentar/documentos/publ/2227/2024/7774689.pdf"
"Danilo Forte";"";"62881";"91";"2023";"CE";"PP";"57";"1";"MANUTENÇÃO DE ESCRITÓRIO DE APOIO À ATIVIDADE PARLAMENTAR";"0";"";"Conde & Dell Aringa - Des de Softwares";"096.137.720/0017-3";"12381";"0";"2024-08-01T00:00:00";"400";"0";"400";"7";"2024";"0";"";"";"2065866";"";"";"";"2227";"7787317";"https://www.camara.leg.br/cota-parlamentar/documentos/publ/2227/2024/7787317.pdf"
"Danilo Forte";"";"62881";"91";"2023";"CE";"PP";"57";"1";"MANUTENÇÃO DE ESCRITÓRIO DE APOIO À ATIVIDADE PARLAMENTAR";"0";"";"Conde & Dell Aringa - Des de Softwares";"096.137.720/0017-3";"12421";"0";"2024-09-02T00:00:00";"400";"0";"400";"8";"2024";"0";"";"";"2073612";"";"";"";"2227";"7802370";"https://www.camara.leg.br/cota-parlamentar/documentos/publ/2227/2024/7802370.pdf"
"Danilo Forte";"";"62881";"91";"2023";"CE";"PP";"57";"1";"MANUTENÇÃO DE ESCRITÓRIO DE APOIO À ATIVIDADE PARLAMENTAR";"0";"";"Conde & Dell Aringa - Des de Softwares";"096.137.720/0017-3";"12460";"0";"2024-10-01T00:00:00";"400";"0";"400";"9";"2024";"0";"";"";"2077165";"";"";"";"2227";"7808919";"https://www.camara.leg.br/cota-parlamentar/documentos/publ/2227/2024/7808919.pdf"
"Danilo Forte";"";"62881";"91";"2023";"CE";"PP";"57";"1";"MANUTENÇÃO DE ESCRITÓRIO DE APOIO À ATIVIDADE PARLAMENTAR";"0";"";"Conde & Dell Aringa - Des de Softwares";"096.137.720/0017-3";"12499";"0";"2024-11-01T00:00:00";"400";"0";"400";"10";"2024";"0";"";"";"2087737";"";"";"";"2227";"7827661";"https://www.camara.leg.br/cota-parlamentar/documentos/publ/2227/2024/7827661.pdf"
"Danilo Forte";"";"62881";"91";"2023";"CE";"PP";"57";"1";"MANUTENÇÃO DE ESCRITÓRIO DE APOIO À ATIVIDADE PARLAMENTAR";"0";"";"Conde & Dell Aringa - Des de Softwares";"096.137.720/0017-3";"12538";"0";"2024-12-02T00:00:00";"400";"0";"400";"11";"2024";"0";"";"";"2094785";"";"";"";"2227";"7840877";"https://www.camara.leg.br/cota-parlamentar/documentos/publ/2227/2024/7840877.pdf"
"Danilo Forte";"";"62881";"91";"2023";"CE";"PP";"57";"1";"MANUTENÇÃO DE ESCRITÓRIO DE APOIO À ATIVIDADE PARLAMENTAR";"0";"";"Conde & Dell Aringa - Des de Softwares";"096.137.720/0017-3";"12575";"0";"2025-01-02T00:00:00";"400";"0";"400";"12";"2024";"0";"";"";"2101684";"";"";"";"2227";"7853591";"https://www.camara.leg.br/cota-parlamentar/documentos/publ/2227/2025/7853591.pdf"
"Danilo Forte";"";"62881";"91";"2023";"CE";"PP";"57";"1";"MANUTENÇÃO DE ESCRITÓRIO DE APOIO À ATIVIDADE PARLAMENTAR";"0";"";"DOMINGOS SÁVIO ARAÚJO CARVALHO";"346.769.613/91  -";"S/N";"1";"2024-02-10T00:00:00";"6500";"0";"6500";"1";"2024";"0";"";"";"2012500";"";"";"";"2227";"7685809";"https://www.camara.leg.br/cota-parlamentar/documentos/publ/2227/2024/7685809.pdf"
"Danilo Forte";"";"62881";"91";"2023";"CE";"PP";"57";"1";"MANUTENÇÃO DE ESCRITÓRIO DE APOIO À ATIVIDADE PARLAMENTAR";"0";"";"DOMINGOS SÁVIO ARAÚJO CARVALHO";"346.769.613/91  -";"s/nª";"1";"2024-04-10T00:00:00";"6500";"0";"6500";"3";"2024";"0";"";"";"2030713";"";"";"";"2227";"7719555";"https://www.camara.leg.br/cota-parlamentar/documentos/publ/2227/2024/7719555.pdf"
"Danilo Forte";"";"62881";"91";"2023";"CE";"PP";"57";"1";"MANUTENÇÃO DE ESCRITÓRIO DE APOIO À ATIVIDADE PARLAMENTAR";"0";"";"DOMINGOS SÁVIO ARAÚJO CARVALHO";"346.769.613/91  -";"S/Nº";"1";"2024-03-11T00:00:00";"6500";"0";"6500";"2";"2024";"0";"";"";"2021737";"";"";"";"2227";"7701342";"https://www.camara.leg.br/cota-parlamentar/documentos/publ/2227/2024/7701342.pdf"
"Danilo Forte";"";"62881";"91";"2023";"CE";"PP";"57";"1";"MANUTENÇÃO DE ESCRITÓRIO DE APOIO À ATIVIDADE PARLAMENTAR";"0";"";"DOMINGOS SÁVIO ARAÚJO CARVALHO";"346.769.613/91  -";"s/nº";"1";"2024-05-10T00:00:00";"6500";"0";"6500";"4";"2024";"0";"";"";"2038550";"";"";"";"2227";"7733536";"https://www.camara.leg.br/cota-parlamentar/documentos/publ/2227/2024/7733536.pdf"
"Danilo Forte";"";"62881";"91";"2023";"CE";"PP";"57";"1";"MANUTENÇÃO DE ESCRITÓRIO DE APOIO À ATIVIDADE PARLAMENTAR";"0";"";"DOMINGOS SÁVIO ARAÚJO CARVALHO";"346.769.613/91  -";"s/nº";"1";"2024-06-10T00:00:00";"6500";"0";"6500";"5";"2024";"0";"";"";"2048296";"";"";"";"2227";"7750164";"https://www.camara.leg.br/cota-parlamentar/documentos/publ/2227/2024/7750164.pdf"
"Danilo Forte";"";"62881";"91";"2023";"CE";"PP";"57";"1";"MANUTENÇÃO DE ESCRITÓRIO DE APOIO À ATIVIDADE PARLAMENTAR";"0";"";"DOMINGOS SÁVIO ARAÚJO CARVALHO";"346.769.613/91  -";"s/nº";"1";"2024-07-10T00:00:00";"6500";"0";"6500";"6";"2024";"0";"";"";"2057717";"";"";"";"2227";"7770590";"https://www.camara.leg.br/cota-parlamentar/documentos/publ/2227/2024/7770590.pdf"
"Danilo Forte";"";"62881";"91";"2023";"CE";"PP";"57";"1";"MANUTENÇÃO DE ESCRITÓRIO DE APOIO À ATIVIDADE PARLAMENTAR";"0";"";"DOMINGOS SÁVIO ARAÚJO CARVALHO";"346.769.613/91  -";"s/nº";"1";"2024-08-10T00:00:00";"6500";"0";"6500";"7";"2024";"0";"";"";"2064605";"";"";"";"2227";"7784190";"https://www.camara.leg.br/cota-parlamentar/documentos/publ/2227/2024/7784190.pdf"
"Danilo Forte";"";"62881";"91";"2023";"CE";"PP";"57";"1";"MANUTENÇÃO DE ESCRITÓRIO DE APOIO À ATIVIDADE PARLAMENTAR";"0";"";"DOMINGOS SÁVIO ARAÚJO CARVALHO";"346.769.613/91  -";"S/Nº";"1";"2024-09-10T00:00:00";"6500";"0";"6500";"8";"2024";"0";"";"";"2073596";"";"";"";"2227";"7802292";"https://www.camara.leg.br/cota-parlamentar/documentos/publ/2227/2024/7802292.pdf"
"Danilo Forte";"";"62881";"91";"2023";"CE";"PP";"57";"1";"MANUTENÇÃO DE ESCRITÓRIO DE APOIO À ATIVIDADE PARLAMENTAR";"0";"";"DOMINGOS SÁVIO ARAÚJO CARVALHO";"346.769.613/91  -";"s/nº";"1";"2024-10-10T00:00:00";"6500";"0";"6500";"9";"2024";"0";"";"";"2080933";"";"";"";"2227";"7815316";"https://www.camara.leg.br/cota-parlamentar/documentos/publ/2227/2024/7815316.pdf"
"Danilo Forte";"";"62881";"91";"2023";"CE";"PP";"57";"1";"MANUTENÇÃO DE ESCRITÓRIO DE APOIO À ATIVIDADE PARLAMENTAR";"0";"";"DOMINGOS SÁVIO ARAÚJO CARVALHO";"346.769.613/91  -";"s/nº";"1";"2024-11-10T00:00:00";"6500";"0";"6500";"10";"2024";"0";"";"";"2087738";"";"";"";"2227";"7827764";"https://www.camara.leg.br/cota-parlamentar/documentos/publ/2227/2024/7827764.pdf"
"Danilo Forte";"";"62881";"91";"2023";"CE";"PP";"57";"1";"MANUTENÇÃO DE ESCRITÓRIO DE APOIO À ATIVIDADE PARLAMENTAR";"0";"";"DOMINGOS SÁVIO ARAÚJO CARVALHO";"346.769.613/91  -";"s/nº";"1";"2024-12-10T00:00:00";"6500";"0";"6500";"11";"2024";"0";"";"";"2096341";"";"";"";"2227";"7843672";"https://www.camara.leg.br/cota-parlamentar/documentos/publ/2227/2024/7843672.pdf"
"Danilo Forte";"";"62881";"91";"2023";"CE";"PP";"57";"1";"MANUTENÇÃO DE ESCRITÓRIO DE APOIO À ATIVIDADE PARLAMENTAR";"0";"";"DOMINGOS SÁVIO ARAÚJO CARVALHO";"346.769.613/91  -";"s/nº";"1";"2025-01-10T00:00:00";"6500";"0";"6500";"12";"2024";"0";"";"";"2102438";"";"";"";"2227";"7854788";"https://www.camara.leg.br/cota-parlamentar/documentos/publ/2227/2025/7854788.pdf"
"Danilo Forte";"";"62881";"91";"2023";"CE";"PP";"57";"1";"MANUTENÇÃO DE ESCRITÓRIO DE APOIO À ATIVIDADE PARLAMENTAR";"0";"";"KANTOBYTE SOLUÇÕES E TECNOLOGIA";"294.588.240/0019-1";"23";"0";"2024-02-01T00:00:00";"2502.74";"0";"2502.74";"1";"2024";"0";"";"";"2010201";"";"";"";"2227";"7681222";"https://www.camara.leg.br/cota-parlamentar/documentos/publ/2227/2024/7681222.pdf"
"Danilo Forte";"";"62881";"91";"2023";"CE";"PP";"57";"1";"MANUTENÇÃO DE ESCRITÓRIO DE APOIO À ATIVIDADE PARLAMENTAR";"0";"";"KANTOBYTE SOLUÇÕES E TECNOLOGIA";"294.588.240/0019-1";"31";"0";"2024-03-04T00:00:00";"2502.74";"0";"2502.74";"2";"2024";"0";"";"";"2020179";"";"";"";"2227";"7699836";"https://www.camara.leg.br/cota-parlamentar/documentos/publ/2227/2024/7699836.pdf"
"Danilo Forte";"";"62881";"91";"2023";"CE";"PP";"57";"1";"MANUTENÇÃO DE ESCRITÓRIO DE APOIO À ATIVIDADE PARLAMENTAR";"0";"";"KANTOBYTE SOLUÇÕES E TECNOLOGIA";"294.588.240/0019-1";"38";"0";"2024-04-01T00:00:00";"2502.74";"0";"2502.74";"3";"2024";"0";"";"";"2027222";"";"";"";"2227";"7713176";"https://www.camara.leg.br/cota-parlamentar/documentos/publ/2227/2024/7713176.pdf"
"Danilo Forte";"";"62881";"91";"2023";"CE";"PP";"57";"1";"MANUTENÇÃO DE ESCRITÓRIO DE APOIO À ATIVIDADE PARLAMENTAR";"0";"";"KANTOBYTE SOLUÇÕES E TECNOLOGIA";"294.588.240/0019-1";"48";"0";"2024-05-02T00:00:00";"2502.74";"0";"2502.74";"4";"2024";"0";"";"";"2036228";"";"";"";"2227";"7730047";"https://www.camara.leg.br/cota-parlamentar/documentos/publ/2227/2024/7730047.pdf"
"Danilo Forte";"";"62881";"91";"2023";"CE";"PP";"57";"1";"MANUTENÇÃO DE ESCRITÓRIO DE APOIO À ATIVIDADE PARLAMENTAR";"0";"";"KANTOBYTE SOLUÇÕES E TECNOLOGIA";"294.588.240/0019-1";"51";"0";"2024-06-03T00:00:00";"3386.84";"0";"3386.84";"5";"2024";"0";"";"";"2048296";"";"";"";"2227";"7750108";"https://www.camara.leg.br/cota-parlamentar/documentos/publ/2227/2024/7750108.pdf"
"Danilo Forte";"";"62881";"91";"2023";"CE";"PP";"57";"1";"MANUTENÇÃO DE ESCRITÓRIO DE APOIO À ATIVIDADE PARLAMENTAR";"0";"";"KANTOBYTE SOLUÇÕES E TECNOLOGIA";"294.588.240/0019-1";"56";"0";"2024-07-01T00:00:00";"3386.84";"0";"3386.84";"6";"2024";"0";"";"";"2055991";"";"";"";"2227";"7767139";"https://www.camara.leg.br/cota-parlamentar/documentos/publ/2227/2024/7767139.pdf"
"Danilo Forte";"";"62881";"91";"2023";"CE";"PP";"57";"1";"MANUTENÇÃO DE ESCRITÓRIO DE APOIO À ATIVIDADE PARLAMENTAR";"0";"";"KANTOBYTE SOLUÇÕES E TECNOLOGIA";"294.588.240/0019-1";"63";"0";"2024-08-02T00:00:00";"3386.84";"0";"3386.84";"7";"2024";"0";"";"";"2063495";"";"";"";"2227";"7780032";"https://www.camara.leg.br/cota-parlamentar/documentos/publ/2227/2024/7780032.pdf"
"Danilo Forte";"";"62881";"91";"2023";"CE";"PP";"57";"1";"MANUTENÇÃO DE ESCRITÓRIO DE APOIO À ATIVIDADE PARLAMENTAR";"0";"";"KANTOBYTE SOLUÇÕES E TECNOLOGIA";"294.588.240/0019-1";"68";"0";"2024-09-02T00:00:00";"3386.84";"0";"3386.84";"8";"2024";"0";"";"";"2073596";"";"";"";"2227";"7802263";"https://www.camara.leg.br/cota-parlamentar/documentos/publ/2227/2024/7802263.pdf"
"Danilo Forte";"";"62881";"91";"2023";"CE";"PP";"57";"1";"MANUTENÇÃO DE ESCRITÓRIO DE APOIO À ATIVIDADE PARLAMENTAR";"0";"";"KANTOBYTE SOLUÇÕES E TECNOLOGIA";"294.588.240/0019-1";"80";"0";"2024-10-01T00:00:00";"3386.84";"0";"3386.84";"9";"2024";"0";"";"";"2080933";"";"";"";"2227";"7815320";"https://www.camara.leg.br/cota-parlamentar/documentos/publ/2227/2024/7815320.pdf"
"Danilo Forte";"";"62881";"91";"2023";"CE";"PP";"57";"1";"MANUTENÇÃO DE ESCRITÓRIO DE APOIO À ATIVIDADE PARLAMENTAR";"0";"";"KANTOBYTE SOLUÇÕES E TECNOLOGIA";"294.588.240/0019-1";"85";"0";"2024-11-01T00:00:00";"3386.84";"0";"3386.84";"10";"2024";"0";"";"";"2087738";"";"";"";"2227";"7827790";"https://www.camara.leg.br/cota-parlamentar/documentos/publ/2227/2024/7827790.pdf"
"Danilo Forte";"";"62881";"91";"2023";"CE";"PP";"57";"1";"MANUTENÇÃO DE ESCRITÓRIO DE APOIO À ATIVIDADE PARLAMENTAR";"0";"";"KANTOBYTE SOLUÇÕES E TECNOLOGIA";"294.588.240/0019-1";"85";"0";"2024-12-02T00:00:00";"3386.84";"0";"3386.84";"11";"2024";"0";"";"";"2096341";"";"";"";"2227";"7843237";"https://www.camara.leg.br/cota-parlamentar/documentos/publ/2227/2024/7843237.pdf"
"Danilo Forte";"";"62881";"91";"2023";"CE";"PP";"57";"1";"MANUTENÇÃO DE ESCRITÓRIO DE APOIO À ATIVIDADE PARLAMENTAR";"0";"";"KANTOBYTE SOLUÇÕES E TECNOLOGIA";"294.588.240/0019-1";"92";"0";"2025-01-02T00:00:00";"3386.84";"0";"3386.84";"12";"2024";"0";"";"";"2101685";"";"";"";"2227";"7853606";"https://www.camara.leg.br/cota-parlamentar/documentos/publ/2227/2025/7853606.pdf"
"Danilo Forte";"";"62881";"91";"2023";"CE";"PP";"57";"1";"MANUTENÇÃO DE ESCRITÓRIO DE APOIO À ATIVIDADE PARLAMENTAR";"0";"";"PREFEITURA DE FORTALEZA - SECRETÁRIA DE FINANÇAS";"079.652.050/0040-1";"2024-00872788-49";"1";"2024-11-07T00:00:00";"89.61";"0";"89.61";"11";"2024";"0";"";"";"2087739";"";"";"";"2227";"7827757";"https://www.camara.leg.br/cota-parlamentar/documentos/publ/2227/2024/7827757.pdf"
"Danilo Forte";"";"62881";"91";"2023";"CE";"PP";"57";"1";"MANUTENÇÃO DE ESCRITÓRIO DE APOIO À ATIVIDADE PARLAMENTAR";"0";"";"PREFEITURA DE FORTALEZA - SECRETÁRIA DE FINANÇAS";"079.652.050/0040-1";"2024.00872695-09";"1";"2024-03-07T00:00:00";"264.29";"0";"264.29";"3";"2024";"0";"";"";"2021762";"";"";"";"2227";"7701287";"https://www.camara.leg.br/cota-parlamentar/documentos/publ/2227/2024/7701287.pdf"
"Danilo Forte";"";"62881";"91";"2023";"CE";"PP";"57";"1";"MANUTENÇÃO DE ESCRITÓRIO DE APOIO À ATIVIDADE PARLAMENTAR";"0";"";"PREFEITURA DE FORTALEZA - SECRETÁRIA DE FINANÇAS";"079.652.050/0040-1";"2024.00872697-24";"1";"2024-06-07T00:00:00";"264.29";"0";"264.29";"6";"2024";"0";"";"";"2048933";"";"";"";"2227";"7753365";"https://www.camara.leg.br/cota-parlamentar/documentos/publ/2227/2024/7753365.pdf"
"Danilo Forte";"";"62881";"91";"2023";"CE";"PP";"57";"1";"MANUTENÇÃO DE ESCRITÓRIO DE APOIO À ATIVIDADE PARLAMENTAR";"0";"";"PREFEITURA DE FORTALEZA - SECRETÁRIA DE FINANÇAS";"079.652.050/0040-1";"2024.00872698-37";"1";"2024-08-07T00:00:00";"264.29";"0";"264.29";"8";"2024";"0";"";"";"2064878";"";"";"";"2227";"7785002";"https://www.camara.leg.br/cota-parlamentar/documentos/publ/2227/2024/7785002.pdf"
"Danilo Forte";"";"62881";"91";"2023";"CE";"PP";"57";"1";"MANUTENÇÃO DE ESCRITÓRIO DE APOIO À ATIVIDADE PARLAMENTAR";"0";"";"PREFEITURA DE FORTALEZA - SECRETÁRIA DE FINANÇAS";"079.652.050/0040-1";"2024.00872699-40";"1";"2024-10-07T00:00:00";"264.29";"0";"264.29";"10";"2024";"0";"";"";"2080934";"";"";"";"2227";"7815310";"https://www.camara.leg.br/cota-parlamentar/documentos/publ/2227/2024/7815310.pdf"
"Danilo Forte";"";"62881";"91";"2023";"CE";"PP";"57";"1";"MANUTENÇÃO DE ESCRITÓRIO DE APOIO À ATIVIDADE PARLAMENTAR";"0";"";"PREFEITURA DE FORTALEZA - SECRETÁRIA DE FINANÇAS";"079.652.050/0040-1";"2024.00872700-20";"1";"2024-11-07T00:00:00";"264.29";"0";"264.29";"11";"2024";"0";"";"";"2087739";"";"";"";"2227";"7827750";"https://www.camara.leg.br/cota-parlamentar/documentos/publ/2227/2024/7827750.pdf"
"Danilo Forte";"";"62881";"91";"2023";"CE";"PP";"57";"1";"MANUTENÇÃO DE ESCRITÓRIO DE APOIO À ATIVIDADE PARLAMENTAR";"0";"";"PREFEITURA DE FORTALEZA - SECRETÁRIA DE FINANÇAS";"079.652.050/0040-1";"2024.00872715-99";"1";"2024-05-08T00:00:00";"264.29";"0";"264.29";"5";"2024";"0";"";"";"2040346";"";"";"";"2227";"7734816";"https://www.camara.leg.br/cota-parlamentar/documentos/publ/2227/2024/7734816.pdf"
"Danilo Forte";"";"62881";"91";"2023";"CE";"PP";"57";"1";"MANUTENÇÃO DE ESCRITÓRIO DE APOIO À ATIVIDADE PARLAMENTAR";"0";"";"PREFEITURA DE FORTALEZA - SECRETÁRIA DE FINANÇAS";"079.652.050/0040-1";"2024.00872717-04";"0";"2024-09-06T00:00:00";"264.29";"0";"264.29";"9";"2024";"0";"";"";"2073598";"";"";"";"2227";"7802163";"https://www.camara.leg.br/cota-parlamentar/documentos/publ/2227/2024/7802163.pdf"
"Danilo Forte";"";"62881";"91";"2023";"CE";"PP";"57";"1";"MANUTENÇÃO DE ESCRITÓRIO DE APOIO À ATIVIDADE PARLAMENTAR";"0";"";"PREFEITURA DE FORTALEZA - SECRETÁRIA DE FINANÇAS";"079.652.050/0040-1";"2024.00872721-72";"1";"2024-12-06T00:00:00";"264.29";"0";"264.29";"12";"2024";"0";"";"";"2096351";"";"";"";"2227";"7843695";"https://www.camara.leg.br/cota-parlamentar/documentos/publ/2227/2024/7843695.pdf"
"Danilo Forte";"";"62881";"91";"2023";"CE";"PP";"57";"1";"MANUTENÇÃO DE ESCRITÓRIO DE APOIO À ATIVIDADE PARLAMENTAR";"0";"";"PREFEITURA DE FORTALEZA - SECRETÁRIA DE FINANÇAS";"079.652.050/0040-1";"2024.00872776-09";"1";"2024-03-07T00:00:00";"89.61";"0";"89.61";"3";"2024";"0";"";"";"2021762";"";"";"";"2227";"7701284";"https://www.camara.leg.br/cota-parlamentar/documentos/publ/2227/2024/7701284.pdf"
"Danilo Forte";"";"62881";"91";"2023";"CE";"PP";"57";"1";"MANUTENÇÃO DE ESCRITÓRIO DE APOIO À ATIVIDADE PARLAMENTAR";"0";"";"PREFEITURA DE FORTALEZA - SECRETÁRIA DE FINANÇAS";"079.652.050/0040-1";"2024.00872777-11";"1";"2024-05-08T00:00:00";"89.61";"0";"89.61";"5";"2024";"0";"";"";"2040346";"";"";"";"2227";"7737122";"https://www.camara.leg.br/cota-parlamentar/documentos/publ/2227/2024/7737122.pdf"
"Danilo Forte";"";"62881";"91";"2023";"CE";"PP";"57";"1";"MANUTENÇÃO DE ESCRITÓRIO DE APOIO À ATIVIDADE PARLAMENTAR";"0";"";"PREFEITURA DE FORTALEZA - SECRETÁRIA DE FINANÇAS";"079.652.050/0040-1";"2024.00872778-24";"1";"2024-06-07T00:00:00";"89.61";"0";"89.61";"6";"2024";"0";"";"";"2048933";"";"";"";"2227";"7753368";"https://www.camara.leg.br/cota-parlamentar/documentos/publ/2227/2024/7753368.pdf"
"Danilo Forte";"";"62881";"91";"2023";"CE";"PP";"57";"1";"MANUTENÇÃO DE ESCRITÓRIO DE APOIO À ATIVIDADE PARLAMENTAR";"0";"";"PREFEITURA DE FORTALEZA - SECRETÁRIA DE FINANÇAS";"079.652.050/0040-1";"2024.00872780-77";"1";"2024-08-07T00:00:00";"89.61";"0";"89.61";"8";"2024";"0";"";"";"2064878";"";"";"";"2227";"7785007";"https://www.camara.leg.br/cota-parlamentar/documentos/publ/2227/2024/7785007.pdf"
"Danilo Forte";"";"62881";"91";"2023";"CE";"PP";"57";"1";"MANUTENÇÃO DE ESCRITÓRIO DE APOIO À ATIVIDADE PARLAMENTAR";"0";"";"PREFEITURA DE FORTALEZA - SECRETÁRIA DE FINANÇAS";"079.652.050/0040-1";"2024.00872786-23";"0";"2024-09-06T00:00:00";"89.61";"0";"89.61";"9";"2024";"0";"";"";"2073598";"";"";"";"2227";"7802253";"https://www.camara.leg.br/cota-parlamentar/documentos/publ/2227/2024/7802253.pdf"
"Danilo Forte";"";"62881";"91";"2023";"CE";"PP";"57";"1";"MANUTENÇÃO DE ESCRITÓRIO DE APOIO À ATIVIDADE PARLAMENTAR";"0";"";"PREFEITURA DE FORTALEZA - SECRETÁRIA DE FINANÇAS";"079.652.050/0040-1";"2024.00872803-85";"1";"2024-10-07T00:00:00";"89.61";"0";"89.61";"10";"2024";"0";"";"";"2080934";"";"";"";"2227";"7815308";"https://www.camara.leg.br/cota-parlamentar/documentos/publ/2227/2024/7815308.pdf"
"Danilo Forte";"";"62881";"91";"2023";"CE";"PP";"57";"1";"MANUTENÇÃO DE ESCRITÓRIO DE APOIO À ATIVIDADE PARLAMENTAR";"0";"";"PREFEITURA DE FORTALEZA - SECRETÁRIA DE FINANÇAS";"079.652.050/0040-1";"2024.00872807-16";"1";"2024-12-06T00:00:00";"89.61";"0";"89.61";"12";"2024";"0";"";"";"2096351";"";"";"";"2227";"7843693";"https://www.camara.leg.br/cota-parlamentar/documentos/publ/2227/2024/7843693.pdf"
"Danilo Forte";"";"62881";"91";"2023";"CE";"PP";"57";"1";"MANUTENÇÃO DE ESCRITÓRIO DE APOIO À ATIVIDADE PARLAMENTAR";"0";"";"PREFEITURA DE FORTALEZA - SECRETÁRIA DE FINANÇAS";"079.652.050/0040-1";"20240087269611";"0";"2024-04-05T00:00:00";"264.29";"0";"264.29";"4";"2024";"0";"";"";"2034820";"";"";"";"2227";"7727679";"https://www.camara.leg.br/cota-parlamentar/documentos/publ/2227/2024/7727679.pdf"
"Danilo Forte";"";"62881";"91";"2023";"CE";"PP";"57";"1";"MANUTENÇÃO DE ESCRITÓRIO DE APOIO À ATIVIDADE PARLAMENTAR";"0";"";"PREFEITURA DE FORTALEZA - SECRETÁRIA DE FINANÇAS";"079.652.050/0040-1";"20240087271602";"1";"2024-07-05T00:00:00";"264.29";"0";"264.29";"7";"2024";"0";"";"";"2055994";"";"";"";"2227";"7767134";"https://www.camara.leg.br/cota-parlamentar/documentos/publ/2227/2024/7767134.pdf"
"Danilo Forte";"";"62881";"91";"2023";"CE";"PP";"57";"1";"MANUTENÇÃO DE ESCRITÓRIO DE APOIO À ATIVIDADE PARLAMENTAR";"0";"";"PREFEITURA DE FORTALEZA - SECRETÁRIA DE FINANÇAS";"079.652.050/0040-1";"20240087277937";"1";"2024-07-05T00:00:00";"89.61";"0";"89.61";"7";"2024";"0";"";"";"2055994";"";"";"";"2227";"7767145";"https://www.camara.leg.br/cota-parlamentar/documentos/publ/2227/2024/7767145.pdf"
"Danilo Forte";"";"62881";"91";"2023";"CE";"PP";"57";"1";"MANUTENÇÃO DE ESCRITÓRIO DE APOIO À ATIVIDADE PARLAMENTAR";"0";"";"PREFEITURA DE FORTALEZA - SECRETÁRIA DE FINANÇAS";"079.652.050/0040-1";"20240087278408";"0";"2024-04-05T00:00:00";"89.61";"0";"89.61";"4";"2024";"0";"";"";"2034820";"";"";"";"2227";"7727675";"https://www.camara.leg.br/cota-parlamentar/documentos/publ/2227/2024/7727675.pdf"
"Danilo Forte";"";"62881";"91";"2023";"CE";"PP";"57";"1";"MANUTENÇÃO DE ESCRITÓRIO DE APOIO À ATIVIDADE PARLAMENTAR";"0";"";"PREFEITURA DE FORTALEZA - SECRETÁRIA DE FINANÇAS";"079.652.050/0040-1";"20240305744500";"1";"2024-02-08T00:00:00";"264.35";"0";"264.35";"2";"2024";"0";"";"";"2014477";"";"";"";"2227";"7685806";"https://www.camara.leg.br/cota-parlamentar/documentos/publ/2227/2024/7685806.pdf"
"Danilo Forte";"";"62881";"91";"2023";"CE";"PP";"57";"1";"MANUTENÇÃO DE ESCRITÓRIO DE APOIO À ATIVIDADE PARLAMENTAR";"0";"";"PREFEITURA DE FORTALEZA - SECRETÁRIA DE FINANÇAS";"079.652.050/0040-1";"20240305752939";"1";"2024-02-08T00:00:00";"89.66";"0";"89.66";"2";"2024";"0";"";"";"2014477";"";"";"";"2227";"7685805";"https://www.camara.leg.br/cota-parlamentar/documentos/publ/2227/2024/7685805.pdf"
"Danilo Forte";"";"62881";"91";"2023";"CE";"PP";"57";"1";"MANUTENÇÃO DE ESCRITÓRIO DE APOIO À ATIVIDADE PARLAMENTAR";"0";"";"RAFAEL & DANTAS LTDA";"028.843.140/0063-4";"36127";"4";"2024-01-24T00:00:00";"1648.09";"0";"1648.09";"1";"2024";"0";"";"";"2006855";"";"";"";"2227";"7676636";"https://www.camara.leg.br/cota-parlamentar/nota-fiscal-eletronica?ideDocumentoFiscal=7676636"
"Danilo Forte";"";"62881";"91";"2023";"CE";"PP";"57";"1";"MANUTENÇÃO DE ESCRITÓRIO DE APOIO À ATIVIDADE PARLAMENTAR";"0";"";"VIDEOMAR REDE NORDESTE S/A";"633.560.420/0018-0";"4659920";"0";"2024-01-18T00:00:00";"100.53";"0";"100.53";"1";"2024";"0";"";"";"2014476";"";"";"";"2227";"7687298";"https://www.camara.leg.br/cota-parlamentar/documentos/publ/2227/2024/7687298.pdf"
"Danilo Forte";"";"62881";"91";"2023";"CE";"PP";"57";"1";"MANUTENÇÃO DE ESCRITÓRIO DE APOIO À ATIVIDADE PARLAMENTAR";"0";"";"VIDEOMAR REDE NORDESTE S/A";"633.560.420/0018-0";"4742936";"0";"2024-02-16T00:00:00";"102.66";"2.13";"100.53";"2";"2024";"0";"";"";"2021736";"";"";"";"2227";"7701724";"https://www.camara.leg.br/cota-parlamentar/documentos/publ/2227/2024/7701724.pdf"
"Danilo Forte";"";"62881";"91";"2023";"CE";"PP";"57";"1";"MANUTENÇÃO DE ESCRITÓRIO DE APOIO À ATIVIDADE PARLAMENTAR";"0";"";"VIDEOMAR REDE NORDESTE S/A";"633.560.420/0018-0";"4825797";"0";"2024-03-22T00:00:00";"100.53";"0";"100.53";"3";"2024";"0";"";"";"2034800";"";"";"";"2227";"7727595";"https://www.camara.leg.br/cota-parlamentar/documentos/publ/2227/2024/7727595.pdf"
"Danilo Forte";"";"62881";"91";"2023";"CE";"PP";"57";"1";"MANUTENÇÃO DE ESCRITÓRIO DE APOIO À ATIVIDADE PARLAMENTAR";"0";"";"VIDEOMAR REDE NORDESTE S/A";"633.560.420/0018-0";"4908717";"0";"2024-04-26T00:00:00";"102.67";"2.14";"100.53";"4";"2024";"0";"";"";"2040345";"";"";"";"2227";"7737146";"https://www.camara.leg.br/cota-parlamentar/documentos/publ/2227/2024/7737146.pdf"
"Danilo Forte";"";"62881";"91";"2023";"CE";"PP";"57";"1";"MANUTENÇÃO DE ESCRITÓRIO DE APOIO À ATIVIDADE PARLAMENTAR";"0";"";"VIDEOMAR REDE NORDESTE S/A";"633.560.420/0018-0";"4991587";"0";"2024-05-29T00:00:00";"95.53";"0";"95.53";"5";"2024";"0";"";"";"2049844";"";"";"";"2227";"7755098";"https://www.camara.leg.br/cota-parlamentar/documentos/publ/2227/2024/7755098.pdf"
"Danilo Forte";"";"62881";"91";"2023";"CE";"PP";"57";"1";"MANUTENÇÃO DE ESCRITÓRIO DE APOIO À ATIVIDADE PARLAMENTAR";"0";"";"WMS COMERCIO DE ARTIGOS DE PAPELARIA LTDA";"121.328.540/0010-0";"6149";"4";"2024-12-02T00:00:00";"695.1";"0";"695.1";"12";"2024";"0";"";"";"2094790";"";"";"";"2227";"7838242";"https://www.camara.leg.br/cota-parlamentar/nota-fiscal-eletronica?ideDocumentoFiscal=7838242"
"Danilo Forte";"";"62881";"91";"2023";"CE";"PP";"57";"1";"MANUTENÇÃO DE ESCRITÓRIO DE APOIO À ATIVIDADE PARLAMENTAR";"0";"";"WMS COMERCIO DE ARTIGOS DE PAPELARIA LTDA-ME";"121.328.540/0010-0";"5544";"4";"2024-03-22T00:00:00";"389.1";"0";"389.1";"3";"2024";"0";"";"";"2024418";"";"";"";"2227";"7707424";"https://www.camara.leg.br/cota-parlamentar/nota-fiscal-eletronica?ideDocumentoFiscal=7707424"
