"txNomeParlamentar";"cpf";"ideCadastro";"nuCarteiraParlamentar";"nuLegislatura";"sgUF";"sgPartido";"codLegislatura";"numSubCota";"txtDescricao";"numEspecificacaoSubCota";"txtDescricaoEspecificacao";"txtFornecedor";"txtCNPJCPF";"txtNumero";"indTipoDocumento";"datEmissao";"vlrDocumento";"vlrGlosa";"vlrLiquido";"numMes";"numAno";"numParcela";"txtPassageiro";"txtTrecho";"numLote";"numRessarcimento";"datPagamentoRestituicao";"vlrRestituicao";"nuDeputadoId";"ideDocumento";"urlDocumento"
"LIDERANÇA DO PSDB";"";"";"";"2011";"NA";"";"54";"1";"MANUTENÇÃO DE ESCRITÓRIO DE APOIO À ATIVIDADE PARLAMENTAR";"0";"";"AGENCIA ESTADO LTDA";"626.529.610/0013-8";"00423169";"0";"2011-12-26T00:00:00";"8275.08";"0";"8275.08";"12";"2011";"0";"";"";"588705";"";"";"";"2442";"2246504";""
"LIDERANÇA DO PSDB";"";"";"";"2011";"NA";"";"54";"1";"MANUTENÇÃO DE ESCRITÓRIO DE APOIO À ATIVIDADE PARLAMENTAR";"0";"";"AGENCIA ESTADO LTDA.";"626.529.610/0013-8";"00423168";"0";"2011-12-26T00:00:00";"9432";"0";"9432";"12";"2011";"0";"";"";"588705";"";"";"";"2442";"2246505";""
"LIDERANÇA DO PSDB";"";"";"";"2011";"NA";"";"54";"1";"MANUTENÇÃO DE ESCRITÓRIO DE APOIO À ATIVIDADE PARLAMENTAR";"0";"";"CRC TECNOLOGIA DA INFOMAÇÃO LTDA";"102.427.210/0016-1";"612";"0";"2011-09-27T00:00:00";"5112";"0";"5112";"9";"2011";"0";"";"";"568174";"";"";"";"2442";"2181555";""
"LIDERANÇA DO PSDB";"";"";"";"2011";"NA";"";"54";"1";"MANUTENÇÃO DE ESCRITÓRIO DE APOIO À ATIVIDADE PARLAMENTAR";"0";"";"MICRO TRAINING SERVIÇOS DE INFORMATICA LTDA";"380.105.910/0015-0";"104";"0";"2011-10-27T00:00:00";"77.8";"0";"77.8";"10";"2011";"0";"";"";"574051";"";"";"";"2442";"2193013";""
"LIDERANÇA DO PSDB";"";"";"";"2011";"NA";"";"54";"3";"COMBUSTÍVEIS E LUBRIFICANTES.";"1";"Veículos Automotores";"AUTO POSTO LS COM. DE DERIVADOS DE PETROLEO LTDA";"052.567.940/0017-2";"296462";"0";"2011-08-15T00:00:00";"106.11";"0";"106.11";"8";"2011";"0";"";"";"561555";"";"";"";"2442";"2150852";""
"LIDERANÇA DO PSDB";"";"";"";"2011";"NA";"";"54";"3";"COMBUSTÍVEIS E LUBRIFICANTES.";"1";"Veículos Automotores";"CASCOL COMBUSTIVEIS PARA VEICULOS LTDA";"003.065.970/0109-8";"70823";"0";"2011-08-29T00:00:00";"80";"0";"80";"8";"2011";"0";"";"";"561555";"";"";"";"2442";"2150860";""
"LIDERANÇA DO PSDB";"";"";"";"2011";"NA";"";"54";"3";"COMBUSTÍVEIS E LUBRIFICANTES.";"1";"Veículos Automotores";"CASCOL COMBUSTIVEIS PARA VEICULOS LTDA";"003.065.970/0117-9";"63756";"0";"2011-10-04T00:00:00";"20";"0";"20";"10";"2011";"0";"";"";"568173";"";"";"";"2442";"2173487";""
"LIDERANÇA DO PSDB";"";"";"";"2011";"NA";"";"54";"3";"COMBUSTÍVEIS E LUBRIFICANTES.";"1";"Veículos Automotores";"POLAR DERIVADOS DE PETROLEO LTDA";"000.420.440/0018-4";"378681";"0";"2011-09-02T00:00:00";"50";"0";"50";"9";"2011";"0";"";"";"570965";"";"";"";"2442";"2182360";""
"LIDERANÇA DO PSDB";"";"";"";"2011";"NA";"";"54";"3";"COMBUSTÍVEIS E LUBRIFICANTES.";"1";"Veículos Automotores";"POLAR- DERIVADOS DE PETROLEO LTDA";"000.420.440/0018-4";"140822";"0";"2011-10-18T00:00:00";"50";"0";"50";"10";"2011";"0";"";"";"572185";"";"";"";"2442";"2186602";""
"LIDERANÇA DO PSDB";"";"";"";"2011";"NA";"";"54";"3";"COMBUSTÍVEIS E LUBRIFICANTES.";"1";"Veículos Automotores";"POSTO MONUMENTAL";"054.543.900/0019-3";"152679";"0";"2011-08-12T00:00:00";"113.59";"0";"113.59";"8";"2011";"0";"";"";"561555";"";"";"";"2442";"2150855";""
"LIDERANÇA DO PSDB";"";"";"";"2011";"NA";"";"54";"3";"COMBUSTÍVEIS E LUBRIFICANTES.";"1";"Veículos Automotores";"POSTO MONUMENTAL";"054.543.900/0019-3";"153400";"0";"2011-09-07T00:00:00";"134.89";"0";"134.89";"9";"2011";"0";"";"";"567276";"";"";"";"2442";"2170297";""
"LIDERANÇA DO PSDB";"";"";"";"2011";"NA";"";"54";"3";"COMBUSTÍVEIS E LUBRIFICANTES.";"1";"Veículos Automotores";"POSTO MONUMENTAL";"054.543.900/0019-3";"155844";"0";"2011-12-19T00:00:00";"134.87";"0";"134.87";"12";"2011";"0";"";"";"584975";"";"";"";"2442";"2228447";""
"LIDERANÇA DO PSDB";"";"";"";"2011";"NA";"";"54";"3";"COMBUSTÍVEIS E LUBRIFICANTES.";"1";"Veículos Automotores";"POSTO MONUMENTAL";"054.543.900/0019-3";"155874";"0";"2011-12-20T00:00:00";"101.92";"0";"101.92";"12";"2011";"0";"";"";"585186";"";"";"";"2442";"2229068";""
"LIDERANÇA DO PSDB";"";"";"";"2011";"NA";"";"54";"3";"COMBUSTÍVEIS E LUBRIFICANTES.";"1";"Veículos Automotores";"POSTO PETROMINAS LTDA";"092.058.350/0015-2";"6956";"0";"2011-11-22T00:00:00";"70";"0";"70";"11";"2011";"0";"";"";"585211";"";"";"";"2442";"2229105";""
"LIDERANÇA DO PSDB";"";"";"";"2011";"NA";"";"54";"3";"COMBUSTÍVEIS E LUBRIFICANTES.";"1";"Veículos Automotores";"POSTO- DERIVADOS DE PETROLEO LTDA";"000.420.440/0018-4";"140003";"0";"2011-08-16T00:00:00";"70";"0";"70";"8";"2011";"0";"";"";"561555";"";"";"";"2442";"2150857";""
"LIDERANÇA DO PSDB";"";"";"";"2011";"NA";"";"54";"3";"COMBUSTÍVEIS E LUBRIFICANTES.";"1";"Veículos Automotores";"POSTO- DERIVADOS DE PETROLEO LTDA";"000.420.440/0018-4";"140087";"0";"2011-08-22T00:00:00";"70";"0";"70";"8";"2011";"0";"";"";"561555";"";"";"";"2442";"2150854";""
"LIDERANÇA DO PSDB";"";"";"";"2011";"NA";"";"54";"5";"DIVULGAÇÃO DA ATIVIDADE PARLAMENTAR.";"0";"";"METROPOLE INTERATIVA INFORMATICA LTDA";"052.656.050/0012-8";"0360";"0";"2011-11-21T00:00:00";"1300";"0";"1300";"11";"2011";"0";"";"";"578280";"";"";"";"2442";"2206901";""
"LIDERANÇA DO PSDB";"";"";"";"2011";"NA";"";"54";"5";"DIVULGAÇÃO DA ATIVIDADE PARLAMENTAR.";"0";"";"METROPOLE INTERATIVA INFORMATICA LTDA";"052.656.050/0012-8";"0369";"0";"2011-12-09T00:00:00";"7410";"0";"7410";"12";"2011";"0";"";"";"584173";"";"";"";"2442";"2225706";""
"LIDERANÇA DO PSDB";"";"";"";"2011";"NA";"";"54";"9";"PASSAGEM AÉREA - REEMBOLSO";"0";"";"TAM";"020.128.620/0016-0";"957243306960";"0";"2011-08-19T00:00:00";"803.32";"0";"803.32";"8";"2011";"0";"";"BSB/SAO/BSB";"561555";"";"";"";"2442";"2150871";""
"LIDERANÇA DO PSDB";"";"";"";"2011";"NA";"";"54";"9";"PASSAGEM AÉREA - REEMBOLSO";"0";"";"TAM";"020.128.620/0016-0";"9572434271348";"0";"2011-09-12T00:00:00";"422.28";"0";"422.28";"9";"2011";"0";"MARCO ANTONIO FELIX FIGUEIREDO;";"Brasilia/Belo Horizonte";"570965";"";"";"";"2442";"2187627";""
"LIDERANÇA DO PSDB";"";"";"";"2011";"NA";"";"54";"13";"FORNECIMENTO DE ALIMENTAÇÃO DO PARLAMENTAR";"0";"";"BIER FASS RESTAURANTE MUSEU LTDA.";"050.332.140/0018-8";"65060";"0";"2011-11-22T00:00:00";"758.8";"0";"758.8";"11";"2011";"0";"";"";"578168";"";"";"";"2442";"2206550";""
"LIDERANÇA DO PSDB";"";"";"";"2011";"NA";"";"54";"13";"FORNECIMENTO DE ALIMENTAÇÃO DO PARLAMENTAR";"0";"";"C.B. BRASILIA COMERCIO DE ALIMENTOS LTDA";"119.037.890/0010-7";"14392";"0";"2011-08-11T00:00:00";"242.66";"0";"242.66";"8";"2011";"0";"";"";"561555";"";"";"";"2442";"2154845";""
"LIDERANÇA DO PSDB";"";"";"";"2011";"NA";"";"54";"13";"FORNECIMENTO DE ALIMENTAÇÃO DO PARLAMENTAR";"0";"";"CHURRASCARIA POTENCIA GRILL LTDA";"084.662.190/0019-2";"22848";"0";"2011-11-17T00:00:00";"130";"0";"130";"11";"2011";"0";"";"";"578168";"";"";"";"2442";"2206556";""
"LIDERANÇA DO PSDB";"";"";"";"2011";"NA";"";"54";"13";"FORNECIMENTO DE ALIMENTAÇÃO DO PARLAMENTAR";"0";"";"CHURRASCARIA POTENCIA GRILL LTDA.";"084.662.190/0019-2";"22124";"0";"2011-08-18T00:00:00";"1225.29";"0";"1225.29";"8";"2011";"0";"";"";"574976";"";"";"";"2442";"2196055";""
"LIDERANÇA DO PSDB";"";"";"";"2011";"NA";"";"54";"13";"FORNECIMENTO DE ALIMENTAÇÃO DO PARLAMENTAR";"0";"";"COCO BAMBU FRUTOS DO MAR COM. DE ALIMENTOS LTDA";"105.426.620/0014-7";"31082";"0";"2011-09-22T00:00:00";"175.45";"0";"175.45";"9";"2011";"0";"";"";"567276";"";"";"";"2442";"2170300";""
"LIDERANÇA DO PSDB";"";"";"";"2011";"NA";"";"54";"13";"FORNECIMENTO DE ALIMENTAÇÃO DO PARLAMENTAR";"0";"";"FRED RESTAURANTE";"367.564.350/0010-8";"17452";"0";"2011-12-20T00:00:00";"660";"0";"660";"12";"2011";"0";"";"";"584975";"";"";"";"2442";"2228456";""
"LIDERANÇA DO PSDB";"";"";"";"2011";"NA";"";"54";"13";"FORNECIMENTO DE ALIMENTAÇÃO DO PARLAMENTAR";"0";"";"LEONES BRAZ DE OLIVEIRA LANCHONETES ME";"142.005.870/0019-7";"0156";"0";"2011-12-15T00:00:00";"347.6";"0";"347.6";"12";"2011";"0";"";"";"584172";"";"";"";"2442";"2225696";""
"LIDERANÇA DO PSDB";"";"";"";"2011";"NA";"";"54";"13";"FORNECIMENTO DE ALIMENTAÇÃO DO PARLAMENTAR";"0";"";"MAC-MARA ALCAMIM COMERCIAL DE ALIMENTOS LTDA";"085.176.630/0043-2";"1122";"0";"2011-12-13T00:00:00";"419.09";"0";"419.09";"12";"2011";"0";"";"";"584172";"";"";"";"2442";"2225698";""
"LIDERANÇA DO PSDB";"";"";"";"2011";"NA";"";"54";"13";"FORNECIMENTO DE ALIMENTAÇÃO DO PARLAMENTAR";"0";"";"MASSAS TOSCANELLO LTDA";"334.398.600/0018-5";"11102";"0";"2011-11-08T00:00:00";"351.95";"0";"351.95";"11";"2011";"0";"";"";"575351";"";"";"";"2442";"2197232";""
"LIDERANÇA DO PSDB";"";"";"";"2011";"NA";"";"54";"13";"FORNECIMENTO DE ALIMENTAÇÃO DO PARLAMENTAR";"0";"";"RESTAURANTE E BAR XIQUE XIQUE LTDA.";"006.045.380/0010-5";"50009";"0";"2011-11-09T00:00:00";"191";"0";"191";"11";"2011";"0";"";"";"576262";"";"";"";"2442";"2200208";""
"LIDERANÇA DO PSDB";"";"";"";"2011";"NA";"";"54";"13";"FORNECIMENTO DE ALIMENTAÇÃO DO PARLAMENTAR";"0";"";"RESTAURANTE O TRAIRAO LTDA";"135.066.010/0011-2";"011097";"0";"2011-12-13T00:00:00";"458";"0";"458";"12";"2011";"0";"";"";"584172";"";"";"";"2442";"2225701";""
"LIDERANÇA DO PSDB";"";"";"";"2011";"NA";"";"54";"13";"FORNECIMENTO DE ALIMENTAÇÃO DO PARLAMENTAR";"0";"";"RESTAURANTE O TRAIRAO LTDA";"135.066.010/0011-2";"1279";"0";"2011-10-25T00:00:00";"300";"0";"300";"10";"2011";"0";"";"";"572185";"";"";"";"2442";"2186598";""
"LIDERANÇA DO PSDB";"";"";"";"2011";"NA";"";"54";"13";"FORNECIMENTO DE ALIMENTAÇÃO DO PARLAMENTAR";"0";"";"RESTAURANTE O TRAIRAO LTDA";"135.066.010/0011-2";"1280";"0";"2011-10-26T00:00:00";"351";"0";"351";"10";"2011";"0";"";"";"573113";"";"";"";"2442";"2189938";""
"LIDERANÇA DO PSDB";"";"";"";"2011";"NA";"";"54";"13";"FORNECIMENTO DE ALIMENTAÇÃO DO PARLAMENTAR";"0";"";"RESTAURANTE XIQUE XIQUE";"006.045.380/0010-5";"50137";"0";"2011-11-29T00:00:00";"432";"0";"432";"11";"2011";"0";"";"";"580023";"";"";"";"2442";"2213119";""
"LIDERANÇA DO PSDB";"";"";"";"2011";"NA";"";"54";"13";"FORNECIMENTO DE ALIMENTAÇÃO DO PARLAMENTAR";"0";"";"RESTAURANTE XIQUE XIQUE LTDA.";"006.045.380/0010-5";"50232";"0";"2011-12-08T00:00:00";"1200";"0";"1200";"12";"2011";"0";"";"";"582491";"";"";"";"2442";"2220545";""
"LIDERANÇA DO PSDB";"";"";"";"2011";"NA";"";"54";"13";"FORNECIMENTO DE ALIMENTAÇÃO DO PARLAMENTAR";"0";"";"XIQUE XIQUE";"006.045.380/0010-5";"194157";"0";"2011-11-07T00:00:00";"430";"0";"430";"11";"2011";"0";"";"";"574974";"";"";"";"2442";"2196048";""
"LIDERANÇA DO PSDB";"";"";"";"2011";"NA";"";"54";"14";"HOSPEDAGEM ,EXCETO DO PARLAMENTAR NO DISTRITO FEDERAL.";"0";"";"MAX SAVASSI ADMINISTRAÇÃO HOTELEIRA S/C LTDA";"010.206.160/0019-7";"14327";"0";"2011-09-28T00:00:00";"793.8";"0";"793.8";"9";"2011";"0";"";"";"570892";"";"";"";"2442";"2182177";""
"LIDERANÇA DO PSDB";"";"";"";"2011";"NA";"";"54";"15";"LOCAÇÃO DE VEÍCULOS AUTOMOTORES OU FRETAMENTO DE EMBARCAÇÕES";"0";"";"PONTO DE TAXI 606";"005.245.500/0010-0";"18237682";"1";"2011-08-22T00:00:00";"34";"0";"34";"8";"2011";"0";"";"";"561555";"";"";"";"2442";"2150849";""
"LIDERANÇA DO PT";"";"";"";"2011";"NA";"";"54";"3";"COMBUSTÍVEIS E LUBRIFICANTES.";"1";"Veículos Automotores";"CASCOL COMBUSTÍVEIS PARA VEÍCULOS LTDA";"003.065.970/0010-5";"146454";"0";"2011-10-11T00:00:00";"50";"0";"50";"10";"2011";"0";"";"";"573140";"";"";"";"2439";"2190035";""
"LIDERANÇA DO PT";"";"";"";"2011";"NA";"";"54";"3";"COMBUSTÍVEIS E LUBRIFICANTES.";"1";"Veículos Automotores";"DM BARRETO AUTO MECÂNICA-ME";"132.518.590/0011-5";"0155";"0";"2011-11-07T00:00:00";"145";"0";"145";"11";"2011";"0";"";"";"574887";"";"";"";"2439";"2195669";""
"LIDERANÇA DO PT";"";"";"";"2011";"NA";"";"54";"3";"COMBUSTÍVEIS E LUBRIFICANTES.";"1";"Veículos Automotores";"MORRO AZUL COM. DE PETROLEO";"726.204.120/0013-5";"295060";"0";"2011-11-09T00:00:00";"105";"0";"105";"11";"2011";"0";"";"";"576495";"";"";"";"2439";"2200844";""
"LIDERANÇA DO PT";"";"";"";"2011";"NA";"";"54";"3";"COMBUSTÍVEIS E LUBRIFICANTES.";"1";"Veículos Automotores";"MORRO AZUL COM. DE PETROLEO LTDA";"726.204.120/0013-5";"276625";"0";"2011-10-03T00:00:00";"138";"0";"138";"10";"2011";"0";"";"";"569094";"";"";"";"2439";"2176355";""
"LIDERANÇA DO PT";"";"";"";"2011";"NA";"";"54";"3";"COMBUSTÍVEIS E LUBRIFICANTES.";"1";"Veículos Automotores";"MORRO AZUL COM. DE PETROLEO LTDA";"726.204.120/0013-5";"277710";"0";"2011-10-05T00:00:00";"107.63";"0";"107.63";"10";"2011";"0";"";"";"569094";"";"";"";"2439";"2176357";""
"LIDERANÇA DO PT";"";"";"";"2011";"NA";"";"54";"3";"COMBUSTÍVEIS E LUBRIFICANTES.";"1";"Veículos Automotores";"MORRO AZUL COM. DE PETROLEO LTDA";"726.204.120/0013-5";"284987";"0";"2011-10-20T00:00:00";"118.02";"0";"118.02";"10";"2011";"0";"";"";"572296";"";"";"";"2439";"2186914";""
"LIDERANÇA DO PT";"";"";"";"2011";"NA";"";"54";"3";"COMBUSTÍVEIS E LUBRIFICANTES.";"1";"Veículos Automotores";"MORRO AZUL COM. DE PETROLEO LTDA";"726.204.120/0013-5";"287300";"0";"2011-10-24T00:00:00";"109.02";"0";"109.02";"10";"2011";"0";"";"";"572296";"";"";"";"2439";"2186904";""
"LIDERANÇA DO PT";"";"";"";"2011";"NA";"";"54";"3";"COMBUSTÍVEIS E LUBRIFICANTES.";"1";"Veículos Automotores";"MORRO AZUL COM. DE PETROLEO LTDA";"726.204.120/0013-5";"290274";"0";"2011-10-30T00:00:00";"106.01";"0";"106.01";"10";"2011";"0";"";"";"573536";"";"";"";"2439";"2191279";""
"LIDERANÇA DO PT";"";"";"";"2011";"NA";"";"54";"3";"COMBUSTÍVEIS E LUBRIFICANTES.";"1";"Veículos Automotores";"MORRO AZUL COM. DE PETROLEO LTDA";"726.204.120/0013-5";"293492";"0";"2011-11-06T00:00:00";"115.01";"0";"115.01";"11";"2011";"0";"";"";"574684";"";"";"";"2439";"2195038";""
"LIDERANÇA DO PT";"";"";"";"2011";"NA";"";"54";"3";"COMBUSTÍVEIS E LUBRIFICANTES.";"1";"Veículos Automotores";"MORRO AZUL COM. DE PETROLEO LTDA";"726.204.120/0013-5";"296643";"0";"2011-11-12T00:00:00";"113";"0";"113";"11";"2011";"0";"";"";"577291";"";"";"";"2439";"2203441";""
"LIDERANÇA DO PT";"";"";"";"2011";"NA";"";"54";"3";"COMBUSTÍVEIS E LUBRIFICANTES.";"1";"Veículos Automotores";"MORRO AZUL COM. DE PETROLEO LTDA";"726.204.120/0013-5";"297859";"0";"2011-11-15T00:00:00";"101";"0";"101";"11";"2011";"0";"";"";"577291";"";"";"";"2439";"2203449";""
"LIDERANÇA DO PT";"";"";"";"2011";"NA";"";"54";"3";"COMBUSTÍVEIS E LUBRIFICANTES.";"1";"Veículos Automotores";"MORRO AZUL COM. DE PETROLEO LTDA";"726.204.120/0013-5";"299118";"0";"2011-11-17T00:00:00";"121.15";"0";"121.15";"11";"2011";"0";"";"";"577888";"";"";"";"2439";"2205563";""
"LIDERANÇA DO PT";"";"";"";"2011";"NA";"";"54";"3";"COMBUSTÍVEIS E LUBRIFICANTES.";"1";"Veículos Automotores";"MORRO AZUL COM. DE PETROLEO LTDA";"726.204.120/0013-5";"300991";"0";"2011-11-22T00:00:00";"120.19";"0";"120.19";"11";"2011";"0";"";"";"577888";"";"";"";"2439";"2205566";""
"LIDERANÇA DO PT";"";"";"";"2011";"NA";"";"54";"3";"COMBUSTÍVEIS E LUBRIFICANTES.";"1";"Veículos Automotores";"MORRO AZUL COM. DE PETROLEO LTDA";"726.204.120/0013-5";"303590";"0";"2011-11-26T00:00:00";"140";"0";"140";"11";"2011";"0";"";"";"579373";"";"";"";"2439";"2210610";""
"LIDERANÇA DO PT";"";"";"";"2011";"NA";"";"54";"3";"COMBUSTÍVEIS E LUBRIFICANTES.";"1";"Veículos Automotores";"MORRO AZUL COM. DE PETROLEO LTDA";"726.204.120/0013-5";"307813";"0";"2011-12-05T00:00:00";"138.5";"0";"138.5";"12";"2011";"0";"";"";"581818";"";"";"";"2439";"2218656";""
"LIDERANÇA DO PT";"";"";"";"2011";"NA";"";"54";"3";"COMBUSTÍVEIS E LUBRIFICANTES.";"1";"Veículos Automotores";"MORRO AZUL COM. DE PETROLEO LTDA";"726.204.120/0013-5";"309069";"0";"2011-12-07T00:00:00";"70";"0";"70";"12";"2011";"0";"";"";"583854";"";"";"";"2439";"2224910";""
"LIDERANÇA DO PT";"";"";"";"2011";"NA";"";"54";"3";"COMBUSTÍVEIS E LUBRIFICANTES.";"1";"Veículos Automotores";"MORRO AZUL COM. DE PETROLEO LTDA";"726.204.120/0013-5";"310359";"0";"2011-12-10T00:00:00";"140";"0";"140";"12";"2011";"0";"";"";"583855";"";"";"";"2439";"2224918";""
"LIDERANÇA DO PT";"";"";"";"2011";"NA";"";"54";"3";"COMBUSTÍVEIS E LUBRIFICANTES.";"1";"Veículos Automotores";"MORRO AZUL COM. DE PETROLEO LTDA";"726.204.120/0013-5";"312853";"0";"2011-12-15T00:00:00";"60";"0";"60";"12";"2011";"0";"";"";"584607";"";"";"";"2439";"2227101";""
"LIDERANÇA DO PT";"";"";"";"2011";"NA";"";"54";"3";"COMBUSTÍVEIS E LUBRIFICANTES.";"1";"Veículos Automotores";"MORRO AZUL COM. DE PETROLEO LTDA";"726.204.120/0013-5";"314555";"0";"2011-12-18T00:00:00";"120";"0";"120";"12";"2011";"0";"";"";"584607";"";"";"";"2439";"2227102";""
"LIDERANÇA DO PT";"";"";"";"2011";"NA";"";"54";"3";"COMBUSTÍVEIS E LUBRIFICANTES.";"1";"Veículos Automotores";"MORRO AZUL COM. DE PETROLEO LTDA";"726.204.120/0013-5";"315449";"0";"2011-12-20T00:00:00";"50";"0";"50";"12";"2011";"0";"";"";"585223";"";"";"";"2439";"2229143";""
"LIDERANÇA DO PT";"";"";"";"2011";"NA";"";"54";"3";"COMBUSTÍVEIS E LUBRIFICANTES.";"1";"Veículos Automotores";"SIND. DOS PERMISSION. E MOTORISTAS AUXILIA DO DF";"000.317.080/0029-0";"762617";"0";"2011-10-18T00:00:00";"50";"0";"50";"10";"2011";"0";"";"";"570922";"";"";"";"2439";"2182301";""
"LIDERANÇA DO PT";"";"";"";"2011";"NA";"";"54";"3";"COMBUSTÍVEIS E LUBRIFICANTES.";"1";"Veículos Automotores";"SINDIC. DOS PERMIS. E MOTOR. AUXIL. DE TAXIS DO DF";"000.317.080/0029-0";"571476";"0";"2011-10-19T00:00:00";"77.93";"0";"77.93";"10";"2011";"0";"";"";"571476";"";"";"";"2439";"2184113";""
"LIDERANÇA DO PT";"";"";"";"2011";"NA";"";"54";"3";"COMBUSTÍVEIS E LUBRIFICANTES.";"1";"Veículos Automotores";"SINDICATO DOS PERMISSIONARIOS E MOT. AUX. DE TAXIS";"000.317.080/0029-0";"786573";"0";"2011-12-01T00:00:00";"50";"0";"50";"12";"2011";"0";"";"";"580404";"";"";"";"2439";"2214320";""
"LIDERANÇA DO PT";"";"";"";"2011";"NA";"";"54";"4";"CONSULTORIAS, PESQUISAS E TRABALHOS TÉCNICOS.";"0";"";"AGAPÊ INFORMÁTICA";"036.060.270/0011-0";"0017";"0";"2011-10-28T00:00:00";"1000";"0";"1000";"9";"2011";"0";"";"";"582269";"";"";"";"2439";"2219914";""
"LIDERANÇA DO PT";"";"";"";"2011";"NA";"";"54";"4";"CONSULTORIAS, PESQUISAS E TRABALHOS TÉCNICOS.";"0";"";"AGAPÊ INFORMATICA";"036.060.270/0011-0";"0018";"0";"2011-10-28T00:00:00";"1000";"0";"1000";"10";"2011";"0";"";"";"582269";"";"";"";"2439";"2219915";""
"LIDERANÇA DO PT";"";"";"";"2011";"NA";"";"54";"4";"CONSULTORIAS, PESQUISAS E TRABALHOS TÉCNICOS.";"0";"";"CDN COMUNICAÇÃO CORPORATIVA LTDA";"578.638.540/0011-9";"00006647";"0";"2011-10-31T00:00:00";"17500";"0";"17500";"10";"2011";"0";"";"";"573574";"";"";"";"2439";"2191432";""
"LIDERANÇA DO PT";"";"";"";"2011";"NA";"";"54";"4";"CONSULTORIAS, PESQUISAS E TRABALHOS TÉCNICOS.";"0";"";"CDN COMUNICAÇÃO CORPORATIVA LTDA";"578.638.540/0011-9";"00006749";"0";"2011-11-16T00:00:00";"18500";"0";"18500";"11";"2011";"0";"";"";"577442";"";"";"";"2439";"2203877";""
"LIDERANÇA DO PT";"";"";"";"2011";"NA";"";"54";"4";"CONSULTORIAS, PESQUISAS E TRABALHOS TÉCNICOS.";"0";"";"CDN COMUNICAÇÃO CORPORATIVA LTDA";"578.638.540/0011-9";"00006839";"0";"2011-12-02T00:00:00";"9000";"0";"9000";"12";"2011";"0";"";"";"583285";"";"";"";"2439";"2223014";""
"LIDERANÇA DO PT";"";"";"";"2011";"NA";"";"54";"4";"CONSULTORIAS, PESQUISAS E TRABALHOS TÉCNICOS.";"0";"";"LUIZ PAULO TEIXEIRA FERREIRA";"036.060.270/0011-0";"0029";"0";"2011-12-23T00:00:00";"1100";"152.08";"947.92";"11";"2011";"0";"";"";"587029";"";"";"";"2439";"2234319";""
"LIDERANÇA DO PT";"";"";"";"2011";"NA";"";"54";"5";"DIVULGAÇÃO DA ATIVIDADE PARLAMENTAR.";"0";"";"GRAFICA CONTA FIO";"050.482.750/0011-9";"2522";"0";"2011-12-16T00:00:00";"8200";"0";"8200";"12";"2011";"0";"";"";"584636";"";"";"";"2439";"2227192";""
"JAIRO ATAÍDE";"";"3151";"533";"2007";"MG";"DEM";"53";"1";"MANUTENÇÃO DE ESCRITÓRIO DE APOIO À ATIVIDADE PARLAMENTAR";"0";"";"CEMIG";"069.811.800/0011-6";"003305206";"0";"2011-01-17T00:00:00";"94.05";"0";"94.05";"1";"2011";"0";"";"";"524574";"";"";"";"1969";"2025618";""
"JAIRO ATAÍDE";"";"3151";"533";"2007";"MG";"DEM";"53";"3";"COMBUSTÍVEIS E LUBRIFICANTES.";"1";"Veículos Automotores";"ANTARES COMBUSTIVEIS LTDA";"038.887.890/0023-8";"002402";"0";"2011-01-31T00:00:00";"3121.24";"0";"3121.24";"1";"2011";"0";"";"";"518213";"";"";"";"1969";"2004230";""
"JAIRO ATAÍDE";"";"3151";"533";"2007";"MG";"DEM";"53";"3";"COMBUSTÍVEIS E LUBRIFICANTES.";"1";"Veículos Automotores";"MENDOÇA & CIA LTDA";"182.867.570/0031-0";"285657";"0";"2011-01-05T00:00:00";"100";"0";"100";"1";"2011";"0";"";"";"514851";"";"";"";"1969";"1992538";""
"JAIRO ATAÍDE";"";"3151";"533";"2007";"MG";"DEM";"53";"3";"COMBUSTÍVEIS E LUBRIFICANTES.";"1";"Veículos Automotores";"POSTO ANTONIO MASSUD LTDA";"003.564.880/0019-4";"146328";"0";"2011-01-28T00:00:00";"50";"0";"50";"1";"2011";"0";"";"";"518267";"";"";"";"1969";"2004376";""
"JAIRO ATAÍDE";"";"3151";"533";"2007";"MG";"DEM";"53";"4";"CONSULTORIAS, PESQUISAS E TRABALHOS TÉCNICOS.";"0";"";"MENEZES CONSULTORES E ADVOGADOS ASSOCIADOS";"072.683.080/0016-1";"000780";"0";"2011-01-18T00:00:00";"8500";"0";"8500";"1";"2011";"0";"";"";"514852";"";"";"";"1969";"1992530";""
"JAIRO ATAÍDE";"";"3151";"533";"2007";"MG";"DEM";"53";"5";"DIVULGAÇÃO DA ATIVIDADE PARLAMENTAR.";"0";"";"URBANA";"026.648.680/0011-1";"000267";"0";"2011-01-19T00:00:00";"5500";"0";"5500";"1";"2011";"0";"";"";"515095";"";"";"";"1969";"1997441";""
"JAIRO ATAÍDE";"";"3151";"533";"2007";"MG";"DEM";"53";"10";"TELEFONIA";"0";"";"GVT";"034.209.260/0578-9";"33578";"0";"2011-01-15T00:00:00";"309.25";"0";"309.25";"1";"2011";"0";"";"";"520150";"";"";"";"1969";"2010451";""
"JAIRO ATAÍDE";"";"3151";"533";"2007";"MG";"DEM";"53";"10";"TELEFONIA";"0";"";"OI";"041.646.160/0031-0";"564238";"0";"2011-01-25T00:00:00";"536.5";"0";"536.5";"1";"2011";"0";"";"";"524574";"";"";"";"1969";"2025623";""
"JAIRO ATAÍDE";"";"3151";"533";"2007";"MG";"DEM";"53";"10";"TELEFONIA";"0";"";"OI";"330.001.180/0033-0";"00001541030";"0";"2011-01-20T00:00:00";"45.01";"0";"45.01";"1";"2011";"0";"";"";"524574";"";"";"";"1969";"2025635";""
"JAIRO ATAÍDE";"";"3151";"533";"2007";"MG";"DEM";"53";"15";"LOCAÇÃO DE VEÍCULOS AUTOMOTORES OU FRETAMENTO DE EMBARCAÇÕES";"0";"";"COOPERTAXI - BH";"252.989.690/0011-1";"S/N";"1";"2011-01-18T00:00:00";"85";"0";"85";"1";"2011";"0";"";"";"514851";"";"";"";"1969";"1992537";""
"JAIRO ATAÍDE";"";"3151";"533";"2007";"MG";"DEM";"53";"15";"LOCAÇÃO DE VEÍCULOS AUTOMOTORES OU FRETAMENTO DE EMBARCAÇÕES";"0";"";"EXPRESSO UNIR";"234.521.960/0015-0";"404962";"0";"2011-01-05T00:00:00";"18";"0";"18";"1";"2011";"0";"";"";"518267";"";"";"";"1969";"2004383";""
"JAIRO ATAÍDE";"";"3151";"533";"2007";"MG";"DEM";"53";"15";"LOCAÇÃO DE VEÍCULOS AUTOMOTORES OU FRETAMENTO DE EMBARCAÇÕES";"0";"";"LEASE CAR S/A";"714.032.570/0030-2";"009165";"0";"2011-02-04T00:00:00";"3500";"0";"3500";"1";"2011";"0";"";"";"518505";"";"";"";"1969";"2005127";""
"JAIRO ATAÍDE";"";"3151";"533";"2007";"MG";"DEM";"53";"15";"LOCAÇÃO DE VEÍCULOS AUTOMOTORES OU FRETAMENTO DE EMBARCAÇÕES";"0";"";"MINAS TAXI";"049.257.400/0019-0";"147548";"1";"2011-01-17T00:00:00";"80";"0";"80";"1";"2011";"0";"";"";"514851";"";"";"";"1969";"1992535";""
"JAIRO ATAÍDE";"";"3151";"533";"2011";"MG";"DEM";"54";"1";"MANUTENÇÃO DE ESCRITÓRIO DE APOIO À ATIVIDADE PARLAMENTAR";"0";"";"CCEMIG";"069.811.800/0011-6";"003264720";"0";"2011-08-17T00:00:00";"127.25";"0";"127.25";"8";"2011";"0";"";"";"565663";"";"";"";"1969";"2164741";""
"JAIRO ATAÍDE";"";"3151";"533";"2011";"MG";"DEM";"54";"1";"MANUTENÇÃO DE ESCRITÓRIO DE APOIO À ATIVIDADE PARLAMENTAR";"0";"";"CEMIG";"069.811.800/0011-6";"003142082";"0";"2011-07-15T00:00:00";"88.03";"0";"88.03";"7";"2011";"0";"";"";"557207";"";"";"";"1969";"2134717";""
"JAIRO ATAÍDE";"";"3151";"533";"2011";"MG";"DEM";"54";"1";"MANUTENÇÃO DE ESCRITÓRIO DE APOIO À ATIVIDADE PARLAMENTAR";"0";"";"CEMIG";"069.811.800/0011-6";"003181752";"0";"2011-07-15T00:00:00";"11.65";"0";"11.65";"7";"2011";"0";"";"";"557207";"";"";"";"1969";"2134711";""
"JAIRO ATAÍDE";"";"3151";"533";"2011";"MG";"DEM";"54";"1";"MANUTENÇÃO DE ESCRITÓRIO DE APOIO À ATIVIDADE PARLAMENTAR";"0";"";"CEMIG";"069.811.800/0011-6";"003292243";"0";"2011-03-17T00:00:00";"127.52";"0.38";"127.14";"3";"2011";"0";"";"";"532330";"";"";"";"1969";"2051851";""
"JAIRO ATAÍDE";"";"3151";"533";"2011";"MG";"DEM";"54";"1";"MANUTENÇÃO DE ESCRITÓRIO DE APOIO À ATIVIDADE PARLAMENTAR";"0";"";"CEMIG";"069.811.800/0011-6";"003295944";"0";"2011-02-14T00:00:00";"116.33";"1.61";"114.72";"2";"2011";"0";"";"";"524568";"";"";"";"1969";"2025600";""
"JAIRO ATAÍDE";"";"3151";"533";"2011";"MG";"DEM";"54";"1";"MANUTENÇÃO DE ESCRITÓRIO DE APOIO À ATIVIDADE PARLAMENTAR";"0";"";"CEMIG";"069.811.800/0011-6";"003352176";"0";"2011-09-16T00:00:00";"138.05";"2.29";"135.76";"9";"2011";"0";"";"";"575787";"";"";"";"1969";"2198705";""
"JAIRO ATAÍDE";"";"3151";"533";"2011";"MG";"DEM";"54";"1";"MANUTENÇÃO DE ESCRITÓRIO DE APOIO À ATIVIDADE PARLAMENTAR";"0";"";"CEMIG";"069.811.800/0011-6";"003400824";"0";"2011-04-15T00:00:00";"11.04";"0.22";"10.82";"4";"2011";"0";"";"";"537624";"";"";"";"1969";"2069027";""
"JAIRO ATAÍDE";"";"3151";"533";"2011";"MG";"DEM";"54";"1";"MANUTENÇÃO DE ESCRITÓRIO DE APOIO À ATIVIDADE PARLAMENTAR";"0";"";"CEMIG";"069.811.800/0011-6";"003437562";"0";"2011-11-16T00:00:00";"87.53";"0";"87.53";"11";"2011";"0";"";"";"581533";"";"";"";"1969";"2217813";""
"JAIRO ATAÍDE";"";"3151";"533";"2011";"MG";"DEM";"54";"1";"MANUTENÇÃO DE ESCRITÓRIO DE APOIO À ATIVIDADE PARLAMENTAR";"0";"";"CEMIG";"069.811.800/0011-6";"003506514";"0";"2011-04-15T00:00:00";"128.59";"2.25";"126.34";"4";"2011";"0";"";"";"537624";"";"";"";"1969";"2069036";""
"JAIRO ATAÍDE";"";"3151";"533";"2011";"MG";"DEM";"54";"1";"MANUTENÇÃO DE ESCRITÓRIO DE APOIO À ATIVIDADE PARLAMENTAR";"0";"";"CEMIG";"069.811.800/0011-6";"003507170";"0";"2011-06-15T00:00:00";"129.79";"0";"129.79";"6";"2011";"0";"";"";"557208";"";"";"";"1969";"2134706";""
"JAIRO ATAÍDE";"";"3151";"533";"2011";"MG";"DEM";"54";"1";"MANUTENÇÃO DE ESCRITÓRIO DE APOIO À ATIVIDADE PARLAMENTAR";"0";"";"CEMIG";"069.811.800/0011-6";"003530531";"0";"2011-06-15T00:00:00";"11.7";"0";"11.7";"6";"2011";"0";"";"";"557208";"";"";"";"1969";"2134703";""
"JAIRO ATAÍDE";"";"3151";"533";"2011";"MG";"DEM";"54";"1";"MANUTENÇÃO DE ESCRITÓRIO DE APOIO À ATIVIDADE PARLAMENTAR";"0";"";"CEMIG";"069.811.800/0011-6";"003544053";"0";"2011-12-16T00:00:00";"143.54";"0";"143.54";"12";"2011";"0";"";"";"591260";"";"";"";"1969";"2248054";""
"JAIRO ATAÍDE";"";"3151";"533";"2011";"MG";"DEM";"54";"1";"MANUTENÇÃO DE ESCRITÓRIO DE APOIO À ATIVIDADE PARLAMENTAR";"0";"";"CEMIG";"069.811.800/0011-6";"003592733";"0";"2011-10-17T00:00:00";"120.16";"2.8";"117.36";"10";"2011";"0";"";"";"575777";"";"";"";"1969";"2198706";""
"JAIRO ATAÍDE";"";"3151";"533";"2011";"MG";"DEM";"54";"1";"MANUTENÇÃO DE ESCRITÓRIO DE APOIO À ATIVIDADE PARLAMENTAR";"0";"";"CEMIG";"069.811.800/0011-6";"003597109";"0";"2011-05-17T00:00:00";"158.43";"0";"158.43";"5";"2011";"0";"";"";"545036";"";"";"";"1969";"2094130";""
"JAIRO ATAÍDE";"";"3151";"533";"2011";"MG";"DEM";"54";"1";"MANUTENÇÃO DE ESCRITÓRIO DE APOIO À ATIVIDADE PARLAMENTAR";"0";"";"COPASA";"172.811.060/0010-3";"00011118336467";"0";"2011-04-14T00:00:00";"49.8";"0";"49.8";"4";"2011";"0";"";"";"537624";"";"";"";"1969";"2069019";""
"JAIRO ATAÍDE";"";"3151";"533";"2011";"MG";"DEM";"54";"1";"MANUTENÇÃO DE ESCRITÓRIO DE APOIO À ATIVIDADE PARLAMENTAR";"0";"";"COPASA";"172.811.060/0010-3";"00111131410204";"0";"2011-03-17T00:00:00";"129.17";"0.68";"128.49";"3";"2011";"0";"";"";"535241";"";"";"";"1969";"2060353";""
"JAIRO ATAÍDE";"";"3151";"533";"2011";"MG";"DEM";"54";"1";"MANUTENÇÃO DE ESCRITÓRIO DE APOIO À ATIVIDADE PARLAMENTAR";"0";"";"COPASA";"172.811.060/0010-3";"00111233974531";"0";"2011-05-17T00:00:00";"85.4";"0";"85.4";"5";"2011";"0";"";"";"545037";"";"";"";"1969";"2094139";""
"JAIRO ATAÍDE";"";"3151";"533";"2011";"MG";"DEM";"54";"1";"MANUTENÇÃO DE ESCRITÓRIO DE APOIO À ATIVIDADE PARLAMENTAR";"0";"";"COPASA";"172.811.060/0010-3";"00111287564829";"0";"2011-06-15T00:00:00";"29";"17.76";"11.24";"6";"2011";"0";"";"";"551306";"";"";"";"1969";"2115195";""
"JAIRO ATAÍDE";"";"3151";"533";"2011";"MG";"DEM";"54";"1";"MANUTENÇÃO DE ESCRITÓRIO DE APOIO À ATIVIDADE PARLAMENTAR";"0";"";"COPASA";"172.811.060/0010-3";"00111337862852";"0";"2011-07-18T00:00:00";"53.48";"0";"53.48";"7";"2011";"0";"";"";"556963";"";"";"";"1969";"2134650";""
"JAIRO ATAÍDE";"";"3151";"533";"2011";"MG";"DEM";"54";"1";"MANUTENÇÃO DE ESCRITÓRIO DE APOIO À ATIVIDADE PARLAMENTAR";"0";"";"COPASA";"172.811.060/0010-3";"0011143731428";"0";"2011-09-16T00:00:00";"51.2";"1.13";"50.07";"9";"2011";"0";"";"";"569494";"";"";"";"1969";"2177487";""
"JAIRO ATAÍDE";"";"3151";"533";"2011";"MG";"DEM";"54";"1";"MANUTENÇÃO DE ESCRITÓRIO DE APOIO À ATIVIDADE PARLAMENTAR";"0";"";"COPASA";"172.811.060/0010-3";"00111537130006/112011";"0";"2011-11-17T00:00:00";"112.49";"1.23";"111.26";"11";"2011";"0";"";"";"581533";"";"";"";"1969";"2217805";""
"JAIRO ATAÍDE";"";"3151";"533";"2011";"MG";"DEM";"54";"1";"MANUTENÇÃO DE ESCRITÓRIO DE APOIO À ATIVIDADE PARLAMENTAR";"0";"";"COPASA";"172.811.060/0010-3";"0111589054050";"0";"2011-12-19T00:00:00";"46.78";"0.12";"46.66";"12";"2011";"0";"";"";"591260";"";"";"";"1969";"2248041";""
"JAIRO ATAÍDE";"";"3151";"533";"2011";"MG";"DEM";"54";"1";"MANUTENÇÃO DE ESCRITÓRIO DE APOIO À ATIVIDADE PARLAMENTAR";"0";"";"COPASA";"172.811.060/0010-3";"5633144330054";"0";"2011-08-18T00:00:00";"50.07";"0";"50.07";"8";"2011";"0";"";"";"565663";"";"";"";"1969";"2164733";""
"JAIRO ATAÍDE";"";"3151";"533";"2011";"MG";"DEM";"54";"1";"MANUTENÇÃO DE ESCRITÓRIO DE APOIO À ATIVIDADE PARLAMENTAR";"0";"";"COPASA S/A";"172.811.060/0010-3";"00111080566075";"0";"2011-02-15T00:00:00";"141.71";"3.51";"138.2";"2";"2011";"0";"";"";"524568";"";"";"";"1969";"2025612";""
"JAIRO ATAÍDE";"";"3151";"533";"2011";"MG";"DEM";"54";"1";"MANUTENÇÃO DE ESCRITÓRIO DE APOIO À ATIVIDADE PARLAMENTAR";"0";"";"KALUNGA";"432.838.110/0341-8";"046013";"0";"2011-04-11T00:00:00";"78.13";"0";"78.13";"4";"2011";"0";"";"";"530965";"";"";"";"1969";"2047526";""
"JAIRO ATAÍDE";"";"3151";"533";"2011";"MG";"DEM";"54";"1";"MANUTENÇÃO DE ESCRITÓRIO DE APOIO À ATIVIDADE PARLAMENTAR";"0";"";"WM PAPELARIA E ESCRITORIO";"121.328.540/0010-0";"070";"0";"2011-02-28T00:00:00";"50.28";"0";"50.28";"2";"2011";"0";"";"";"535239";"";"";"";"1969";"2060295";""
"JAIRO ATAÍDE";"";"3151";"533";"2011";"MG";"DEM";"54";"1";"MANUTENÇÃO DE ESCRITÓRIO DE APOIO À ATIVIDADE PARLAMENTAR";"0";"";"WM PAPELARIA E ESCRITÓRIO";"121.328.540/0010-0";"316";"0";"2011-08-10T00:00:00";"50";"0";"50";"8";"2011";"0";"";"";"557206";"";"";"";"1969";"2135344";""
"JAIRO ATAÍDE";"";"3151";"533";"2011";"MG";"DEM";"54";"3";"COMBUSTÍVEIS E LUBRIFICANTES.";"1";"Veículos Automotores";"ANTARES";"038.887.890/0023-8";"002541";"0";"2011-04-29T00:00:00";"3927.82";"0";"3927.82";"4";"2011";"0";"";"";"537624";"";"";"";"1969";"2069046";""
"JAIRO ATAÍDE";"";"3151";"533";"2011";"MG";"DEM";"54";"3";"COMBUSTÍVEIS E LUBRIFICANTES.";"1";"Veículos Automotores";"ANTARES COMBUSTIVEIS";"038.887.890/0023-8";"000000276";"0";"2011-10-31T00:00:00";"3724.07";"0";"3724.07";"10";"2011";"0";"";"";"575777";"";"";"";"1969";"2198713";""
"JAIRO ATAÍDE";"";"3151";"533";"2011";"MG";"DEM";"54";"3";"COMBUSTÍVEIS E LUBRIFICANTES.";"1";"Veículos Automotores";"ANTARES COMBUSTIVEIS";"038.887.890/0023-8";"002426";"0";"2011-02-26T00:00:00";"3420.88";"0";"3420.88";"2";"2011";"0";"";"";"522092";"";"";"";"1969";"2017440";""
"JAIRO ATAÍDE";"";"3151";"533";"2011";"MG";"DEM";"54";"3";"COMBUSTÍVEIS E LUBRIFICANTES.";"1";"Veículos Automotores";"ANTARES COMBUSTIVEIS";"038.887.890/0023-8";"143";"0";"2011-07-31T00:00:00";"4492";"0";"4492";"7";"2011";"0";"";"";"556963";"";"";"";"1969";"2134695";""
"JAIRO ATAÍDE";"";"3151";"533";"2011";"MG";"DEM";"54";"3";"COMBUSTÍVEIS E LUBRIFICANTES.";"1";"Veículos Automotores";"ANTARES COMBUSTIVEIS";"038.887.890/0023-8";"51";"0";"2011-05-31T00:00:00";"3849.95";"0";"3849.95";"5";"2011";"0";"";"";"545045";"";"";"";"1969";"2094178";""
"JAIRO ATAÍDE";"";"3151";"533";"2011";"MG";"DEM";"54";"3";"COMBUSTÍVEIS E LUBRIFICANTES.";"1";"Veículos Automotores";"ANTARES COMBUSTIVEIS LTDA";"038.887.890/0023-8";"002487";"0";"2011-03-31T00:00:00";"2833.44";"0";"2833.44";"3";"2011";"0";"";"";"530255";"";"";"";"1969";"2045066";""
"JAIRO ATAÍDE";"";"3151";"533";"2011";"MG";"DEM";"54";"3";"COMBUSTÍVEIS E LUBRIFICANTES.";"1";"Veículos Automotores";"ANTARES COMBUSTIVEIS LTDA";"038.887.890/0023-8";"100";"0";"2011-06-30T00:00:00";"3033.93";"0";"3033.93";"6";"2011";"0";"";"";"551306";"";"";"";"1969";"2115213";""
"JAIRO ATAÍDE";"";"3151";"533";"2011";"MG";"DEM";"54";"3";"COMBUSTÍVEIS E LUBRIFICANTES.";"1";"Veículos Automotores";"ANTARES COMBUSTIVEIS LTDA";"038.887.890/0023-8";"176";"0";"2011-08-30T00:00:00";"3845.77";"23.23";"3822.54";"8";"2011";"0";"";"";"565663";"";"";"";"1969";"2164736";""
"JAIRO ATAÍDE";"";"3151";"533";"2011";"MG";"DEM";"54";"3";"COMBUSTÍVEIS E LUBRIFICANTES.";"1";"Veículos Automotores";"ANTARES COMBUSTIVEIS LTDA";"038.887.890/0023-8";"232";"0";"2011-09-29T00:00:00";"3774.03";"0";"3774.03";"9";"2011";"0";"";"";"569491";"";"";"";"1969";"2177467";""
"JAIRO ATAÍDE";"";"3151";"533";"2011";"MG";"DEM";"54";"3";"COMBUSTÍVEIS E LUBRIFICANTES.";"1";"Veículos Automotores";"ANTARES COMBUSTIVEIS LTDA";"038.887.890/0023-8";"336";"0";"2011-11-29T00:00:00";"3893.16";"0";"3893.16";"11";"2011";"0";"";"";"579826";"";"";"";"1969";"2212268";""
"JAIRO ATAÍDE";"";"3151";"533";"2011";"MG";"DEM";"54";"3";"COMBUSTÍVEIS E LUBRIFICANTES.";"1";"Veículos Automotores";"ANTARES COMBUSTIVEIS LTDA";"038.887.890/0023-8";"422";"0";"2011-12-31T00:00:00";"3920.69";"0";"3920.69";"12";"2011";"0";"";"";"591261";"";"";"";"1969";"2248099";""
"JAIRO ATAÍDE";"";"3151";"533";"2011";"MG";"DEM";"54";"3";"COMBUSTÍVEIS E LUBRIFICANTES.";"1";"Veículos Automotores";"AUTO POSTO ROG S.A";"084.182.190/0011-7";"184395";"0";"2011-06-23T00:00:00";"70";"0";"70";"6";"2011";"0";"";"";"548139";"";"";"";"1969";"2105104";""
"JAIRO ATAÍDE";"";"3151";"533";"2011";"MG";"DEM";"54";"3";"COMBUSTÍVEIS E LUBRIFICANTES.";"1";"Veículos Automotores";"CACIQUE RODOSHOPPING";"378.789.560/0010-9";"199392";"0";"2011-12-05T00:00:00";"99.02";"0";"99.02";"12";"2011";"0";"";"";"581532";"";"";"";"1969";"2217749";""
"JAIRO ATAÍDE";"";"3151";"533";"2011";"MG";"DEM";"54";"3";"COMBUSTÍVEIS E LUBRIFICANTES.";"1";"Veículos Automotores";"CODERPE COMERCIO DE DERIVADOS DE PETROLEO LTDA";"171.765.950/0021-4";"051651";"0";"2011-08-19T00:00:00";"77.86";"0";"77.86";"8";"2011";"0";"";"";"561067";"";"";"";"1969";"2149059";""
"JAIRO ATAÍDE";"";"3151";"533";"2011";"MG";"DEM";"54";"3";"COMBUSTÍVEIS E LUBRIFICANTES.";"1";"Veículos Automotores";"COMERCIAL BEIRA RIO LTDA";"184.676.880/0018-0";"035743";"0";"2011-08-18T00:00:00";"121.87";"0";"121.87";"8";"2011";"0";"";"";"561067";"";"";"";"1969";"2149052";""
"JAIRO ATAÍDE";"";"3151";"533";"2011";"MG";"DEM";"54";"3";"COMBUSTÍVEIS E LUBRIFICANTES.";"1";"Veículos Automotores";"COMERCIAL BEIRA RIO LTDA";"184.676.880/0018-0";"036409";"0";"2011-08-19T00:00:00";"61.62";"0";"61.62";"8";"2011";"0";"";"";"561067";"";"";"";"1969";"2149078";""
"JAIRO ATAÍDE";"";"3151";"533";"2011";"MG";"DEM";"54";"3";"COMBUSTÍVEIS E LUBRIFICANTES.";"1";"Veículos Automotores";"CONVER COMBUSTIVEIS";"000.385.050/0014-5";"007567";"0";"2011-12-14T00:00:00";"144";"0";"144";"12";"2011";"0";"";"";"584896";"";"";"";"1969";"2228118";""
"JAIRO ATAÍDE";"";"3151";"533";"2011";"MG";"DEM";"54";"3";"COMBUSTÍVEIS E LUBRIFICANTES.";"1";"Veículos Automotores";"CONVER COMBUSTIVEIS AUTOMOTIVOS";"000.385.050/0014-5";"003703";"0";"2011-05-18T00:00:00";"135.02";"0";"135.02";"5";"2011";"0";"";"";"539772";"";"";"";"1969";"2076421";""
"JAIRO ATAÍDE";"";"3151";"533";"2011";"MG";"DEM";"54";"3";"COMBUSTÍVEIS E LUBRIFICANTES.";"1";"Veículos Automotores";"CONVER COMBUSTIVEIS AUTOMOTIVOS";"000.385.050/0049-8";"194072";"0";"2011-08-01T00:00:00";"159.5";"0";"159.5";"8";"2011";"0";"";"";"557206";"";"";"";"1969";"2134683";""
"JAIRO ATAÍDE";"";"3151";"533";"2011";"MG";"DEM";"54";"3";"COMBUSTÍVEIS E LUBRIFICANTES.";"1";"Veículos Automotores";"CONVER COMBUSTIVEIS AUTOMOTIVOS";"000.385.050/0057-9";"020394";"0";"2011-06-26T00:00:00";"50";"0";"50";"6";"2011";"0";"";"";"548139";"";"";"";"1969";"2105085";""
"JAIRO ATAÍDE";"";"3151";"533";"2011";"MG";"DEM";"54";"3";"COMBUSTÍVEIS E LUBRIFICANTES.";"1";"Veículos Automotores";"CONVER COMBUSTIVEIS AUTOMOTIVOS LTDA";"000.385.050/0014-5";"007226";"0";"2011-11-30T00:00:00";"132.55";"0";"132.55";"11";"2011";"0";"";"";"579826";"";"";"";"1969";"2212272";""
"JAIRO ATAÍDE";"";"3151";"533";"2011";"MG";"DEM";"54";"3";"COMBUSTÍVEIS E LUBRIFICANTES.";"1";"Veículos Automotores";"CONVER COMBUSTIVEIS AUTOMOTIVOS LTDA";"000.385.050/0049-8";"197319";"0";"2011-09-09T00:00:00";"100";"0";"100";"9";"2011";"0";"";"";"576114";"";"";"";"1969";"2199832";""
"JAIRO ATAÍDE";"";"3151";"533";"2011";"MG";"DEM";"54";"3";"COMBUSTÍVEIS E LUBRIFICANTES.";"1";"Veículos Automotores";"CONVER COMBUSTIVEIS AUTOMOTIVOS LTDA";"000.385.050/0049-8";"199070";"0";"2011-11-04T00:00:00";"100";"0";"100";"11";"2011";"0";"";"";"576115";"";"";"";"1969";"2199834";""
"JAIRO ATAÍDE";"";"3151";"533";"2011";"MG";"DEM";"54";"3";"COMBUSTÍVEIS E LUBRIFICANTES.";"1";"Veículos Automotores";"CONVER COMBUSTIVEIS AUTOMOTIVOS LTDA";"000.385.050/0057-9";"012644.";"0";"2011-02-09T00:00:00";"105.82";"0";"105.82";"2";"2011";"0";"";"";"520148";"";"";"";"1969";"2010438";""
"JAIRO ATAÍDE";"";"3151";"533";"2011";"MG";"DEM";"54";"3";"COMBUSTÍVEIS E LUBRIFICANTES.";"1";"Veículos Automotores";"CONVER COMBUSTIVEIS AUTOMOTIVOS LTDA";"000.385.050/0057-9";"014420";"0";"2011-03-16T00:00:00";"60";"0";"60";"3";"2011";"0";"";"";"535241";"";"";"";"1969";"2060343";""
"JAIRO ATAÍDE";"";"3151";"533";"2011";"MG";"DEM";"54";"3";"COMBUSTÍVEIS E LUBRIFICANTES.";"1";"Veículos Automotores";"CONVER COMBUSTIVEIS AUTOMOTIVOS LTDA";"000.385.050/0057-9";"016443";"0";"2011-04-19T00:00:00";"115";"0";"115";"4";"2011";"0";"";"";"532018";"";"";"";"1969";"2050384";""
"JAIRO ATAÍDE";"";"3151";"533";"2011";"MG";"DEM";"54";"3";"COMBUSTÍVEIS E LUBRIFICANTES.";"1";"Veículos Automotores";"CONVER COMBUSTIVEIS AUTOMOTIVOS LTDA";"000.385.050/0057-9";"017230";"0";"2011-05-03T00:00:00";"100";"0";"100";"5";"2011";"0";"";"";"535238";"";"";"";"1969";"2060284";""
"JAIRO ATAÍDE";"";"3151";"533";"2011";"MG";"DEM";"54";"3";"COMBUSTÍVEIS E LUBRIFICANTES.";"1";"Veículos Automotores";"CONVER COMBUSTIVEIS AUTOMOTIVOS LTDA";"000.385.050/0057-9";"018825";"0";"2011-05-25T00:00:00";"110.06";"0";"110.06";"5";"2011";"0";"";"";"545036";"";"";"";"1969";"2094014";""
"JAIRO ATAÍDE";"";"3151";"533";"2011";"MG";"DEM";"54";"3";"COMBUSTÍVEIS E LUBRIFICANTES.";"1";"Veículos Automotores";"CONVER COMBUSTIVEIS AUTOMOTIVOS LTDA";"000.385.050/0057-9";"020342";"0";"2011-06-24T00:00:00";"120";"0";"120";"6";"2011";"0";"";"";"548139";"";"";"";"1969";"2105115";""
"JAIRO ATAÍDE";"";"3151";"533";"2011";"MG";"DEM";"54";"3";"COMBUSTÍVEIS E LUBRIFICANTES.";"1";"Veículos Automotores";"CONVER COMBUSTIVEIS AUTOMOTIVOS LTDA";"000.385.050/0057-9";"024629";"0";"2011-09-27T00:00:00";"131.68";"0";"131.68";"9";"2011";"0";"";"";"568694";"";"";"";"1969";"2175322";""
"JAIRO ATAÍDE";"";"3151";"533";"2011";"MG";"DEM";"54";"3";"COMBUSTÍVEIS E LUBRIFICANTES.";"1";"Veículos Automotores";"CONVER COMBUSTIVEIS LTDA";"000.385.050/0057-9";"013371";"0";"2011-02-23T00:00:00";"113";"0";"113";"2";"2011";"0";"";"";"535239";"";"";"";"1969";"2060299";""
"JAIRO ATAÍDE";"";"3151";"533";"2011";"MG";"DEM";"54";"3";"COMBUSTÍVEIS E LUBRIFICANTES.";"1";"Veículos Automotores";"CONVER COMBUSTIVEIS LTDA";"000.385.050/0057-9";"020436";"0";"2011-06-27T00:00:00";"124.99";"0";"124.99";"6";"2011";"0";"";"";"548139";"";"";"";"1969";"2105108";""
"JAIRO ATAÍDE";"";"3151";"533";"2011";"MG";"DEM";"54";"3";"COMBUSTÍVEIS E LUBRIFICANTES.";"1";"Veículos Automotores";"FREDERICO C.P. CARVALHEIRA NETO";"059.000.650/0010-7";"365109";"0";"2011-04-05T00:00:00";"120";"0";"120";"4";"2011";"0";"";"";"535240";"";"";"";"1969";"2060291";""
"JAIRO ATAÍDE";"";"3151";"533";"2011";"MG";"DEM";"54";"3";"COMBUSTÍVEIS E LUBRIFICANTES.";"1";"Veículos Automotores";"POSTO ALBATROZ";"166.623.220/0013-6";"172831";"0";"2011-10-03T00:00:00";"100.04";"0";"100.04";"10";"2011";"0";"";"";"568693";"";"";"";"1969";"2175354";""
"JAIRO ATAÍDE";"";"3151";"533";"2011";"MG";"DEM";"54";"3";"COMBUSTÍVEIS E LUBRIFICANTES.";"1";"Veículos Automotores";"POSTO CABRAL LTDA";"172.283.390/0014-2";"035167";"0";"2011-12-12T00:00:00";"150.03";"0";"150.03";"12";"2011";"0";"";"";"584896";"";"";"";"1969";"2228124";""
"JAIRO ATAÍDE";"";"3151";"533";"2011";"MG";"DEM";"54";"3";"COMBUSTÍVEIS E LUBRIFICANTES.";"1";"Veículos Automotores";"POSTO CABRAL LTDA";"172.283.390/0014-2";"415280";"0";"2011-06-26T00:00:00";"100";"0";"100";"6";"2011";"0";"";"";"548139";"";"";"";"1969";"2105083";""
"JAIRO ATAÍDE";"";"3151";"533";"2011";"MG";"DEM";"54";"3";"COMBUSTÍVEIS E LUBRIFICANTES.";"1";"Veículos Automotores";"POSTO CEILANDIA LTDA";"003.424.360/0016-9";"136463";"0";"2011-08-20T00:00:00";"136.02";"0";"136.02";"8";"2011";"0";"";"";"561067";"";"";"";"1969";"2149084";""
"JAIRO ATAÍDE";"";"3151";"533";"2011";"MG";"DEM";"54";"3";"COMBUSTÍVEIS E LUBRIFICANTES.";"1";"Veículos Automotores";"POSTO GENTIL";"055.094.810/0018-9";"128071";"0";"2011-12-23T00:00:00";"117.04";"0";"117.04";"12";"2011";"0";"";"";"591260";"";"";"";"1969";"2247825";""
"JAIRO ATAÍDE";"";"3151";"533";"2011";"MG";"DEM";"54";"3";"COMBUSTÍVEIS E LUBRIFICANTES.";"1";"Veículos Automotores";"POSTO METROPOLITANO DERIVADOS DE PETROLEO LTDA";"042.732.600/0019-1";"105931";"0";"2011-08-18T00:00:00";"120.59";"0";"120.59";"8";"2011";"0";"";"";"561067";"";"";"";"1969";"2149049";""
"JAIRO ATAÍDE";"";"3151";"533";"2011";"MG";"DEM";"54";"3";"COMBUSTÍVEIS E LUBRIFICANTES.";"1";"Veículos Automotores";"POSTO REM";"417.052.110/0010-7";"392435";"0";"2011-05-19T00:00:00";"106.79";"0";"106.79";"5";"2011";"0";"";"";"539772";"";"";"";"1969";"2076388";""
"JAIRO ATAÍDE";"";"3151";"533";"2011";"MG";"DEM";"54";"3";"COMBUSTÍVEIS E LUBRIFICANTES.";"1";"Veículos Automotores";"SOCIEDADE COMERCIAL CANAA LTDA";"215.041.960/0012-1";"347610";"0";"2011-03-01T00:00:00";"100";"0";"100";"3";"2011";"0";"";"";"535241";"";"";"";"1969";"2060302";""
"JAIRO ATAÍDE";"";"3151";"533";"2011";"MG";"DEM";"54";"4";"CONSULTORIAS, PESQUISAS E TRABALHOS TÉCNICOS.";"0";"";"MENEZES - CONSULTORES E ADVOGADOS ASSOCIADOS";"072.683.080/0016-1";"000793";"0";"2011-02-28T00:00:00";"8500";"0";"8500";"2";"2011";"0";"";"";"522093";"";"";"";"1969";"2017458";""
"JAIRO ATAÍDE";"";"3151";"533";"2011";"MG";"DEM";"54";"4";"CONSULTORIAS, PESQUISAS E TRABALHOS TÉCNICOS.";"0";"";"MENEZES - CONSULTORES E ADVOGADOS ASSOCIADOS";"072.683.080/0016-1";"000835";"0";"2011-07-01T00:00:00";"8500";"0";"8500";"7";"2011";"0";"";"";"551301";"";"";"";"1969";"2115225";""
"JAIRO ATAÍDE";"";"3151";"533";"2011";"MG";"DEM";"54";"4";"CONSULTORIAS, PESQUISAS E TRABALHOS TÉCNICOS.";"0";"";"MENEZES - CONSULTORES E ADVOGADOS ASSOCIADOS";"072.683.080/0016-1";"000862";"0";"2011-08-31T00:00:00";"8500";"0";"8500";"8";"2011";"0";"";"";"565646";"";"";"";"1969";"2164712";""
"JAIRO ATAÍDE";"";"3151";"533";"2011";"MG";"DEM";"54";"4";"CONSULTORIAS, PESQUISAS E TRABALHOS TÉCNICOS.";"0";"";"MENEZES - CONSULTORES E ADVOGADOS ASSOCIADOS";"072.683.080/0016-1";"000892";"0";"2011-11-30T00:00:00";"8500";"0";"8500";"11";"2011";"0";"";"";"581541";"";"";"";"1969";"2217839";""
"JAIRO ATAÍDE";"";"3151";"533";"2011";"MG";"DEM";"54";"4";"CONSULTORIAS, PESQUISAS E TRABALHOS TÉCNICOS.";"0";"";"MENEZES - CONSULTORES E ADVOGADOS ASSOCIADOS";"072.683.080/0016-1";"000912";"0";"2011-12-22T00:00:00";"8500";"0";"8500";"12";"2011";"0";"";"";"591262";"";"";"";"1969";"2248157";""
"JAIRO ATAÍDE";"";"3151";"533";"2011";"MG";"DEM";"54";"5";"DIVULGAÇÃO DA ATIVIDADE PARLAMENTAR.";"0";"";"ALJA CONSULTORIA E MARKETING LTDA";"102.788.230/0013-7";"000116";"0";"2011-02-22T00:00:00";"6000";"0";"6000";"2";"2011";"0";"";"";"522038";"";"";"";"1969";"2017291";""
"JAIRO ATAÍDE";"";"3151";"533";"2011";"MG";"DEM";"54";"5";"DIVULGAÇÃO DA ATIVIDADE PARLAMENTAR.";"0";"";"URBANA";"026.648.680/0011-1";"000269";"0";"2011-02-28T00:00:00";"5500";"0";"5500";"2";"2011";"0";"";"";"522093";"";"";"";"1969";"2017466";""
"JAIRO ATAÍDE";"";"3151";"533";"2011";"MG";"DEM";"54";"5";"DIVULGAÇÃO DA ATIVIDADE PARLAMENTAR.";"0";"";"URBANA";"026.648.680/0011-1";"000270";"0";"2011-03-21T00:00:00";"5500";"0";"5500";"3";"2011";"0";"";"";"525995";"";"";"";"1969";"2030643";""
"JAIRO ATAÍDE";"";"3151";"533";"2011";"MG";"DEM";"54";"5";"DIVULGAÇÃO DA ATIVIDADE PARLAMENTAR.";"0";"";"URBANA";"026.648.680/0011-1";"000271";"0";"2011-04-20T00:00:00";"5500";"0";"5500";"4";"2011";"0";"";"";"532235";"";"";"";"1969";"2051547";""
"JAIRO ATAÍDE";"";"3151";"533";"2011";"MG";"DEM";"54";"5";"DIVULGAÇÃO DA ATIVIDADE PARLAMENTAR.";"0";"";"URBANA";"026.648.680/0011-1";"000272";"0";"2011-05-20T00:00:00";"5500";"0";"5500";"5";"2011";"0";"";"";"539773";"";"";"";"1969";"2076441";""
"JAIRO ATAÍDE";"";"3151";"533";"2011";"MG";"DEM";"54";"5";"DIVULGAÇÃO DA ATIVIDADE PARLAMENTAR.";"0";"";"URBANA";"026.648.680/0011-1";"000273";"0";"2011-06-20T00:00:00";"5500";"0";"5500";"6";"2011";"0";"";"";"546422";"";"";"";"1969";"2098645";""
"JAIRO ATAÍDE";"";"3151";"533";"2011";"MG";"DEM";"54";"5";"DIVULGAÇÃO DA ATIVIDADE PARLAMENTAR.";"0";"";"URBANA";"026.648.680/0011-1";"000274";"0";"2011-07-15T00:00:00";"5500";"0";"5500";"7";"2011";"0";"";"";"551301";"";"";"";"1969";"2115228";""
"JAIRO ATAÍDE";"";"3151";"533";"2011";"MG";"DEM";"54";"5";"DIVULGAÇÃO DA ATIVIDADE PARLAMENTAR.";"0";"";"URBANA";"026.648.680/0011-1";"000276";"0";"2011-08-22T00:00:00";"5500";"0";"5500";"8";"2011";"0";"";"";"559905";"";"";"";"1969";"2144629";""
"JAIRO ATAÍDE";"";"3151";"533";"2011";"MG";"DEM";"54";"5";"DIVULGAÇÃO DA ATIVIDADE PARLAMENTAR.";"0";"";"URBANA";"026.648.680/0011-1";"000277";"0";"2011-09-20T00:00:00";"5500";"0";"5500";"9";"2011";"0";"";"";"565678";"";"";"";"1969";"2164799";""
"JAIRO ATAÍDE";"";"3151";"533";"2011";"MG";"DEM";"54";"5";"DIVULGAÇÃO DA ATIVIDADE PARLAMENTAR.";"0";"";"URBANA";"026.648.680/0011-1";"000278";"0";"2011-10-20T00:00:00";"5500";"0";"5500";"10";"2011";"0";"";"";"575778";"";"";"";"1969";"2198700";""
"JAIRO ATAÍDE";"";"3151";"533";"2011";"MG";"DEM";"54";"5";"DIVULGAÇÃO DA ATIVIDADE PARLAMENTAR.";"0";"";"ZOOM PRODUTORA LTDA";"028.539.450/0018-1";"201100000000001";"0";"2011-11-29T00:00:00";"5500";"0";"5500";"11";"2011";"0";"";"";"580239";"";"";"";"1969";"2213818";""
"JAIRO ATAÍDE";"";"3151";"533";"2011";"MG";"DEM";"54";"5";"DIVULGAÇÃO DA ATIVIDADE PARLAMENTAR.";"0";"";"ZOOM PRODUTORA LTDA";"028.539.450/0018-1";"20110000000002";"0";"2011-12-14T00:00:00";"5500";"0";"5500";"12";"2011";"0";"";"";"584084";"";"";"";"1969";"2225458";""
"JAIRO ATAÍDE";"";"3151";"533";"2011";"MG";"DEM";"54";"8";"SERVIÇO DE SEGURANÇA PRESTADO POR EMPRESA ESPECIALIZADA.";"0";"";"PROTEL";"429.396.450/0013-4";"020301";"0";"2011-07-08T00:00:00";"145";"0";"145";"7";"2011";"0";"";"";"551300";"";"";"";"1969";"2115145";""
"JAIRO ATAÍDE";"";"3151";"533";"2011";"MG";"DEM";"54";"8";"SERVIÇO DE SEGURANÇA PRESTADO POR EMPRESA ESPECIALIZADA.";"0";"";"PROTEL";"429.396.450/0013-4";"020842";"0";"2011-08-05T00:00:00";"145";"0";"145";"8";"2011";"0";"";"";"569492";"";"";"";"1969";"2177475";""
"JAIRO ATAÍDE";"";"3151";"533";"2011";"MG";"DEM";"54";"8";"SERVIÇO DE SEGURANÇA PRESTADO POR EMPRESA ESPECIALIZADA.";"0";"";"PROTEL";"429.396.450/0013-4";"021396";"0";"2011-09-05T00:00:00";"205";"60";"145";"9";"2011";"0";"";"";"569491";"";"";"";"1969";"2177471";""
"JAIRO ATAÍDE";"";"3151";"533";"2011";"MG";"DEM";"54";"8";"SERVIÇO DE SEGURANÇA PRESTADO POR EMPRESA ESPECIALIZADA.";"0";"";"PROTEL";"429.396.450/0013-4";"021960";"0";"2011-10-07T00:00:00";"145";"0";"145";"10";"2011";"0";"";"";"575777";"";"";"";"1969";"2198690";""
"JAIRO ATAÍDE";"";"3151";"533";"2011";"MG";"DEM";"54";"8";"SERVIÇO DE SEGURANÇA PRESTADO POR EMPRESA ESPECIALIZADA.";"0";"";"PROTEL";"429.396.450/0013-4";"201100000000745";"0";"2011-12-07T00:00:00";"145";"0";"145";"12";"2011";"0";"";"";"591261";"";"";"";"1969";"2248198";""
"JAIRO ATAÍDE";"";"3151";"533";"2011";"MG";"DEM";"54";"9";"PASSAGEM AÉREA - REEMBOLSO";"0";"";"TAM LINHAS AEREAS S/A";"020.128.620/0016-0";"9572439848033";"0";"2011-12-20T00:00:00";"454.12";"0";"454.12";"12";"2011";"0";"JAIRO ATAIDE VIEIRA;";"BELO HORIZONTE / BRASILIA";"584896";"";"";"";"1969";"2228184";""
"JAIRO ATAÍDE";"";"3151";"533";"2011";"MG";"DEM";"54";"9";"PASSAGEM AÉREA - REEMBOLSO";"0";"";"TRIP LINHAS AEREAS";"024.286.240/0013-0";"6612101190840";"0";"2011-12-20T00:00:00";"276.13";"0";"276.13";"12";"2011";"0";"JAIRO ATAIDE VIEIRA;";"MONTES CLAROS / BELO HORIZONTE";"584896";"";"";"";"1969";"2228152";""
"JAIRO ATAÍDE";"";"3151";"533";"2011";"MG";"DEM";"54";"10";"TELEFONIA";"0";"";"GVT";"034.209.260/0578-9";"30408";"0";"2011-05-15T00:00:00";"262.45";"0";"262.45";"5";"2011";"0";"";"";"545036";"";"";"";"1969";"2094122";""
"JAIRO ATAÍDE";"";"3151";"533";"2011";"MG";"DEM";"54";"10";"TELEFONIA";"0";"";"GVT";"034.209.260/0578-9";"31046";"0";"2011-07-15T00:00:00";"231.17";"5.42";"225.75";"7";"2011";"0";"";"";"558481";"";"";"";"1969";"2139496";""
"JAIRO ATAÍDE";"";"3151";"533";"2011";"MG";"DEM";"54";"10";"TELEFONIA";"0";"";"GVT";"034.209.260/0578-9";"31722";"0";"2011-08-15T00:00:00";"215.24";"4.74";"210.5";"8";"2011";"0";"";"";"561086";"";"";"";"1969";"2149222";""
"JAIRO ATAÍDE";"";"3151";"533";"2011";"MG";"DEM";"54";"10";"TELEFONIA";"0";"";"GVT";"034.209.260/0578-9";"33074";"0";"2011-09-15T00:00:00";"311.22";"0";"311.22";"9";"2011";"0";"";"";"568694";"";"";"";"1969";"2175362";""
"JAIRO ATAÍDE";"";"3151";"533";"2011";"MG";"DEM";"54";"10";"TELEFONIA";"0";"";"GVT";"034.209.260/0578-9";"33633";"0";"2011-10-15T00:00:00";"245.74";"0";"245.74";"10";"2011";"0";"";"";"575787";"";"";"";"1969";"2198698";""
"JAIRO ATAÍDE";"";"3151";"533";"2011";"MG";"DEM";"54";"10";"TELEFONIA";"0";"";"GVT";"034.209.260/0578-9";"34790";"0";"2011-12-15T00:00:00";"299.4";"6.07";"293.33";"12";"2011";"0";"";"";"591261";"";"";"";"1969";"2248086";""
"JAIRO ATAÍDE";"";"3151";"533";"2011";"MG";"DEM";"54";"10";"TELEFONIA";"0";"";"GVT";"034.209.260/0578-9";"35263";"0";"2012-01-15T00:00:00";"272.9";"0";"272.9";"12";"2011";"0";"";"";"591260";"";"";"";"1969";"2247790";""
"JAIRO ATAÍDE";"";"3151";"533";"2011";"MG";"DEM";"54";"10";"TELEFONIA";"0";"";"GVT";"034.209.260/0578-9";"36657";"0";"2011-06-15T00:00:00";"236.32";"0";"236.32";"6";"2011";"0";"";"";"557208";"";"";"";"1969";"2134728";""
"JAIRO ATAÍDE";"";"3151";"533";"2011";"MG";"DEM";"54";"10";"TELEFONIA";"0";"";"GVT";"034.209.260/0578-9";"59087";"0";"2011-11-15T00:00:00";"299.8";"0";"299.8";"11";"2011";"0";"";"";"584902";"";"";"";"1969";"2228112";""
"JAIRO ATAÍDE";"";"3151";"533";"2011";"MG";"DEM";"54";"10";"TELEFONIA";"0";"";"OI";"041.646.160/0031-0";"390287";"0";"2011-08-25T00:00:00";"389.12";"10.2";"378.92";"8";"2011";"0";"";"";"565663";"";"";"";"1969";"2164737";""
"JAIRO ATAÍDE";"";"3151";"533";"2011";"MG";"DEM";"54";"10";"TELEFONIA";"0";"";"OI";"041.646.160/0031-0";"495625";"0";"2011-03-25T00:00:00";"446.12";"0";"446.12";"3";"2011";"0";"";"";"532330";"";"";"";"1969";"2051854";""
"JAIRO ATAÍDE";"";"3151";"533";"2011";"MG";"DEM";"54";"10";"TELEFONIA";"0";"";"OI";"041.646.160/0031-0";"511436";"0";"2011-07-25T00:00:00";"451.11";"0";"451.11";"7";"2011";"0";"";"";"565664";"";"";"";"1969";"2164739";""
"JAIRO ATAÍDE";"";"3151";"533";"2011";"MG";"DEM";"54";"10";"TELEFONIA";"0";"";"OI";"041.646.160/0031-0";"512442";"0";"2011-11-25T00:00:00";"390.07";"0";"390.07";"11";"2011";"0";"";"";"591306";"";"";"";"1969";"2248046";""
"JAIRO ATAÍDE";"";"3151";"533";"2011";"MG";"DEM";"54";"10";"TELEFONIA";"0";"";"OI";"041.646.160/0031-0";"512512";"0";"2011-10-25T00:00:00";"401.09";"0";"401.09";"10";"2011";"0";"";"";"581534";"";"";"";"1969";"2217820";""
"JAIRO ATAÍDE";"";"3151";"533";"2011";"MG";"DEM";"54";"10";"TELEFONIA";"0";"";"OI";"041.646.160/0031-0";"514503";"0";"2011-09-25T00:00:00";"381.69";"0";"381.69";"9";"2011";"0";"";"";"575787";"";"";"";"1969";"2198694";""
"JAIRO ATAÍDE";"";"3151";"533";"2011";"MG";"DEM";"54";"10";"TELEFONIA";"0";"";"OI";"041.646.160/0031-0";"514961";"0";"2011-05-25T00:00:00";"479.71";"9.05";"470.66";"5";"2011";"0";"";"";"545037";"";"";"";"1969";"2094151";""
"JAIRO ATAÍDE";"";"3151";"533";"2011";"MG";"DEM";"54";"10";"TELEFONIA";"0";"";"OI";"041.646.160/0031-0";"518390";"0";"2011-04-25T00:00:00";"446.53";"0";"446.53";"4";"2011";"0";"";"";"545035";"";"";"";"1969";"2094149";""
"JAIRO ATAÍDE";"";"3151";"533";"2011";"MG";"DEM";"54";"10";"TELEFONIA";"0";"";"OI";"041.646.160/0031-0";"524121";"0";"2011-12-25T00:00:00";"386.19";"0";"386.19";"12";"2011";"0";"";"";"591260";"";"";"";"1969";"2247814";""
"JAIRO ATAÍDE";"";"3151";"533";"2011";"MG";"DEM";"54";"10";"TELEFONIA";"0";"";"OI";"041.646.160/0031-0";"534576";"0";"2011-06-25T00:00:00";"504.6";"0";"504.6";"6";"2011";"0";"";"";"551306";"";"";"";"1969";"2115218";""
"JAIRO ATAÍDE";"";"3151";"533";"2011";"MG";"DEM";"54";"10";"TELEFONIA";"0";"";"OI";"041.646.160/0031-0";"542905";"0";"2011-02-25T00:00:00";"469.12";"12.48";"456.64";"2";"2011";"0";"";"";"524568";"";"";"";"1969";"2025645";""
"JAIRO ATAÍDE";"";"3151";"533";"2011";"MG";"DEM";"54";"10";"TELEFONIA";"0";"";"OI";"330.001.180/0017-9";"00000225581";"0";"2011-08-22T00:00:00";"18.34";"1.32";"17.02";"8";"2011";"0";"";"";"565663";"";"";"";"1969";"2164742";""
"JAIRO ATAÍDE";"";"3151";"533";"2011";"MG";"DEM";"54";"10";"TELEFONIA";"0";"";"OI";"330.001.180/0017-9";"00001442694";"0";"2011-07-22T00:00:00";"44.56";"0";"44.56";"7";"2011";"0";"";"";"556963";"";"";"";"1969";"2134686";""
"JAIRO ATAÍDE";"";"3151";"533";"2011";"MG";"DEM";"54";"10";"TELEFONIA";"0";"";"OI";"330.001.180/0017-9";"00001500719";"0";"2011-04-20T00:00:00";"50.3";"2.1";"48.2";"4";"2011";"0";"";"";"537624";"";"";"";"1969";"2069041";""
"JAIRO ATAÍDE";"";"3151";"533";"2011";"MG";"DEM";"54";"10";"TELEFONIA";"0";"";"OI";"330.001.180/0017-9";"00001523137";"0";"2011-02-18T00:00:00";"41.23";"0";"41.23";"2";"2011";"0";"";"";"524568";"";"";"";"1969";"2025652";""
"JAIRO ATAÍDE";"";"3151";"533";"2011";"MG";"DEM";"54";"10";"TELEFONIA";"0";"";"OI";"330.001.180/0033-0";"00001477210";"0";"2011-05-18T00:00:00";"76.4";"0";"76.4";"5";"2011";"0";"";"";"545037";"";"";"";"1969";"2094153";""
"JAIRO ATAÍDE";"";"3151";"533";"2011";"MG";"DEM";"54";"10";"TELEFONIA";"0";"";"TELEMAR";"330.001.180/0017-9";"00001457719";"0";"2011-06-17T00:00:00";"18.24";"0";"18.24";"6";"2011";"0";"";"";"551306";"";"";"";"1969";"2115207";""
"JAIRO ATAÍDE";"";"3151";"533";"2011";"MG";"DEM";"54";"13";"FORNECIMENTO DE ALIMENTAÇÃO DO PARLAMENTAR";"0";"";"ATRAS DA MATRIZ BAR E RESTAURANTE LTDA";"041.323.130/0015-4";"005041";"0";"2011-12-08T00:00:00";"210";"0";"210";"12";"2011";"0";"";"";"591260";"";"";"";"1969";"2247937";""
"JAIRO ATAÍDE";"";"3151";"533";"2011";"MG";"DEM";"54";"13";"FORNECIMENTO DE ALIMENTAÇÃO DO PARLAMENTAR";"0";"";"BIERFASS";"050.332.140/0018-8";"65496";"0";"2011-12-20T00:00:00";"100";"0";"100";"12";"2011";"0";"";"";"591305";"";"";"";"1969";"2247927";""
"JAIRO ATAÍDE";"";"3151";"533";"2011";"MG";"DEM";"54";"13";"FORNECIMENTO DE ALIMENTAÇÃO DO PARLAMENTAR";"0";"";"BSB GRILL";"090.693.660/0019-1";"11419";"0";"2011-05-18T00:00:00";"105";"0";"105";"5";"2011";"0";"";"";"539772";"";"";"";"1969";"2076430";""
"JAIRO ATAÍDE";"";"3151";"533";"2011";"MG";"DEM";"54";"13";"FORNECIMENTO DE ALIMENTAÇÃO DO PARLAMENTAR";"0";"";"BSB GRILL BAR E RESTAURANTE LTDA";"027.176.080/0016-7";"40525";"0";"2011-02-08T00:00:00";"132.22";"0";"132.22";"2";"2011";"0";"";"";"520148";"";"";"";"1969";"2010445";""
"JAIRO ATAÍDE";"";"3151";"533";"2011";"MG";"DEM";"54";"13";"FORNECIMENTO DE ALIMENTAÇÃO DO PARLAMENTAR";"0";"";"CAPITAL STEAK HOUSE";"059.176.390/0015-0";"031352";"0";"2011-05-18T00:00:00";"58.74";"0";"58.74";"5";"2011";"0";"";"";"539772";"";"";"";"1969";"2076396";""
"JAIRO ATAÍDE";"";"3151";"533";"2011";"MG";"DEM";"54";"13";"FORNECIMENTO DE ALIMENTAÇÃO DO PARLAMENTAR";"0";"";"CARPE DIEM";"264.714.250/0017-2";"128865";"0";"2011-12-05T00:00:00";"132.16";"0";"132.16";"12";"2011";"0";"";"";"581532";"";"";"";"1969";"2217775";""
"JAIRO ATAÍDE";"";"3151";"533";"2011";"MG";"DEM";"54";"13";"FORNECIMENTO DE ALIMENTAÇÃO DO PARLAMENTAR";"0";"";"CHURRASCARIA E ADEGA DO SUL LTDA";"218.247.430/0015-6";"001677";"0";"2011-03-14T00:00:00";"106";"0";"106";"3";"2011";"0";"";"";"524567";"";"";"";"1969";"2025587";""
"JAIRO ATAÍDE";"";"3151";"533";"2011";"MG";"DEM";"54";"13";"FORNECIMENTO DE ALIMENTAÇÃO DO PARLAMENTAR";"0";"";"CUAREIM ALIMENTOS LTDA";"117.843.390/0014-2";"000409";"0";"2011-04-10T00:00:00";"110";"0";"110";"4";"2011";"0";"";"";"530965";"";"";"";"1969";"2047518";""
"JAIRO ATAÍDE";"";"3151";"533";"2011";"MG";"DEM";"54";"13";"FORNECIMENTO DE ALIMENTAÇÃO DO PARLAMENTAR";"0";"";"CUAREIM ALIMENTOS LTDA";"117.843.390/0014-2";"016407";"0";"2011-11-15T00:00:00";"89";"0";"89";"11";"2011";"0";"";"";"579826";"";"";"";"1969";"2212280";""
"JAIRO ATAÍDE";"";"3151";"533";"2011";"MG";"DEM";"54";"13";"FORNECIMENTO DE ALIMENTAÇÃO DO PARLAMENTAR";"0";"";"FRANCISCO RESTAURANTE LTDA";"027.035.100/0015-0";"58628";"0";"2011-03-29T00:00:00";"105";"0";"105";"3";"2011";"0";"";"";"530255";"";"";"";"1969";"2045063";""
"JAIRO ATAÍDE";"";"3151";"533";"2011";"MG";"DEM";"54";"13";"FORNECIMENTO DE ALIMENTAÇÃO DO PARLAMENTAR";"0";"";"GR S/A";"029.051.100/1973-2";"369049";"0";"2011-05-30T00:00:00";"11.5";"0";"11.5";"5";"2011";"0";"";"";"545036";"";"";"";"1969";"2094004";""
"JAIRO ATAÍDE";"";"3151";"533";"2011";"MG";"DEM";"54";"13";"FORNECIMENTO DE ALIMENTAÇÃO DO PARLAMENTAR";"0";"";"LAGO AZUL RESTAURANTE LTDA";"050.900.930/0010-6";"27293";"0";"2011-04-18T00:00:00";"125";"0";"125";"4";"2011";"0";"";"";"532018";"";"";"";"1969";"2050397";""
"JAIRO ATAÍDE";"";"3151";"533";"2011";"MG";"DEM";"54";"13";"FORNECIMENTO DE ALIMENTAÇÃO DO PARLAMENTAR";"0";"";"MAR EMPREENDIMENTOS LTDA";"118.821.350/0014-4";"000986";"0";"2011-11-18T00:00:00";"105";"0";"105";"11";"2011";"0";"";"";"579826";"";"";"";"1969";"2212294";""
"JAIRO ATAÍDE";"";"3151";"533";"2011";"MG";"DEM";"54";"13";"FORNECIMENTO DE ALIMENTAÇÃO DO PARLAMENTAR";"0";"";"ORGANIZAÇÃO BRASIL FLAT LTDA";"652.419.600/0019-9";"127536";"0";"2011-02-20T00:00:00";"49.2";"0";"49.2";"2";"2011";"0";"";"";"520148";"";"";"";"1969";"2010439";""
"JAIRO ATAÍDE";"";"3151";"533";"2011";"MG";"DEM";"54";"13";"FORNECIMENTO DE ALIMENTAÇÃO DO PARLAMENTAR";"0";"";"PITIGLIANO PIZZARIA LTDA";"039.299.670/0014-0";"030215";"0";"2011-12-04T00:00:00";"98.89";"13.24";"85.65";"12";"2011";"0";"";"";"581532";"";"";"";"1969";"2217741";""
"JAIRO ATAÍDE";"";"3151";"533";"2011";"MG";"DEM";"54";"13";"FORNECIMENTO DE ALIMENTAÇÃO DO PARLAMENTAR";"0";"";"PIZZARELA";"165.208.010/0011-8";"185133";"0";"2011-02-13T00:00:00";"61.9";"0";"61.9";"2";"2011";"0";"";"";"520148";"";"";"";"1969";"2010435";""
"JAIRO ATAÍDE";"";"3151";"533";"2011";"MG";"DEM";"54";"13";"FORNECIMENTO DE ALIMENTAÇÃO DO PARLAMENTAR";"0";"";"PIZZARELA";"165.208.010/0011-8";"193688";"0";"2011-03-13T00:00:00";"67.7";"0";"67.7";"3";"2011";"0";"";"";"524567";"";"";"";"1969";"2025543";""
"JAIRO ATAÍDE";"";"3151";"533";"2011";"MG";"DEM";"54";"13";"FORNECIMENTO DE ALIMENTAÇÃO DO PARLAMENTAR";"0";"";"PIZZARELA LTDA";"165.208.010/0011-8";"017960";"0";"2011-06-26T00:00:00";"66.8";"4.9";"61.9";"6";"2011";"0";"";"";"548139";"";"";"";"1969";"2105094";""
"JAIRO ATAÍDE";"";"3151";"533";"2011";"MG";"DEM";"54";"13";"FORNECIMENTO DE ALIMENTAÇÃO DO PARLAMENTAR";"0";"";"PIZZARELA LTDA";"165.208.010/0011-8";"043870";"0";"2011-11-06T00:00:00";"78.8";"0";"78.8";"11";"2011";"0";"";"";"575776";"";"";"";"1969";"2198683";""
"JAIRO ATAÍDE";"";"3151";"533";"2011";"MG";"DEM";"54";"13";"FORNECIMENTO DE ALIMENTAÇÃO DO PARLAMENTAR";"0";"";"PIZZARELA LTDA";"165.208.010/0011-8";"182156";"0";"2011-02-05T00:00:00";"116.6";"4";"112.6";"2";"2011";"0";"";"";"518265";"";"";"";"1969";"2004378";""
"JAIRO ATAÍDE";"";"3151";"533";"2011";"MG";"DEM";"54";"13";"FORNECIMENTO DE ALIMENTAÇÃO DO PARLAMENTAR";"0";"";"PIZZARELA LTDA";"165.208.010/0011-8";"201785";"0";"2011-04-10T00:00:00";"56.4";"0";"56.4";"4";"2011";"0";"";"";"530965";"";"";"";"1969";"2047521";""
"JAIRO ATAÍDE";"";"3151";"533";"2011";"MG";"DEM";"54";"13";"FORNECIMENTO DE ALIMENTAÇÃO DO PARLAMENTAR";"0";"";"PIZZARELA LTDA";"165.208.010/0011-8";"209703";"0";"2011-05-08T00:00:00";"57.9";"0";"57.9";"5";"2011";"0";"";"";"537623";"";"";"";"1969";"2069008";""
"JAIRO ATAÍDE";"";"3151";"533";"2011";"MG";"DEM";"54";"13";"FORNECIMENTO DE ALIMENTAÇÃO DO PARLAMENTAR";"0";"";"PIZZARELA LTDA";"165.208.010/0011-8";"215675";"0";"2011-05-29T00:00:00";"70.6";"30.85";"39.75";"5";"2011";"0";"";"";"545036";"";"";"";"1969";"2094022";""
"JAIRO ATAÍDE";"";"3151";"533";"2011";"MG";"DEM";"54";"13";"FORNECIMENTO DE ALIMENTAÇÃO DO PARLAMENTAR";"0";"";"PIZZARELLA";"165.208.010/0011-8";"034161";"0";"2011-10-16T01:00:00";"66.8";"4.9";"61.9";"10";"2011";"0";"";"";"579829";"";"";"";"1969";"2212322";""
"JAIRO ATAÍDE";"";"3151";"533";"2011";"MG";"DEM";"54";"13";"FORNECIMENTO DE ALIMENTAÇÃO DO PARLAMENTAR";"0";"";"PIZZARELLA LTDA";"165.208.010/0011-8";"023745";"0";"2011-11-27T00:00:00";"66.9";"0";"66.9";"11";"2011";"0";"";"";"579826";"";"";"";"1969";"2212277";""
"JAIRO ATAÍDE";"";"3151";"533";"2011";"MG";"DEM";"54";"13";"FORNECIMENTO DE ALIMENTAÇÃO DO PARLAMENTAR";"0";"";"PORCÃO";"039.564.950/0011-5";"189564";"0";"2011-05-25T00:00:00";"110";"0";"110";"5";"2011";"0";"";"";"545036";"";"";"";"1969";"2094109";""
"JAIRO ATAÍDE";"";"3151";"533";"2011";"MG";"DEM";"54";"13";"FORNECIMENTO DE ALIMENTAÇÃO DO PARLAMENTAR";"0";"";"RESTAURANTE ITALIA GRILL LTDA";"015.055.490/0010-9";"004313";"0";"2011-11-20T00:00:00";"91.7";"57.8";"33.9";"11";"2011";"0";"";"";"579826";"";"";"";"1969";"2212291";""
"JAIRO ATAÍDE";"";"3151";"533";"2011";"MG";"DEM";"54";"13";"FORNECIMENTO DE ALIMENTAÇÃO DO PARLAMENTAR";"0";"";"RESTAURANTE TOP GRILL";"652.285.040/0010-9";"134656";"0";"2011-04-24T00:00:00";"49.4";"0";"49.4";"4";"2011";"0";"";"";"535240";"";"";"";"1969";"2060371";""
"JAIRO ATAÍDE";"";"3151";"533";"2011";"MG";"DEM";"54";"13";"FORNECIMENTO DE ALIMENTAÇÃO DO PARLAMENTAR";"0";"";"RESTAURANTE VERDE GAIO LTDA";"175.076.330/0019-3";"024046";"0";"2011-04-17T00:00:00";"115";"0";"115";"4";"2011";"0";"";"";"532018";"";"";"";"1969";"2050392";""
"JAIRO ATAÍDE";"";"3151";"533";"2011";"MG";"DEM";"54";"13";"FORNECIMENTO DE ALIMENTAÇÃO DO PARLAMENTAR";"0";"";"RESTAURANTE VERDE GAIO LTDA";"175.076.330/0019-3";"026127";"0";"2011-06-22T00:00:00";"115";"0";"115";"6";"2011";"0";"";"";"548139";"";"";"";"1969";"2105076";""
"JAIRO ATAÍDE";"";"3151";"533";"2011";"MG";"DEM";"54";"13";"FORNECIMENTO DE ALIMENTAÇÃO DO PARLAMENTAR";"0";"";"SERVIÇO NACIONAL DE APRENDIZAGEM COMERCIAL";"334.691.720/0067-2";"018419/222011";"0";"2011-02-22T00:00:00";"17";"0";"17";"2";"2011";"0";"";"";"535239";"";"";"";"1969";"2060331";""
"JAIRO ATAÍDE";"";"3151";"533";"2011";"MG";"DEM";"54";"13";"FORNECIMENTO DE ALIMENTAÇÃO DO PARLAMENTAR";"0";"";"TEMPERO DA ROÇA";"019.912.960/0011-2";"004105";"0";"2011-12-08T00:00:00";"120.78";"0";"120.78";"12";"2011";"0";"";"";"584896";"";"";"";"1969";"2228191";""
"JAIRO ATAÍDE";"";"3151";"533";"2011";"MG";"DEM";"54";"13";"FORNECIMENTO DE ALIMENTAÇÃO DO PARLAMENTAR";"0";"";"TRADIÇÃO GRILL E BEER";"043.249.290/0012-7";"010992";"0";"2011-10-02T00:00:00";"78.9";"0";"78.9";"10";"2011";"0";"";"";"568693";"";"";"";"1969";"2175351";""
"JAIRO ATAÍDE";"";"3151";"533";"2011";"MG";"DEM";"54";"14";"HOSPEDAGEM ,EXCETO DO PARLAMENTAR NO DISTRITO FEDERAL.";"0";"";"ARMANI HOTEL";"317.751.090/0012-4";"034444";"0";"2011-02-13T00:00:00";"198";"0";"198";"2";"2011";"0";"";"";"524568";"";"";"";"1969";"2025593";""
"JAIRO ATAÍDE";"";"3151";"533";"2011";"MG";"DEM";"54";"14";"HOSPEDAGEM ,EXCETO DO PARLAMENTAR NO DISTRITO FEDERAL.";"0";"";"BLUE TREE TOWERS";"076.326.420/0015-2";"007726";"0";"2011-12-05T00:00:00";"277.2";"0";"277.2";"12";"2011";"0";"";"";"581532";"";"";"";"1969";"2217793";""
"JAIRO ATAÍDE";"";"3151";"533";"2011";"MG";"DEM";"54";"14";"HOSPEDAGEM ,EXCETO DO PARLAMENTAR NO DISTRITO FEDERAL.";"0";"";"PONTAL PLAZA HOTEL";"129.413.640/0015-5";"000234";"0";"2011-05-20T00:00:00";"250";"0";"250";"5";"2011";"0";"";"";"539772";"";"";"";"1969";"2076438";""
"JAIRO ATAÍDE";"";"3151";"533";"2011";"MG";"DEM";"54";"15";"LOCAÇÃO DE VEÍCULOS AUTOMOTORES OU FRETAMENTO DE EMBARCAÇÕES";"0";"";"CLASSE A- TRANSPORTES E SERVIÇO LTDA";"090.817.690/0015-6";"S/N";"1";"2011-08-01T00:00:00";"80";"0";"80";"8";"2011";"0";"";"";"557206";"";"";"";"1969";"2134665";""
"JAIRO ATAÍDE";"";"3151";"533";"2011";"MG";"DEM";"54";"15";"LOCAÇÃO DE VEÍCULOS AUTOMOTORES OU FRETAMENTO DE EMBARCAÇÕES";"0";"";"COOPERBH";"042.763.570/0015-8";"020492";"1";"2011-09-23T00:00:00";"25";"0";"25";"9";"2011";"0";"";"";"568694";"";"";"";"1969";"2175343";""
"JAIRO ATAÍDE";"";"3151";"533";"2011";"MG";"DEM";"54";"15";"LOCAÇÃO DE VEÍCULOS AUTOMOTORES OU FRETAMENTO DE EMBARCAÇÕES";"0";"";"COOPERBH";"042.763.570/0015-8";"035275";"1";"2011-12-02T00:00:00";"27";"0";"27";"12";"2011";"0";"";"";"581532";"";"";"";"1969";"2217783";""
"JAIRO ATAÍDE";"";"3151";"533";"2011";"MG";"DEM";"54";"15";"LOCAÇÃO DE VEÍCULOS AUTOMOTORES OU FRETAMENTO DE EMBARCAÇÕES";"0";"";"COOPERBH";"042.763.570/0015-8";"054623";"1";"2011-12-25T00:00:00";"92";"0";"92";"12";"2011";"0";"";"";"591260";"";"";"";"1969";"2247839";""
"JAIRO ATAÍDE";"";"3151";"533";"2011";"MG";"DEM";"54";"15";"LOCAÇÃO DE VEÍCULOS AUTOMOTORES OU FRETAMENTO DE EMBARCAÇÕES";"0";"";"COOPERBH";"042.763.570/0015-8";"058199";"1";"2011-12-18T00:00:00";"28";"0";"28";"12";"2011";"0";"";"";"591260";"";"";"";"1969";"2247861";""
"JAIRO ATAÍDE";"";"3151";"533";"2011";"MG";"DEM";"54";"15";"LOCAÇÃO DE VEÍCULOS AUTOMOTORES OU FRETAMENTO DE EMBARCAÇÕES";"0";"";"COOPERBH";"042.763.570/0015-8";"068764";"1";"2011-12-10T00:00:00";"26";"0";"26";"12";"2011";"0";"";"";"584896";"";"";"";"1969";"2228129";""
"JAIRO ATAÍDE";"";"3151";"533";"2011";"MG";"DEM";"54";"15";"LOCAÇÃO DE VEÍCULOS AUTOMOTORES OU FRETAMENTO DE EMBARCAÇÕES";"0";"";"COOPERBH";"042.763.570/0015-8";"114958";"1";"2011-09-29T00:00:00";"27.8";"0";"27.8";"9";"2011";"0";"";"";"568694";"";"";"";"1969";"2175340";""
"JAIRO ATAÍDE";"";"3151";"533";"2011";"MG";"DEM";"54";"15";"LOCAÇÃO DE VEÍCULOS AUTOMOTORES OU FRETAMENTO DE EMBARCAÇÕES";"0";"";"COOPERBH";"042.763.570/0015-8";"121471";"0";"2011-02-18T00:00:00";"25.8";"0";"25.8";"2";"2011";"0";"";"";"520149";"";"";"";"1969";"2010449";""
"JAIRO ATAÍDE";"";"3151";"533";"2011";"MG";"DEM";"54";"15";"LOCAÇÃO DE VEÍCULOS AUTOMOTORES OU FRETAMENTO DE EMBARCAÇÕES";"0";"";"COOPERBH-TAXI";"042.763.570/0015-8";"098877";"1";"2011-03-18T00:00:00";"27";"0";"27";"3";"2011";"0";"";"";"535241";"";"";"";"1969";"2060339";""
"JAIRO ATAÍDE";"";"3151";"533";"2011";"MG";"DEM";"54";"15";"LOCAÇÃO DE VEÍCULOS AUTOMOTORES OU FRETAMENTO DE EMBARCAÇÕES";"0";"";"COOPERBH-TAXI";"042.763.570/0015-8";"89556";"1";"2011-02-11T00:00:00";"93";"0";"93";"2";"2011";"0";"";"";"535239";"";"";"";"1969";"2060314";""
"JAIRO ATAÍDE";"";"3151";"533";"2011";"MG";"DEM";"54";"15";"LOCAÇÃO DE VEÍCULOS AUTOMOTORES OU FRETAMENTO DE EMBARCAÇÕES";"0";"";"COOPERFINS";"067.947.830/0010-9";"263742";"1";"2011-02-04T00:00:00";"80";"0";"80";"2";"2011";"0";"";"";"518265";"";"";"";"1969";"2004381";""
"JAIRO ATAÍDE";"";"3151";"533";"2011";"MG";"DEM";"54";"15";"LOCAÇÃO DE VEÍCULOS AUTOMOTORES OU FRETAMENTO DE EMBARCAÇÕES";"0";"";"COOPERFINS";"067.947.830/0010-9";"290747";"1";"2011-06-28T00:00:00";"95";"0";"95";"6";"2011";"0";"";"";"548148";"";"";"";"1969";"2105126";""
"JAIRO ATAÍDE";"";"3151";"533";"2011";"MG";"DEM";"54";"15";"LOCAÇÃO DE VEÍCULOS AUTOMOTORES OU FRETAMENTO DE EMBARCAÇÕES";"0";"";"COOPERFINS";"067.947.830/0010-9";"291368";"1";"2011-06-30T00:00:00";"85";"0";"85";"6";"2011";"0";"";"";"551306";"";"";"";"1969";"2115186";""
"JAIRO ATAÍDE";"";"3151";"533";"2011";"MG";"DEM";"54";"15";"LOCAÇÃO DE VEÍCULOS AUTOMOTORES OU FRETAMENTO DE EMBARCAÇÕES";"0";"";"COOPERFINS";"067.947.830/0010-9";"309871";"1";"2011-10-02T00:00:00";"88";"0";"88";"10";"2011";"0";"";"";"568693";"";"";"";"1969";"2175346";""
"JAIRO ATAÍDE";"";"3151";"533";"2011";"MG";"DEM";"54";"15";"LOCAÇÃO DE VEÍCULOS AUTOMOTORES OU FRETAMENTO DE EMBARCAÇÕES";"0";"";"COOPERTAXI";"252.989.690/0011-1";"S/N";"1";"2011-03-03T00:00:00";"27";"0";"27";"3";"2011";"0";"";"";"524567";"";"";"";"1969";"2025559";""
"JAIRO ATAÍDE";"";"3151";"533";"2011";"MG";"DEM";"54";"15";"LOCAÇÃO DE VEÍCULOS AUTOMOTORES OU FRETAMENTO DE EMBARCAÇÕES";"0";"";"COOPERTAXI";"252.989.690/0011-1";"S/N";"1";"2011-03-15T00:00:00";"85";"0";"85";"3";"2011";"0";"";"";"524567";"";"";"";"1969";"2025554";""
"JAIRO ATAÍDE";"";"3151";"533";"2011";"MG";"DEM";"54";"15";"LOCAÇÃO DE VEÍCULOS AUTOMOTORES OU FRETAMENTO DE EMBARCAÇÕES";"0";"";"COOPERTAXI";"252.989.690/0011-1";"S/N";"1";"2011-11-03T00:00:00";"90";"0";"90";"11";"2011";"0";"";"";"575776";"";"";"";"1969";"2198687";""
"JAIRO ATAÍDE";"";"3151";"533";"2011";"MG";"DEM";"54";"15";"LOCAÇÃO DE VEÍCULOS AUTOMOTORES OU FRETAMENTO DE EMBARCAÇÕES";"0";"";"COOPERTAXI-BH";"252.989.690/0011-1";"S/N";"1";"2011-03-01T00:00:00";"43";"0";"43";"3";"2011";"0";"";"";"535241";"";"";"";"1969";"2060306";""
"JAIRO ATAÍDE";"";"3151";"533";"2011";"MG";"DEM";"54";"15";"LOCAÇÃO DE VEÍCULOS AUTOMOTORES OU FRETAMENTO DE EMBARCAÇÕES";"0";"";"COOPERTAXI-BH";"252.989.690/0011-1";"S/N";"1";"2011-03-25T00:00:00";"30";"0";"30";"3";"2011";"0";"";"";"530255";"";"";"";"1969";"2045049";""
"JAIRO ATAÍDE";"";"3151";"533";"2011";"MG";"DEM";"54";"15";"LOCAÇÃO DE VEÍCULOS AUTOMOTORES OU FRETAMENTO DE EMBARCAÇÕES";"0";"";"COOPERTAXI-BH";"252.989.690/0011-1";"S/N";"1";"2011-04-01T00:00:00";"28";"0";"28";"4";"2011";"0";"";"";"530254";"";"";"";"1969";"2045045";""
"JAIRO ATAÍDE";"";"3151";"533";"2011";"MG";"DEM";"54";"15";"LOCAÇÃO DE VEÍCULOS AUTOMOTORES OU FRETAMENTO DE EMBARCAÇÕES";"0";"";"COOPERTAXI-BH";"252.989.690/0011-1";"S/N";"1";"2011-04-14T00:00:00";"29";"0";"29";"4";"2011";"0";"";"";"532018";"";"";"";"1969";"2050414";""
"JAIRO ATAÍDE";"";"3151";"533";"2011";"MG";"DEM";"54";"15";"LOCAÇÃO DE VEÍCULOS AUTOMOTORES OU FRETAMENTO DE EMBARCAÇÕES";"0";"";"COOPERTAXI-BH";"252.989.690/0011-1";"S/N";"1";"2011-04-18T00:00:00";"86";"0";"86";"4";"2011";"0";"";"";"532018";"";"";"";"1969";"2050403";""
"JAIRO ATAÍDE";"";"3151";"533";"2011";"MG";"DEM";"54";"15";"LOCAÇÃO DE VEÍCULOS AUTOMOTORES OU FRETAMENTO DE EMBARCAÇÕES";"0";"";"COOPERTAXI-BH";"252.989.690/0011-1";"S/N";"1";"2011-04-29T00:00:00";"29";"0";"29";"4";"2011";"0";"";"";"535240";"";"";"";"1969";"2061687";""
"JAIRO ATAÍDE";"";"3151";"533";"2011";"MG";"DEM";"54";"15";"LOCAÇÃO DE VEÍCULOS AUTOMOTORES OU FRETAMENTO DE EMBARCAÇÕES";"0";"";"COOPERTAXI-BH";"252.989.690/0011-1";"S/N";"1";"2011-05-05T00:00:00";"28";"0";"28";"5";"2011";"0";"";"";"537623";"";"";"";"1969";"2069010";""
"JAIRO ATAÍDE";"";"3151";"533";"2011";"MG";"DEM";"54";"15";"LOCAÇÃO DE VEÍCULOS AUTOMOTORES OU FRETAMENTO DE EMBARCAÇÕES";"0";"";"COOPERTAXI-BH";"252.989.690/0011-1";"S/N";"1";"2011-05-09T00:00:00";"90";"0";"90";"5";"2011";"0";"";"";"537623";"";"";"";"1969";"2069013";""
"JAIRO ATAÍDE";"";"3151";"533";"2011";"MG";"DEM";"54";"15";"LOCAÇÃO DE VEÍCULOS AUTOMOTORES OU FRETAMENTO DE EMBARCAÇÕES";"0";"";"COOPERTAXI-BH";"252.989.690/0011-1";"S/N";"1";"2011-05-13T00:00:00";"30";"0";"30";"5";"2011";"0";"";"";"539772";"";"";"";"1969";"2076409";""
"JAIRO ATAÍDE";"";"3151";"533";"2011";"MG";"DEM";"54";"15";"LOCAÇÃO DE VEÍCULOS AUTOMOTORES OU FRETAMENTO DE EMBARCAÇÕES";"0";"";"COOPERTAXI-BH";"252.989.690/0011-1";"S/N";"1";"2011-05-26T00:00:00";"30";"0";"30";"5";"2011";"0";"";"";"545036";"";"";"";"1969";"2094102";""
"JAIRO ATAÍDE";"";"3151";"533";"2011";"MG";"DEM";"54";"15";"LOCAÇÃO DE VEÍCULOS AUTOMOTORES OU FRETAMENTO DE EMBARCAÇÕES";"0";"";"COOPERTAXI-BH";"252.989.690/0011-1";"S/N";"1";"2011-06-11T00:00:00";"27";"0";"27";"6";"2011";"0";"";"";"545038";"";"";"";"1969";"2094071";""
"JAIRO ATAÍDE";"";"3151";"533";"2011";"MG";"DEM";"54";"15";"LOCAÇÃO DE VEÍCULOS AUTOMOTORES OU FRETAMENTO DE EMBARCAÇÕES";"0";"";"COOPERTAXI-BH";"252.989.690/0011-1";"S/N";"1";"2011-06-13T00:00:00";"85";"0";"85";"6";"2011";"0";"";"";"545038";"";"";"";"1969";"2094068";""
"JAIRO ATAÍDE";"";"3151";"533";"2011";"MG";"DEM";"54";"15";"LOCAÇÃO DE VEÍCULOS AUTOMOTORES OU FRETAMENTO DE EMBARCAÇÕES";"0";"";"COOPERTAXI-BH";"252.989.690/0011-1";"S/N";"1";"2011-06-18T00:00:00";"28";"0";"28";"6";"2011";"0";"";"";"546429";"";"";"";"1969";"2098666";""
"JAIRO ATAÍDE";"";"3151";"533";"2011";"MG";"DEM";"54";"15";"LOCAÇÃO DE VEÍCULOS AUTOMOTORES OU FRETAMENTO DE EMBARCAÇÕES";"0";"";"COOPERTAXI-BH";"252.989.690/0011-1";"S/N";"1";"2011-06-30T00:00:00";"27";"0";"27";"6";"2011";"0";"";"";"551306";"";"";"";"1969";"2115180";""
"JAIRO ATAÍDE";"";"3151";"533";"2011";"MG";"DEM";"54";"15";"LOCAÇÃO DE VEÍCULOS AUTOMOTORES OU FRETAMENTO DE EMBARCAÇÕES";"0";"";"COOPERTAXI-BH";"252.989.690/0011-1";"S/N";"1";"2011-07-05T00:00:00";"90";"0";"90";"7";"2011";"0";"";"";"551300";"";"";"";"1969";"2115176";""
"JAIRO ATAÍDE";"";"3151";"533";"2011";"MG";"DEM";"54";"15";"LOCAÇÃO DE VEÍCULOS AUTOMOTORES OU FRETAMENTO DE EMBARCAÇÕES";"0";"";"COOPERTAXI-BH";"252.989.690/0011-1";"S/N";"1";"2011-07-07T00:00:00";"27";"0";"27";"7";"2011";"0";"";"";"551300";"";"";"";"1969";"2115156";""
"JAIRO ATAÍDE";"";"3151";"533";"2011";"MG";"DEM";"54";"15";"LOCAÇÃO DE VEÍCULOS AUTOMOTORES OU FRETAMENTO DE EMBARCAÇÕES";"0";"";"COOPERTAXI-BH";"252.989.690/0011-1";"S/N";"1";"2011-07-09T00:00:00";"26";"0";"26";"7";"2011";"0";"";"";"551300";"";"";"";"1969";"2115154";""
"JAIRO ATAÍDE";"";"3151";"533";"2011";"MG";"DEM";"54";"15";"LOCAÇÃO DE VEÍCULOS AUTOMOTORES OU FRETAMENTO DE EMBARCAÇÕES";"0";"";"COOPERTAXI-BH";"252.989.690/0011-1";"S/N";"1";"2011-07-14T00:00:00";"28";"0";"28";"7";"2011";"0";"";"";"556963";"";"";"";"1969";"2134661";""
"JAIRO ATAÍDE";"";"3151";"533";"2011";"MG";"DEM";"54";"15";"LOCAÇÃO DE VEÍCULOS AUTOMOTORES OU FRETAMENTO DE EMBARCAÇÕES";"0";"";"COOPERTAXI-BH";"252.989.690/0011-1";"S/N";"1";"2011-08-05T00:00:00";"26";"0";"26";"8";"2011";"0";"";"";"558480";"";"";"";"1969";"2139487";""
"JAIRO ATAÍDE";"";"3151";"533";"2011";"MG";"DEM";"54";"15";"LOCAÇÃO DE VEÍCULOS AUTOMOTORES OU FRETAMENTO DE EMBARCAÇÕES";"0";"";"COOPERTAXI-BH";"252.989.690/0011-1";"S/N";"1";"2011-11-10T00:00:00";"28";"0";"28";"11";"2011";"0";"";"";"579827";"";"";"";"1969";"2212302";""
"JAIRO ATAÍDE";"";"3151";"533";"2011";"MG";"DEM";"54";"15";"LOCAÇÃO DE VEÍCULOS AUTOMOTORES OU FRETAMENTO DE EMBARCAÇÕES";"0";"";"COOPERTAXI-BH";"252.989.690/0011-1";"S/N";"1";"2011-11-16T00:00:00";"90";"0";"90";"11";"2011";"0";"";"";"579827";"";"";"";"1969";"2212312";""
"JAIRO ATAÍDE";"";"3151";"533";"2011";"MG";"DEM";"54";"15";"LOCAÇÃO DE VEÍCULOS AUTOMOTORES OU FRETAMENTO DE EMBARCAÇÕES";"0";"";"COOPERTAXI-BH";"252.989.690/0011-1";"S/N";"1";"2011-11-20T00:00:00";"90";"0";"90";"11";"2011";"0";"";"";"579826";"";"";"";"1969";"2212298";""
"JAIRO ATAÍDE";"";"3151";"533";"2011";"MG";"DEM";"54";"15";"LOCAÇÃO DE VEÍCULOS AUTOMOTORES OU FRETAMENTO DE EMBARCAÇÕES";"0";"";"COOPERTAXI-BH";"252.989.690/0011-1";"S/N";"1";"2011-11-28T00:00:00";"120";"0";"120";"11";"2011";"0";"";"";"579826";"";"";"";"1969";"2212287";""
"JAIRO ATAÍDE";"";"3151";"533";"2011";"MG";"DEM";"54";"15";"LOCAÇÃO DE VEÍCULOS AUTOMOTORES OU FRETAMENTO DE EMBARCAÇÕES";"0";"";"COOPERTAXI-BH";"252.989.690/0011-1";"S/N";"1";"2011-12-01T00:00:00";"27";"0";"27";"12";"2011";"0";"";"";"581532";"";"";"";"1969";"2217765";""
"JAIRO ATAÍDE";"";"3151";"533";"2011";"MG";"DEM";"54";"15";"LOCAÇÃO DE VEÍCULOS AUTOMOTORES OU FRETAMENTO DE EMBARCAÇÕES";"0";"";"COOPERTAXI-BH";"252.989.690/0011-1";"S/N";"1";"2011-12-13T00:00:00";"100";"0";"100";"12";"2011";"0";"";"";"584896";"";"";"";"1969";"2228126";""
"JAIRO ATAÍDE";"";"3151";"533";"2011";"MG";"DEM";"54";"15";"LOCAÇÃO DE VEÍCULOS AUTOMOTORES OU FRETAMENTO DE EMBARCAÇÕES";"0";"";"COOPERTAXI-BH";"252.989.690/0011-1";"S/N";"1";"2011-12-21T00:00:00";"120";"0";"120";"12";"2011";"0";"";"";"591305";"";"";"";"1969";"2249042";""
"JAIRO ATAÍDE";"";"3151";"533";"2011";"MG";"DEM";"54";"15";"LOCAÇÃO DE VEÍCULOS AUTOMOTORES OU FRETAMENTO DE EMBARCAÇÕES";"0";"";"COOPERTAXI-DF";"252.989.690/0011-1";"S/N";"1";"2011-08-11T00:00:00";"26";"0";"26";"8";"2011";"0";"";"";"558480";"";"";"";"1969";"2139488";""
"JAIRO ATAÍDE";"";"3151";"533";"2011";"MG";"DEM";"54";"15";"LOCAÇÃO DE VEÍCULOS AUTOMOTORES OU FRETAMENTO DE EMBARCAÇÕES";"0";"";"COOPERTAXI-MG";"252.989.690/0011-1";"S/N";"1";"2011-02-17T00:00:00";"27";"0";"27";"2";"2011";"0";"";"";"520148";"";"";"";"1969";"2010447";""
"JAIRO ATAÍDE";"";"3151";"533";"2011";"MG";"DEM";"54";"15";"LOCAÇÃO DE VEÍCULOS AUTOMOTORES OU FRETAMENTO DE EMBARCAÇÕES";"0";"";"COOPERTRAMO";"174.285.330/0017-1";"042766";"0";"2011-02-19T00:00:00";"33";"0";"33";"2";"2011";"0";"";"";"520149";"";"";"";"1969";"2010450";""
"JAIRO ATAÍDE";"";"3151";"533";"2011";"MG";"DEM";"54";"15";"LOCAÇÃO DE VEÍCULOS AUTOMOTORES OU FRETAMENTO DE EMBARCAÇÕES";"0";"";"COOPERTRAMO";"174.285.330/0017-1";"046116";"1";"2011-02-28T00:00:00";"33";"0";"33";"2";"2011";"0";"";"";"535239";"";"";"";"1969";"2060320";""
"JAIRO ATAÍDE";"";"3151";"533";"2011";"MG";"DEM";"54";"15";"LOCAÇÃO DE VEÍCULOS AUTOMOTORES OU FRETAMENTO DE EMBARCAÇÕES";"0";"";"COOPERTRAMO";"174.285.330/0017-1";"059833";"1";"2011-07-04T00:00:00";"33";"0";"33";"7";"2011";"0";"";"";"551300";"";"";"";"1969";"2115161";""
"JAIRO ATAÍDE";"";"3151";"533";"2011";"MG";"DEM";"54";"15";"LOCAÇÃO DE VEÍCULOS AUTOMOTORES OU FRETAMENTO DE EMBARCAÇÕES";"0";"";"COOPERTRAMO";"174.285.330/0017-1";"060447";"1";"2011-05-25T00:00:00";"33";"0";"33";"5";"2011";"0";"";"";"558478";"";"";"";"1969";"2139489";""
"JAIRO ATAÍDE";"";"3151";"533";"2011";"MG";"DEM";"54";"15";"LOCAÇÃO DE VEÍCULOS AUTOMOTORES OU FRETAMENTO DE EMBARCAÇÕES";"0";"";"COOPERTRAMO";"174.285.330/0017-1";"063113";"1";"2011-05-02T00:00:00";"33";"0";"33";"5";"2011";"0";"";"";"535238";"";"";"";"1969";"2061692";""
"JAIRO ATAÍDE";"";"3151";"533";"2011";"MG";"DEM";"54";"15";"LOCAÇÃO DE VEÍCULOS AUTOMOTORES OU FRETAMENTO DE EMBARCAÇÕES";"0";"";"COOPERTRAMO";"174.285.330/0017-1";"075284";"1";"2011-03-27T00:00:00";"29";"0";"29";"3";"2011";"0";"";"";"530255";"";"";"";"1969";"2045059";""
"JAIRO ATAÍDE";"";"3151";"533";"2011";"MG";"DEM";"54";"15";"LOCAÇÃO DE VEÍCULOS AUTOMOTORES OU FRETAMENTO DE EMBARCAÇÕES";"0";"";"COOPERTRAMO";"174.285.330/0017-1";"093499";"1";"2011-03-20T00:00:00";"33";"0";"33";"3";"2011";"0";"";"";"535241";"";"";"";"1969";"2060336";""
"JAIRO ATAÍDE";"";"3151";"533";"2011";"MG";"DEM";"54";"15";"LOCAÇÃO DE VEÍCULOS AUTOMOTORES OU FRETAMENTO DE EMBARCAÇÕES";"0";"";"COOPERTRAMO";"174.285.330/0017-1";"093889";"1";"2011-02-27T00:00:00";"33";"0";"33";"2";"2011";"0";"";"";"524568";"";"";"";"1969";"2025576";""
"JAIRO ATAÍDE";"";"3151";"533";"2011";"MG";"DEM";"54";"15";"LOCAÇÃO DE VEÍCULOS AUTOMOTORES OU FRETAMENTO DE EMBARCAÇÕES";"0";"";"COOPERTRAMO";"174.285.330/0017-1";"097536";"1";"2011-06-23T00:00:00";"33";"0";"33";"6";"2011";"0";"";"";"548148";"";"";"";"1969";"2105121";""
"JAIRO ATAÍDE";"";"3151";"533";"2011";"MG";"DEM";"54";"15";"LOCAÇÃO DE VEÍCULOS AUTOMOTORES OU FRETAMENTO DE EMBARCAÇÕES";"0";"";"COOPERTRAMO";"174.285.330/0017-1";"098848";"1";"2011-07-08T00:00:00";"33";"0";"33";"7";"2011";"0";"";"";"551300";"";"";"";"1969";"2115169";""
"JAIRO ATAÍDE";"";"3151";"533";"2011";"MG";"DEM";"54";"15";"LOCAÇÃO DE VEÍCULOS AUTOMOTORES OU FRETAMENTO DE EMBARCAÇÕES";"0";"";"COOPERTRAMO";"174.285.330/0017-1";"114713";"1";"2011-07-11T00:00:00";"33";"0";"33";"7";"2011";"0";"";"";"551300";"";"";"";"1969";"2115173";""
"JAIRO ATAÍDE";"";"3151";"533";"2011";"MG";"DEM";"54";"15";"LOCAÇÃO DE VEÍCULOS AUTOMOTORES OU FRETAMENTO DE EMBARCAÇÕES";"0";"";"COOPERTRAMO";"174.285.330/0017-1";"115764";"1";"2011-07-20T00:00:00";"33";"0";"33";"7";"2011";"0";"";"";"556963";"";"";"";"1969";"2134654";""
"JAIRO ATAÍDE";"";"3151";"533";"2011";"MG";"DEM";"54";"15";"LOCAÇÃO DE VEÍCULOS AUTOMOTORES OU FRETAMENTO DE EMBARCAÇÕES";"0";"";"COOPERTRAMO";"174.285.330/0017-1";"121724";"1";"2011-08-13T00:00:00";"33";"0";"33";"8";"2011";"0";"";"";"558480";"";"";"";"1969";"2139492";""
"JAIRO ATAÍDE";"";"3151";"533";"2011";"MG";"DEM";"54";"15";"LOCAÇÃO DE VEÍCULOS AUTOMOTORES OU FRETAMENTO DE EMBARCAÇÕES";"0";"";"COOPERTRAMO";"174.285.330/0017-1";"130118";"1";"2011-08-29T00:00:00";"35";"0";"35";"8";"2011";"0";"";"";"561086";"";"";"";"1969";"2149092";""
"JAIRO ATAÍDE";"";"3151";"533";"2011";"MG";"DEM";"54";"15";"LOCAÇÃO DE VEÍCULOS AUTOMOTORES OU FRETAMENTO DE EMBARCAÇÕES";"0";"";"COOPERTRAMO";"174.285.330/0017-1";"132440";"1";"2011-08-20T00:00:00";"33";"0";"33";"8";"2011";"0";"";"";"561086";"";"";"";"1969";"2149104";""
"JAIRO ATAÍDE";"";"3151";"533";"2011";"MG";"DEM";"54";"15";"LOCAÇÃO DE VEÍCULOS AUTOMOTORES OU FRETAMENTO DE EMBARCAÇÕES";"0";"";"COOPERTRAMO";"174.285.330/0017-1";"151963";"1";"2011-10-09T00:00:00";"33";"0";"33";"10";"2011";"0";"";"";"569490";"";"";"";"1969";"2177459";""
"JAIRO ATAÍDE";"";"3151";"533";"2011";"MG";"DEM";"54";"15";"LOCAÇÃO DE VEÍCULOS AUTOMOTORES OU FRETAMENTO DE EMBARCAÇÕES";"0";"";"COOPERTRAMO";"174.285.330/0017-1";"158078";"0";"2011-11-03T00:00:00";"33";"0";"33";"11";"2011";"0";"";"";"575776";"";"";"";"1969";"2198689";""
"JAIRO ATAÍDE";"";"3151";"533";"2011";"MG";"DEM";"54";"15";"LOCAÇÃO DE VEÍCULOS AUTOMOTORES OU FRETAMENTO DE EMBARCAÇÕES";"0";"";"COOPERTRAMO";"174.285.330/0017-1";"170552";"1";"2011-11-27T00:00:00";"33";"0";"33";"11";"2011";"0";"";"";"579826";"";"";"";"1969";"2212289";""
"JAIRO ATAÍDE";"";"3151";"533";"2011";"MG";"DEM";"54";"15";"LOCAÇÃO DE VEÍCULOS AUTOMOTORES OU FRETAMENTO DE EMBARCAÇÕES";"0";"";"COOTRAMO-MG";"049.942.500/0014-5";"202883";"1";"2011-05-28T00:00:00";"33";"0";"33";"5";"2011";"0";"";"";"545036";"";"";"";"1969";"2094041";""
"JAIRO ATAÍDE";"";"3151";"533";"2011";"MG";"DEM";"54";"15";"LOCAÇÃO DE VEÍCULOS AUTOMOTORES OU FRETAMENTO DE EMBARCAÇÕES";"0";"";"COOTRAMO-MG";"049.942.500/0014-5";"213378";"1";"2011-02-13T00:00:00";"32";"0";"32";"2";"2011";"0";"";"";"520148";"";"";"";"1969";"2010446";""
"JAIRO ATAÍDE";"";"3151";"533";"2011";"MG";"DEM";"54";"15";"LOCAÇÃO DE VEÍCULOS AUTOMOTORES OU FRETAMENTO DE EMBARCAÇÕES";"0";"";"COOTRAMO-MG";"049.942.500/0014-5";"214918";"1";"2011-04-07T00:00:00";"90";"0";"90";"4";"2011";"0";"";"";"530965";"";"";"";"1969";"2047515";""
"JAIRO ATAÍDE";"";"3151";"533";"2011";"MG";"DEM";"54";"15";"LOCAÇÃO DE VEÍCULOS AUTOMOTORES OU FRETAMENTO DE EMBARCAÇÕES";"0";"";"COOTRAMO-MG";"049.942.500/0014-5";"222456";"1";"2011-04-16T00:00:00";"33";"0";"33";"4";"2011";"0";"";"";"532018";"";"";"";"1969";"2050411";""
"JAIRO ATAÍDE";"";"3151";"533";"2011";"MG";"DEM";"54";"15";"LOCAÇÃO DE VEÍCULOS AUTOMOTORES OU FRETAMENTO DE EMBARCAÇÕES";"0";"";"COOTRAMO-MG";"049.942.500/0014-5";"224496";"1";"2011-05-21T00:00:00";"33";"0";"33";"5";"2011";"0";"";"";"545036";"";"";"";"1969";"2094076";""
"JAIRO ATAÍDE";"";"3151";"533";"2011";"MG";"DEM";"54";"15";"LOCAÇÃO DE VEÍCULOS AUTOMOTORES OU FRETAMENTO DE EMBARCAÇÕES";"0";"";"COOTRAMO-MG";"049.942.500/0014-5";"227568";"1";"2011-10-15T00:00:00";"92";"0";"92";"10";"2011";"0";"";"";"575777";"";"";"";"1969";"2198685";""
"JAIRO ATAÍDE";"";"3151";"533";"2011";"MG";"DEM";"54";"15";"LOCAÇÃO DE VEÍCULOS AUTOMOTORES OU FRETAMENTO DE EMBARCAÇÕES";"0";"";"COOTRAMO-MG";"049.942.500/0014-5";"241163";"1";"2011-11-17T00:00:00";"90";"0";"90";"11";"2011";"0";"";"";"579827";"";"";"";"1969";"2212305";""
"JAIRO ATAÍDE";"";"3151";"533";"2011";"MG";"DEM";"54";"15";"LOCAÇÃO DE VEÍCULOS AUTOMOTORES OU FRETAMENTO DE EMBARCAÇÕES";"0";"";"COOTRAMO-MG";"049.942.500/0014-5";"S/N";"1";"2011-05-22T00:00:00";"30";"0";"30";"5";"2011";"0";"";"";"539772";"";"";"";"1969";"2076404";""
"JAIRO ATAÍDE";"";"3151";"533";"2011";"MG";"DEM";"54";"15";"LOCAÇÃO DE VEÍCULOS AUTOMOTORES OU FRETAMENTO DE EMBARCAÇÕES";"0";"";"EXPRESSO UNIR";"234.521.960/0015-0";"148353";"0";"2011-02-21T00:00:00";"18";"0";"18";"2";"2011";"0";"";"";"520148";"";"";"";"1969";"2010444";""
"JAIRO ATAÍDE";"";"3151";"533";"2011";"MG";"DEM";"54";"15";"LOCAÇÃO DE VEÍCULOS AUTOMOTORES OU FRETAMENTO DE EMBARCAÇÕES";"0";"";"EXPRESSO UNIR";"234.521.960/0015-0";"456901";"0";"2011-04-23T00:00:00";"18";"0";"18";"4";"2011";"0";"";"";"535240";"";"";"";"1969";"2060366";""
"JAIRO ATAÍDE";"";"3151";"533";"2011";"MG";"DEM";"54";"15";"LOCAÇÃO DE VEÍCULOS AUTOMOTORES OU FRETAMENTO DE EMBARCAÇÕES";"0";"";"EXPRESSO UNIR";"234.521.960/0015-0";"538325";"0";"2011-02-07T00:00:00";"18";"0";"18";"2";"2011";"0";"";"";"520148";"";"";"";"1969";"2010443";""
"JAIRO ATAÍDE";"";"3151";"533";"2011";"MG";"DEM";"54";"15";"LOCAÇÃO DE VEÍCULOS AUTOMOTORES OU FRETAMENTO DE EMBARCAÇÕES";"0";"";"EXPRESSO UNIR";"234.521.960/0015-0";"573246";"0";"2011-02-15T00:00:00";"18";"0";"18";"2";"2011";"0";"";"";"520148";"";"";"";"1969";"2010440";""
"JAIRO ATAÍDE";"";"3151";"533";"2011";"MG";"DEM";"54";"15";"LOCAÇÃO DE VEÍCULOS AUTOMOTORES OU FRETAMENTO DE EMBARCAÇÕES";"0";"";"EXPRESSO UNIR LTDA";"234.521.960/0015-0";"362274";"0";"2011-04-04T00:00:00";"18";"0";"18";"4";"2011";"0";"";"";"530254";"";"";"";"1969";"2045039";""
"JAIRO ATAÍDE";"";"3151";"533";"2011";"MG";"DEM";"54";"15";"LOCAÇÃO DE VEÍCULOS AUTOMOTORES OU FRETAMENTO DE EMBARCAÇÕES";"0";"";"EXPRESSO UNIR LTDA";"234.521.960/0015-0";"664730";"0";"2011-05-30T00:00:00";"18";"0";"18";"5";"2011";"0";"";"";"545036";"";"";"";"1969";"2094029";""
"JAIRO ATAÍDE";"";"3151";"533";"2011";"MG";"DEM";"54";"15";"LOCAÇÃO DE VEÍCULOS AUTOMOTORES OU FRETAMENTO DE EMBARCAÇÕES";"0";"";"LE ASE CAR";"714.032.570/0030-2";"009176";"0";"2011-04-01T00:00:00";"3500";"0";"3500";"3";"2011";"0";"";"";"535241";"";"";"";"1969";"2060356";""
"JAIRO ATAÍDE";"";"3151";"533";"2011";"MG";"DEM";"54";"15";"LOCAÇÃO DE VEÍCULOS AUTOMOTORES OU FRETAMENTO DE EMBARCAÇÕES";"0";"";"LEASE CAR";"714.032.570/0030-2";"009178";"0";"2011-05-02T00:00:00";"3850";"0";"3850";"4";"2011";"0";"";"";"537624";"";"";"";"1969";"2069050";""
"JAIRO ATAÍDE";"";"3151";"533";"2011";"MG";"DEM";"54";"15";"LOCAÇÃO DE VEÍCULOS AUTOMOTORES OU FRETAMENTO DE EMBARCAÇÕES";"0";"";"LEASE CAR";"714.032.570/0030-2";"009179";"0";"2011-05-02T00:00:00";"3500";"0";"3500";"4";"2011";"0";"";"";"537624";"";"";"";"1969";"2069056";""
"JAIRO ATAÍDE";"";"3151";"533";"2011";"MG";"DEM";"54";"15";"LOCAÇÃO DE VEÍCULOS AUTOMOTORES OU FRETAMENTO DE EMBARCAÇÕES";"0";"";"LEASE CAR S/A";"714.032.570/0030-2";"009166";"0";"2011-02-28T00:00:00";"3500";"0";"3500";"2";"2011";"0";"";"";"522092";"";"";"";"1969";"2017443";""
"JAIRO ATAÍDE";"";"3151";"533";"2011";"MG";"DEM";"54";"15";"LOCAÇÃO DE VEÍCULOS AUTOMOTORES OU FRETAMENTO DE EMBARCAÇÕES";"0";"";"LEASE CAR S/A";"714.032.570/0030-2";"009167";"0";"2011-02-28T00:00:00";"3850";"0";"3850";"2";"2011";"0";"";"";"522092";"";"";"";"1969";"2017448";""
"JAIRO ATAÍDE";"";"3151";"533";"2011";"MG";"DEM";"54";"15";"LOCAÇÃO DE VEÍCULOS AUTOMOTORES OU FRETAMENTO DE EMBARCAÇÕES";"0";"";"LEASE CAR/SA";"714.032.570/0030-2";"009177";"0";"2011-04-01T00:00:00";"3850";"0";"3850";"3";"2011";"0";"";"";"532330";"";"";"";"1969";"2051857";""
"JAIRO ATAÍDE";"";"3151";"533";"2011";"MG";"DEM";"54";"15";"LOCAÇÃO DE VEÍCULOS AUTOMOTORES OU FRETAMENTO DE EMBARCAÇÕES";"0";"";"MINAS TAXI";"049.257.400/0019-0";"158744";"1";"2011-03-03T00:00:00";"85";"0";"85";"3";"2011";"0";"";"";"524567";"";"";"";"1969";"2025570";""
"JAIRO ATAÍDE";"";"3151";"533";"2011";"MG";"DEM";"54";"15";"LOCAÇÃO DE VEÍCULOS AUTOMOTORES OU FRETAMENTO DE EMBARCAÇÕES";"0";"";"MINAS TAXI";"049.257.400/0019-0";"170755";"1";"2011-03-30T00:00:00";"88";"0";"88";"3";"2011";"0";"";"";"530255";"";"";"";"1969";"2045064";""
"JAIRO ATAÍDE";"";"3151";"533";"2011";"MG";"DEM";"54";"15";"LOCAÇÃO DE VEÍCULOS AUTOMOTORES OU FRETAMENTO DE EMBARCAÇÕES";"0";"";"SINPETAXI";"000.317.080/0037-1";"S/N";"1";"2011-03-21T00:00:00";"25";"0";"25";"3";"2011";"0";"";"";"535241";"";"";"";"1969";"2060332";""
"JAIRO ATAÍDE";"";"3151";"533";"2011";"MG";"DEM";"54";"15";"LOCAÇÃO DE VEÍCULOS AUTOMOTORES OU FRETAMENTO DE EMBARCAÇÕES";"0";"";"SINPETAXI";"000.317.080/0037-1";"S/N";"1";"2011-04-04T00:00:00";"24";"0";"24";"4";"2011";"0";"";"";"530254";"";"";"";"1969";"2045043";""
"JAIRO ATAÍDE";"";"3151";"533";"2011";"MG";"DEM";"54";"15";"LOCAÇÃO DE VEÍCULOS AUTOMOTORES OU FRETAMENTO DE EMBARCAÇÕES";"0";"";"SINPETAXI";"000.317.080/0037-1";"S/N";"1";"2011-04-18T00:00:00";"24";"0";"24";"4";"2011";"0";"";"";"532018";"";"";"";"1969";"2050408";""
"JAIRO ATAÍDE";"";"3151";"533";"2011";"MG";"DEM";"54";"15";"LOCAÇÃO DE VEÍCULOS AUTOMOTORES OU FRETAMENTO DE EMBARCAÇÕES";"0";"";"SINPETAXI";"000.317.080/0037-1";"S/N";"1";"2011-04-20T00:00:00";"25";"0";"25";"4";"2011";"0";"";"";"535240";"";"";"";"1969";"2060387";""
"JAIRO ATAÍDE";"";"3151";"533";"2011";"MG";"DEM";"54";"15";"LOCAÇÃO DE VEÍCULOS AUTOMOTORES OU FRETAMENTO DE EMBARCAÇÕES";"0";"";"SINPETAXI";"000.317.080/0037-1";"S/N";"1";"2011-05-09T00:00:00";"24";"0";"24";"5";"2011";"0";"";"";"537623";"";"";"";"1969";"2069015";""
"JAIRO ATAÍDE";"";"3151";"533";"2011";"MG";"DEM";"54";"15";"LOCAÇÃO DE VEÍCULOS AUTOMOTORES OU FRETAMENTO DE EMBARCAÇÕES";"0";"";"SINPETAXI";"000.317.080/0037-1";"S/N";"1";"2011-05-12T00:00:00";"25";"0";"25";"5";"2011";"0";"";"";"539772";"";"";"";"1969";"2076433";""
"JAIRO ATAÍDE";"";"3151";"533";"2011";"MG";"DEM";"54";"15";"LOCAÇÃO DE VEÍCULOS AUTOMOTORES OU FRETAMENTO DE EMBARCAÇÕES";"0";"";"SINPETAXI";"000.317.080/0037-1";"S/N";"1";"2011-08-22T00:00:00";"25";"0";"25";"8";"2011";"0";"";"";"561086";"";"";"";"1969";"2149099";""
"JAIRO ATAÍDE";"";"3151";"533";"2011";"MG";"DEM";"54";"15";"LOCAÇÃO DE VEÍCULOS AUTOMOTORES OU FRETAMENTO DE EMBARCAÇÕES";"0";"";"SINPETAXI";"000.317.080/0037-1";"S/N";"1";"2011-11-28T00:00:00";"25";"0";"25";"11";"2011";"0";"";"";"579826";"";"";"";"1969";"2212284";""
"JAIRO ATAÍDE";"";"3151";"533";"2011";"MG";"DEM";"54";"15";"LOCAÇÃO DE VEÍCULOS AUTOMOTORES OU FRETAMENTO DE EMBARCAÇÕES";"0";"";"SINPETAXI";"000.317.080/0037-1";"S/N";"1";"2011-12-03T00:00:00";"25";"0";"25";"12";"2011";"0";"";"";"581532";"";"";"";"1969";"2217760";""
"JAIRO ATAÍDE";"";"3151";"533";"2011";"MG";"DEM";"54";"15";"LOCAÇÃO DE VEÍCULOS AUTOMOTORES OU FRETAMENTO DE EMBARCAÇÕES";"0";"";"SINPETAXI";"000.317.080/0037-1";"S/N";"1";"2011-12-12T00:00:00";"25";"0";"25";"12";"2011";"0";"";"";"584896";"";"";"";"1969";"2228114";""
"JAIRO ATAÍDE";"";"3151";"533";"2011";"MG";"DEM";"54";"15";"LOCAÇÃO DE VEÍCULOS AUTOMOTORES OU FRETAMENTO DE EMBARCAÇÕES";"0";"";"SINTAXI";"074.241.090/0010-3";"S/N";"1";"2011-04-26T00:00:00";"24";"0";"24";"4";"2011";"0";"";"";"535240";"";"";"";"1969";"2060379";""
"JAIRO ATAÍDE";"";"3151";"533";"2011";"MG";"DEM";"54";"15";"LOCAÇÃO DE VEÍCULOS AUTOMOTORES OU FRETAMENTO DE EMBARCAÇÕES";"0";"";"SINTAXI-DF";"074.241.090/0010-3";"S/N";"1";"2011-03-24T00:00:00";"28";"0";"28";"3";"2011";"0";"";"";"530255";"";"";"";"1969";"2045053";""
"JAIRO ATAÍDE";"";"3151";"533";"2011";"MG";"DEM";"54";"15";"LOCAÇÃO DE VEÍCULOS AUTOMOTORES OU FRETAMENTO DE EMBARCAÇÕES";"0";"";"SINTAXI-DF";"074.241.090/0010-3";"S/N";"1";"2011-04-11T00:00:00";"24";"0";"24";"4";"2011";"0";"";"";"530965";"";"";"";"1969";"2047516";""
"JAIRO ATAÍDE";"";"3151";"533";"2011";"MG";"DEM";"54";"15";"LOCAÇÃO DE VEÍCULOS AUTOMOTORES OU FRETAMENTO DE EMBARCAÇÕES";"0";"";"SINTAXI-DF";"074.241.090/0010-3";"S/N";"1";"2011-06-13T00:00:00";"25";"0";"25";"6";"2011";"0";"";"";"545038";"";"";"";"1969";"2094080";""
"JAIRO ATAÍDE";"";"3151";"533";"2011";"MG";"DEM";"54";"15";"LOCAÇÃO DE VEÍCULOS AUTOMOTORES OU FRETAMENTO DE EMBARCAÇÕES";"0";"";"SINTAXI-DF";"074.241.090/0010-3";"S/N";"1";"2011-06-14T00:00:00";"24";"0";"24";"6";"2011";"0";"";"";"545038";"";"";"";"1969";"2094086";""
"JAIRO ATAÍDE";"";"3151";"533";"2011";"MG";"DEM";"54";"15";"LOCAÇÃO DE VEÍCULOS AUTOMOTORES OU FRETAMENTO DE EMBARCAÇÕES";"0";"";"TACI-BH";"255.669.770/0010-0";"057645";"1";"2011-12-15T00:00:00";"70";"0";"70";"12";"2011";"0";"";"";"584896";"";"";"";"1969";"2228189";""
"JAIRO ATAÍDE";"";"3151";"533";"2011";"MG";"DEM";"54";"15";"LOCAÇÃO DE VEÍCULOS AUTOMOTORES OU FRETAMENTO DE EMBARCAÇÕES";"0";"";"UNITAXI";"126.236.620/0010-5";"S/N";"1";"2011-04-27T00:00:00";"85";"0";"85";"4";"2011";"0";"";"";"535240";"";"";"";"1969";"2060362";""
"JAIRO ATAÍDE";"";"3151";"533";"2011";"MG";"DEM";"54";"15";"LOCAÇÃO DE VEÍCULOS AUTOMOTORES OU FRETAMENTO DE EMBARCAÇÕES";"0";"";"VIP CAR";"102.648.710/0017-6";"000709";"1";"2011-05-03T00:00:00";"80";"0";"80";"5";"2011";"0";"";"";"535238";"";"";"";"1969";"2061700";""
"JAIRO ATAÍDE";"";"3151";"533";"2011";"MG";"DEM";"54";"15";"LOCAÇÃO DE VEÍCULOS AUTOMOTORES OU FRETAMENTO DE EMBARCAÇÕES";"0";"";"VIP CAR";"102.648.710/0017-6";"002722";"1";"2011-10-10T00:00:00";"80";"0";"80";"10";"2011";"0";"";"";"569490";"";"";"";"1969";"2177462";""
"JAIRO ATAÍDE";"";"3151";"533";"2011";"MG";"DEM";"54";"15";"LOCAÇÃO DE VEÍCULOS AUTOMOTORES OU FRETAMENTO DE EMBARCAÇÕES";"0";"";"VIP CAR SERVICE";"051.629.640/0015-0";"024800";"1";"2011-09-20T00:00:00";"80";"0";"80";"9";"2011";"0";"";"";"568694";"";"";"";"1969";"2175333";""
"JAIRO ATAÍDE";"";"3151";"533";"2011";"MG";"DEM";"54";"15";"LOCAÇÃO DE VEÍCULOS AUTOMOTORES OU FRETAMENTO DE EMBARCAÇÕES";"0";"";"VIP CAR SERVICE";"102.648.710/0017-6";"000021";"1";"2011-09-26T00:00:00";"80";"0";"80";"9";"2011";"0";"";"";"568694";"";"";"";"1969";"2175327";""
"JAIRO ATAÍDE";"";"3151";"533";"2011";"MG";"DEM";"54";"15";"LOCAÇÃO DE VEÍCULOS AUTOMOTORES OU FRETAMENTO DE EMBARCAÇÕES";"0";"";"VIP CAR SERVICE";"102.648.710/0017-6";"000690";"1";"2011-08-22T00:00:00";"80";"0";"80";"8";"2011";"0";"";"";"561086";"";"";"";"1969";"2149109";""
"JAIRO ATAÍDE";"";"3151";"533";"2011";"MG";"DEM";"54";"15";"LOCAÇÃO DE VEÍCULOS AUTOMOTORES OU FRETAMENTO DE EMBARCAÇÕES";"0";"";"VIP CAR SERVICE";"102.648.710/0017-6";"000694";"1";"2011-08-30T00:00:00";"80";"0";"80";"8";"2011";"0";"";"";"561086";"";"";"";"1969";"2149120";""
"JAIRO ATAÍDE";"";"3151";"533";"2011";"MG";"DEM";"54";"15";"LOCAÇÃO DE VEÍCULOS AUTOMOTORES OU FRETAMENTO DE EMBARCAÇÕES";"0";"";"VIP CAR SERVICE";"102.648.710/0017-6";"000816";"1";"2011-04-17T00:00:00";"75";"0";"75";"4";"2011";"0";"";"";"535240";"";"";"";"1969";"2060394";""
"JAIRO ATAÍDE";"";"3151";"533";"2011";"MG";"DEM";"54";"15";"LOCAÇÃO DE VEÍCULOS AUTOMOTORES OU FRETAMENTO DE EMBARCAÇÕES";"0";"";"VIP CAR SERVICE";"102.648.710/0017-6";"000828";"1";"2011-05-19T00:00:00";"80";"0";"80";"5";"2011";"0";"";"";"539772";"";"";"";"1969";"2076412";""
"JAIRO ATAÍDE";"";"3151";"533";"2011";"MG";"DEM";"54";"15";"LOCAÇÃO DE VEÍCULOS AUTOMOTORES OU FRETAMENTO DE EMBARCAÇÕES";"0";"";"VIP CAR SERVICE";"102.648.710/0017-6";"000931";"1";"2011-06-28T00:00:00";"80";"0";"80";"6";"2011";"0";"";"";"548148";"";"";"";"1969";"2105134";""
"JAIRO ATAÍDE";"";"3151";"533";"2011";"MG";"DEM";"54";"15";"LOCAÇÃO DE VEÍCULOS AUTOMOTORES OU FRETAMENTO DE EMBARCAÇÕES";"0";"";"VIP CAR SERVICE";"102.648.710/0017-6";"000933";"1";"2011-06-29T00:00:00";"80";"0";"80";"6";"2011";"0";"";"";"548148";"";"";"";"1969";"2105131";""
"JAIRO ATAÍDE";"";"3151";"533";"2011";"MG";"DEM";"54";"15";"LOCAÇÃO DE VEÍCULOS AUTOMOTORES OU FRETAMENTO DE EMBARCAÇÕES";"0";"";"VIP CAR SERVICE";"102.648.710/0017-6";"000942";"1";"2011-08-13T00:00:00";"80";"0";"80";"8";"2011";"0";"";"";"556963";"";"";"";"1969";"2134672";""
"JAIRO ATAÍDE";"";"3151";"533";"2011";"MG";"DEM";"54";"15";"LOCAÇÃO DE VEÍCULOS AUTOMOTORES OU FRETAMENTO DE EMBARCAÇÕES";"0";"";"VIP CAR SERVICE";"102.648.710/0017-6";"000945";"0";"2011-06-21T00:00:00";"80";"0";"80";"6";"2011";"0";"";"";"556963";"";"";"";"1969";"2134678";""
"JAIRO ATAÍDE";"";"3151";"533";"2011";"MG";"DEM";"54";"15";"LOCAÇÃO DE VEÍCULOS AUTOMOTORES OU FRETAMENTO DE EMBARCAÇÕES";"0";"";"VIP SERVICE";"102.648.710/0017-6";"000686";"1";"2011-08-11T00:00:00";"80";"0";"80";"8";"2011";"0";"";"";"558480";"";"";"";"1969";"2139493";""
"JAIRO ATAÍDE";"";"3151";"533";"2011";"MG";"DEM";"54";"15";"LOCAÇÃO DE VEÍCULOS AUTOMOTORES OU FRETAMENTO DE EMBARCAÇÕES";"0";"";"VIPCAR SERVICE";"051.629.640/0015-0";"024714";"1";"2011-06-16T00:00:00";"70";"0";"70";"6";"2011";"0";"";"";"546429";"";"";"";"1969";"2098681";""
"BISPO GÊ TENUTA";"";"3155";"526";"2007";"SP";"DEM";"53";"1";"MANUTENÇÃO DE ESCRITÓRIO DE APOIO À ATIVIDADE PARLAMENTAR";"0";"";"ANTONIO MOURA DE SOUZA";"053.245.305/06  -";"012011";"1";"2011-01-05T00:00:00";"3000";"0";"3000";"1";"2011";"0";"";"";"516215";"";"";"";"1972";"1997516";""
"BISPO GÊ TENUTA";"";"3155";"526";"2007";"SP";"DEM";"53";"1";"MANUTENÇÃO DE ESCRITÓRIO DE APOIO À ATIVIDADE PARLAMENTAR";"0";"";"KALUNGA";"432.838.110/0139-3";"047702";"0";"2011-01-28T00:00:00";"308.6";"0";"308.6";"1";"2011";"0";"";"";"521455";"";"";"";"1972";"2015249";""
"BISPO GÊ TENUTA";"";"3155";"526";"2007";"SP";"DEM";"53";"1";"MANUTENÇÃO DE ESCRITÓRIO DE APOIO À ATIVIDADE PARLAMENTAR";"0";"";"LOJAS AMERICANAS";"330.145.560/2488-5";"318946";"0";"2011-01-22T00:00:00";"23.98";"0";"23.98";"1";"2011";"0";"";"";"521454";"";"";"";"1972";"2015239";""
"BISPO GÊ TENUTA";"";"3155";"526";"2007";"SP";"DEM";"53";"3";"COMBUSTÍVEIS E LUBRIFICANTES.";"1";"Veículos Automotores";"AUTO POSTO OSCAR PORTO LTDA";"476.820.340/0017-7";"346977";"0";"2011-01-08T00:00:00";"84";"0";"84";"1";"2011";"0";"";"";"515298";"";"";"";"1972";"1994089";""
"BISPO GÊ TENUTA";"";"3155";"526";"2007";"SP";"DEM";"53";"3";"COMBUSTÍVEIS E LUBRIFICANTES.";"1";"Veículos Automotores";"CENTRO AUTOMOTIVO ALPHA CENTER LTDA.";"668.971.090/0018-1";"209801";"0";"2011-01-22T00:00:00";"92";"0";"92";"1";"2011";"0";"";"";"521454";"";"";"";"1972";"2015235";""
"BISPO GÊ TENUTA";"";"3155";"526";"2007";"SP";"DEM";"53";"3";"COMBUSTÍVEIS E LUBRIFICANTES.";"1";"Veículos Automotores";"PAULISTA CENTER AUTO POSTO LTDA";"000.288.490/0017-3";"038543";"0";"2011-01-16T00:00:00";"90";"0";"90";"1";"2011";"0";"";"";"515289";"";"";"";"1972";"1994016";""
"BISPO GÊ TENUTA";"";"3155";"526";"2007";"SP";"DEM";"53";"3";"COMBUSTÍVEIS E LUBRIFICANTES.";"1";"Veículos Automotores";"POSTO DE SERVIÇO ROVIGO LTDA";"665.237.470/0013-2";"002814";"0";"2011-01-03T00:00:00";"1586.98";"0";"1586.98";"1";"2011";"0";"";"";"513219";"";"";"";"1972";"1987151";""
"BISPO GÊ TENUTA";"";"3155";"526";"2007";"SP";"DEM";"53";"3";"COMBUSTÍVEIS E LUBRIFICANTES.";"1";"Veículos Automotores";"POSTO DE SERVIÇO ROVIGO LTDA";"665.237.470/0013-2";"002815";"0";"2011-01-17T00:00:00";"571.89";"0";"571.89";"1";"2011";"0";"";"";"515290";"";"";"";"1972";"1994031";""
"BISPO GÊ TENUTA";"";"3155";"526";"2007";"SP";"DEM";"53";"3";"COMBUSTÍVEIS E LUBRIFICANTES.";"4";"Sem especificações";"POSTO DE SERVIÇO ROVIGO LTDA";"665.237.470/0013-2";"002825";"0";"2011-01-30T00:00:00";"1012.59";"0";"1012.59";"1";"2011";"0";"";"";"528078";"";"";"";"1972";"2038131";""
"BISPO GÊ TENUTA";"";"3155";"526";"2007";"SP";"DEM";"53";"4";"CONSULTORIAS, PESQUISAS E TRABALHOS TÉCNICOS.";"0";"";"MATHEUS E MARQUES SOC. DE ADVOGADOS";"108.164.280/0016-0";"010";"0";"2011-03-28T00:00:00";"3000";"0";"3000";"1";"2011";"0";"";"";"528104";"";"";"";"1972";"2038209";""
"BISPO GÊ TENUTA";"";"3155";"526";"2007";"SP";"DEM";"53";"5";"DIVULGAÇÃO DA ATIVIDADE PARLAMENTAR.";"0";"";"LUCAS ARANHA PERTILLO";"117.362.160/0013-6";"0000035";"0";"2011-01-13T00:00:00";"8000";"0";"8000";"1";"2011";"0";"";"";"514306";"";"";"";"1972";"1990494";""
"BISPO GÊ TENUTA";"";"3155";"526";"2007";"SP";"DEM";"53";"10";"TELEFONIA";"0";"";"NEXTEL";"669.702.290/0016-7";"000288685";"0";"2011-01-11T00:00:00";"1251.65";"0";"1251.65";"1";"2011";"0";"";"";"521455";"";"";"";"1972";"2015256";""
"BISPO GÊ TENUTA";"";"3155";"526";"2007";"SP";"DEM";"53";"10";"TELEFONIA";"0";"";"NEXTEL TELECOMUNICAÇÕES LTDA";"669.702.290/0016-7";"000024969";"0";"2011-01-03T00:00:00";"311";"0";"311";"1";"2011";"0";"";"";"515289";"";"";"";"1972";"1994029";""
"BISPO GÊ TENUTA";"";"3155";"526";"2007";"SP";"DEM";"53";"13";"FORNECIMENTO DE ALIMENTAÇÃO DO PARLAMENTAR";"0";"";"ADE RESTAURANTE LTDA";"010.520.210/0011-3";"044766";"0";"2011-01-15T00:00:00";"20.4";"0";"20.4";"1";"2011";"0";"";"";"515289";"";"";"";"1972";"1994013";""
"BISPO GÊ TENUTA";"";"3155";"526";"2007";"SP";"DEM";"53";"13";"FORNECIMENTO DE ALIMENTAÇÃO DO PARLAMENTAR";"0";"";"ALL PARMEGIANA";"031.110.730/0073-4";"275413";"0";"2011-01-15T00:00:00";"22.2";"0";"22.2";"1";"2011";"0";"";"";"515289";"";"";"";"1972";"1994021";""
"BISPO GÊ TENUTA";"";"3155";"526";"2007";"SP";"DEM";"53";"13";"FORNECIMENTO DE ALIMENTAÇÃO DO PARLAMENTAR";"0";"";"ARCOS DOURADOS COM E ALIMENTOS LTDA";"425.916.510/2548-0";"353942";"0";"2011-01-08T00:00:00";"40.75";"0";"40.75";"1";"2011";"0";"";"";"515298";"";"";"";"1972";"1994075";""
"BISPO GÊ TENUTA";"";"3155";"526";"2007";"SP";"DEM";"53";"13";"FORNECIMENTO DE ALIMENTAÇÃO DO PARLAMENTAR";"0";"";"AXE BRASIL";"073.832.470/0018-3";"110476";"0";"2011-01-09T00:00:00";"12.06";"0";"12.06";"1";"2011";"0";"";"";"515298";"";"";"";"1972";"1994087";""
"BISPO GÊ TENUTA";"";"3155";"526";"2007";"SP";"DEM";"53";"13";"FORNECIMENTO DE ALIMENTAÇÃO DO PARLAMENTAR";"0";"";"AXE BRASIL";"073.832.470/0018-3";"111367";"0";"2011-01-15T00:00:00";"12.9";"0";"12.9";"1";"2011";"0";"";"";"515289";"";"";"";"1972";"1994015";""
"BISPO GÊ TENUTA";"";"3155";"526";"2007";"SP";"DEM";"53";"13";"FORNECIMENTO DE ALIMENTAÇÃO DO PARLAMENTAR";"0";"";"BOB'S";"718.335.520/0470-1";"000991";"0";"2011-01-23T00:00:00";"17.25";"0";"17.25";"1";"2011";"0";"";"";"521454";"";"";"";"1972";"2015237";""
"BISPO GÊ TENUTA";"";"3155";"526";"2007";"SP";"DEM";"53";"13";"FORNECIMENTO DE ALIMENTAÇÃO DO PARLAMENTAR";"0";"";"CELSO GARDON MACHADO EPP";"108.694.370/0011-0";"018869";"0";"2011-01-19T00:00:00";"22";"0";"22";"1";"2011";"0";"";"";"515289";"";"";"";"1972";"1994018";""
"BISPO GÊ TENUTA";"";"3155";"526";"2007";"SP";"DEM";"53";"13";"FORNECIMENTO DE ALIMENTAÇÃO DO PARLAMENTAR";"0";"";"GR SA";"029.051.100/2023-4";"195487";"0";"2011-01-05T00:00:00";"9.4";"0";"9.4";"1";"2011";"0";"";"";"515298";"";"";"";"1972";"1994084";""
"BISPO GÊ TENUTA";"";"3155";"526";"2007";"SP";"DEM";"53";"13";"FORNECIMENTO DE ALIMENTAÇÃO DO PARLAMENTAR";"0";"";"GRILL 1018";"054.069.060/0012-4";"013772";"0";"2011-01-24T00:00:00";"22.54";"0";"22.54";"1";"2011";"0";"";"";"521454";"";"";"";"1972";"2015234";""
"BISPO GÊ TENUTA";"";"3155";"526";"2007";"SP";"DEM";"53";"13";"FORNECIMENTO DE ALIMENTAÇÃO DO PARLAMENTAR";"0";"";"GRILL 1018";"054.069.060/0012-4";"013814";"0";"2011-01-27T00:00:00";"72.8";"0";"72.8";"1";"2011";"0";"";"";"521454";"";"";"";"1972";"2015242";""
"BISPO GÊ TENUTA";"";"3155";"526";"2007";"SP";"DEM";"53";"13";"FORNECIMENTO DE ALIMENTAÇÃO DO PARLAMENTAR";"0";"";"GRILL 1018 LTDA";"054.069.060/0012-4";"013603";"0";"2011-01-12T00:00:00";"18.5";"0";"18.5";"1";"2011";"0";"";"";"515298";"";"";"";"1972";"1994079";""
"BISPO GÊ TENUTA";"";"3155";"526";"2007";"SP";"DEM";"53";"13";"FORNECIMENTO DE ALIMENTAÇÃO DO PARLAMENTAR";"0";"";"GRILL 1018 LTDA";"054.069.060/0012-4";"013614";"0";"2011-01-13T00:00:00";"27.53";"0";"27.53";"1";"2011";"0";"";"";"515298";"";"";"";"1972";"1994086";""
"BISPO GÊ TENUTA";"";"3155";"526";"2007";"SP";"DEM";"53";"13";"FORNECIMENTO DE ALIMENTAÇÃO DO PARLAMENTAR";"0";"";"GRILL 1018 LTDA";"054.069.060/0012-4";"013641";"0";"2011-01-14T00:00:00";"75.9";"0";"75.9";"1";"2011";"0";"";"";"515298";"";"";"";"1972";"1994073";""
"BISPO GÊ TENUTA";"";"3155";"526";"2007";"SP";"DEM";"53";"13";"FORNECIMENTO DE ALIMENTAÇÃO DO PARLAMENTAR";"0";"";"GRILL 1018 LTDA";"054.069.060/0012-4";"013705";"0";"2011-01-19T00:00:00";"24.31";"0";"24.31";"1";"2011";"0";"";"";"515289";"";"";"";"1972";"1994006";""
"BISPO GÊ TENUTA";"";"3155";"526";"2007";"SP";"DEM";"53";"13";"FORNECIMENTO DE ALIMENTAÇÃO DO PARLAMENTAR";"0";"";"GRILL 1018 LTDA";"054.069.060/0012-4";"013718";"0";"2011-01-20T00:00:00";"30.29";"0";"30.29";"1";"2011";"0";"";"";"515289";"";"";"";"1972";"1994008";""
"BISPO GÊ TENUTA";"";"3155";"526";"2007";"SP";"DEM";"53";"13";"FORNECIMENTO DE ALIMENTAÇÃO DO PARLAMENTAR";"0";"";"LANCHES E ROTISSERIE DO MARIO LTDA";"627.461.100/0015-4";"103815";"0";"2011-01-18T00:00:00";"17.36";"1.9";"15.46";"1";"2011";"0";"";"";"515289";"";"";"";"1972";"1994011";""
"BISPO GÊ TENUTA";"";"3155";"526";"2007";"SP";"DEM";"53";"13";"FORNECIMENTO DE ALIMENTAÇÃO DO PARLAMENTAR";"0";"";"MC DONALD";"425.916.510/2548-0";"199059";"0";"2011-01-30T00:00:00";"11.75";"0";"11.75";"1";"2011";"0";"";"";"521454";"";"";"";"1972";"2015246";""
"BISPO GÊ TENUTA";"";"3155";"526";"2007";"SP";"DEM";"53";"13";"FORNECIMENTO DE ALIMENTAÇÃO DO PARLAMENTAR";"0";"";"MC DONALD";"425.916.510/6128-2";"266895";"0";"2011-01-22T00:00:00";"54.5";"0";"54.5";"1";"2011";"0";"";"";"521455";"";"";"";"1972";"2015251";""
"BISPO GÊ TENUTA";"";"3155";"526";"2007";"SP";"DEM";"53";"13";"FORNECIMENTO DE ALIMENTAÇÃO DO PARLAMENTAR";"0";"";"PIZZARIA ESTRELA DO PARAISO LTDA";"032.446.630/0014-0";"011699";"0";"2011-01-08T00:00:00";"27";"0";"27";"1";"2011";"0";"";"";"515298";"";"";"";"1972";"1994077";""
"BISPO GÊ TENUTA";"";"3155";"526";"2007";"SP";"DEM";"53";"13";"FORNECIMENTO DE ALIMENTAÇÃO DO PARLAMENTAR";"0";"";"PIZZARIA ESTRELA DO PARAÍSO LTDA";"032.446.630/0014-0";"011815";"0";"2011-01-22T00:00:00";"23";"0";"23";"1";"2011";"0";"";"";"528078";"";"";"";"1972";"2038128";""
"BISPO GÊ TENUTA";"";"3155";"526";"2007";"SP";"DEM";"53";"13";"FORNECIMENTO DE ALIMENTAÇÃO DO PARLAMENTAR";"0";"";"SELETTI CULINARIA SAUDAVEL";"125.493.000/0010-3";"003487";"0";"2011-01-28T00:00:00";"52.1";"0";"52.1";"1";"2011";"0";"";"";"521454";"";"";"";"1972";"2015245";""
"BISPO GÊ TENUTA";"";"3155";"526";"2007";"SP";"DEM";"53";"13";"FORNECIMENTO DE ALIMENTAÇÃO DO PARLAMENTAR";"0";"";"SHA COMERCIO DE ALIMENTOS LTDA";"619.802.720/0124-2";"075417";"0";"2011-01-20T00:00:00";"6";"0";"6";"1";"2011";"0";"";"";"515289";"";"";"";"1972";"1994023";""
"BISPO GÊ TENUTA";"";"3155";"526";"2007";"SP";"DEM";"53";"13";"FORNECIMENTO DE ALIMENTAÇÃO DO PARLAMENTAR";"0";"";"SP7 COMÉRCIO DE ALIMENTOS LTDA";"125.493.000/0010-3";"0102";"0";"2011-01-30T00:00:00";"42.1";"21.05";"21.05";"1";"2011";"0";"";"";"528078";"";"";"";"1972";"2038130";""
"BISPO GÊ TENUTA";"";"3155";"526";"2007";"SP";"DEM";"53";"13";"FORNECIMENTO DE ALIMENTAÇÃO DO PARLAMENTAR";"0";"";"TRATTORIA DO GUAPPO LTDA.";"532.699.240/0015-4";"018486";"0";"2011-01-21T00:00:00";"23.85";"0";"23.85";"1";"2011";"0";"";"";"521454";"";"";"";"1972";"2015248";""
"BISPO GÊ TENUTA";"";"3155";"526";"2007";"SP";"DEM";"53";"13";"FORNECIMENTO DE ALIMENTAÇÃO DO PARLAMENTAR";"0";"";"VIDEO FRANS LTDA";"104.964.740/0012-0";"091023";"0";"2011-01-05T00:00:00";"97.5";"0";"97.5";"1";"2011";"0";"";"";"515299";"";"";"";"1972";"1994088";""
"BISPO GÊ TENUTA";"";"3155";"526";"2007";"SP";"DEM";"53";"13";"FORNECIMENTO DE ALIMENTAÇÃO DO PARLAMENTAR";"0";"";"VIVENDA DO CAMARAO";"683.465.760/0014-9";"300275";"0";"2011-01-09T00:00:00";"42.6";"0";"42.6";"1";"2011";"0";"";"";"515298";"";"";"";"1972";"1994092";""
"BISPO GÊ TENUTA";"";"3155";"526";"2007";"SP";"DEM";"53";"15";"LOCAÇÃO DE VEÍCULOS AUTOMOTORES OU FRETAMENTO DE EMBARCAÇÕES";"0";"";"UP PARKING ESTACIONAMENTOS LTDA";"086.265.100/0018-0";"2330";"0";"2011-01-22T00:00:00";"350";"0";"350";"1";"2011";"0";"";"";"528078";"";"";"";"1972";"2038129";""
"JORGINHO MALULY";"";"4927";"517";"2007";"SP";"DEM";"53";"3";"COMBUSTÍVEIS E LUBRIFICANTES.";"4";"Sem especificações";"POSTO DE SERVIÇOS ROTATÓRIA";"070.708.660/0011-8";"2346";"0";"2011-01-17T00:00:00";"382.03";"66.24";"315.79";"1";"2011";"0";"";"";"524175";"";"";"";"1967";"2064107";""
"JORGINHO MALULY";"";"4927";"517";"2007";"SP";"DEM";"53";"10";"TELEFONIA";"0";"";"VIVO";"024.499.920/0563-8";"000715650";"0";"2011-01-08T00:00:00";"3059.76";"16.99";"3042.77";"1";"2011";"0";"";"";"515904";"";"";"";"1967";"1996369";""
"EDUARDO LOPES";"";"4928";"525";"2007";"RJ";"PRB";"53";"1";"MANUTENÇÃO DE ESCRITÓRIO DE APOIO À ATIVIDADE PARLAMENTAR";"0";"";"ARLIENE A. OLIVEIRA";"468.892.647/20  -";"S/N";"1";"2011-01-24T00:00:00";"2748";"290";"2458";"1";"2011";"0";"";"";"519323";"";"";"";"1971";"2007586";""
"EDUARDO LOPES";"";"4928";"525";"2007";"RJ";"PRB";"53";"3";"COMBUSTÍVEIS E LUBRIFICANTES.";"1";"Veículos Automotores";"CONVER COMBUSTÍVEIS AUTOMOTIVOS LTDA";"000.385.050/0014-5";"001060";"0";"2011-01-24T00:00:00";"50";"0";"50";"1";"2011";"0";"";"";"515748";"";"";"";"1971";"1995538";""
"EDUARDO LOPES";"";"4928";"525";"2007";"RJ";"PRB";"53";"3";"COMBUSTÍVEIS E LUBRIFICANTES.";"1";"Veículos Automotores";"CONVER COMBUSTÍVEIS AUTOMOTIVOS LTDA";"000.385.050/0073-0";"007418";"0";"2011-01-10T00:00:00";"130";"0";"130";"1";"2011";"0";"";"";"514025";"";"";"";"1971";"1989601";""
"EDUARDO LOPES";"";"4928";"525";"2007";"RJ";"PRB";"53";"3";"COMBUSTÍVEIS E LUBRIFICANTES.";"1";"Veículos Automotores";"GAP POSTO DE SERVIÇOS LTDA";"005.708.710/0014-0";"018236";"0";"2011-01-13T00:00:00";"100";"0";"100";"1";"2011";"0";"";"";"515748";"";"";"";"1971";"1995541";""
"EDUARDO LOPES";"";"4928";"525";"2007";"RJ";"PRB";"53";"3";"COMBUSTÍVEIS E LUBRIFICANTES.";"1";"Veículos Automotores";"POSTO DE GASOLINA PORTAL DA SERRA LTDA";"036.724.260/0018-0";"062549";"0";"2011-01-06T00:00:00";"154.28";"0";"154.28";"1";"2011";"0";"";"";"514025";"";"";"";"1971";"1989603";""
"EDUARDO LOPES";"";"4928";"525";"2007";"RJ";"PRB";"53";"3";"COMBUSTÍVEIS E LUBRIFICANTES.";"1";"Veículos Automotores";"POSTO DE GASOLINA PORTAL DA SERRA LTDA";"036.724.260/0018-0";"063192";"0";"2011-01-10T00:00:00";"145.56";"0";"145.56";"1";"2011";"0";"";"";"515748";"";"";"";"1971";"1995562";""
"EDUARDO LOPES";"";"4928";"525";"2007";"RJ";"PRB";"53";"3";"COMBUSTÍVEIS E LUBRIFICANTES.";"1";"Veículos Automotores";"POSTO DE GASOLINA PORTAL DA SERRA LTDA";"036.724.260/0018-0";"064471";"0";"2011-01-18T00:00:00";"158.07";"0";"158.07";"1";"2011";"0";"";"";"515748";"";"";"";"1971";"1995566";""
"EDUARDO LOPES";"";"4928";"525";"2007";"RJ";"PRB";"53";"3";"COMBUSTÍVEIS E LUBRIFICANTES.";"1";"Veículos Automotores";"POSTO DE GASOLINA PORTAL DA SERRA LTDA";"036.724.260/0018-0";"065379";"0";"2011-01-24T00:00:00";"97.54";"0";"97.54";"1";"2011";"0";"";"";"515748";"";"";"";"1971";"1995549";""
"EDUARDO LOPES";"";"4928";"525";"2007";"RJ";"PRB";"53";"3";"COMBUSTÍVEIS E LUBRIFICANTES.";"1";"Veículos Automotores";"POSTO DE GASOLINA PORTAL DA SERRA LTDA";"036.724.260/0018-0";"065390";"0";"2011-01-24T00:00:00";"88";"0";"88";"1";"2011";"0";"";"";"515748";"";"";"";"1971";"1995554";""
"EDUARDO LOPES";"";"4928";"525";"2007";"RJ";"PRB";"53";"3";"COMBUSTÍVEIS E LUBRIFICANTES.";"1";"Veículos Automotores";"POSTO DE GASOLINA PORTAL DA SERRA LTDA";"036.724.260/0018-0";"065469";"0";"2011-01-24T00:00:00";"91.07";"0";"91.07";"1";"2011";"0";"";"";"515748";"";"";"";"1971";"1995558";""
"EDUARDO LOPES";"";"4928";"525";"2007";"RJ";"PRB";"53";"3";"COMBUSTÍVEIS E LUBRIFICANTES.";"1";"Veículos Automotores";"SOCIEDADE RIGUETO POSTO DE SERVIÇOS LTDA";"320.346.960/0016-3";"008993";"0";"2011-01-02T00:00:00";"50";"0";"50";"1";"2011";"0";"";"";"515748";"";"";"";"1971";"1995572";""
"EDUARDO LOPES";"";"4928";"525";"2007";"RJ";"PRB";"53";"3";"COMBUSTÍVEIS E LUBRIFICANTES.";"1";"Veículos Automotores";"SOCIEDADE RIGUETO POSTO DE SERVIÇOS LTDA";"320.346.960/0016-3";"008994";"0";"2011-01-02T00:00:00";"50";"0";"50";"1";"2011";"0";"";"";"515748";"";"";"";"1971";"1995577";""
"EDUARDO LOPES";"";"4928";"525";"2007";"RJ";"PRB";"53";"3";"COMBUSTÍVEIS E LUBRIFICANTES.";"1";"Veículos Automotores";"SOCIEDADE RIGUETO POSTO DE SERVIÇOS LTDA";"320.346.960/0016-3";"009013";"0";"2011-01-03T00:00:00";"50";"0";"50";"1";"2011";"0";"";"";"515748";"";"";"";"1971";"1995581";""
"EDUARDO LOPES";"";"4928";"525";"2007";"RJ";"PRB";"53";"3";"COMBUSTÍVEIS E LUBRIFICANTES.";"1";"Veículos Automotores";"SOCIEDADE RIGUETO POSTO DE SERVIÇOS LTDA";"320.346.960/0016-3";"009028";"0";"2011-01-03T00:00:00";"100";"0";"100";"1";"2011";"0";"";"";"515749";"";"";"";"1971";"1995588";""
"EDUARDO LOPES";"";"4928";"525";"2007";"RJ";"PRB";"53";"3";"COMBUSTÍVEIS E LUBRIFICANTES.";"1";"Veículos Automotores";"SOCIEDADE RIGUETO POSTO DE SERVIÇOS LTDA";"320.346.960/0016-3";"009073";"0";"2011-01-04T00:00:00";"100";"0";"100";"1";"2011";"0";"";"";"515749";"";"";"";"1971";"1995600";""
"EDUARDO LOPES";"";"4928";"525";"2007";"RJ";"PRB";"53";"3";"COMBUSTÍVEIS E LUBRIFICANTES.";"1";"Veículos Automotores";"SOCIEDADE RIGUETO POSTO DE SERVIÇOS LTDA";"320.346.960/0016-3";"009074";"0";"2011-01-04T00:00:00";"100";"0";"100";"1";"2011";"0";"";"";"515749";"";"";"";"1971";"1995595";""
"EDUARDO LOPES";"";"4928";"525";"2007";"RJ";"PRB";"53";"3";"COMBUSTÍVEIS E LUBRIFICANTES.";"1";"Veículos Automotores";"SOCIEDADE RIGUETO POSTO DE SERVIÇOS LTDA";"320.346.960/0016-3";"009139";"0";"2011-01-05T00:00:00";"100";"0";"100";"1";"2011";"0";"";"";"515749";"";"";"";"1971";"1995608";""
"EDUARDO LOPES";"";"4928";"525";"2007";"RJ";"PRB";"53";"3";"COMBUSTÍVEIS E LUBRIFICANTES.";"1";"Veículos Automotores";"SOCIEDADE RIGUETO POSTO DE SERVIÇOS LTDA";"320.346.960/0016-3";"009150";"0";"2011-01-05T00:00:00";"100";"0";"100";"1";"2011";"0";"";"";"515749";"";"";"";"1971";"1995605";""
"EDUARDO LOPES";"";"4928";"525";"2007";"RJ";"PRB";"53";"3";"COMBUSTÍVEIS E LUBRIFICANTES.";"1";"Veículos Automotores";"SOCIEDADE RIGUETO POSTO DE SERVIÇOS LTDA";"320.346.960/0016-3";"009203";"0";"2011-01-06T00:00:00";"100";"0";"100";"1";"2011";"0";"";"";"515749";"";"";"";"1971";"1995612";""
"EDUARDO LOPES";"";"4928";"525";"2007";"RJ";"PRB";"53";"3";"COMBUSTÍVEIS E LUBRIFICANTES.";"1";"Veículos Automotores";"SOCIEDADE RIGUETO POSTO DE SERVIÇOS LTDA";"320.346.960/0016-3";"009232";"0";"2011-01-07T00:00:00";"100";"0";"100";"1";"2011";"0";"";"";"515749";"";"";"";"1971";"1995615";""
"EDUARDO LOPES";"";"4928";"525";"2007";"RJ";"PRB";"53";"3";"COMBUSTÍVEIS E LUBRIFICANTES.";"1";"Veículos Automotores";"SOCIEDADE RIGUETO POSTO DE SERVIÇOS LTDA";"320.346.960/0016-3";"009247";"0";"2011-01-07T00:00:00";"100";"0";"100";"1";"2011";"0";"";"";"515749";"";"";"";"1971";"1995617";""
"EDUARDO LOPES";"";"4928";"525";"2007";"RJ";"PRB";"53";"3";"COMBUSTÍVEIS E LUBRIFICANTES.";"1";"Veículos Automotores";"SOCIEDADE RIGUETO POSTO DE SERVIÇOS LTDA";"320.346.960/0016-3";"009339";"0";"2011-01-10T00:00:00";"100";"0";"100";"1";"2011";"0";"";"";"515749";"";"";"";"1971";"1995622";""
"EDUARDO LOPES";"";"4928";"525";"2007";"RJ";"PRB";"53";"3";"COMBUSTÍVEIS E LUBRIFICANTES.";"4";"Sem especificações";"POSTO DE GASOLINA PORTAL DA SERRA LTDA";"036.724.260/0018-0";"065389";"0";"2011-01-24T00:00:00";"83.07";"0";"83.07";"1";"2011";"0";"";"";"519323";"";"";"";"1971";"2007552";""
"EDUARDO LOPES";"";"4928";"525";"2007";"RJ";"PRB";"53";"3";"COMBUSTÍVEIS E LUBRIFICANTES.";"4";"Sem especificações";"SOCIEDADE RIGUETO POSTO DE SERV. LTDA";"320.346.960/0016-3";"009027";"0";"2011-01-03T00:00:00";"100";"0";"100";"1";"2011";"0";"";"";"519323";"";"";"";"1971";"2007571";""
"EDUARDO LOPES";"";"4928";"525";"2007";"RJ";"PRB";"53";"3";"COMBUSTÍVEIS E LUBRIFICANTES.";"4";"Sem especificações";"SOCIEDADE RIGUETO POSTO DE SERV. LTDA";"320.346.960/0016-3";"009144";"0";"2011-01-05T00:00:00";"100";"0";"100";"1";"2011";"0";"";"";"519323";"";"";"";"1971";"2007561";""
"EDUARDO LOPES";"";"4928";"525";"2007";"RJ";"PRB";"53";"3";"COMBUSTÍVEIS E LUBRIFICANTES.";"4";"Sem especificações";"SOCIEDADE RIGUETO POSTO DE SERV. LTDA";"320.346.960/0016-3";"009148";"0";"2011-01-05T00:00:00";"100";"0";"100";"1";"2011";"0";"";"";"519323";"";"";"";"1971";"2007568";""
"EDUARDO LOPES";"";"4928";"525";"2007";"RJ";"PRB";"53";"3";"COMBUSTÍVEIS E LUBRIFICANTES.";"4";"Sem especificações";"SOCIEDADE RIGUETO POSTO DE SERVIÇOS LTDA";"320.346.960/0016-3";"009204";"0";"2011-01-06T00:00:00";"100";"0";"100";"1";"2011";"0";"";"";"519323";"";"";"";"1971";"2007555";""
"EDUARDO LOPES";"";"4928";"525";"2007";"RJ";"PRB";"53";"5";"DIVULGAÇÃO DA ATIVIDADE PARLAMENTAR.";"0";"";"JCA EDITORA E GRÁFICA LTDA.";"101.905.970/0013-8";"00000029.";"0";"2011-01-25T00:00:00";"6000";"0";"6000";"1";"2011";"0";"";"";"526795";"";"";"";"1971";"2033316";""
"EDUARDO LOPES";"";"4928";"525";"2007";"RJ";"PRB";"53";"5";"DIVULGAÇÃO DA ATIVIDADE PARLAMENTAR.";"0";"";"MARCA BRASIL CONSULTORIA LTDA";"076.894.200/0017-6";"0550";"0";"2011-01-10T00:00:00";"5000";"0";"5000";"1";"2011";"0";"";"";"514122";"";"";"";"1971";"1989931";""
"EDUARDO LOPES";"";"4928";"525";"2007";"RJ";"PRB";"53";"9";"PASSAGEM AÉREA - REEMBOLSO";"0";"";"GOL";"040.200.280/0073-7";"P9U8UZ/1391/23F";"0";"2011-01-11T00:00:00";"513.52";"0";"513.52";"1";"2011";"0";"EDUARDO LOPES;";"RIO-GALEÃO/ SÃO- CONGONHAS";"514025";"";"";"";"1971";"1990055";""
"EDUARDO LOPES";"";"4928";"525";"2007";"RJ";"PRB";"53";"9";"PASSAGEM AÉREA - REEMBOLSO";"0";"";"GOL";"040.200.280/0073-7";"VGZ7VX/1735/";"0";"2011-01-11T00:00:00";"377.32";"0";"377.32";"1";"2011";"0";"EDUARDO BENEDITO LOPES;";"VITÓRIA - RIO - G3 1735 - 14/01 - 18:40";"515751";"";"";"";"1971";"1995696";""
"EDUARDO LOPES";"";"4928";"525";"2007";"RJ";"PRB";"53";"9";"PASSAGEM AÉREA - REEMBOLSO";"0";"";"TAM";"020.128.620/0105-0";"00001317";"0";"2011-01-10T00:00:00";"425.52";"0";"425.52";"1";"2011";"0";"EDUARDO BENEDITO LOPES;";"BRASÍLIA - RIO - JJ 3817 - 9A 12/01 - 19:26";"515750";"";"";"";"1971";"1995675";""
"EDUARDO LOPES";"";"4928";"525";"2007";"RJ";"PRB";"53";"9";"PASSAGEM AÉREA - REEMBOLSO";"0";"";"TAM";"020.128.620/0105-0";"9572421020493";"0";"2011-01-11T00:00:00";"475.02";"0";"475.02";"1";"2011";"0";"EDUARDO BENEDITO LOPES;";"SÃO PAULO - BRASÍLIA - VÔO JJ 3724 20F";"514025";"";"";"";"1971";"1989620";""
"EDUARDO LOPES";"";"4928";"525";"2007";"RJ";"PRB";"53";"9";"PASSAGEM AÉREA - REEMBOLSO";"0";"";"TAM";"020.128.620/0105-0";"957242193807";"0";"2011-01-11T00:00:00";"427.72";"0";"427.72";"1";"2011";"0";"EDUARDO BENEDITO LOPES;";"RIO - VITÓRIA";"515750";"";"";"";"1971";"1995686";""
"EDUARDO LOPES";"";"4928";"525";"2007";"RJ";"PRB";"53";"10";"TELEFONIA";"0";"";"NEXTEL";"669.702.290/0113-9";"000158733";"0";"2011-01-07T00:00:00";"763.55";"0";"763.55";"1";"2011";"0";"";"";"519324";"";"";"";"1971";"2007665";""
"EDUARDO LOPES";"";"4928";"525";"2007";"RJ";"PRB";"53";"10";"TELEFONIA";"0";"";"TELEMAR";"330.001.180/0017-9";"00000185326";"0";"2011-02-01T00:00:00";"143.49";"0";"143.49";"1";"2011";"0";"";"";"519324";"";"";"";"1971";"2007669";""
"EDUARDO LOPES";"";"4928";"525";"2007";"RJ";"PRB";"53";"10";"TELEFONIA";"0";"";"TELEMAR";"330.001.180/0017-9";"00000598983";"0";"2011-01-01T00:00:00";"165.92";"5.46";"160.46";"1";"2011";"0";"";"";"519324";"";"";"";"1971";"2007674";""
"EDUARDO LOPES";"";"4928";"525";"2007";"RJ";"PRB";"53";"10";"TELEFONIA";"0";"";"VIVO S.A.";"024.499.920/1810-1";"000388176";"0";"2011-01-14T00:00:00";"119.9";"0";"119.9";"1";"2011";"0";"";"";"515989";"";"";"";"1971";"1996700";""
"EDUARDO LOPES";"";"4928";"525";"2007";"RJ";"PRB";"53";"13";"FORNECIMENTO DE ALIMENTAÇÃO DO PARLAMENTAR";"0";"";"BRENT EMPREENDIMENTOS E ALIMENTAÇÃO LTDA";"726.149.770/0029-0";"38021";"0";"2011-01-12T00:00:00";"67.05";"0";"67.05";"1";"2011";"0";"";"";"514121";"";"";"";"1971";"1989917";""
"EDUARDO LOPES";"";"4928";"525";"2007";"RJ";"PRB";"53";"13";"FORNECIMENTO DE ALIMENTAÇÃO DO PARLAMENTAR";"0";"";"CAFE AEROPORTO LTDA ME";"056.787.780/0017-8";"218462";"0";"2011-01-14T00:00:00";"8.25";"0";"8.25";"1";"2011";"0";"";"";"515750";"";"";"";"1971";"1995639";""
"EDUARDO LOPES";"";"4928";"525";"2007";"RJ";"PRB";"53";"13";"FORNECIMENTO DE ALIMENTAÇÃO DO PARLAMENTAR";"0";"";"CENTRO CULTURAL JERUSALEM RJ LTDA";"092.807.500/0013-9";"104537";"0";"2011-01-13T00:00:00";"18.8";"0";"18.8";"1";"2011";"0";"";"";"515749";"";"";"";"1971";"1995636";""
"EDUARDO LOPES";"";"4928";"525";"2007";"RJ";"PRB";"53";"13";"FORNECIMENTO DE ALIMENTAÇÃO DO PARLAMENTAR";"0";"";"CHURRASCARIA OS GAUDÉRIOS LTDA";"552.388.360/0011-0";"187023";"0";"2011-01-11T00:00:00";"247";"174.2";"72.8";"1";"2011";"0";"";"";"514025";"";"";"";"1971";"1989615";""
"EDUARDO LOPES";"";"4928";"525";"2007";"RJ";"PRB";"53";"13";"FORNECIMENTO DE ALIMENTAÇÃO DO PARLAMENTAR";"0";"";"CLS RESTAURANTES RIO DE JANEIRO LTDA";"060.778.500/0025-5";"117185";"0";"2011-01-16T00:00:00";"247";"143.85";"103.15";"1";"2011";"0";"";"";"515750";"";"";"";"1971";"1995660";""
"EDUARDO LOPES";"";"4928";"525";"2007";"RJ";"PRB";"53";"13";"FORNECIMENTO DE ALIMENTAÇÃO DO PARLAMENTAR";"0";"";"DAI NI SEIKI ALIMENTOS E UTENSÍLIOS LTDA";"041.110.900/0014-9";"026882";"0";"2011-01-09T00:00:00";"387.5";"317.6";"69.9";"1";"2011";"0";"";"";"514025";"";"";"";"1971";"1989613";""
"EDUARDO LOPES";"";"4928";"525";"2007";"RJ";"PRB";"53";"13";"FORNECIMENTO DE ALIMENTAÇÃO DO PARLAMENTAR";"0";"";"LANCHONETE GALETO ESPACIAL LTDA";"358.268.820/0012-3";"063925";"0";"2011-01-17T00:00:00";"22.42";"0";"22.42";"1";"2011";"0";"";"";"515750";"";"";"";"1971";"1995647";""
"EDUARDO LOPES";"";"4928";"525";"2007";"RJ";"PRB";"53";"13";"FORNECIMENTO DE ALIMENTAÇÃO DO PARLAMENTAR";"0";"";"NAID RESTAURANTES LTDA";"090.725.200/0026-5";"184270";"0";"2011-01-27T00:00:00";"25.56";"0";"25.56";"1";"2011";"0";"";"";"519323";"";"";"";"1971";"2007520";""
"EDUARDO LOPES";"";"4928";"525";"2007";"RJ";"PRB";"53";"13";"FORNECIMENTO DE ALIMENTAÇÃO DO PARLAMENTAR";"0";"";"NIAD RESTAURANTES";"090.725.200/0026-5";"181819";"0";"2011-01-07T00:00:00";"23.93";"0";"23.93";"1";"2011";"0";"";"";"514025";"";"";"";"1971";"1989607";""
"EDUARDO LOPES";"";"4928";"525";"2007";"RJ";"PRB";"53";"13";"FORNECIMENTO DE ALIMENTAÇÃO DO PARLAMENTAR";"0";"";"NIAD RESTAURANTES LTDA";"090.725.200/0026-5";"063995";"0";"2011-01-18T00:00:00";"30.32";"0";"30.32";"1";"2011";"0";"";"";"515750";"";"";"";"1971";"1995652";""
"EDUARDO LOPES";"";"4928";"525";"2007";"RJ";"PRB";"53";"13";"FORNECIMENTO DE ALIMENTAÇÃO DO PARLAMENTAR";"0";"";"NIAD RESTAURANTES LTDA";"090.725.200/0026-5";"182885";"0";"2011-01-13T00:00:00";"24.71";"0";"24.71";"1";"2011";"0";"";"";"515750";"";"";"";"1971";"1995641";""
"EDUARDO LOPES";"";"4928";"525";"2007";"RJ";"PRB";"53";"13";"FORNECIMENTO DE ALIMENTAÇÃO DO PARLAMENTAR";"0";"";"NIAD RESTAURANTES LTDA";"090.725.200/0026-5";"183965";"0";"2011-01-24T00:00:00";"27.19";"0";"27.19";"1";"2011";"0";"";"";"515750";"";"";"";"1971";"1995656";""
"EDUARDO LOPES";"";"4928";"525";"2007";"RJ";"PRB";"53";"13";"FORNECIMENTO DE ALIMENTAÇÃO DO PARLAMENTAR";"0";"";"NIAD RESTAURANTES LTDA";"090.725.200/0026-5";"184400";"0";"2011-01-28T00:00:00";"29.25";"0";"29.25";"1";"2011";"0";"";"";"519323";"";"";"";"1971";"2007532";""
"EDUARDO LOPES";"";"4928";"525";"2007";"RJ";"PRB";"53";"13";"FORNECIMENTO DE ALIMENTAÇÃO DO PARLAMENTAR";"0";"";"POSTO DE GASOLINA PORTA DA SERRA LTDA";"036.724.260/0018-0";"066463";"0";"2011-01-31T00:00:00";"101.01";"0";"101.01";"1";"2011";"0";"";"";"519323";"";"";"";"1971";"2007528";""
"EDUARDO LOPES";"";"4928";"525";"2007";"RJ";"PRB";"53";"13";"FORNECIMENTO DE ALIMENTAÇÃO DO PARLAMENTAR";"0";"";"RESTAURANTE PRAIA DO CANTO LTDA";"359.622.160/0011-2";"014323";"0";"2011-01-14T00:00:00";"158";"0";"158";"1";"2011";"0";"";"";"515750";"";"";"";"1971";"1995659";""
"EDUARDO LOPES";"";"4928";"525";"2007";"RJ";"PRB";"53";"13";"FORNECIMENTO DE ALIMENTAÇÃO DO PARLAMENTAR";"0";"";"VIENA";"173.143.290/0179-7";"008016";"0";"2011-01-26T00:00:00";"26.09";"0";"26.09";"1";"2011";"0";"";"";"519323";"";"";"";"1971";"2007523";""
"EDUARDO LOPES";"";"4928";"525";"2007";"RJ";"PRB";"53";"15";"LOCAÇÃO DE VEÍCULOS AUTOMOTORES OU FRETAMENTO DE EMBARCAÇÕES";"0";"";"BRASAL BRASILIA SERVIÇOS AUTOMOTORES S/A";"000.008.850/0012-9";"608561";"0";"2011-01-12T00:00:00";"2490";"0";"2490";"1";"2011";"0";"";"";"514025";"";"";"";"1971";"1989572";""
"EDUARDO LOPES";"";"4928";"525";"2007";"RJ";"PRB";"53";"15";"LOCAÇÃO DE VEÍCULOS AUTOMOTORES OU FRETAMENTO DE EMBARCAÇÕES";"0";"";"BRASAL VEICULOS";"000.008.850/0012-9";"610007";"0";"2011-01-25T00:00:00";"2490";"0";"2490";"1";"2011";"0";"";"";"526794";"";"";"";"1971";"2033427";""
"EDUARDO LOPES";"";"4928";"525";"2007";"RJ";"PRB";"53";"15";"LOCAÇÃO DE VEÍCULOS AUTOMOTORES OU FRETAMENTO DE EMBARCAÇÕES";"0";"";"LOCALIZA RENT A CAR S/A";"166.700.850/0627-7";"088056";"1";"2011-01-12T00:00:00";"227.08";"0";"227.08";"1";"2011";"0";"";"";"515750";"";"";"";"1971";"1995663";""
"EDUARDO LOPES";"";"4928";"525";"2007";"RJ";"PRB";"53";"15";"LOCAÇÃO DE VEÍCULOS AUTOMOTORES OU FRETAMENTO DE EMBARCAÇÕES";"0";"";"TELEMAR";"166.700.850/0627-7";"088636";"1";"2011-01-26T00:00:00";"146.47";"0";"146.47";"1";"2011";"0";"";"";"519324";"";"";"";"1971";"2007677";""
"JOSEPH BANDEIRA";"";"4929";"565";"2011";"BA";"PSB";"54";"3";"COMBUSTÍVEIS E LUBRIFICANTES.";"1";"Veículos Automotores";"AUTO POSTO AEROPORTO LTDA";"082.021.160/0011-5";"845967";"0";"2011-05-26T00:00:00";"89.35";"0";"89.35";"5";"2011";"0";"";"";"541469";"";"";"";"1970";"2082681";""
"JOSEPH BANDEIRA";"";"4929";"565";"2011";"BA";"PSB";"54";"3";"COMBUSTÍVEIS E LUBRIFICANTES.";"1";"Veículos Automotores";"AUTO POSTO AEROPORTO LTDA";"082.021.160/0011-5";"885992";"0";"2011-08-23T00:00:00";"111.11";"0";"111.11";"8";"2011";"0";"";"";"559408";"";"";"";"1970";"2142833";""
"JOSEPH BANDEIRA";"";"4929";"565";"2011";"BA";"PSB";"54";"3";"COMBUSTÍVEIS E LUBRIFICANTES.";"1";"Veículos Automotores";"AUTO POSTO AEROPORTO LTDA";"082.021.160/0011-5";"935222";"0";"2011-12-05T00:00:00";"109.96";"0";"109.96";"12";"2011";"0";"";"";"581370";"";"";"";"1970";"2217137";""
"JOSEPH BANDEIRA";"";"4929";"565";"2011";"BA";"PSB";"54";"3";"COMBUSTÍVEIS E LUBRIFICANTES.";"1";"Veículos Automotores";"AUTO POSTO GRANDE RIO LTDA";"027.078.720/0011-0";"489043";"0";"2011-08-09T00:00:00";"225.15";"8.67";"216.48";"8";"2011";"0";"";"";"558411";"";"";"";"1970";"2139202";""
"JOSEPH BANDEIRA";"";"4929";"565";"2011";"BA";"PSB";"54";"3";"COMBUSTÍVEIS E LUBRIFICANTES.";"1";"Veículos Automotores";"AUTO POSTO GRANDE RIO LTDA";"027.078.720/0011-0";"492792";"0";"2011-08-23T00:00:00";"29.99";"0";"29.99";"8";"2011";"0";"";"";"560824";"";"";"";"1970";"2147780";""
"JOSEPH BANDEIRA";"";"4929";"565";"2011";"BA";"PSB";"54";"3";"COMBUSTÍVEIS E LUBRIFICANTES.";"1";"Veículos Automotores";"AUTO POSTO GRANDE RIO LTDA";"027.078.720/0011-0";"493619";"0";"2011-08-25T00:00:00";"50";"8.55";"41.45";"8";"2011";"0";"";"";"560824";"";"";"";"1970";"2147792";""
"JOSEPH BANDEIRA";"";"4929";"565";"2011";"BA";"PSB";"54";"3";"COMBUSTÍVEIS E LUBRIFICANTES.";"1";"Veículos Automotores";"AUTO POSTO GRANDE RIO LTDA";"027.078.720/0020-9";"338122";"0";"2011-08-06T00:00:00";"169.65";"0";"169.65";"8";"2011";"0";"";"";"558411";"";"";"";"1970";"2139206";""
"JOSEPH BANDEIRA";"";"4929";"565";"2011";"BA";"PSB";"54";"3";"COMBUSTÍVEIS E LUBRIFICANTES.";"1";"Veículos Automotores";"AUTO POSTO GRANDE RIO LTDA";"027.078.720/0020-9";"343012";"0";"2011-08-14T00:00:00";"310.02";"0";"310.02";"8";"2011";"0";"";"";"558411";"";"";"";"1970";"2139218";""
"JOSEPH BANDEIRA";"";"4929";"565";"2011";"BA";"PSB";"54";"3";"COMBUSTÍVEIS E LUBRIFICANTES.";"1";"Veículos Automotores";"AUTO POSTO GRANDE RIO LTDA";"027.078.720/0020-9";"343521";"0";"2011-08-15T00:00:00";"100.01";"2.71";"97.3";"8";"2011";"0";"";"";"558411";"";"";"";"1970";"2139224";""
"JOSEPH BANDEIRA";"";"4929";"565";"2011";"BA";"PSB";"54";"3";"COMBUSTÍVEIS E LUBRIFICANTES.";"1";"Veículos Automotores";"AUTO POSTO GRANDE RIO LTDA";"027.078.720/0020-9";"343637";"0";"2011-08-15T00:00:00";"150.57";"3.96";"146.61";"8";"2011";"0";"";"";"558411";"";"";"";"1970";"2139230";""
"JOSEPH BANDEIRA";"";"4929";"565";"2011";"BA";"PSB";"54";"3";"COMBUSTÍVEIS E LUBRIFICANTES.";"1";"Veículos Automotores";"AUTO POSTO GRANDE RIO LTDA";"027.078.720/0020-9";"404683";"0";"2011-12-02T00:00:00";"314.53";"0";"314.53";"12";"2011";"0";"";"";"581371";"";"";"";"1970";"2217339";""
"JOSEPH BANDEIRA";"";"4929";"565";"2011";"BA";"PSB";"54";"3";"COMBUSTÍVEIS E LUBRIFICANTES.";"1";"Veículos Automotores";"AUTO POSTO PINGO DE OURO";"071.740.680/0013-6";"551578";"0";"2011-06-05T00:00:00";"133.92";"0";"133.92";"6";"2011";"0";"";"";"543771";"";"";"";"1970";"2090033";""
"JOSEPH BANDEIRA";"";"4929";"565";"2011";"BA";"PSB";"54";"3";"COMBUSTÍVEIS E LUBRIFICANTES.";"1";"Veículos Automotores";"AUTO POSTO PINGO DE OURO";"071.740.680/0013-6";"551579";"0";"2011-06-05T00:00:00";"123.04";"0";"123.04";"6";"2011";"0";"";"";"543771";"";"";"";"1970";"2090028";""
"JOSEPH BANDEIRA";"";"4929";"565";"2011";"BA";"PSB";"54";"3";"COMBUSTÍVEIS E LUBRIFICANTES.";"1";"Veículos Automotores";"AUTO POSTO PINGO DE OURO";"071.740.680/0013-6";"551580";"0";"2011-06-05T00:00:00";"142.03";"0";"142.03";"6";"2011";"0";"";"";"543771";"";"";"";"1970";"2090027";""
"JOSEPH BANDEIRA";"";"4929";"565";"2011";"BA";"PSB";"54";"3";"COMBUSTÍVEIS E LUBRIFICANTES.";"1";"Veículos Automotores";"AUTO POSTO PINGO DE OURO";"071.740.680/0013-6";"568410";"0";"2011-08-07T00:00:00";"159.44";"0";"159.44";"8";"2011";"0";"";"";"556991";"";"";"";"1970";"2134783";""
"JOSEPH BANDEIRA";"";"4929";"565";"2011";"BA";"PSB";"54";"3";"COMBUSTÍVEIS E LUBRIFICANTES.";"1";"Veículos Automotores";"AUTO POSTO PINGO DE OURO LTDA";"071.740.680/0013-6";"572006";"0";"2011-08-20T00:00:00";"355.32";"0";"355.32";"8";"2011";"0";"";"";"559408";"";"";"";"1970";"2142825";""
"JOSEPH BANDEIRA";"";"4929";"565";"2011";"BA";"PSB";"54";"3";"COMBUSTÍVEIS E LUBRIFICANTES.";"1";"Veículos Automotores";"AUTO POSTO PINGO DE OURO LTDA";"071.740.680/0013-6";"574201";"0";"2011-08-27T00:00:00";"328.1";"0";"328.1";"8";"2011";"0";"";"";"560825";"";"";"";"1970";"2147852";""
"JOSEPH BANDEIRA";"";"4929";"565";"2011";"BA";"PSB";"54";"3";"COMBUSTÍVEIS E LUBRIFICANTES.";"1";"Veículos Automotores";"AUTO POSTO PINGO DE OURO LTDA";"071.740.680/0013-6";"574508";"0";"2011-08-28T00:00:00";"95.11";"0";"95.11";"8";"2011";"0";"";"";"560825";"";"";"";"1970";"2147843";""
"JOSEPH BANDEIRA";"";"4929";"565";"2011";"BA";"PSB";"54";"3";"COMBUSTÍVEIS E LUBRIFICANTES.";"1";"Veículos Automotores";"AUTO POSTO PINGO DE OURO LTDA";"071.740.680/0013-6";"603135";"0";"2011-12-02T00:00:00";"151.01";"0";"151.01";"12";"2011";"0";"";"";"581371";"";"";"";"1970";"2217302";""
"JOSEPH BANDEIRA";"";"4929";"565";"2011";"BA";"PSB";"54";"3";"COMBUSTÍVEIS E LUBRIFICANTES.";"1";"Veículos Automotores";"AUTO POSTO PINHEIRO";"054.436.640/0014-9";"261649";"0";"2011-05-29T00:00:00";"195.97";"0";"195.97";"5";"2011";"0";"";"";"543770";"";"";"";"1970";"2089649";""
"JOSEPH BANDEIRA";"";"4929";"565";"2011";"BA";"PSB";"54";"3";"COMBUSTÍVEIS E LUBRIFICANTES.";"1";"Veículos Automotores";"AUTO POSTO UNIVERSIDADE LTDA";"053.360.710/0018-3";"243083";"0";"2011-08-10T00:00:00";"150";"0";"150";"8";"2011";"0";"";"";"558412";"";"";"";"1970";"2139261";""
"JOSEPH BANDEIRA";"";"4929";"565";"2011";"BA";"PSB";"54";"3";"COMBUSTÍVEIS E LUBRIFICANTES.";"1";"Veículos Automotores";"BRASAL COMBUSTÍVEIS";"000.976.260/0040-0";"146650";"0";"2011-06-02T00:00:00";"128.73";"0";"128.73";"6";"2011";"0";"";"";"543771";"";"";"";"1970";"2090024";""
"JOSEPH BANDEIRA";"";"4929";"565";"2011";"BA";"PSB";"54";"3";"COMBUSTÍVEIS E LUBRIFICANTES.";"1";"Veículos Automotores";"CAL COMBUSTIVEIS AUTOMOTIVOS LTDA";"003.735.890/0050-5";"018476";"0";"2011-08-24T00:00:00";"128.14";"0";"128.14";"8";"2011";"0";"";"";"560825";"";"";"";"1970";"2147878";""
"JOSEPH BANDEIRA";"";"4929";"565";"2011";"BA";"PSB";"54";"3";"COMBUSTÍVEIS E LUBRIFICANTES.";"1";"Veículos Automotores";"DINIZ CAVALCANTE & FILHOS";"107.288.300/0035-5";"038557";"0";"2011-07-11T00:00:00";"87";"0";"87";"7";"2011";"0";"";"";"551642";"";"";"";"1970";"2116356";""
"JOSEPH BANDEIRA";"";"4929";"565";"2011";"BA";"PSB";"54";"3";"COMBUSTÍVEIS E LUBRIFICANTES.";"1";"Veículos Automotores";"DINIZ CAVALCANTI E FILHOS LTDA";"107.288.300/0035-5";"048311";"0";"2011-08-29T00:00:00";"130.93";"0";"130.93";"8";"2011";"0";"";"";"560825";"";"";"";"1970";"2147824";""
"JOSEPH BANDEIRA";"";"4929";"565";"2011";"BA";"PSB";"54";"3";"COMBUSTÍVEIS E LUBRIFICANTES.";"1";"Veículos Automotores";"HIPER POSTO CAMINHO DAS ARVORES";"342.767.660/0011-5";"013639";"0";"2011-06-04T00:00:00";"80.02";"0";"80.02";"6";"2011";"0";"";"";"543772";"";"";"";"1970";"2090036";""
"JOSEPH BANDEIRA";"";"4929";"565";"2011";"BA";"PSB";"54";"3";"COMBUSTÍVEIS E LUBRIFICANTES.";"1";"Veículos Automotores";"MELHOR";"029.896.540/0119-7";"73255";"0";"2011-06-07T00:00:00";"79.68";"0";"79.68";"6";"2011";"0";"";"";"543772";"";"";"";"1970";"2090047";""
"JOSEPH BANDEIRA";"";"4929";"565";"2011";"BA";"PSB";"54";"3";"COMBUSTÍVEIS E LUBRIFICANTES.";"1";"Veículos Automotores";"MELHOR POSTO DE COMBUSTÍVEIS";"029.896.540/0119-7";"74104";"0";"2011-06-21T00:00:00";"85.08";"0";"85.08";"6";"2011";"0";"";"";"546700";"";"";"";"1970";"2099525";""
"JOSEPH BANDEIRA";"";"4929";"565";"2011";"BA";"PSB";"54";"3";"COMBUSTÍVEIS E LUBRIFICANTES.";"1";"Veículos Automotores";"MELHOR POSTO DE COMBUSTÍVEIS";"029.896.540/0119-7";"76873";"0";"2011-08-02T00:00:00";"77.52";"0";"77.52";"8";"2011";"0";"";"";"556991";"";"";"";"1970";"2134787";""
"JOSEPH BANDEIRA";"";"4929";"565";"2011";"BA";"PSB";"54";"3";"COMBUSTÍVEIS E LUBRIFICANTES.";"1";"Veículos Automotores";"MELHOR POSTO DE COMBUSTÍVEIS LTDA";"029.896.540/0119-7";"76709";"0";"2011-08-16T00:00:00";"85.55";"0";"85.55";"8";"2011";"0";"";"";"558411";"";"";"";"1970";"2139195";""
"JOSEPH BANDEIRA";"";"4929";"565";"2011";"BA";"PSB";"54";"3";"COMBUSTÍVEIS E LUBRIFICANTES.";"1";"Veículos Automotores";"POSTO AEROPORTO";"082.021.160/0011-5";"28897";"0";"2011-06-21T00:00:00";"91";"0";"91";"6";"2011";"0";"";"";"546700";"";"";"";"1970";"2099518";""
"JOSEPH BANDEIRA";"";"4929";"565";"2011";"BA";"PSB";"54";"3";"COMBUSTÍVEIS E LUBRIFICANTES.";"1";"Veículos Automotores";"POSTO AEROPORTO";"082.021.160/0011-5";"29398";"0";"2011-07-07T00:00:00";"122.41";"0";"122.41";"7";"2011";"0";"";"";"551642";"";"";"";"1970";"2116360";""
"JOSEPH BANDEIRA";"";"4929";"565";"2011";"BA";"PSB";"54";"3";"COMBUSTÍVEIS E LUBRIFICANTES.";"1";"Veículos Automotores";"POSTO AEROPORTO";"082.021.160/0011-5";"30235";"0";"2011-08-16T00:00:00";"129.84";"0";"129.84";"8";"2011";"0";"";"";"558410";"";"";"";"1970";"2139191";""
"JOSEPH BANDEIRA";"";"4929";"565";"2011";"BA";"PSB";"54";"3";"COMBUSTÍVEIS E LUBRIFICANTES.";"1";"Veículos Automotores";"POSTO AEROPORTO";"082.021.160/0011-5";"32384";"0";"2011-12-01T00:00:00";"137.05";"0";"137.05";"12";"2011";"0";"";"";"581371";"";"";"";"1970";"2217382";""
"JOSEPH BANDEIRA";"";"4929";"565";"2011";"BA";"PSB";"54";"3";"COMBUSTÍVEIS E LUBRIFICANTES.";"1";"Veículos Automotores";"POSTO AEROPORTO";"082.021.160/0011-5";"855910";"0";"2011-06-16T00:00:00";"116.59";"0";"116.59";"6";"2011";"0";"";"";"546700";"";"";"";"1970";"2099522";""
"JOSEPH BANDEIRA";"";"4929";"565";"2011";"BA";"PSB";"54";"3";"COMBUSTÍVEIS E LUBRIFICANTES.";"1";"Veículos Automotores";"POSTO CAMINHO DAS ARVORES";"342.767.660/0011-5";"027073";"0";"2011-07-11T00:00:00";"140.01";"0";"140.01";"7";"2011";"0";"";"";"551641";"";"";"";"1970";"2116348";""
"JOSEPH BANDEIRA";"";"4929";"565";"2011";"BA";"PSB";"54";"3";"COMBUSTÍVEIS E LUBRIFICANTES.";"1";"Veículos Automotores";"POSTO DONA MARIA MOTA";"134.355.240/0015-7";"032144";"0";"2011-08-13T00:00:00";"324.6";"0";"324.6";"8";"2011";"0";"";"";"558412";"";"";"";"1970";"2139256";""
"JOSEPH BANDEIRA";"";"4929";"565";"2011";"BA";"PSB";"54";"3";"COMBUSTÍVEIS E LUBRIFICANTES.";"1";"Veículos Automotores";"POSTO DONA MARIA MOTA";"134.355.240/0015-7";"032145";"0";"2011-08-13T00:00:00";"70";"0";"70";"8";"2011";"0";"";"";"558412";"";"";"";"1970";"2139248";""
"JOSEPH BANDEIRA";"";"4929";"565";"2011";"BA";"PSB";"54";"3";"COMBUSTÍVEIS E LUBRIFICANTES.";"1";"Veículos Automotores";"POSTO DOURADO";"034.603.270/0013-4";"050632";"0";"2011-08-12T00:00:00";"130";"0";"130";"8";"2011";"0";"";"";"558412";"";"";"";"1970";"2139250";""
"JOSEPH BANDEIRA";"";"4929";"565";"2011";"BA";"PSB";"54";"3";"COMBUSTÍVEIS E LUBRIFICANTES.";"1";"Veículos Automotores";"POSTO IPE LTDA";"081.067.320/0025-3";"220657";"0";"2011-08-25T00:00:00";"20";"0";"20";"8";"2011";"0";"";"";"560825";"";"";"";"1970";"2147863";""
"JOSEPH BANDEIRA";"";"4929";"565";"2011";"BA";"PSB";"54";"3";"COMBUSTÍVEIS E LUBRIFICANTES.";"1";"Veículos Automotores";"POSTO JUAZEIRO";"139.982.570/0055-0";"170050";"0";"2011-08-05T00:00:00";"150.55";"7";"143.55";"8";"2011";"0";"";"";"558411";"";"";"";"1970";"2139242";""
"JOSEPH BANDEIRA";"";"4929";"565";"2011";"BA";"PSB";"54";"3";"COMBUSTÍVEIS E LUBRIFICANTES.";"1";"Veículos Automotores";"POSTO OLIVEIRA";"053.097.960/0018-2";"114197";"0";"2011-07-11T00:00:00";"224.59";"0";"224.59";"7";"2011";"0";"";"";"551641";"";"";"";"1970";"2116351";""
"JOSEPH BANDEIRA";"";"4929";"565";"2011";"BA";"PSB";"54";"3";"COMBUSTÍVEIS E LUBRIFICANTES.";"1";"Veículos Automotores";"POSTO OLIVEIRA";"053.097.960/0018-2";"117620";"0";"2011-08-21T00:00:00";"39.99";"0";"39.99";"8";"2011";"0";"";"";"560824";"";"";"";"1970";"2147721";""
"JOSEPH BANDEIRA";"";"4929";"565";"2011";"BA";"PSB";"54";"3";"COMBUSTÍVEIS E LUBRIFICANTES.";"1";"Veículos Automotores";"POSTO OLIVEIRA";"053.097.960/0018-2";"117632";"0";"2011-08-21T00:00:00";"19.99";"0";"19.99";"8";"2011";"0";"";"";"560824";"";"";"";"1970";"2147737";""
"JOSEPH BANDEIRA";"";"4929";"565";"2011";"BA";"PSB";"54";"3";"COMBUSTÍVEIS E LUBRIFICANTES.";"1";"Veículos Automotores";"POSTO OLIVEIRA";"053.097.960/0018-2";"117635";"0";"2011-08-21T00:00:00";"99.99";"0";"99.99";"8";"2011";"0";"";"";"560824";"";"";"";"1970";"2147770";""
"JOSEPH BANDEIRA";"";"4929";"565";"2011";"BA";"PSB";"54";"3";"COMBUSTÍVEIS E LUBRIFICANTES.";"1";"Veículos Automotores";"POSTO OLIVEIRA";"053.097.960/0018-2";"117657";"0";"2011-08-21T00:00:00";"25.01";"0";"25.01";"8";"2011";"0";"";"";"560824";"";"";"";"1970";"2147761";""
"JOSEPH BANDEIRA";"";"4929";"565";"2011";"BA";"PSB";"54";"3";"COMBUSTÍVEIS E LUBRIFICANTES.";"1";"Veículos Automotores";"POSTO OLIVEIRA";"053.097.960/0018-2";"117689";"0";"2011-08-22T00:00:00";"35.99";"0";"35.99";"8";"2011";"0";"";"";"560824";"";"";"";"1970";"2147751";""
"JOSEPH BANDEIRA";"";"4929";"565";"2011";"BA";"PSB";"54";"3";"COMBUSTÍVEIS E LUBRIFICANTES.";"1";"Veículos Automotores";"POSTO PINGO DE OURO";"071.740.680/0013-6";"555594";"0";"2011-06-19T00:00:00";"175.55";"0";"175.55";"6";"2011";"0";"";"";"546700";"";"";"";"1970";"2099512";""
"JOSEPH BANDEIRA";"";"4929";"565";"2011";"BA";"PSB";"54";"3";"COMBUSTÍVEIS E LUBRIFICANTES.";"1";"Veículos Automotores";"POSTO PINGO DE OURO";"071.740.680/0013-6";"555596";"0";"2011-06-19T00:00:00";"143.44";"0";"143.44";"6";"2011";"0";"";"";"546700";"";"";"";"1970";"2099514";""
"JOSEPH BANDEIRA";"";"4929";"565";"2011";"BA";"PSB";"54";"3";"COMBUSTÍVEIS E LUBRIFICANTES.";"1";"Veículos Automotores";"POSTO SANTA CLARA";"094.692.730/0015-4";"290294";"0";"2011-12-03T00:00:00";"111.99";"0";"111.99";"12";"2011";"0";"";"";"581371";"";"";"";"1970";"2217343";""
"JOSEPH BANDEIRA";"";"4929";"565";"2011";"BA";"PSB";"54";"3";"COMBUSTÍVEIS E LUBRIFICANTES.";"1";"Veículos Automotores";"POSTO SURUBIM";"052.839.630/0016-3";"167741";"0";"2011-07-10T00:00:00";"180";"0";"180";"7";"2011";"0";"";"";"551641";"";"";"";"1970";"2116345";""
"JOSEPH BANDEIRA";"";"4929";"565";"2011";"BA";"PSB";"54";"3";"COMBUSTÍVEIS E LUBRIFICANTES.";"1";"Veículos Automotores";"POSTO SURUBIM";"052.839.630/0016-3";"172336";"0";"2011-08-06T00:00:00";"50";"0";"50";"8";"2011";"0";"";"";"558411";"";"";"";"1970";"2139239";""
"JOSEPH BANDEIRA";"";"4929";"565";"2011";"BA";"PSB";"54";"3";"COMBUSTÍVEIS E LUBRIFICANTES.";"1";"Veículos Automotores";"POSTO SURUBIM";"052.839.630/0016-3";"173780";"0";"2011-08-14T00:00:00";"117.01";"0";"117.01";"8";"2011";"0";"";"";"558412";"";"";"";"1970";"2139253";""
"JOSEPH BANDEIRA";"";"4929";"565";"2011";"BA";"PSB";"54";"3";"COMBUSTÍVEIS E LUBRIFICANTES.";"1";"Veículos Automotores";"POSTO SURUBIM";"052.839.630/0016-3";"173957";"0";"2011-08-15T00:00:00";"160";"0";"160";"8";"2011";"0";"";"";"558411";"";"";"";"1970";"2139234";""
"JOSEPH BANDEIRA";"";"4929";"565";"2011";"BA";"PSB";"54";"3";"COMBUSTÍVEIS E LUBRIFICANTES.";"1";"Veículos Automotores";"POSTO SURUBIM";"052.839.630/0016-3";"176178";"0";"2011-08-28T00:00:00";"241.06";"0";"241.06";"8";"2011";"0";"";"";"560825";"";"";"";"1970";"2147817";""
"JOSEPH BANDEIRA";"";"4929";"565";"2011";"BA";"PSB";"54";"3";"COMBUSTÍVEIS E LUBRIFICANTES.";"1";"Veículos Automotores";"POSTO VIP";"031.690.040/0019-6";"335572";"0";"2011-12-02T00:00:00";"100";"0";"100";"12";"2011";"0";"";"";"581371";"";"";"";"1970";"2217351";""
"JOSEPH BANDEIRA";"";"4929";"565";"2011";"BA";"PSB";"54";"3";"COMBUSTÍVEIS E LUBRIFICANTES.";"1";"Veículos Automotores";"TRANSVALE";"035.342.300/0012-9";"157909";"0";"2011-08-08T00:00:00";"30";"0";"30";"8";"2011";"0";"";"";"558411";"";"";"";"1970";"2139197";""
"JOSEPH BANDEIRA";"";"4929";"565";"2011";"BA";"PSB";"54";"3";"COMBUSTÍVEIS E LUBRIFICANTES.";"1";"Veículos Automotores";"TRANSVALE";"035.342.300/0012-9";"160853";"0";"2011-08-23T00:00:00";"70.06";"0";"70.06";"8";"2011";"0";"";"";"560825";"";"";"";"1970";"2147837";""
"JOSEPH BANDEIRA";"";"4929";"565";"2011";"BA";"PSB";"54";"3";"COMBUSTÍVEIS E LUBRIFICANTES.";"4";"Sem especificações";"AUTO POSTO AEROPORTO LTDA";"082.021.160/0011-5";"819451";"0";"2011-03-22T00:00:00";"87.49";"0";"87.49";"3";"2011";"0";"";"";"526169";"";"";"";"1970";"2031188";""
"JOSEPH BANDEIRA";"";"4929";"565";"2011";"BA";"PSB";"54";"3";"COMBUSTÍVEIS E LUBRIFICANTES.";"4";"Sem especificações";"AUTO POSTO AEROPORTO LTDA";"082.021.160/0011-5";"854885";"0";"2011-06-14T00:00:00";"59.89";"0";"59.89";"6";"2011";"0";"";"";"545365";"";"";"";"1970";"2095124";""
"JOSEPH BANDEIRA";"";"4929";"565";"2011";"BA";"PSB";"54";"3";"COMBUSTÍVEIS E LUBRIFICANTES.";"4";"Sem especificações";"AUTO POSTO AEROPORTO LTDA";"082.021.160/0011-5";"865159";"0";"2011-07-14T00:00:00";"90";"0";"90";"7";"2011";"0";"";"";"553415";"";"";"";"1970";"2122208";""
"JOSEPH BANDEIRA";"";"4929";"565";"2011";"BA";"PSB";"54";"3";"COMBUSTÍVEIS E LUBRIFICANTES.";"4";"Sem especificações";"AUTO POSTO AEROPORTO LTDA";"082.021.160/0011-5";"867740";"0";"2011-07-19T00:00:00";"32.87";"0";"32.87";"7";"2011";"0";"";"";"553415";"";"";"";"1970";"2122210";""
"JOSEPH BANDEIRA";"";"4929";"565";"2011";"BA";"PSB";"54";"3";"COMBUSTÍVEIS E LUBRIFICANTES.";"4";"Sem especificações";"AUTO POSTO AEROPORTO LTDA";"082.021.160/0011-5";"892548";"0";"2011-09-05T00:00:00";"123.01";"0";"123.01";"9";"2011";"0";"";"";"562282";"";"";"";"1970";"2153007";""
"JOSEPH BANDEIRA";"";"4929";"565";"2011";"BA";"PSB";"54";"3";"COMBUSTÍVEIS E LUBRIFICANTES.";"4";"Sem especificações";"AUTO POSTO AEROPORTO LTDA";"082.021.160/0011-5";"895971";"0";"2011-09-12T00:00:00";"61.57";"0";"61.57";"9";"2011";"0";"";"";"563608";"";"";"";"1970";"2157167";""
"JOSEPH BANDEIRA";"";"4929";"565";"2011";"BA";"PSB";"54";"3";"COMBUSTÍVEIS E LUBRIFICANTES.";"4";"Sem especificações";"AUTO POSTO AEROPORTO LTDA";"082.021.160/0011-5";"899527";"0";"2011-09-20T00:00:00";"124.47";"0";"124.47";"9";"2011";"0";"";"";"565622";"";"";"";"1970";"2164610";""
"JOSEPH BANDEIRA";"";"4929";"565";"2011";"BA";"PSB";"54";"3";"COMBUSTÍVEIS E LUBRIFICANTES.";"4";"Sem especificações";"AUTO POSTO AEROPORTO LTDA";"082.021.160/0011-5";"911612";"0";"2011-10-17T00:00:00";"46.04";"0";"46.04";"10";"2011";"0";"";"";"570565";"";"";"";"1970";"2180932";""
"JOSEPH BANDEIRA";"";"4929";"565";"2011";"BA";"PSB";"54";"3";"COMBUSTÍVEIS E LUBRIFICANTES.";"4";"Sem especificações";"AUTO POSTO AEROPORTO LTDA";"082.021.160/0011-5";"923538";"0";"2011-11-11T00:00:00";"55.01";"0";"55.01";"11";"2011";"0";"";"";"577502";"";"";"";"1970";"2204029";""
"JOSEPH BANDEIRA";"";"4929";"565";"2011";"BA";"PSB";"54";"3";"COMBUSTÍVEIS E LUBRIFICANTES.";"4";"Sem especificações";"AUTO POSTO AEROPORTO LTDA";"082.021.160/0011-5";"939135";"0";"2011-12-13T00:00:00";"105.13";"0";"105.13";"12";"2011";"0";"";"";"583455";"";"";"";"1970";"2223428";""
"JOSEPH BANDEIRA";"";"4929";"565";"2011";"BA";"PSB";"54";"3";"COMBUSTÍVEIS E LUBRIFICANTES.";"4";"Sem especificações";"AUTO POSTO AEROPORTO LTDA";"082.021.160/0011-5";"940388";"0";"2011-12-15T00:00:00";"127.16";"0";"127.16";"12";"2011";"0";"";"";"584723";"";"";"";"1970";"2227415";""
"JOSEPH BANDEIRA";"";"4929";"565";"2011";"BA";"PSB";"54";"3";"COMBUSTÍVEIS E LUBRIFICANTES.";"4";"Sem especificações";"AUTO POSTO AMARAL LTDA";"552.111.300/0016-5";"167966";"0";"2011-04-22T00:00:00";"130.01";"0";"130.01";"4";"2011";"0";"";"";"533230";"";"";"";"1970";"2055181";""
"JOSEPH BANDEIRA";"";"4929";"565";"2011";"BA";"PSB";"54";"3";"COMBUSTÍVEIS E LUBRIFICANTES.";"4";"Sem especificações";"AUTO POSTO CENTER PARAISO LTDA";"440.227.470/0011-6";"063188";"0";"2011-04-23T00:00:00";"83";"0";"83";"4";"2011";"0";"";"";"533229";"";"";"";"1970";"2055044";""
"JOSEPH BANDEIRA";"";"4929";"565";"2011";"BA";"PSB";"54";"3";"COMBUSTÍVEIS E LUBRIFICANTES.";"4";"Sem especificações";"AUTO POSTO GRANDE RIO LTDA";"027.078.720/0011-0";"173810";"0";"2011-09-07T00:00:00";"83.45";"0";"83.45";"9";"2011";"0";"";"";"563609";"";"";"";"1970";"2157247";""
"JOSEPH BANDEIRA";"";"4929";"565";"2011";"BA";"PSB";"54";"3";"COMBUSTÍVEIS E LUBRIFICANTES.";"4";"Sem especificações";"AUTO POSTO GRANDE RIO LTDA";"027.078.720/0011-0";"173917";"0";"2011-09-08T00:00:00";"49.9";"0";"49.9";"9";"2011";"0";"";"";"563609";"";"";"";"1970";"2157234";""
"JOSEPH BANDEIRA";"";"4929";"565";"2011";"BA";"PSB";"54";"3";"COMBUSTÍVEIS E LUBRIFICANTES.";"4";"Sem especificações";"AUTO POSTO GRANDE RIO LTDA";"027.078.720/0011-0";"173928";"0";"2011-09-08T00:00:00";"220.07";"0";"220.07";"9";"2011";"0";"";"";"563609";"";"";"";"1970";"2157241";""
"JOSEPH BANDEIRA";"";"4929";"565";"2011";"BA";"PSB";"54";"3";"COMBUSTÍVEIS E LUBRIFICANTES.";"4";"Sem especificações";"AUTO POSTO GRANDE RIO LTDA";"027.078.720/0011-0";"195774";"0";"2011-11-05T00:00:00";"122.23";"0";"122.23";"11";"2011";"0";"";"";"577501";"";"";"";"1970";"2204000";""
"JOSEPH BANDEIRA";"";"4929";"565";"2011";"BA";"PSB";"54";"3";"COMBUSTÍVEIS E LUBRIFICANTES.";"4";"Sem especificações";"AUTO POSTO GRANDE RIO LTDA";"027.078.720/0011-0";"207654";"0";"2011-12-06T00:00:00";"146.98";"0";"146.98";"12";"2011";"0";"";"";"583455";"";"";"";"1970";"2223506";""
"JOSEPH BANDEIRA";"";"4929";"565";"2011";"BA";"PSB";"54";"3";"COMBUSTÍVEIS E LUBRIFICANTES.";"4";"Sem especificações";"AUTO POSTO GRANDE RIO LTDA";"027.078.720/0011-0";"266153";"0";"2011-11-11T00:00:00";"139.98";"0";"139.98";"11";"2011";"0";"";"";"577501";"";"";"";"1970";"2203998";""
"JOSEPH BANDEIRA";"";"4929";"565";"2011";"BA";"PSB";"54";"3";"COMBUSTÍVEIS E LUBRIFICANTES.";"4";"Sem especificações";"AUTO POSTO GRANDE RIO LTDA";"027.078.720/0011-0";"267015";"0";"2011-11-14T00:00:00";"120";"0";"120";"11";"2011";"0";"";"";"577502";"";"";"";"1970";"2204017";""
"JOSEPH BANDEIRA";"";"4929";"565";"2011";"BA";"PSB";"54";"3";"COMBUSTÍVEIS E LUBRIFICANTES.";"4";"Sem especificações";"AUTO POSTO GRANDE RIO LTDA";"027.078.720/0011-0";"502998";"0";"2011-10-01T00:00:00";"121";"0";"121";"10";"2011";"0";"";"";"570565";"";"";"";"1970";"2180920";""
"JOSEPH BANDEIRA";"";"4929";"565";"2011";"BA";"PSB";"54";"3";"COMBUSTÍVEIS E LUBRIFICANTES.";"4";"Sem especificações";"AUTO POSTO GRANDE RIO LTDA";"027.078.720/0011-0";"504859";"0";"2011-10-07T00:00:00";"140.94";"0";"140.94";"10";"2011";"0";"";"";"570564";"";"";"";"1970";"2180893";""
"JOSEPH BANDEIRA";"";"4929";"565";"2011";"BA";"PSB";"54";"3";"COMBUSTÍVEIS E LUBRIFICANTES.";"4";"Sem especificações";"AUTO POSTO GRANDE RIO LTDA";"027.078.720/0011-0";"505639";"0";"2011-10-11T00:00:00";"220.14";"0";"220.14";"10";"2011";"0";"";"";"570564";"";"";"";"1970";"2180911";""
"JOSEPH BANDEIRA";"";"4929";"565";"2011";"BA";"PSB";"54";"3";"COMBUSTÍVEIS E LUBRIFICANTES.";"4";"Sem especificações";"AUTO POSTO GRANDE RIO LTDA";"027.078.720/0011-0";"512538";"0";"2011-11-08T00:00:00";"69.07";"0";"69.07";"11";"2011";"0";"";"";"577501";"";"";"";"1970";"2204001";""
"JOSEPH BANDEIRA";"";"4929";"565";"2011";"BA";"PSB";"54";"3";"COMBUSTÍVEIS E LUBRIFICANTES.";"4";"Sem especificações";"AUTO POSTO GRANDE RIO LTDA";"027.078.720/0011-0";"512540";"0";"2011-11-08T00:00:00";"50";"0";"50";"11";"2011";"0";"";"";"577502";"";"";"";"1970";"2204006";""
"JOSEPH BANDEIRA";"";"4929";"565";"2011";"BA";"PSB";"54";"3";"COMBUSTÍVEIS E LUBRIFICANTES.";"4";"Sem especificações";"AUTO POSTO GRANDE RIO LTDA";"027.078.720/0011-0";"512557";"0";"2011-11-08T00:00:00";"124.26";"0";"124.26";"11";"2011";"0";"";"";"577501";"";"";"";"1970";"2203999";""
"JOSEPH BANDEIRA";"";"4929";"565";"2011";"BA";"PSB";"54";"3";"COMBUSTÍVEIS E LUBRIFICANTES.";"4";"Sem especificações";"AUTO POSTO GRANDE RIO LTDA";"027.078.720/0020-9";"334224";"0";"2011-07-30T00:00:00";"60.04";"0";"60.04";"7";"2011";"0";"";"";"553742";"";"";"";"1970";"2123298";""
"JOSEPH BANDEIRA";"";"4929";"565";"2011";"BA";"PSB";"54";"3";"COMBUSTÍVEIS E LUBRIFICANTES.";"4";"Sem especificações";"AUTO POSTO GRANDE RIO LTDA";"027.078.720/0020-9";"334280";"0";"2011-07-30T00:00:00";"50";"0";"50";"7";"2011";"0";"";"";"553742";"";"";"";"1970";"2123286";""
"JOSEPH BANDEIRA";"";"4929";"565";"2011";"BA";"PSB";"54";"3";"COMBUSTÍVEIS E LUBRIFICANTES.";"4";"Sem especificações";"AUTO POSTO GRANDE RIO LTDA";"027.078.720/0020-9";"334308";"0";"2011-07-30T00:00:00";"50";"0";"50";"7";"2011";"0";"";"";"553741";"";"";"";"1970";"2123253";""
"JOSEPH BANDEIRA";"";"4929";"565";"2011";"BA";"PSB";"54";"3";"COMBUSTÍVEIS E LUBRIFICANTES.";"4";"Sem especificações";"AUTO POSTO GRANDE RIO LTDA";"027.078.720/0020-9";"334365";"0";"2011-07-30T00:00:00";"60";"0";"60";"7";"2011";"0";"";"";"553742";"";"";"";"1970";"2123293";""
"JOSEPH BANDEIRA";"";"4929";"565";"2011";"BA";"PSB";"54";"3";"COMBUSTÍVEIS E LUBRIFICANTES.";"4";"Sem especificações";"AUTO POSTO GRANDE RIO LTDA";"027.078.720/0020-9";"334422";"0";"2011-07-30T00:00:00";"40.03";"0";"40.03";"7";"2011";"0";"";"";"553742";"";"";"";"1970";"2123282";""
"JOSEPH BANDEIRA";"";"4929";"565";"2011";"BA";"PSB";"54";"3";"COMBUSTÍVEIS E LUBRIFICANTES.";"4";"Sem especificações";"AUTO POSTO GRANDE RIO LTDA";"027.078.720/0020-9";"334459";"0";"2011-07-30T00:00:00";"50";"0";"50";"7";"2011";"0";"";"";"553741";"";"";"";"1970";"2123275";""
"JOSEPH BANDEIRA";"";"4929";"565";"2011";"BA";"PSB";"54";"3";"COMBUSTÍVEIS E LUBRIFICANTES.";"4";"Sem especificações";"AUTO POSTO GRANDE RIO LTDA";"027.078.720/0020-9";"334472";"0";"2011-07-30T00:00:00";"50";"0";"50";"7";"2011";"0";"";"";"553741";"";"";"";"1970";"2123266";""
"JOSEPH BANDEIRA";"";"4929";"565";"2011";"BA";"PSB";"54";"3";"COMBUSTÍVEIS E LUBRIFICANTES.";"4";"Sem especificações";"AUTO POSTO GRANDE RIO LTDA";"027.078.720/0020-9";"334473";"0";"2011-07-30T00:00:00";"40";"0";"40";"7";"2011";"0";"";"";"553741";"";"";"";"1970";"2123271";""
"JOSEPH BANDEIRA";"";"4929";"565";"2011";"BA";"PSB";"54";"3";"COMBUSTÍVEIS E LUBRIFICANTES.";"4";"Sem especificações";"AUTO POSTO GRANDE RIO LTDA";"027.078.720/0020-9";"334494";"0";"2011-07-30T00:00:00";"125.12";"0";"125.12";"7";"2011";"0";"";"";"553741";"";"";"";"1970";"2123248";""
"JOSEPH BANDEIRA";"";"4929";"565";"2011";"BA";"PSB";"54";"3";"COMBUSTÍVEIS E LUBRIFICANTES.";"4";"Sem especificações";"AUTO POSTO GRANDE RIO LTDA";"027.078.720/0020-9";"334507";"0";"2011-07-30T00:00:00";"50.02";"0";"50.02";"7";"2011";"0";"";"";"553741";"";"";"";"1970";"2123259";""
"JOSEPH BANDEIRA";"";"4929";"565";"2011";"BA";"PSB";"54";"3";"COMBUSTÍVEIS E LUBRIFICANTES.";"4";"Sem especificações";"AUTO POSTO GRANDE RIO LTDA";"027.078.720/0020-9";"334850";"0";"2011-07-31T00:00:00";"50";"0";"50";"7";"2011";"0";"";"";"553741";"";"";"";"1970";"2123236";""
"JOSEPH BANDEIRA";"";"4929";"565";"2011";"BA";"PSB";"54";"3";"COMBUSTÍVEIS E LUBRIFICANTES.";"4";"Sem especificações";"AUTO POSTO GRANDE RIO LTDA";"027.078.720/0020-9";"334930";"0";"2011-07-31T00:00:00";"60.01";"0";"60.01";"7";"2011";"0";"";"";"553741";"";"";"";"1970";"2123243";""
"JOSEPH BANDEIRA";"";"4929";"565";"2011";"BA";"PSB";"54";"3";"COMBUSTÍVEIS E LUBRIFICANTES.";"4";"Sem especificações";"AUTO POSTO GRANDE RIO LTDA";"027.078.720/0020-9";"334941";"0";"2011-07-31T00:00:00";"30";"0";"30";"7";"2011";"0";"";"";"553740";"";"";"";"1970";"2123105";""
"JOSEPH BANDEIRA";"";"4929";"565";"2011";"BA";"PSB";"54";"3";"COMBUSTÍVEIS E LUBRIFICANTES.";"4";"Sem especificações";"AUTO POSTO GRANDE RIO LTDA";"027.078.720/0020-9";"353283";"0";"2011-09-01T00:00:00";"53.94";"0";"53.94";"9";"2011";"0";"";"";"562282";"";"";"";"1970";"2153027";""
"JOSEPH BANDEIRA";"";"4929";"565";"2011";"BA";"PSB";"54";"3";"COMBUSTÍVEIS E LUBRIFICANTES.";"4";"Sem especificações";"AUTO POSTO GRANDE RIO LTDA";"027.078.720/0020-9";"353289";"0";"2011-09-01T00:00:00";"59.84";"0";"59.84";"9";"2011";"0";"";"";"562282";"";"";"";"1970";"2153024";""
"JOSEPH BANDEIRA";"";"4929";"565";"2011";"BA";"PSB";"54";"3";"COMBUSTÍVEIS E LUBRIFICANTES.";"4";"Sem especificações";"AUTO POSTO GRANDE RIO LTDA";"027.078.720/0020-9";"353441";"0";"2011-09-01T00:00:00";"80";"0";"80";"9";"2011";"0";"";"";"562282";"";"";"";"1970";"2153022";""
"JOSEPH BANDEIRA";"";"4929";"565";"2011";"BA";"PSB";"54";"3";"COMBUSTÍVEIS E LUBRIFICANTES.";"4";"Sem especificações";"AUTO POSTO GRANDE RIO LTDA";"027.078.720/0020-9";"353451";"0";"2011-09-01T00:00:00";"34.3";"0";"34.3";"9";"2011";"0";"";"";"563607";"";"";"";"1970";"2157120";""
"JOSEPH BANDEIRA";"";"4929";"565";"2011";"BA";"PSB";"54";"3";"COMBUSTÍVEIS E LUBRIFICANTES.";"4";"Sem especificações";"AUTO POSTO GRANDE RIO LTDA";"027.078.720/0020-9";"353459";"0";"2011-09-01T00:00:00";"30.07";"0";"30.07";"9";"2011";"0";"";"";"563607";"";"";"";"1970";"2157130";""
"JOSEPH BANDEIRA";"";"4929";"565";"2011";"BA";"PSB";"54";"3";"COMBUSTÍVEIS E LUBRIFICANTES.";"4";"Sem especificações";"AUTO POSTO GRANDE RIO LTDA";"027.078.720/0020-9";"353909";"0";"2011-09-02T00:00:00";"205";"0";"205";"9";"2011";"0";"";"";"562282";"";"";"";"1970";"2153019";""
"JOSEPH BANDEIRA";"";"4929";"565";"2011";"BA";"PSB";"54";"3";"COMBUSTÍVEIS E LUBRIFICANTES.";"4";"Sem especificações";"AUTO POSTO GRANDE RIO LTDA";"027.078.720/0020-9";"356212";"0";"2011-09-06T00:00:00";"158";"0";"158";"9";"2011";"0";"";"";"563609";"";"";"";"1970";"2157255";""
"JOSEPH BANDEIRA";"";"4929";"565";"2011";"BA";"PSB";"54";"3";"COMBUSTÍVEIS E LUBRIFICANTES.";"4";"Sem especificações";"AUTO POSTO GRANDE RIO LTDA";"027.078.720/0020-9";"356230";"0";"2011-09-06T00:00:00";"29.96";"0";"29.96";"9";"2011";"0";"";"";"563609";"";"";"";"1970";"2157265";""
"JOSEPH BANDEIRA";"";"4929";"565";"2011";"BA";"PSB";"54";"3";"COMBUSTÍVEIS E LUBRIFICANTES.";"4";"Sem especificações";"AUTO POSTO GRANDE RIO LTDA";"027.078.720/0020-9";"357428";"0";"2011-09-08T00:00:00";"59.98";"0";"59.98";"9";"2011";"0";"";"";"563608";"";"";"";"1970";"2157219";""
"JOSEPH BANDEIRA";"";"4929";"565";"2011";"BA";"PSB";"54";"3";"COMBUSTÍVEIS E LUBRIFICANTES.";"4";"Sem especificações";"AUTO POSTO GRANDE RIO LTDA";"027.078.720/0020-9";"357442";"0";"2011-09-08T00:00:00";"30";"0";"30";"9";"2011";"0";"";"";"563609";"";"";"";"1970";"2157261";""
"JOSEPH BANDEIRA";"";"4929";"565";"2011";"BA";"PSB";"54";"3";"COMBUSTÍVEIS E LUBRIFICANTES.";"4";"Sem especificações";"AUTO POSTO GRANDE RIO LTDA";"027.078.720/0020-9";"357466";"0";"2011-09-08T00:00:00";"60";"0";"60";"9";"2011";"0";"";"";"563609";"";"";"";"1970";"2157224";""
"JOSEPH BANDEIRA";"";"4929";"565";"2011";"BA";"PSB";"54";"3";"COMBUSTÍVEIS E LUBRIFICANTES.";"4";"Sem especificações";"AUTO POSTO GRANDE RIO LTDA";"027.078.720/0020-9";"357467";"0";"2011-09-08T00:00:00";"50";"0";"50";"9";"2011";"0";"";"";"563608";"";"";"";"1970";"2157207";""
"JOSEPH BANDEIRA";"";"4929";"565";"2011";"BA";"PSB";"54";"3";"COMBUSTÍVEIS E LUBRIFICANTES.";"4";"Sem especificações";"AUTO POSTO GRANDE RIO LTDA";"027.078.720/0020-9";"357550";"0";"2011-09-08T00:00:00";"84.24";"0";"84.24";"9";"2011";"0";"";"";"563609";"";"";"";"1970";"2157232";""
"JOSEPH BANDEIRA";"";"4929";"565";"2011";"BA";"PSB";"54";"3";"COMBUSTÍVEIS E LUBRIFICANTES.";"4";"Sem especificações";"AUTO POSTO GRANDE RIO LTDA";"027.078.720/0020-9";"371346";"0";"2011-10-03T00:00:00";"76";"0";"76";"10";"2011";"0";"";"";"570564";"";"";"";"1970";"2180904";""
"JOSEPH BANDEIRA";"";"4929";"565";"2011";"BA";"PSB";"54";"3";"COMBUSTÍVEIS E LUBRIFICANTES.";"4";"Sem especificações";"AUTO POSTO GRANDE RIO LTDA";"027.078.720/0020-9";"371500";"0";"2011-10-03T00:00:00";"134.03";"0";"134.03";"10";"2011";"0";"";"";"570564";"";"";"";"1970";"2180898";""
"JOSEPH BANDEIRA";"";"4929";"565";"2011";"BA";"PSB";"54";"3";"COMBUSTÍVEIS E LUBRIFICANTES.";"4";"Sem especificações";"AUTO POSTO GRANDE RIO LTDA";"027.078.720/0020-9";"371625";"0";"2011-10-03T00:00:00";"50";"0";"50";"10";"2011";"0";"";"";"570563";"";"";"";"1970";"2180843";""
"JOSEPH BANDEIRA";"";"4929";"565";"2011";"BA";"PSB";"54";"3";"COMBUSTÍVEIS E LUBRIFICANTES.";"4";"Sem especificações";"AUTO POSTO GRANDE RIO LTDA";"027.078.720/0020-9";"371640";"0";"2011-10-04T00:00:00";"100";"0";"100";"10";"2011";"0";"";"";"570563";"";"";"";"1970";"2180857";""
"JOSEPH BANDEIRA";"";"4929";"565";"2011";"BA";"PSB";"54";"3";"COMBUSTÍVEIS E LUBRIFICANTES.";"4";"Sem especificações";"AUTO POSTO GRANDE RIO LTDA";"027.078.720/0020-9";"371758";"0";"2011-10-04T00:00:00";"50.83";"0";"50.83";"10";"2011";"0";"";"";"570564";"";"";"";"1970";"2180886";""
"JOSEPH BANDEIRA";"";"4929";"565";"2011";"BA";"PSB";"54";"3";"COMBUSTÍVEIS E LUBRIFICANTES.";"4";"Sem especificações";"AUTO POSTO GRANDE RIO LTDA";"027.078.720/0020-9";"371938";"0";"2011-10-04T00:00:00";"124.69";"0";"124.69";"10";"2011";"0";"";"";"570564";"";"";"";"1970";"2180889";""
"JOSEPH BANDEIRA";"";"4929";"565";"2011";"BA";"PSB";"54";"3";"COMBUSTÍVEIS E LUBRIFICANTES.";"4";"Sem especificações";"AUTO POSTO GRANDE RIO LTDA";"027.078.720/0020-9";"371941";"0";"2011-10-04T00:00:00";"73.02";"0";"73.02";"10";"2011";"0";"";"";"570564";"";"";"";"1970";"2180882";""
"JOSEPH BANDEIRA";"";"4929";"565";"2011";"BA";"PSB";"54";"3";"COMBUSTÍVEIS E LUBRIFICANTES.";"4";"Sem especificações";"AUTO POSTO GRANDE RIO LTDA";"027.078.720/0020-9";"371964";"0";"2011-10-04T00:00:00";"90.03";"0";"90.03";"10";"2011";"0";"";"";"570563";"";"";"";"1970";"2180878";""
"JOSEPH BANDEIRA";"";"4929";"565";"2011";"BA";"PSB";"54";"3";"COMBUSTÍVEIS E LUBRIFICANTES.";"4";"Sem especificações";"AUTO POSTO GRANDE RIO LTDA";"027.078.720/0020-9";"372052";"0";"2011-10-04T00:00:00";"50";"0";"50";"10";"2011";"0";"";"";"570563";"";"";"";"1970";"2180861";""
"JOSEPH BANDEIRA";"";"4929";"565";"2011";"BA";"PSB";"54";"3";"COMBUSTÍVEIS E LUBRIFICANTES.";"4";"Sem especificações";"AUTO POSTO GRANDE RIO LTDA";"027.078.720/0020-9";"372193";"0";"2011-10-04T00:00:00";"100";"0";"100";"10";"2011";"0";"";"";"570563";"";"";"";"1970";"2180863";""
"JOSEPH BANDEIRA";"";"4929";"565";"2011";"BA";"PSB";"54";"3";"COMBUSTÍVEIS E LUBRIFICANTES.";"4";"Sem especificações";"AUTO POSTO GRANDE RIO LTDA";"027.078.720/0020-9";"375199";"0";"2011-10-10T00:00:00";"60.04";"0";"60.04";"10";"2011";"0";"";"";"570564";"";"";"";"1970";"2180915";""
"JOSEPH BANDEIRA";"";"4929";"565";"2011";"BA";"PSB";"54";"3";"COMBUSTÍVEIS E LUBRIFICANTES.";"4";"Sem especificações";"AUTO POSTO GRANDE RIO LTDA";"027.078.720/0020-9";"376771";"0";"2011-10-13T00:00:00";"129.22";"0";"129.22";"10";"2011";"0";"";"";"570565";"";"";"";"1970";"2180928";""
"JOSEPH BANDEIRA";"";"4929";"565";"2011";"BA";"PSB";"54";"3";"COMBUSTÍVEIS E LUBRIFICANTES.";"4";"Sem especificações";"AUTO POSTO GRANDE RIO LTDA";"027.078.720/0020-9";"378205";"0";"2011-10-15T00:00:00";"189.67";"0";"189.67";"10";"2011";"0";"";"";"570563";"";"";"";"1970";"2180872";""
"JOSEPH BANDEIRA";"";"4929";"565";"2011";"BA";"PSB";"54";"3";"COMBUSTÍVEIS E LUBRIFICANTES.";"4";"Sem especificações";"AUTO POSTO GRANDE RIO LTDA";"027.078.720/0020-9";"378210";"0";"2011-10-15T00:00:00";"96.44";"0";"96.44";"10";"2011";"0";"";"";"570563";"";"";"";"1970";"2180874";""
"JOSEPH BANDEIRA";"";"4929";"565";"2011";"BA";"PSB";"54";"3";"COMBUSTÍVEIS E LUBRIFICANTES.";"4";"Sem especificações";"AUTO POSTO GRANDE RIO LTDA";"027.078.720/0020-9";"378211";"0";"2011-10-15T00:00:00";"115.1";"0";"115.1";"10";"2011";"0";"";"";"570563";"";"";"";"1970";"2180869";""
"JOSEPH BANDEIRA";"";"4929";"565";"2011";"BA";"PSB";"54";"3";"COMBUSTÍVEIS E LUBRIFICANTES.";"4";"Sem especificações";"AUTO POSTO GRANDE RIO LTDA";"027.078.720/0020-9";"378213";"0";"2011-10-15T00:00:00";"136.08";"0";"136.08";"10";"2011";"0";"";"";"570563";"";"";"";"1970";"2180877";""
"JOSEPH BANDEIRA";"";"4929";"565";"2011";"BA";"PSB";"54";"3";"COMBUSTÍVEIS E LUBRIFICANTES.";"4";"Sem especificações";"AUTO POSTO GRANDE RIO LTDA";"027.078.720/0020-9";"378218";"0";"2011-10-15T00:00:00";"100.02";"0";"100.02";"10";"2011";"0";"";"";"570565";"";"";"";"1970";"2180925";""
"JOSEPH BANDEIRA";"";"4929";"565";"2011";"BA";"PSB";"54";"3";"COMBUSTÍVEIS E LUBRIFICANTES.";"4";"Sem especificações";"AUTO POSTO GRANDE RIO LTDA";"027.078.720/0020-9";"396385";"0";"2011-11-17T00:00:00";"149.06";"0";"149.06";"11";"2011";"0";"";"";"579934";"";"";"";"1970";"2212796";""
"JOSEPH BANDEIRA";"";"4929";"565";"2011";"BA";"PSB";"54";"3";"COMBUSTÍVEIS E LUBRIFICANTES.";"4";"Sem especificações";"AUTO POSTO GRANDE RIO LTDA";"027.078.720/0020-9";"398629";"0";"2011-11-21T00:00:00";"100";"0";"100";"11";"2011";"0";"";"";"580364";"";"";"";"1970";"2214203";""
"JOSEPH BANDEIRA";"";"4929";"565";"2011";"BA";"PSB";"54";"3";"COMBUSTÍVEIS E LUBRIFICANTES.";"4";"Sem especificações";"AUTO POSTO GRANDE RIO LTDA";"027.078.720/0020-9";"399423";"0";"2011-11-23T00:00:00";"141";"0";"141";"11";"2011";"0";"";"";"580364";"";"";"";"1970";"2214190";""
"JOSEPH BANDEIRA";"";"4929";"565";"2011";"BA";"PSB";"54";"3";"COMBUSTÍVEIS E LUBRIFICANTES.";"4";"Sem especificações";"AUTO POSTO GRANDE RIO LTDA";"027.078.720/0020-9";"400019";"0";"2011-11-24T00:00:00";"70.78";"0";"70.78";"11";"2011";"0";"";"";"580364";"";"";"";"1970";"2214200";""
"JOSEPH BANDEIRA";"";"4929";"565";"2011";"BA";"PSB";"54";"3";"COMBUSTÍVEIS E LUBRIFICANTES.";"4";"Sem especificações";"AUTO POSTO GRANDE RIO LTDA";"027.078.720/0020-9";"400032";"0";"2011-11-24T00:00:00";"51.87";"0";"51.87";"11";"2011";"0";"";"";"580364";"";"";"";"1970";"2214198";""
"JOSEPH BANDEIRA";"";"4929";"565";"2011";"BA";"PSB";"54";"3";"COMBUSTÍVEIS E LUBRIFICANTES.";"4";"Sem especificações";"AUTO POSTO GRANDE RIO LTDA";"027.078.720/0020-9";"401998";"0";"2011-11-27T00:00:00";"141.07";"0";"141.07";"11";"2011";"0";"";"";"580364";"";"";"";"1970";"2214194";""
"JOSEPH BANDEIRA";"";"4929";"565";"2011";"BA";"PSB";"54";"3";"COMBUSTÍVEIS E LUBRIFICANTES.";"4";"Sem especificações";"AUTO POSTO GRANDE RIO LTDA";"027.078.720/0020-9";"404070";"0";"2011-12-01T00:00:00";"153";"0";"153";"12";"2011";"0";"";"";"583456";"";"";"";"1970";"2223515";""
"JOSEPH BANDEIRA";"";"4929";"565";"2011";"BA";"PSB";"54";"3";"COMBUSTÍVEIS E LUBRIFICANTES.";"4";"Sem especificações";"AUTO POSTO GRANDE RIO LTDA";"027.078.720/0020-9";"405218";"0";"2011-12-04T00:00:00";"100.01";"0";"100.01";"12";"2011";"0";"";"";"583456";"";"";"";"1970";"2223523";""
"JOSEPH BANDEIRA";"";"4929";"565";"2011";"BA";"PSB";"54";"3";"COMBUSTÍVEIS E LUBRIFICANTES.";"4";"Sem especificações";"AUTO POSTO GRANDE RIO LTDA";"027.078.720/0020-9";"407063";"0";"2011-12-08T00:00:00";"111.47";"0";"111.47";"12";"2011";"0";"";"";"583456";"";"";"";"1970";"2223519";""
"JOSEPH BANDEIRA";"";"4929";"565";"2011";"BA";"PSB";"54";"3";"COMBUSTÍVEIS E LUBRIFICANTES.";"4";"Sem especificações";"AUTO POSTO MILLENNIUM 2000";"032.614.910/0054-6";"229844";"0";"2011-11-15T00:00:00";"102.9";"0";"102.9";"11";"2011";"0";"";"";"578191";"";"";"";"1970";"2206478";""
"JOSEPH BANDEIRA";"";"4929";"565";"2011";"BA";"PSB";"54";"3";"COMBUSTÍVEIS E LUBRIFICANTES.";"4";"Sem especificações";"AUTO POSTO MILLENNIUM 2000 LTDA";"032.614.910/0054-6";"027697";"0";"2011-11-03T00:00:00";"91.51";"0";"91.51";"11";"2011";"0";"";"";"576548";"";"";"";"1970";"2201005";""
"JOSEPH BANDEIRA";"";"4929";"565";"2011";"BA";"PSB";"54";"3";"COMBUSTÍVEIS E LUBRIFICANTES.";"4";"Sem especificações";"AUTO POSTO PINGO DE OURO LTDA";"027.078.720/0020-9";"589524";"0";"2011-10-15T00:00:00";"261.92";"197.96";"63.96";"10";"2011";"0";"";"";"570565";"";"";"";"1970";"2180940";""
"JOSEPH BANDEIRA";"";"4929";"565";"2011";"BA";"PSB";"54";"3";"COMBUSTÍVEIS E LUBRIFICANTES.";"4";"Sem especificações";"AUTO POSTO PINGO DE OURO LTDA";"071.740.680/0013-6";"502092";"0";"2011-03-19T00:00:00";"143.01";"0";"143.01";"3";"2011";"0";"";"";"526169";"";"";"";"1970";"2031206";""
"JOSEPH BANDEIRA";"";"4929";"565";"2011";"BA";"PSB";"54";"3";"COMBUSTÍVEIS E LUBRIFICANTES.";"4";"Sem especificações";"AUTO POSTO PINGO DE OURO LTDA";"071.740.680/0013-6";"512669";"0";"2011-04-03T00:00:00";"126.92";"0";"126.92";"4";"2011";"0";"";"";"529030";"";"";"";"1970";"2041323";""
"JOSEPH BANDEIRA";"";"4929";"565";"2011";"BA";"PSB";"54";"3";"COMBUSTÍVEIS E LUBRIFICANTES.";"4";"Sem especificações";"AUTO POSTO PINGO DE OURO LTDA";"071.740.680/0013-6";"512670";"0";"2011-04-03T00:00:00";"151.38";"0";"151.38";"4";"2011";"0";"";"";"529030";"";"";"";"1970";"2041326";""
"JOSEPH BANDEIRA";"";"4929";"565";"2011";"BA";"PSB";"54";"3";"COMBUSTÍVEIS E LUBRIFICANTES.";"4";"Sem especificações";"AUTO POSTO PINGO DE OURO LTDA";"071.740.680/0013-6";"516445";"0";"2011-04-08T00:00:00";"129.99";"0";"129.99";"4";"2011";"0";"";"";"530131";"";"";"";"1970";"2044699";""
"JOSEPH BANDEIRA";"";"4929";"565";"2011";"BA";"PSB";"54";"3";"COMBUSTÍVEIS E LUBRIFICANTES.";"4";"Sem especificações";"AUTO POSTO PINGO DE OURO LTDA";"071.740.680/0013-6";"517450";"0";"2011-04-10T00:00:00";"123.46";"0.01";"123.45";"4";"2011";"0";"";"";"530131";"";"";"";"1970";"2044692";""
"JOSEPH BANDEIRA";"";"4929";"565";"2011";"BA";"PSB";"54";"3";"COMBUSTÍVEIS E LUBRIFICANTES.";"4";"Sem especificações";"AUTO POSTO PINGO DE OURO LTDA";"071.740.680/0013-6";"517574";"0";"2011-04-10T00:00:00";"87.8";"0";"87.8";"4";"2011";"0";"";"";"530131";"";"";"";"1970";"2044705";""
"JOSEPH BANDEIRA";"";"4929";"565";"2011";"BA";"PSB";"54";"3";"COMBUSTÍVEIS E LUBRIFICANTES.";"4";"Sem especificações";"AUTO POSTO PINGO DE OURO LTDA";"071.740.680/0013-6";"528878";"0";"2011-04-28T00:00:00";"106.03";"0";"106.03";"4";"2011";"0";"";"";"535111";"";"";"";"1970";"2061327";""
"JOSEPH BANDEIRA";"";"4929";"565";"2011";"BA";"PSB";"54";"3";"COMBUSTÍVEIS E LUBRIFICANTES.";"4";"Sem especificações";"AUTO POSTO PINGO DE OURO LTDA";"071.740.680/0013-6";"529017";"0";"2011-04-29T00:00:00";"100";"0";"100";"4";"2011";"0";"";"";"535111";"";"";"";"1970";"2061343";""
"JOSEPH BANDEIRA";"";"4929";"565";"2011";"BA";"PSB";"54";"3";"COMBUSTÍVEIS E LUBRIFICANTES.";"4";"Sem especificações";"AUTO POSTO PINGO DE OURO LTDA";"071.740.680/0013-6";"529125";"0";"2011-04-29T00:00:00";"176.14";"0";"176.14";"4";"2011";"0";"";"";"535111";"";"";"";"1970";"2061332";""
"JOSEPH BANDEIRA";"";"4929";"565";"2011";"BA";"PSB";"54";"3";"COMBUSTÍVEIS E LUBRIFICANTES.";"4";"Sem especificações";"AUTO POSTO PINGO DE OURO LTDA";"071.740.680/0013-6";"529126";"0";"2011-04-29T00:00:00";"155.64";"0";"155.64";"4";"2011";"0";"";"";"535111";"";"";"";"1970";"2061333";""
"JOSEPH BANDEIRA";"";"4929";"565";"2011";"BA";"PSB";"54";"3";"COMBUSTÍVEIS E LUBRIFICANTES.";"4";"Sem especificações";"AUTO POSTO PINGO DE OURO LTDA";"071.740.680/0013-6";"529128";"0";"2011-04-29T00:00:00";"187.04";"0";"187.04";"4";"2011";"0";"";"";"535111";"";"";"";"1970";"2061334";""
"JOSEPH BANDEIRA";"";"4929";"565";"2011";"BA";"PSB";"54";"3";"COMBUSTÍVEIS E LUBRIFICANTES.";"4";"Sem especificações";"AUTO POSTO PINGO DE OURO LTDA";"071.740.680/0013-6";"529129";"0";"2011-04-29T00:00:00";"120.1";"0";"120.1";"4";"2011";"0";"";"";"535111";"";"";"";"1970";"2061340";""
"JOSEPH BANDEIRA";"";"4929";"565";"2011";"BA";"PSB";"54";"3";"COMBUSTÍVEIS E LUBRIFICANTES.";"4";"Sem especificações";"AUTO POSTO PINGO DE OURO LTDA";"071.740.680/0013-6";"529539";"0";"2011-04-29T00:00:00";"100";"0";"100";"4";"2011";"0";"";"";"535111";"";"";"";"1970";"2061330";""
"JOSEPH BANDEIRA";"";"4929";"565";"2011";"BA";"PSB";"54";"3";"COMBUSTÍVEIS E LUBRIFICANTES.";"4";"Sem especificações";"AUTO POSTO PINGO DE OURO LTDA";"071.740.680/0013-6";"534182";"0";"2011-05-06T00:00:00";"173.73";"0";"173.73";"5";"2011";"0";"";"";"537551";"";"";"";"1970";"2068838";""
"JOSEPH BANDEIRA";"";"4929";"565";"2011";"BA";"PSB";"54";"3";"COMBUSTÍVEIS E LUBRIFICANTES.";"4";"Sem especificações";"AUTO POSTO PINGO DE OURO LTDA";"071.740.680/0013-6";"553588";"0";"2011-06-12T00:00:00";"120";"0";"120";"6";"2011";"0";"";"";"545365";"";"";"";"1970";"2095150";""
"JOSEPH BANDEIRA";"";"4929";"565";"2011";"BA";"PSB";"54";"3";"COMBUSTÍVEIS E LUBRIFICANTES.";"4";"Sem especificações";"AUTO POSTO PINGO DE OURO LTDA";"071.740.680/0013-6";"557454";"0";"2011-06-26T00:00:00";"80";"0";"80";"6";"2011";"0";"";"";"548160";"";"";"";"1970";"2105102";""
"JOSEPH BANDEIRA";"";"4929";"565";"2011";"BA";"PSB";"54";"3";"COMBUSTÍVEIS E LUBRIFICANTES.";"4";"Sem especificações";"AUTO POSTO PINGO DE OURO LTDA";"071.740.680/0013-6";"564636";"0";"2011-07-23T00:00:00";"568.62";"0";"568.62";"7";"2011";"0";"";"";"553742";"";"";"";"1970";"2123391";""
"JOSEPH BANDEIRA";"";"4929";"565";"2011";"BA";"PSB";"54";"3";"COMBUSTÍVEIS E LUBRIFICANTES.";"4";"Sem especificações";"AUTO POSTO PINGO DE OURO LTDA";"071.740.680/0013-6";"564637";"0";"2011-07-23T00:00:00";"249.65";"0";"249.65";"7";"2011";"0";"";"";"553742";"";"";"";"1970";"2123371";""
"JOSEPH BANDEIRA";"";"4929";"565";"2011";"BA";"PSB";"54";"3";"COMBUSTÍVEIS E LUBRIFICANTES.";"4";"Sem especificações";"AUTO POSTO PINGO DE OURO LTDA";"071.740.680/0013-6";"566301";"0";"2011-07-30T00:00:00";"332.52";"0";"332.52";"7";"2011";"0";"";"";"553740";"";"";"";"1970";"2123093";""
"JOSEPH BANDEIRA";"";"4929";"565";"2011";"BA";"PSB";"54";"3";"COMBUSTÍVEIS E LUBRIFICANTES.";"4";"Sem especificações";"AUTO POSTO PINGO DE OURO LTDA";"071.740.680/0013-6";"566551";"0";"2011-07-30T00:00:00";"232.88";"0";"232.88";"7";"2011";"0";"";"";"553741";"";"";"";"1970";"2123220";""
"JOSEPH BANDEIRA";"";"4929";"565";"2011";"BA";"PSB";"54";"3";"COMBUSTÍVEIS E LUBRIFICANTES.";"4";"Sem especificações";"AUTO POSTO PINGO DE OURO LTDA";"071.740.680/0013-6";"576748";"0";"2011-09-03T00:00:00";"539.02";"0";"539.02";"9";"2011";"0";"";"";"562282";"";"";"";"1970";"2153030";""
"JOSEPH BANDEIRA";"";"4929";"565";"2011";"BA";"PSB";"54";"3";"COMBUSTÍVEIS E LUBRIFICANTES.";"4";"Sem especificações";"AUTO POSTO PINGO DE OURO LTDA";"071.740.680/0013-6";"578820";"0";"2011-09-10T00:00:00";"512.5";"0";"512.5";"9";"2011";"0";"";"";"563606";"";"";"";"1970";"2157049";""
"JOSEPH BANDEIRA";"";"4929";"565";"2011";"BA";"PSB";"54";"3";"COMBUSTÍVEIS E LUBRIFICANTES.";"4";"Sem especificações";"AUTO POSTO PINGO DE OURO LTDA";"071.740.680/0013-6";"578856";"0";"2011-09-10T00:00:00";"158";"0";"158";"9";"2011";"0";"";"";"563606";"";"";"";"1970";"2157033";""
"JOSEPH BANDEIRA";"";"4929";"565";"2011";"BA";"PSB";"54";"3";"COMBUSTÍVEIS E LUBRIFICANTES.";"4";"Sem especificações";"AUTO POSTO PINGO DE OURO LTDA";"071.740.680/0013-6";"580752";"0";"2011-09-16T00:00:00";"40";"0";"40";"9";"2011";"0";"";"";"565621";"";"";"";"1970";"2164605";""
"JOSEPH BANDEIRA";"";"4929";"565";"2011";"BA";"PSB";"54";"3";"COMBUSTÍVEIS E LUBRIFICANTES.";"4";"Sem especificações";"AUTO POSTO PINGO DE OURO LTDA";"071.740.680/0013-6";"581229";"1";"2011-09-18T00:00:00";"315.54";"271.26";"44.28";"9";"2011";"0";"";"";"565622";"";"";"";"1970";"2164618";""
"JOSEPH BANDEIRA";"";"4929";"565";"2011";"BA";"PSB";"54";"3";"COMBUSTÍVEIS E LUBRIFICANTES.";"4";"Sem especificações";"AUTO POSTO PINGO DE OURO LTDA";"071.740.680/0013-6";"585561";"0";"2011-10-01T00:00:00";"197.16";"0";"197.16";"10";"2011";"0";"";"";"568117";"";"";"";"1970";"2173330";""
"JOSEPH BANDEIRA";"";"4929";"565";"2011";"BA";"PSB";"54";"3";"COMBUSTÍVEIS E LUBRIFICANTES.";"4";"Sem especificações";"AUTO POSTO PINGO DE OURO LTDA";"071.740.680/0013-6";"585949";"0";"2011-10-02T00:00:00";"157.12";"0";"157.12";"10";"2011";"0";"";"";"568117";"";"";"";"1970";"2173305";""
"JOSEPH BANDEIRA";"";"4929";"565";"2011";"BA";"PSB";"54";"3";"COMBUSTÍVEIS E LUBRIFICANTES.";"4";"Sem especificações";"AUTO POSTO PINGO DE OURO LTDA";"071.740.680/0013-6";"585993";"0";"2011-10-02T00:00:00";"110.12";"0";"110.12";"10";"2011";"0";"";"";"568117";"";"";"";"1970";"2173314";""
"JOSEPH BANDEIRA";"";"4929";"565";"2011";"BA";"PSB";"54";"3";"COMBUSTÍVEIS E LUBRIFICANTES.";"4";"Sem especificações";"AUTO POSTO PINGO DE OURO LTDA";"071.740.680/0013-6";"586055";"0";"2011-10-02T00:00:00";"227.38";"0";"227.38";"10";"2011";"0";"";"";"568117";"";"";"";"1970";"2173320";""
"JOSEPH BANDEIRA";"";"4929";"565";"2011";"BA";"PSB";"54";"3";"COMBUSTÍVEIS E LUBRIFICANTES.";"4";"Sem especificações";"AUTO POSTO PINGO DE OURO LTDA";"071.740.680/0013-6";"587732";"0";"2011-10-08T00:00:00";"101.09";"0";"101.09";"10";"2011";"0";"";"";"569554";"";"";"";"1970";"2177598";""
"JOSEPH BANDEIRA";"";"4929";"565";"2011";"BA";"PSB";"54";"3";"COMBUSTÍVEIS E LUBRIFICANTES.";"4";"Sem especificações";"AUTO POSTO PINGO DE OURO LTDA";"071.740.680/0013-6";"588936";"0";"2011-10-13T00:00:00";"107.16";"0";"107.16";"10";"2011";"0";"";"";"570562";"";"";"";"1970";"2180824";""
"JOSEPH BANDEIRA";"";"4929";"565";"2011";"BA";"PSB";"54";"3";"COMBUSTÍVEIS E LUBRIFICANTES.";"4";"Sem especificações";"AUTO POSTO PINGO DE OURO LTDA";"071.740.680/0013-6";"589615";"0";"2011-10-16T01:00:00";"352.79";"0";"352.79";"10";"2011";"0";"";"";"570562";"";"";"";"1970";"2180838";""
"JOSEPH BANDEIRA";"";"4929";"565";"2011";"BA";"PSB";"54";"3";"COMBUSTÍVEIS E LUBRIFICANTES.";"4";"Sem especificações";"AUTO POSTO PINGO DE OURO LTDA";"071.740.680/0013-6";"589619";"0";"2011-10-16T01:00:00";"360.91";"0";"360.91";"10";"2011";"0";"";"";"570562";"";"";"";"1970";"2180830";""
"JOSEPH BANDEIRA";"";"4929";"565";"2011";"BA";"PSB";"54";"3";"COMBUSTÍVEIS E LUBRIFICANTES.";"4";"Sem especificações";"AUTO POSTO PINGO DE OURO LTDA";"071.740.680/0013-6";"596682";"0";"2011-11-11T00:00:00";"153";"0";"153";"11";"2011";"0";"";"";"577501";"";"";"";"1970";"2203991";""
"JOSEPH BANDEIRA";"";"4929";"565";"2011";"BA";"PSB";"54";"3";"COMBUSTÍVEIS E LUBRIFICANTES.";"4";"Sem especificações";"AUTO POSTO PINGO DE OURO LTDA";"071.740.680/0013-6";"596814";"0";"2011-11-12T00:00:00";"319.5";"0";"319.5";"11";"2011";"0";"";"";"577501";"";"";"";"1970";"2203994";""
"JOSEPH BANDEIRA";"";"4929";"565";"2011";"BA";"PSB";"54";"3";"COMBUSTÍVEIS E LUBRIFICANTES.";"4";"Sem especificações";"AUTO POSTO PINGO DE OURO LTDA";"071.740.680/0013-6";"596972";"0";"2011-11-12T00:00:00";"100.76";"0";"100.76";"11";"2011";"0";"";"";"577502";"";"";"";"1970";"2204014";""
"JOSEPH BANDEIRA";"";"4929";"565";"2011";"BA";"PSB";"54";"3";"COMBUSTÍVEIS E LUBRIFICANTES.";"4";"Sem especificações";"AUTO POSTO PINGO DE OURO LTDA";"071.740.680/0013-6";"597170";"0";"2011-11-13T00:00:00";"151.71";"0";"151.71";"11";"2011";"0";"";"";"577501";"";"";"";"1970";"2203990";""
"JOSEPH BANDEIRA";"";"4929";"565";"2011";"BA";"PSB";"54";"3";"COMBUSTÍVEIS E LUBRIFICANTES.";"4";"Sem especificações";"AUTO POSTO PINGO DE OURO LTDA";"071.740.680/0013-6";"597175";"0";"2011-11-13T00:00:00";"143.23";"0";"143.23";"11";"2011";"0";"";"";"577502";"";"";"";"1970";"2204012";""
"JOSEPH BANDEIRA";"";"4929";"565";"2011";"BA";"PSB";"54";"3";"COMBUSTÍVEIS E LUBRIFICANTES.";"4";"Sem especificações";"AUTO POSTO PINGO DE OURO LTDA";"071.740.680/0013-6";"598912";"0";"2011-11-20T00:00:00";"90.17";"0";"90.17";"11";"2011";"0";"";"";"578191";"";"";"";"1970";"2206459";""
"JOSEPH BANDEIRA";"";"4929";"565";"2011";"BA";"PSB";"54";"3";"COMBUSTÍVEIS E LUBRIFICANTES.";"4";"Sem especificações";"AUTO POSTO PINGO DE OURO LTDA";"071.740.680/0013-6";"601098";"0";"2011-11-27T00:00:00";"194.58";"0";"194.58";"11";"2011";"0";"";"";"579934";"";"";"";"1970";"2212778";""
"JOSEPH BANDEIRA";"";"4929";"565";"2011";"BA";"PSB";"54";"3";"COMBUSTÍVEIS E LUBRIFICANTES.";"4";"Sem especificações";"AUTO POSTO PINGO DE OURO LTDA";"071.740.680/0013-6";"605688";"0";"2011-12-09T00:00:00";"162.27";"0";"162.27";"12";"2011";"0";"";"";"583455";"";"";"";"1970";"2223443";""
"JOSEPH BANDEIRA";"";"4929";"565";"2011";"BA";"PSB";"54";"3";"COMBUSTÍVEIS E LUBRIFICANTES.";"4";"Sem especificações";"AUTO POSTO PINGO DE OURO LTDA";"071.740.680/0013-6";"606379";"0";"2011-12-11T00:00:00";"277.9";"0";"277.9";"12";"2011";"0";"";"";"583455";"";"";"";"1970";"2223448";""
"JOSEPH BANDEIRA";"";"4929";"565";"2011";"BA";"PSB";"54";"3";"COMBUSTÍVEIS E LUBRIFICANTES.";"4";"Sem especificações";"AUTO POSTO PINGO DE OURO LTDA";"071.740.680/0013-6";"609142";"0";"2011-12-18T00:00:00";"91.38";"87.35";"4.03";"12";"2011";"0";"";"";"584723";"";"";"";"1970";"2227426";""
"JOSEPH BANDEIRA";"";"4929";"565";"2011";"BA";"PSB";"54";"3";"COMBUSTÍVEIS E LUBRIFICANTES.";"4";"Sem especificações";"AUTO POSTO PINGO DE OURO LTDA";"071.740.680/0013-6";"609152";"0";"2011-12-18T00:00:00";"549.36";"0";"549.36";"12";"2011";"0";"";"";"584723";"";"";"";"1970";"2227381";""
"JOSEPH BANDEIRA";"";"4929";"565";"2011";"BA";"PSB";"54";"3";"COMBUSTÍVEIS E LUBRIFICANTES.";"4";"Sem especificações";"AUTO POSTO PINGO DE OURO LTDA";"071.740.680/0013-6";"609180";"0";"2011-12-18T00:00:00";"229.4";"0";"229.4";"12";"2011";"0";"";"";"584723";"";"";"";"1970";"2227395";""
"JOSEPH BANDEIRA";"";"4929";"565";"2011";"BA";"PSB";"54";"3";"COMBUSTÍVEIS E LUBRIFICANTES.";"4";"Sem especificações";"AUTO POSTO PINHEIRO";"054.436.640/0014-9";"265152";"0";"2011-06-08T00:00:00";"207.48";"0";"207.48";"6";"2011";"0";"";"";"545365";"";"";"";"1970";"2095146";""
"JOSEPH BANDEIRA";"";"4929";"565";"2011";"BA";"PSB";"54";"3";"COMBUSTÍVEIS E LUBRIFICANTES.";"4";"Sem especificações";"AUTO POSTO PINHEIRO";"054.436.640/0014-9";"285169";"0";"2011-08-01T00:00:00";"160.19";"0";"160.19";"8";"2011";"0";"";"";"553737";"";"";"";"1970";"2123336";""
"JOSEPH BANDEIRA";"";"4929";"565";"2011";"BA";"PSB";"54";"3";"COMBUSTÍVEIS E LUBRIFICANTES.";"4";"Sem especificações";"AUTO POSTO UNIVERSIDADE LTDA";"053.360.710/0018-3";"249763";"0";"2011-09-03T00:00:00";"295.01";"0";"295.01";"9";"2011";"0";"";"";"562282";"";"";"";"1970";"2153039";""
"JOSEPH BANDEIRA";"";"4929";"565";"2011";"BA";"PSB";"54";"3";"COMBUSTÍVEIS E LUBRIFICANTES.";"4";"Sem especificações";"AUTO POSTO UNIVERSIDADE LTDA";"053.360.710/0018-3";"249817";"0";"2011-09-03T00:00:00";"155.01";"0";"155.01";"9";"2011";"0";"";"";"562282";"";"";"";"1970";"2153036";""
"JOSEPH BANDEIRA";"";"4929";"565";"2011";"BA";"PSB";"54";"3";"COMBUSTÍVEIS E LUBRIFICANTES.";"4";"Sem especificações";"AUTO POSTO UNIVERSIDADE LTDA";"053.360.710/0018-3";"260432";"0";"2011-10-12T00:00:00";"50";"0";"50";"10";"2011";"0";"";"";"570564";"";"";"";"1970";"2180907";""
"JOSEPH BANDEIRA";"";"4929";"565";"2011";"BA";"PSB";"54";"3";"COMBUSTÍVEIS E LUBRIFICANTES.";"4";"Sem especificações";"AUTO POSTO UNIVERSIDADE LTDA";"053.360.710/0018-3";"265950";"0";"2011-11-01T00:00:00";"50";"0";"50";"11";"2011";"0";"";"";"577501";"";"";"";"1970";"2204003";""
"JOSEPH BANDEIRA";"";"4929";"565";"2011";"BA";"PSB";"54";"3";"COMBUSTÍVEIS E LUBRIFICANTES.";"4";"Sem especificações";"AUTO POSTO UNIVERSIDADE LTDA";"053.360.710/0018-3";"267252";"0";"2011-11-05T00:00:00";"40";"0";"40";"11";"2011";"0";"";"";"577502";"";"";"";"1970";"2204010";""
"JOSEPH BANDEIRA";"";"4929";"565";"2011";"BA";"PSB";"54";"3";"COMBUSTÍVEIS E LUBRIFICANTES.";"4";"Sem especificações";"AUTO POSTO UNIVERSIDADE LTDA";"053.360.710/0018-3";"272487";"0";"2011-11-24T00:00:00";"70.04";"0";"70.04";"11";"2011";"0";"";"";"580364";"";"";"";"1970";"2214204";""
"JOSEPH BANDEIRA";"";"4929";"565";"2011";"BA";"PSB";"54";"3";"COMBUSTÍVEIS E LUBRIFICANTES.";"4";"Sem especificações";"AUTO POSTO UNIVERSIDADE LTDA";"053.360.710/0018-3";"276935";"0";"2011-12-10T00:00:00";"250.03";"0";"250.03";"12";"2011";"0";"";"";"583455";"";"";"";"1970";"2223456";""
"JOSEPH BANDEIRA";"";"4929";"565";"2011";"BA";"PSB";"54";"3";"COMBUSTÍVEIS E LUBRIFICANTES.";"4";"Sem especificações";"BRASAL COMBUSTÍVEIS LTDA";"000.976.260/0040-0";"089881";"0";"2011-05-04T00:00:00";"125.78";"0";"125.78";"5";"2011";"0";"";"";"537551";"";"";"";"1970";"2068817";""
"JOSEPH BANDEIRA";"";"4929";"565";"2011";"BA";"PSB";"54";"3";"COMBUSTÍVEIS E LUBRIFICANTES.";"4";"Sem especificações";"BRASAL COMBUSTIVEIS LTDA";"000.976.260/0040-0";"205688";"0";"2011-11-21T00:00:00";"82.05";"0";"82.05";"11";"2011";"0";"";"";"578191";"";"";"";"1970";"2206448";""
"JOSEPH BANDEIRA";"";"4929";"565";"2011";"BA";"PSB";"54";"3";"COMBUSTÍVEIS E LUBRIFICANTES.";"4";"Sem especificações";"CAL COMBUSTÍVEIS AUTOMOTIVO LTDA";"003.735.890/0050-5";"016189";"0";"2011-07-06T00:00:00";"67.18";"0";"67.18";"7";"2011";"0";"";"";"550203";"";"";"";"1970";"2111687";""
"JOSEPH BANDEIRA";"";"4929";"565";"2011";"BA";"PSB";"54";"3";"COMBUSTÍVEIS E LUBRIFICANTES.";"4";"Sem especificações";"CAL COMBUSTIVEIS AUTOMOTIVOS LTDA";"003.735.890/0041-6";"028615";"0";"2011-09-01T00:00:00";"77.26";"0";"77.26";"9";"2011";"0";"";"";"562282";"";"";"";"1970";"2153010";""
"JOSEPH BANDEIRA";"";"4929";"565";"2011";"BA";"PSB";"54";"3";"COMBUSTÍVEIS E LUBRIFICANTES.";"4";"Sem especificações";"CAL COMBUSTÍVEIS AUTOMOTIVOS LTDA";"003.735.890/0050-5";"022439";"0";"2011-11-21T00:00:00";"132.98";"0";"132.98";"11";"2011";"0";"";"";"579934";"";"";"";"1970";"2212772";""
"JOSEPH BANDEIRA";"";"4929";"565";"2011";"BA";"PSB";"54";"3";"COMBUSTÍVEIS E LUBRIFICANTES.";"4";"Sem especificações";"CASCOL COMBUSTÍVEIS PARA VEÍCULOS LTDA";"003.065.970/0044-0";"81526";"0";"2011-06-22T00:00:00";"134";"0";"134";"6";"2011";"0";"";"";"548161";"";"";"";"1970";"2105168";""
"JOSEPH BANDEIRA";"";"4929";"565";"2011";"BA";"PSB";"54";"3";"COMBUSTÍVEIS E LUBRIFICANTES.";"4";"Sem especificações";"CELTA COMERCIAL LTDA";"024.969.760/0012-2";"082497";"0";"2011-07-29T00:00:00";"123.07";"0";"123.07";"7";"2011";"0";"";"";"553740";"";"";"";"1970";"2123149";""
"JOSEPH BANDEIRA";"";"4929";"565";"2011";"BA";"PSB";"54";"3";"COMBUSTÍVEIS E LUBRIFICANTES.";"4";"Sem especificações";"DINIZ CAVALCANTI & FILHOS";"107.288.300/0035-5";"050702";"0";"2011-09-10T00:00:00";"146";"0";"146";"9";"2011";"0";"";"";"563608";"";"";"";"1970";"2157175";""
"JOSEPH BANDEIRA";"";"4929";"565";"2011";"BA";"PSB";"54";"3";"COMBUSTÍVEIS E LUBRIFICANTES.";"4";"Sem especificações";"DINIZ CAVALCANTI & FILHOS LTDA";"107.288.300/0035-5";"026960";"0";"2011-05-16T00:00:00";"68";"0";"68";"5";"2011";"0";"";"";"539257";"";"";"";"1970";"2074573";""
"JOSEPH BANDEIRA";"";"4929";"565";"2011";"BA";"PSB";"54";"3";"COMBUSTÍVEIS E LUBRIFICANTES.";"4";"Sem especificações";"DINIZ CAVALCANTI & FILHOS LTDA";"107.288.300/0035-5";"035475";"0";"2011-06-27T00:00:00";"72.04";"0";"72.04";"6";"2011";"0";"";"";"548160";"";"";"";"1970";"2105068";""
"JOSEPH BANDEIRA";"";"4929";"565";"2011";"BA";"PSB";"54";"3";"COMBUSTÍVEIS E LUBRIFICANTES.";"4";"Sem especificações";"DINIZ CAVALCANTI & FILHOS LTDA";"107.288.300/0035-5";"050836";"0";"2011-09-11T00:00:00";"65";"0";"65";"9";"2011";"0";"";"";"563608";"";"";"";"1970";"2157182";""
"JOSEPH BANDEIRA";"";"4929";"565";"2011";"BA";"PSB";"54";"3";"COMBUSTÍVEIS E LUBRIFICANTES.";"4";"Sem especificações";"HIPER POSTO CAMINHO DAS ÁRVORES LTDA";"342.767.660/0011-5";"009549";"0";"2011-05-23T00:00:00";"345.21";"0";"345.21";"5";"2011";"0";"";"";"540059";"";"";"";"1970";"2077522";""
"JOSEPH BANDEIRA";"";"4929";"565";"2011";"BA";"PSB";"54";"3";"COMBUSTÍVEIS E LUBRIFICANTES.";"4";"Sem especificações";"HIPER POSTO CAMINHO DAS ÁRVORES LTDA";"342.767.660/0011-5";"137722";"0";"2011-03-31T00:00:00";"145";"0";"145";"3";"2011";"0";"";"";"529025";"";"";"";"1970";"2041263";""
"JOSEPH BANDEIRA";"";"4929";"565";"2011";"BA";"PSB";"54";"3";"COMBUSTÍVEIS E LUBRIFICANTES.";"4";"Sem especificações";"HIPER POSTO CAMINHO DAS ARVORES LTDA";"342.767.660/0011-5";"138796";"0";"2011-04-04T00:00:00";"130";"0";"130";"4";"2011";"0";"";"";"529030";"";"";"";"1970";"2041321";""
"JOSEPH BANDEIRA";"";"4929";"565";"2011";"BA";"PSB";"54";"3";"COMBUSTÍVEIS E LUBRIFICANTES.";"4";"Sem especificações";"MELHOR DE COMBUSTÍVEIS LTDA";"029.896.540/0119-7";"83122";"0";"2011-11-24T00:00:00";"43.01";"0";"43.01";"11";"2011";"0";"";"";"579933";"";"";"";"1970";"2212749";""
"JOSEPH BANDEIRA";"";"4929";"565";"2011";"BA";"PSB";"54";"3";"COMBUSTÍVEIS E LUBRIFICANTES.";"4";"Sem especificações";"MELHOR POSTO DE COMBUSTIVEIS LTDA";"029.896.540/0119-7";"78071";"0";"2011-09-01T00:00:00";"71.14";"0";"71.14";"9";"2011";"0";"";"";"562283";"";"";"";"1970";"2153096";""
"JOSEPH BANDEIRA";"";"4929";"565";"2011";"BA";"PSB";"54";"3";"COMBUSTÍVEIS E LUBRIFICANTES.";"4";"Sem especificações";"MELHOR POSTO DE COMBUSTÍVEIS LTDA";"029.896.540/0119-7";"80540";"0";"2011-10-11T00:00:00";"97.73";"0";"97.73";"10";"2011";"0";"";"";"570562";"";"";"";"1970";"2180816";""
"JOSEPH BANDEIRA";"";"4929";"565";"2011";"BA";"PSB";"54";"3";"COMBUSTÍVEIS E LUBRIFICANTES.";"4";"Sem especificações";"MELHOR POSTO DE COMBUSTÍVEIS LTDA";"029.896.540/0119-7";"82785";"0";"2011-11-18T00:00:00";"109.01";"0";"109.01";"11";"2011";"0";"";"";"578192";"";"";"";"1970";"2206571";""
"JOSEPH BANDEIRA";"";"4929";"565";"2011";"BA";"PSB";"54";"3";"COMBUSTÍVEIS E LUBRIFICANTES.";"4";"Sem especificações";"MELHOR POSTO DE COMBUSTÍVEL LTDA";"029.896.540/0119-7";"80228";"0";"2011-10-04T00:00:00";"88.61";"0";"88.61";"10";"2011";"0";"";"";"569554";"";"";"";"1970";"2177603";""
"JOSEPH BANDEIRA";"";"4929";"565";"2011";"BA";"PSB";"54";"3";"COMBUSTÍVEIS E LUBRIFICANTES.";"4";"Sem especificações";"PETROPOSTOS LTDA";"090.552.530/0021-8";"346993";"0";"2011-05-19T00:00:00";"71.99";"0";"71.99";"5";"2011";"0";"";"";"540059";"";"";"";"1970";"2077525";""
"JOSEPH BANDEIRA";"";"4929";"565";"2011";"BA";"PSB";"54";"3";"COMBUSTÍVEIS E LUBRIFICANTES.";"4";"Sem especificações";"PETROPOSTOS LTDA";"090.552.530/0021-8";"418262";"0";"2011-11-12T00:00:00";"100";"0";"100";"11";"2011";"0";"";"";"577502";"";"";"";"1970";"2204023";""
"JOSEPH BANDEIRA";"";"4929";"565";"2011";"BA";"PSB";"54";"3";"COMBUSTÍVEIS E LUBRIFICANTES.";"4";"Sem especificações";"PETROPOSTOS LTDA";"090.552.530/0048-0";"015489";"0";"2011-11-20T00:00:00";"75.02";"70.59";"4.43";"11";"2011";"0";"";"";"580364";"";"";"";"1970";"2214207";""
"JOSEPH BANDEIRA";"";"4929";"565";"2011";"BA";"PSB";"54";"3";"COMBUSTÍVEIS E LUBRIFICANTES.";"4";"Sem especificações";"PETROPOSTOS LTDA";"090.552.530/0048-0";"019741";"0";"2011-12-17T00:00:00";"158.02";"0";"158.02";"12";"2011";"0";"";"";"584723";"";"";"";"1970";"2227407";""
"JOSEPH BANDEIRA";"";"4929";"565";"2011";"BA";"PSB";"54";"3";"COMBUSTÍVEIS E LUBRIFICANTES.";"4";"Sem especificações";"POSTO AEROPORTO";"082.021.160/0011-5";"27890";"0";"2011-05-17T00:00:00";"59.68";"0";"59.68";"5";"2011";"0";"";"";"539257";"";"";"";"1970";"2074590";""
"JOSEPH BANDEIRA";"";"4929";"565";"2011";"BA";"PSB";"54";"3";"COMBUSTÍVEIS E LUBRIFICANTES.";"4";"Sem especificações";"POSTO AEROPORTO";"082.021.160/0011-5";"28191";"0";"2011-05-24T00:00:00";"118.14";"0";"118.14";"5";"2011";"0";"";"";"540059";"";"";"";"1970";"2077544";""
"JOSEPH BANDEIRA";"";"4929";"565";"2011";"BA";"PSB";"54";"3";"COMBUSTÍVEIS E LUBRIFICANTES.";"4";"Sem especificações";"POSTO AEROPORTO";"082.021.160/0011-5";"31256";"0";"2011-10-04T00:00:00";"109.66";"0";"109.66";"10";"2011";"0";"";"";"568118";"";"";"";"1970";"2173344";""
"JOSEPH BANDEIRA";"";"4929";"565";"2011";"BA";"PSB";"54";"3";"COMBUSTÍVEIS E LUBRIFICANTES.";"4";"Sem especificações";"POSTO AEROPORTO";"082.021.160/0011-5";"31802";"0";"2011-11-01T00:00:00";"87";"0";"87";"11";"2011";"0";"";"";"575329";"";"";"";"1970";"2197008";""
"JOSEPH BANDEIRA";"";"4929";"565";"2011";"BA";"PSB";"54";"3";"COMBUSTÍVEIS E LUBRIFICANTES.";"4";"Sem especificações";"POSTO AVENIDA HELIO PRATES LTDA";"104.591.680/0011-3";"270436";"0";"2011-11-06T00:00:00";"21.56";"0";"21.56";"11";"2011";"0";"";"";"576548";"";"";"";"1970";"2201003";""
"JOSEPH BANDEIRA";"";"4929";"565";"2011";"BA";"PSB";"54";"3";"COMBUSTÍVEIS E LUBRIFICANTES.";"4";"Sem especificações";"POSTO BAHIA";"030.447.460/0019-5";"176626";"0";"2011-10-09T00:00:00";"50.02";"0";"50.02";"10";"2011";"0";"";"";"570564";"";"";"";"1970";"2180901";""
"JOSEPH BANDEIRA";"";"4929";"565";"2011";"BA";"PSB";"54";"3";"COMBUSTÍVEIS E LUBRIFICANTES.";"4";"Sem especificações";"POSTO BRASAL";"000.976.260/0040-0";"357689";"0";"2011-09-15T00:00:00";"128.97";"0";"128.97";"9";"2011";"0";"";"";"564697";"";"";"";"1970";"2161211";""
"JOSEPH BANDEIRA";"";"4929";"565";"2011";"BA";"PSB";"54";"3";"COMBUSTÍVEIS E LUBRIFICANTES.";"4";"Sem especificações";"POSTO CIDADE";"035.499.250/0018-4";"366294";"0";"2011-05-22T00:00:00";"120.02";"0";"120.02";"5";"2011";"0";"";"";"540059";"";"";"";"1970";"2077531";""
"JOSEPH BANDEIRA";"";"4929";"565";"2011";"BA";"PSB";"54";"3";"COMBUSTÍVEIS E LUBRIFICANTES.";"4";"Sem especificações";"POSTO CIDADE II";"035.499.250/0026-5";"200734";"0";"2011-07-03T00:00:00";"215.24";"0";"215.24";"7";"2011";"0";"";"";"550204";"";"";"";"1970";"2111713";""
"JOSEPH BANDEIRA";"";"4929";"565";"2011";"BA";"PSB";"54";"3";"COMBUSTÍVEIS E LUBRIFICANTES.";"4";"Sem especificações";"POSTO CIDADE II";"035.499.250/0026-5";"200738";"0";"2011-07-03T00:00:00";"141.23";"0";"141.23";"7";"2011";"0";"";"";"550203";"";"";"";"1970";"2111711";""
"JOSEPH BANDEIRA";"";"4929";"565";"2011";"BA";"PSB";"54";"3";"COMBUSTÍVEIS E LUBRIFICANTES.";"4";"Sem especificações";"POSTO DE SERVIÇOS NOVA CASTELO LTDA";"605.798.360/0011-4";"619180";"0";"2011-04-22T00:00:00";"96";"0";"96";"4";"2011";"0";"";"";"533230";"";"";"";"1970";"2055167";""
"JOSEPH BANDEIRA";"";"4929";"565";"2011";"BA";"PSB";"54";"3";"COMBUSTÍVEIS E LUBRIFICANTES.";"4";"Sem especificações";"POSTO DONA MARIA MOTA";"134.355.240/0015-7";"029858";"0";"2011-07-17T00:00:00";"111";"0";"111";"7";"2011";"0";"";"";"553415";"";"";"";"1970";"2122224";""
"JOSEPH BANDEIRA";"";"4929";"565";"2011";"BA";"PSB";"54";"3";"COMBUSTÍVEIS E LUBRIFICANTES.";"4";"Sem especificações";"POSTO DONA MARIA MOURA";"134.355.240/0015-7";"021730";"0";"2011-04-18T00:00:00";"112.02";"0";"112.02";"4";"2011";"0";"";"";"532159";"";"";"";"1970";"2051083";""
"JOSEPH BANDEIRA";"";"4929";"565";"2011";"BA";"PSB";"54";"3";"COMBUSTÍVEIS E LUBRIFICANTES.";"4";"Sem especificações";"POSTO DOURADO";"034.603.270/0013-4";"048290";"0";"2011-07-23T00:00:00";"134.01";"0";"134.01";"7";"2011";"0";"";"";"553742";"";"";"";"1970";"2123342";""
"JOSEPH BANDEIRA";"";"4929";"565";"2011";"BA";"PSB";"54";"3";"COMBUSTÍVEIS E LUBRIFICANTES.";"4";"Sem especificações";"POSTO DOURADO";"034.603.270/0013-4";"052804";"0";"2011-09-01T00:00:00";"40";"0";"40";"9";"2011";"0";"";"";"562282";"";"";"";"1970";"2153012";""
"JOSEPH BANDEIRA";"";"4929";"565";"2011";"BA";"PSB";"54";"3";"COMBUSTÍVEIS E LUBRIFICANTES.";"4";"Sem especificações";"POSTO ITAMARATY LTDA";"003.148.310/0013-8";"27544";"0";"2011-05-02T00:00:00";"101.17";"0";"101.17";"5";"2011";"0";"";"";"535109";"";"";"";"1970";"2061394";""
"JOSEPH BANDEIRA";"";"4929";"565";"2011";"BA";"PSB";"54";"3";"COMBUSTÍVEIS E LUBRIFICANTES.";"4";"Sem especificações";"POSTO JAPÚ";"108.062.780/0037-6";"049264";"0";"2011-10-02T00:00:00";"223";"0";"223";"10";"2011";"0";"";"";"568117";"";"";"";"1970";"2173335";""
"JOSEPH BANDEIRA";"";"4929";"565";"2011";"BA";"PSB";"54";"3";"COMBUSTÍVEIS E LUBRIFICANTES.";"4";"Sem especificações";"POSTO JC";"090.036.960/0018-4";"4922";"0";"2011-07-26T00:00:00";"80";"0";"80";"7";"2011";"0";"";"";"557146";"";"";"";"1970";"2135269";""
"JOSEPH BANDEIRA";"";"4929";"565";"2011";"BA";"PSB";"54";"3";"COMBUSTÍVEIS E LUBRIFICANTES.";"4";"Sem especificações";"POSTO JUAZEIRO";"139.982.570/0055-0";"143879";"0";"2011-03-20T00:00:00";"132.68";"0";"132.68";"3";"2011";"0";"";"";"526169";"";"";"";"1970";"2031197";""
"JOSEPH BANDEIRA";"";"4929";"565";"2011";"BA";"PSB";"54";"3";"COMBUSTÍVEIS E LUBRIFICANTES.";"4";"Sem especificações";"POSTO JUAZEIRO";"139.982.570/0055-0";"145422";"1";"2011-03-27T00:00:00";"311.36";"0";"311.36";"3";"2011";"0";"";"";"527399";"";"";"";"1970";"2035827";""
"JOSEPH BANDEIRA";"";"4929";"565";"2011";"BA";"PSB";"54";"3";"COMBUSTÍVEIS E LUBRIFICANTES.";"4";"Sem especificações";"POSTO JUAZEIRO";"139.982.570/0055-0";"149563";"0";"2011-04-17T00:00:00";"88.05";"0";"88.05";"4";"2011";"0";"";"";"532159";"";"";"";"1970";"2051086";""
"JOSEPH BANDEIRA";"";"4929";"565";"2011";"BA";"PSB";"54";"3";"COMBUSTÍVEIS E LUBRIFICANTES.";"4";"Sem especificações";"POSTO JUAZEIRO";"139.982.570/0055-0";"150709";"0";"2011-04-24T00:00:00";"130";"0";"130";"4";"2011";"0";"";"";"533229";"";"";"";"1970";"2055035";""
"JOSEPH BANDEIRA";"";"4929";"565";"2011";"BA";"PSB";"54";"3";"COMBUSTÍVEIS E LUBRIFICANTES.";"4";"Sem especificações";"POSTO JUAZEIRO";"139.982.570/0055-0";"151974";"0";"2011-05-01T00:00:00";"104.03";"0";"104.03";"5";"2011";"0";"";"";"535109";"";"";"";"1970";"2061353";""
"JOSEPH BANDEIRA";"";"4929";"565";"2011";"BA";"PSB";"54";"3";"COMBUSTÍVEIS E LUBRIFICANTES.";"4";"Sem especificações";"POSTO JUAZEIRO";"139.982.570/0055-0";"159697";"0";"2011-06-13T00:00:00";"428.16";"0";"428.16";"6";"2011";"0";"";"";"545365";"";"";"";"1970";"2095155";""
"JOSEPH BANDEIRA";"";"4929";"565";"2011";"BA";"PSB";"54";"3";"COMBUSTÍVEIS E LUBRIFICANTES.";"4";"Sem especificações";"POSTO JUSTINO MOTA";"032.640.120/0011-1";"006182";"0";"2011-06-11T00:00:00";"100";"0";"100";"6";"2011";"0";"";"";"545365";"";"";"";"1970";"2095120";""
"JOSEPH BANDEIRA";"";"4929";"565";"2011";"BA";"PSB";"54";"3";"COMBUSTÍVEIS E LUBRIFICANTES.";"4";"Sem especificações";"POSTO JUSTINO MOTA";"032.640.120/0011-1";"010759";"0";"2011-09-07T00:00:00";"40";"0";"40";"9";"2011";"0";"";"";"563606";"";"";"";"1970";"2157042";""
"JOSEPH BANDEIRA";"";"4929";"565";"2011";"BA";"PSB";"54";"3";"COMBUSTÍVEIS E LUBRIFICANTES.";"4";"Sem especificações";"POSTO JUSTINO MOTA";"032.640.120/0011-1";"010760";"0";"2011-09-07T00:00:00";"260";"0";"260";"9";"2011";"0";"";"";"563606";"";"";"";"1970";"2157039";""
"JOSEPH BANDEIRA";"";"4929";"565";"2011";"BA";"PSB";"54";"3";"COMBUSTÍVEIS E LUBRIFICANTES.";"4";"Sem especificações";"POSTO PAIZÃO";"700.815.180/0018-2";"065320";"0";"2011-09-07T00:00:00";"40";"0";"40";"9";"2011";"0";"";"";"563606";"";"";"";"1970";"2157053";""
"JOSEPH BANDEIRA";"";"4929";"565";"2011";"BA";"PSB";"54";"3";"COMBUSTÍVEIS E LUBRIFICANTES.";"4";"Sem especificações";"POSTO PAIZÃO";"700.815.180/0018-2";"221107";"0";"2011-09-07T00:00:00";"260.01";"0";"260.01";"9";"2011";"0";"";"";"563606";"";"";"";"1970";"2157052";""
"JOSEPH BANDEIRA";"";"4929";"565";"2011";"BA";"PSB";"54";"3";"COMBUSTÍVEIS E LUBRIFICANTES.";"4";"Sem especificações";"POSTO PETROLINA";"061.881.790/0013-9";"392819";"0";"2011-05-14T00:00:00";"204.18";"0";"204.18";"5";"2011";"0";"";"";"539257";"";"";"";"1970";"2074576";""
"JOSEPH BANDEIRA";"";"4929";"565";"2011";"BA";"PSB";"54";"3";"COMBUSTÍVEIS E LUBRIFICANTES.";"4";"Sem especificações";"POSTO SANTA CLARA";"094.692.730/0015-4";"238843";"0";"2011-07-03T00:00:00";"111.02";"0";"111.02";"7";"2011";"0";"";"";"550203";"";"";"";"1970";"2111675";""
"JOSEPH BANDEIRA";"";"4929";"565";"2011";"BA";"PSB";"54";"3";"COMBUSTÍVEIS E LUBRIFICANTES.";"4";"Sem especificações";"POSTO SANTA CLARA";"094.692.730/0015-4";"282757";"0";"2011-11-13T00:00:00";"101";"0";"101";"11";"2011";"0";"";"";"577503";"";"";"";"1970";"2204031";""
"JOSEPH BANDEIRA";"";"4929";"565";"2011";"BA";"PSB";"54";"3";"COMBUSTÍVEIS E LUBRIFICANTES.";"4";"Sem especificações";"POSTO SANTA CLARA";"094.692.730/0015-4";"282758";"0";"2011-11-13T00:00:00";"100";"0";"100";"11";"2011";"0";"";"";"577502";"";"";"";"1970";"2204019";""
"JOSEPH BANDEIRA";"";"4929";"565";"2011";"BA";"PSB";"54";"3";"COMBUSTÍVEIS E LUBRIFICANTES.";"4";"Sem especificações";"POSTO SURUBIM";"052.839.630/0016-3";"168868";"0";"2011-07-17T00:00:00";"122.02";"0.02";"122";"7";"2011";"0";"";"";"553415";"";"";"";"1970";"2122220";""
"JOSEPH BANDEIRA";"";"4929";"565";"2011";"BA";"PSB";"54";"3";"COMBUSTÍVEIS E LUBRIFICANTES.";"4";"Sem especificações";"POSTO SURUBIM";"052.839.630/0016-3";"168873";"0";"2011-07-17T00:00:00";"100";"0";"100";"7";"2011";"0";"";"";"553415";"";"";"";"1970";"2122227";""
"JOSEPH BANDEIRA";"";"4929";"565";"2011";"BA";"PSB";"54";"3";"COMBUSTÍVEIS E LUBRIFICANTES.";"4";"Sem especificações";"POSTO SURUBIM";"052.839.630/0016-3";"177449";"0";"2011-09-04T00:00:00";"30";"0";"30";"9";"2011";"0";"";"";"565621";"";"";"";"1970";"2164602";""
"JOSEPH BANDEIRA";"";"4929";"565";"2011";"BA";"PSB";"54";"3";"COMBUSTÍVEIS E LUBRIFICANTES.";"4";"Sem especificações";"POSTO SURUBIM";"052.839.630/0016-3";"189009";"0";"2011-11-12T00:00:00";"142.23";"0";"142.23";"11";"2011";"0";"";"";"577501";"";"";"";"1970";"2203996";""
"JOSEPH BANDEIRA";"";"4929";"565";"2011";"BA";"PSB";"54";"3";"COMBUSTÍVEIS E LUBRIFICANTES.";"4";"Sem especificações";"POSTO SURUBIM";"052.839.630/0016-3";"193610";"0";"2011-12-10T00:00:00";"122";"0";"122";"12";"2011";"0";"";"";"583455";"";"";"";"1970";"2223433";""
"JOSEPH BANDEIRA";"";"4929";"565";"2011";"BA";"PSB";"54";"3";"COMBUSTÍVEIS E LUBRIFICANTES.";"4";"Sem especificações";"POSTO VIP";"031.690.040/0019-6";"330021";"0";"2011-11-09T00:00:00";"400";"0";"400";"11";"2011";"0";"";"";"577502";"";"";"";"1970";"2204026";""
"JOSEPH BANDEIRA";"";"4929";"565";"2011";"BA";"PSB";"54";"3";"COMBUSTÍVEIS E LUBRIFICANTES.";"4";"Sem especificações";"POSTO VIP LTDA";"031.690.040/0019-6";"333905";"0";"2011-11-25T00:00:00";"285";"0";"285";"11";"2011";"0";"";"";"579934";"";"";"";"1970";"2212761";""
"JOSEPH BANDEIRA";"";"4929";"565";"2011";"BA";"PSB";"54";"3";"COMBUSTÍVEIS E LUBRIFICANTES.";"4";"Sem especificações";"POSTO VITÓRIA COM.DE DER. PETROLEO LTDA";"051.309.890/0017-1";"014098";"0";"2011-03-20T00:00:00";"100";"0";"100";"3";"2011";"0";"";"";"526169";"";"";"";"1970";"2031203";""
"JOSEPH BANDEIRA";"";"4929";"565";"2011";"BA";"PSB";"54";"3";"COMBUSTÍVEIS E LUBRIFICANTES.";"4";"Sem especificações";"POSTO VITORIA LTDA";"051.309.890/0017-1";"039152";"0";"2011-12-10T00:00:00";"954.61";"0";"954.61";"12";"2011";"0";"";"";"583455";"";"";"";"1970";"2223476";""
"JOSEPH BANDEIRA";"";"4929";"565";"2011";"BA";"PSB";"54";"3";"COMBUSTÍVEIS E LUBRIFICANTES.";"4";"Sem especificações";"POSTO VITORIA LTDA";"051.309.890/0017-1";"039154";"0";"2011-12-10T00:00:00";"124.09";"0";"124.09";"12";"2011";"0";"";"";"583455";"";"";"";"1970";"2223469";""
"JOSEPH BANDEIRA";"";"4929";"565";"2011";"BA";"PSB";"54";"3";"COMBUSTÍVEIS E LUBRIFICANTES.";"4";"Sem especificações";"POSTO XAVIER";"103.921.120/0019-9";"034542";"0";"2011-11-12T00:00:00";"50";"0";"50";"11";"2011";"0";"";"";"577502";"";"";"";"1970";"2204025";""
"JOSEPH BANDEIRA";"";"4929";"565";"2011";"BA";"PSB";"54";"3";"COMBUSTÍVEIS E LUBRIFICANTES.";"4";"Sem especificações";"REDE TREVO";"144.861.530/0141-0";"254386";"0";"2011-07-06T00:00:00";"100";"0";"100";"7";"2011";"0";"";"";"553741";"";"";"";"1970";"2123228";""
"JOSEPH BANDEIRA";"";"4929";"565";"2011";"BA";"PSB";"54";"3";"COMBUSTÍVEIS E LUBRIFICANTES.";"4";"Sem especificações";"VALE DERIVADOS DE PETROLEO LTDA";"035.342.300/0012-9";"183092";"0";"2011-05-21T00:00:00";"261";"0";"261";"5";"2011";"0";"";"";"540059";"";"";"";"1970";"2077533";""
"JOSEPH BANDEIRA";"";"4929";"565";"2011";"BA";"PSB";"54";"5";"DIVULGAÇÃO DA ATIVIDADE PARLAMENTAR.";"0";"";"CARLOS MAURICIO DIAS CORDEIRO";"162.460.500/0019-3";"3";"0";"2011-08-29T00:00:00";"3700";"0";"3700";"8";"2011";"0";"";"";"560559";"";"";"";"1970";"2146855";""
"JOSEPH BANDEIRA";"";"4929";"565";"2011";"BA";"PSB";"54";"5";"DIVULGAÇÃO DA ATIVIDADE PARLAMENTAR.";"0";"";"CARLOS MAURÍCIO DIAS CORDEIRO";"162.460.500/0019-3";"4";"0";"2011-10-03T00:00:00";"3630";"0";"3630";"9";"2011";"0";"";"";"568119";"";"";"";"1970";"2173354";""
"JOSEPH BANDEIRA";"";"4929";"565";"2011";"BA";"PSB";"54";"5";"DIVULGAÇÃO DA ATIVIDADE PARLAMENTAR.";"0";"";"CARLOS MAURÍCIO DIAS CORDEIRO";"162.460.500/0019-3";"7";"0";"2011-12-01T00:00:00";"3520";"0";"3520";"12";"2011";"0";"";"";"581372";"";"";"";"1970";"2217102";""
"JOSEPH BANDEIRA";"";"4929";"565";"2011";"BA";"PSB";"54";"5";"DIVULGAÇÃO DA ATIVIDADE PARLAMENTAR.";"0";"";"DISPEC DIVULGAÇÃO DE IMAGEM SOM, PESQUISA E COMÉRC";"010.332.330/0015-3";"000081";"0";"2011-08-31T00:00:00";"1500";"0";"1500";"8";"2011";"0";"";"";"561408";"";"";"";"1970";"2150326";""
"JOSEPH BANDEIRA";"";"4929";"565";"2011";"BA";"PSB";"54";"9";"PASSAGEM AÉREA - REEMBOLSO";"0";"";"AVIANCA";"025.758.290/0014-8";"115025234";"0";"2011-09-10T00:00:00";"82";"0";"82";"9";"2011";"0";"";"PETROLINA/SALVADOR";"568874";"";"";"";"1970";"2175848";""
"JOSEPH BANDEIRA";"";"4929";"565";"2011";"BA";"PSB";"54";"9";"PASSAGEM AÉREA - REEMBOLSO";"0";"";"AVIANCA";"025.758.290/0014-8";"115266927";"0";"2011-10-02T00:00:00";"214";"0";"214";"10";"2011";"0";"";"PETROLINA/ SALVADOR";"568872";"";"";"";"1970";"2175854";""
"JOSEPH BANDEIRA";"";"4929";"565";"2011";"BA";"PSB";"54";"9";"PASSAGEM AÉREA - REEMBOLSO";"0";"";"GOL LINHAS AÉREAS INTELIGENTES";"075.756.510/0015-9";"169777883";"0";"2011-12-19T00:00:00";"126.23";"0";"126.23";"12";"2011";"0";"";"PETROLINA/RECIFE";"585139";"";"";"";"1970";"2228867";""
"JOSEPH BANDEIRA";"";"4929";"565";"2011";"BA";"PSB";"54";"9";"PASSAGEM AÉREA - REEMBOLSO";"0";"";"TAM LINHAS AÉREAS S.A";"020.128.620/0016-0";"9572703640608";"0";"2011-10-24T00:00:00";"30";"0";"30";"10";"2011";"0";"";"SALVADOR";"572300";"";"";"";"1970";"2186842";""
"JOSEPH BANDEIRA";"";"4929";"565";"2011";"BA";"PSB";"54";"13";"FORNECIMENTO DE ALIMENTAÇÃO DO PARLAMENTAR";"0";"";"ALECRIM";"036.193.710/0014-4";"51115";"0";"2011-06-09T00:00:00";"185";"0";"185";"6";"2011";"0";"";"";"546700";"";"";"";"1970";"2099520";""
"JOSEPH BANDEIRA";"";"4929";"565";"2011";"BA";"PSB";"54";"13";"FORNECIMENTO DE ALIMENTAÇÃO DO PARLAMENTAR";"0";"";"ALECRIM";"036.193.710/0014-4";"51564";"0";"2011-08-02T00:00:00";"49.83";"0";"49.83";"8";"2011";"0";"";"";"556992";"";"";"";"1970";"2134815";""
"JOSEPH BANDEIRA";"";"4929";"565";"2011";"BA";"PSB";"54";"13";"FORNECIMENTO DE ALIMENTAÇÃO DO PARLAMENTAR";"0";"";"ALECRIM - DISTRIBUIÇÃO DE ALIMENTOS LTDA";"036.193.710/0014-4";"51633";"0";"2011-08-10T00:00:00";"193.18";"0";"193.18";"8";"2011";"0";"";"";"558410";"";"";"";"1970";"2139186";""
"JOSEPH BANDEIRA";"";"4929";"565";"2011";"BA";"PSB";"54";"13";"FORNECIMENTO DE ALIMENTAÇÃO DO PARLAMENTAR";"0";"";"ALECRIM - DISTRIBUIÇÃO DE ALIMENTOS LTDA";"036.193.710/0014-4";"51982";"0";"2011-09-13T00:00:00";"134.2";"0";"134.2";"9";"2011";"0";"";"";"564055";"";"";"";"1970";"2159118";""
"JOSEPH BANDEIRA";"";"4929";"565";"2011";"BA";"PSB";"54";"13";"FORNECIMENTO DE ALIMENTAÇÃO DO PARLAMENTAR";"0";"";"ALECRIM - DISTRIBUIÇÃO DE ALIMENTOS LTDA";"036.193.710/0014-4";"51990";"0";"2011-09-14T00:00:00";"185";"0";"185";"9";"2011";"0";"";"";"564055";"";"";"";"1970";"2159133";""
"JOSEPH BANDEIRA";"";"4929";"565";"2011";"BA";"PSB";"54";"13";"FORNECIMENTO DE ALIMENTAÇÃO DO PARLAMENTAR";"0";"";"ALECRIM - DISTRIBUIÇÃO DE ALIMENTOS LTDA";"036.193.710/0014-4";"52482";"0";"2011-11-01T00:00:00";"64.46";"0";"64.46";"11";"2011";"0";"";"";"575329";"";"";"";"1970";"2197029";""
"JOSEPH BANDEIRA";"";"4929";"565";"2011";"BA";"PSB";"54";"13";"FORNECIMENTO DE ALIMENTAÇÃO DO PARLAMENTAR";"0";"";"ALECRIM - DISTRIBUIÇÃO DE ALIMENTOS LTDA";"036.193.710/0014-4";"52537";"0";"2011-11-08T00:00:00";"44.02";"0";"44.02";"11";"2011";"0";"";"";"575329";"";"";"";"1970";"2197055";""
"JOSEPH BANDEIRA";"";"4929";"565";"2011";"BA";"PSB";"54";"13";"FORNECIMENTO DE ALIMENTAÇÃO DO PARLAMENTAR";"0";"";"ALECRIM - DISTRIBUIÇÃO DE ALIMENTOS LTDA";"036.193.710/0014-4";"52577";"0";"2011-11-09T00:00:00";"41.03";"0";"41.03";"11";"2011";"0";"";"";"576548";"";"";"";"1970";"2201010";""
"JOSEPH BANDEIRA";"";"4929";"565";"2011";"BA";"PSB";"54";"13";"FORNECIMENTO DE ALIMENTAÇÃO DO PARLAMENTAR";"0";"";"ALECRIM - DISTRIBUIÇÃO DE ALIMENTOS LTDA";"036.193.710/0014-4";"52980";"0";"2011-12-06T00:00:00";"44.02";"0";"44.02";"12";"2011";"0";"";"";"581370";"";"";"";"1970";"2217120";""
"JOSEPH BANDEIRA";"";"4929";"565";"2011";"BA";"PSB";"54";"13";"FORNECIMENTO DE ALIMENTAÇÃO DO PARLAMENTAR";"0";"";"ALECRIM DISTRIBUIÇÃO DE ALIMENTOS LTDA";"036.193.710/0014-4";"51560";"0";"2011-08-01T00:00:00";"120.08";"0";"120.08";"8";"2011";"0";"";"";"560558";"";"";"";"1970";"2146876";""
"JOSEPH BANDEIRA";"";"4929";"565";"2011";"BA";"PSB";"54";"13";"FORNECIMENTO DE ALIMENTAÇÃO DO PARLAMENTAR";"0";"";"ALECRIM DISTRIBUIÇÃO DE ALIMENTOS LTDA";"036.193.710/0014-4";"52072";"0";"2011-09-21T00:00:00";"53.57";"0";"53.57";"9";"2011";"0";"";"";"566645";"";"";"";"1970";"2168119";""
"JOSEPH BANDEIRA";"";"4929";"565";"2011";"BA";"PSB";"54";"13";"FORNECIMENTO DE ALIMENTAÇÃO DO PARLAMENTAR";"0";"";"ALECRIM DISTRIBUIÇÃO DE ALIMENTOS LTDA";"036.193.710/0014-4";"52114";"0";"2011-09-27T00:00:00";"40.66";"0";"40.66";"9";"2011";"0";"";"";"566645";"";"";"";"1970";"2168108";""
"JOSEPH BANDEIRA";"";"4929";"565";"2011";"BA";"PSB";"54";"13";"FORNECIMENTO DE ALIMENTAÇÃO DO PARLAMENTAR";"0";"";"ALECRIM DISTRIBUIÇÃO DE ALIMENTOS LTDA";"036.193.710/0014-4";"52155";"0";"2011-09-29T00:00:00";"53.57";"0";"53.57";"9";"2011";"0";"";"";"568121";"";"";"";"1970";"2173290";""
"JOSEPH BANDEIRA";"";"4929";"565";"2011";"BA";"PSB";"54";"13";"FORNECIMENTO DE ALIMENTAÇÃO DO PARLAMENTAR";"0";"";"ALECRIM DISTRIBUIÇÃO DE ALIMENTOS LTDA";"036.193.710/0014-4";"52226";"0";"2011-10-05T00:00:00";"94.16";"0";"94.16";"10";"2011";"0";"";"";"569554";"";"";"";"1970";"2177615";""
"JOSEPH BANDEIRA";"";"4929";"565";"2011";"BA";"PSB";"54";"13";"FORNECIMENTO DE ALIMENTAÇÃO DO PARLAMENTAR";"0";"";"ALECRIM DISTRIBUIÇÃO DE ALIMENTOS LTDA";"036.193.710/0014-4";"52269";"0";"2011-10-10T00:00:00";"27.03";"0";"27.03";"10";"2011";"0";"";"";"569569";"";"";"";"1970";"2177684";""
"JOSEPH BANDEIRA";"";"4929";"565";"2011";"BA";"PSB";"54";"13";"FORNECIMENTO DE ALIMENTAÇÃO DO PARLAMENTAR";"0";"";"ALECRIM DISTRIBUIÇÃO DE ALIMENTOS LTDA";"036.193.710/0014-4";"52310";"0";"2011-10-18T00:00:00";"185";"0";"185";"10";"2011";"0";"";"";"570561";"";"";"";"1970";"2180752";""
"JOSEPH BANDEIRA";"";"4929";"565";"2011";"BA";"PSB";"54";"13";"FORNECIMENTO DE ALIMENTAÇÃO DO PARLAMENTAR";"0";"";"ALECRIM DISTRIBUIÇÃO DE ALIMENTOS LTDA";"036.193.710/0014-4";"52337";"0";"2011-10-19T00:00:00";"49.83";"0";"49.83";"10";"2011";"0";"";"";"572301";"";"";"";"1970";"2186967";""
"JOSEPH BANDEIRA";"";"4929";"565";"2011";"BA";"PSB";"54";"13";"FORNECIMENTO DE ALIMENTAÇÃO DO PARLAMENTAR";"0";"";"ALECRIM DISTRIBUIÇÃO DE ALIMENTOS LTDA";"036.193.710/0014-4";"52691";"0";"2011-11-16T00:00:00";"118.91";"0";"118.91";"11";"2011";"0";"";"";"577500";"";"";"";"1970";"2203975";""
"JOSEPH BANDEIRA";"";"4929";"565";"2011";"BA";"PSB";"54";"13";"FORNECIMENTO DE ALIMENTAÇÃO DO PARLAMENTAR";"0";"";"ALECRIM DISTRIBUIÇÃO DE ALIMENTOS LTDA";"036.193.710/0014-4";"52809";"0";"2011-11-22T00:00:00";"100.54";"0";"100.54";"11";"2011";"0";"";"";"578192";"";"";"";"1970";"2206561";""
"JOSEPH BANDEIRA";"";"4929";"565";"2011";"BA";"PSB";"54";"13";"FORNECIMENTO DE ALIMENTAÇÃO DO PARLAMENTAR";"0";"";"ALECRIM DISTRIBUIÇÃO DE ALIMENTOS LTDA";"036.193.710/0014-4";"53022";"0";"2011-12-08T00:00:00";"185";"0";"185";"12";"2011";"0";"";"";"583457";"";"";"";"1970";"2223606";""
"JOSEPH BANDEIRA";"";"4929";"565";"2011";"BA";"PSB";"54";"13";"FORNECIMENTO DE ALIMENTAÇÃO DO PARLAMENTAR";"0";"";"ALECRIM DISTRIBUIÇÃO DE ALIMENTOS LTDA";"036.193.710/0014-4";"53052";"0";"2011-12-13T00:00:00";"53.57";"0";"53.57";"12";"2011";"0";"";"";"583457";"";"";"";"1970";"2223611";""
"JOSEPH BANDEIRA";"";"4929";"565";"2011";"BA";"PSB";"54";"13";"FORNECIMENTO DE ALIMENTAÇÃO DO PARLAMENTAR";"0";"";"ALECRIM DISTRIBUIÇÃO DE ALIMENTOS LTDA";"036.193.710/0014-4";"53096";"0";"2011-12-19T00:00:00";"47.32";"0";"47.32";"12";"2011";"0";"";"";"584725";"";"";"";"1970";"2227559";""
"JOSEPH BANDEIRA";"";"4929";"565";"2011";"BA";"PSB";"54";"13";"FORNECIMENTO DE ALIMENTAÇÃO DO PARLAMENTAR";"0";"";"ALECRIM DISTRIBUIÇÃO DE ALIMENTOS LTDA";"036.193.710/0014-4";"53136";"0";"2011-12-27T00:00:00";"94.45";"0";"94.45";"12";"2011";"0";"";"";"585908";"";"";"";"1970";"2231018";""
"JOSEPH BANDEIRA";"";"4929";"565";"2011";"BA";"PSB";"54";"13";"FORNECIMENTO DE ALIMENTAÇÃO DO PARLAMENTAR";"0";"";"ALECRIM DISTRIBUIDORA DE ALIMENTOS LTDA";"036.193.710/0014-4";"51461";"0";"2011-07-14T00:00:00";"185";"0";"185";"7";"2011";"0";"";"";"553416";"";"";"";"1970";"2122254";""
"JOSEPH BANDEIRA";"";"4929";"565";"2011";"BA";"PSB";"54";"13";"FORNECIMENTO DE ALIMENTAÇÃO DO PARLAMENTAR";"0";"";"ALECRIM-DISTRIBUIÇ~~AO DE ALIMENTOS LTDA";"036.193.710/0014-4";"51156";"0";"2011-06-14T00:00:00";"53.57";"0";"53.57";"6";"2011";"0";"";"";"545365";"";"";"";"1970";"2095159";""
"JOSEPH BANDEIRA";"";"4929";"565";"2011";"BA";"PSB";"54";"13";"FORNECIMENTO DE ALIMENTAÇÃO DO PARLAMENTAR";"0";"";"ALGARVE BAR E RESTAURANTE";"058.816.340/0011-4";"16698";"0";"2011-06-15T00:00:00";"160.23";"0";"160.23";"6";"2011";"0";"";"";"546774";"";"";"";"1970";"2099778";""
"JOSEPH BANDEIRA";"";"4929";"565";"2011";"BA";"PSB";"54";"13";"FORNECIMENTO DE ALIMENTAÇÃO DO PARLAMENTAR";"0";"";"ALPENDRE BAR E RESTAURANTE";"088.253.940/0012-9";"03857";"0";"2011-09-02T00:00:00";"51.48";"0";"51.48";"9";"2011";"0";"";"";"562283";"";"";"";"1970";"2153084";""
"JOSEPH BANDEIRA";"";"4929";"565";"2011";"BA";"PSB";"54";"13";"FORNECIMENTO DE ALIMENTAÇÃO DO PARLAMENTAR";"0";"";"AZL COMÉRCIO DE ALIMENTOS LTDA";"062.561.630/0011-6";"4783";"0";"2011-06-22T00:00:00";"146.85";"0";"146.85";"6";"2011";"0";"";"";"548161";"";"";"";"1970";"2105162";""
"JOSEPH BANDEIRA";"";"4929";"565";"2011";"BA";"PSB";"54";"13";"FORNECIMENTO DE ALIMENTAÇÃO DO PARLAMENTAR";"0";"";"BABY BEEF";"040.062.220/0017-2";"60820";"0";"2011-10-06T00:00:00";"210";"0";"210";"10";"2011";"0";"";"";"569554";"";"";"";"1970";"2177612";""
"JOSEPH BANDEIRA";"";"4929";"565";"2011";"BA";"PSB";"54";"13";"FORNECIMENTO DE ALIMENTAÇÃO DO PARLAMENTAR";"0";"";"BABY BEEF EXPRESS";"106.864.440/0018-6";"120483";"0";"2011-09-26T00:00:00";"29";"0";"29";"9";"2011";"0";"";"";"566646";"";"";"";"1970";"2168145";""
"JOSEPH BANDEIRA";"";"4929";"565";"2011";"BA";"PSB";"54";"13";"FORNECIMENTO DE ALIMENTAÇÃO DO PARLAMENTAR";"0";"";"BARRACA CUCA LEGAL";"045.897.110/0010-2";"021423";"0";"2011-09-09T00:00:00";"156.31";"46.61";"109.7";"9";"2011";"0";"";"";"563606";"";"";"";"1970";"2157044";""
"JOSEPH BANDEIRA";"";"4929";"565";"2011";"BA";"PSB";"54";"13";"FORNECIMENTO DE ALIMENTAÇÃO DO PARLAMENTAR";"0";"";"BARRETUS GRILL COMÉRCIO LTDA";"053.123.180/0012-1";"007647";"0";"2011-09-04T00:00:00";"150";"0";"150";"9";"2011";"0";"";"";"563608";"";"";"";"1970";"2157190";""
"JOSEPH BANDEIRA";"";"4929";"565";"2011";"BA";"PSB";"54";"13";"FORNECIMENTO DE ALIMENTAÇÃO DO PARLAMENTAR";"0";"";"BIER FASS";"050.332.140/0018-8";"61047";"0";"2011-07-06T00:00:00";"160.05";"0";"160.05";"7";"2011";"0";"";"";"550203";"";"";"";"1970";"2111671";""
"JOSEPH BANDEIRA";"";"4929";"565";"2011";"BA";"PSB";"54";"13";"FORNECIMENTO DE ALIMENTAÇÃO DO PARLAMENTAR";"0";"";"BIER FASS RESTAURANTE MUSEU LTDA";"050.332.140/0018-8";"65186";"0";"2011-11-30T00:00:00";"173";"0";"173";"11";"2011";"0";"";"";"580364";"";"";"";"1970";"2214185";""
"JOSEPH BANDEIRA";"";"4929";"565";"2011";"BA";"PSB";"54";"13";"FORNECIMENTO DE ALIMENTAÇÃO DO PARLAMENTAR";"0";"";"BIER FASS RESTAURANTE MUSEU LTDA";"050.332.140/0018-8";"65312";"0";"2011-12-06T00:00:00";"158.99";"0";"158.99";"12";"2011";"0";"";"";"583457";"";"";"";"1970";"2223636";""
"JOSEPH BANDEIRA";"";"4929";"565";"2011";"BA";"PSB";"54";"13";"FORNECIMENTO DE ALIMENTAÇÃO DO PARLAMENTAR";"0";"";"BIER FASS RESTAURANTE MUSEU LTDA.";"050.332.140/0018-8";"61048";"0";"2011-07-06T00:00:00";"160.05";"0";"160.05";"7";"2011";"0";"";"";"558407";"";"";"";"1970";"2139120";""
"JOSEPH BANDEIRA";"";"4929";"565";"2011";"BA";"PSB";"54";"13";"FORNECIMENTO DE ALIMENTAÇÃO DO PARLAMENTAR";"0";"";"BIERFASS";"050.332.140/0018-8";"65311";"0";"2011-12-06T00:00:00";"150";"0";"150";"12";"2011";"0";"";"";"582119";"";"";"";"1970";"2219545";""
"JOSEPH BANDEIRA";"";"4929";"565";"2011";"BA";"PSB";"54";"13";"FORNECIMENTO DE ALIMENTAÇÃO DO PARLAMENTAR";"0";"";"BIERFASS RESTAURANTE MUSEU LTDA";"050.332.140/0018-8";"65187";"0";"2011-11-30T00:00:00";"173.5";"0";"173.5";"11";"2011";"0";"";"";"581378";"";"";"";"1970";"2217418";""
"JOSEPH BANDEIRA";"";"4929";"565";"2011";"BA";"PSB";"54";"13";"FORNECIMENTO DE ALIMENTAÇÃO DO PARLAMENTAR";"0";"";"BODE ASSADO DO ANGELO";"058.026.050/0011-0";"007777";"0";"2011-12-19T00:00:00";"105.6";"1.5";"104.1";"12";"2011";"0";"";"";"585871";"";"";"";"1970";"2230879";""
"JOSEPH BANDEIRA";"";"4929";"565";"2011";"BA";"PSB";"54";"13";"FORNECIMENTO DE ALIMENTAÇÃO DO PARLAMENTAR";"0";"";"BODE ASSADO DO GERALDO";"034.877.670/0018-5";"001935";"0";"2011-09-09T00:00:00";"70";"0";"70";"9";"2011";"0";"";"";"563608";"";"";"";"1970";"2157200";""
"JOSEPH BANDEIRA";"";"4929";"565";"2011";"BA";"PSB";"54";"13";"FORNECIMENTO DE ALIMENTAÇÃO DO PARLAMENTAR";"0";"";"BSB ADVENTURE";"077.116.190/0015-3";"0297";"0";"2011-04-15T00:00:00";"50";"0";"50";"4";"2011";"0";"";"";"541445";"";"";"";"1970";"2082601";""
"JOSEPH BANDEIRA";"";"4929";"565";"2011";"BA";"PSB";"54";"13";"FORNECIMENTO DE ALIMENTAÇÃO DO PARLAMENTAR";"0";"";"BSB ADVENTURE TURISMO E PASSEIOS NAUTICOS LTDA";"077.116.190/0015-3";"0264";"0";"2011-03-16T00:00:00";"42.5";"0";"42.5";"3";"2011";"0";"";"";"538446";"";"";"";"1970";"2071692";""
"JOSEPH BANDEIRA";"";"4929";"565";"2011";"BA";"PSB";"54";"13";"FORNECIMENTO DE ALIMENTAÇÃO DO PARLAMENTAR";"0";"";"BSB ADVENTURE TURISMO EVENTOS E PASSEIOS NAUTICOS";"077.116.190/0015-3";"0262";"0";"2011-03-16T00:00:00";"25";"0";"25";"3";"2011";"0";"";"";"538446";"";"";"";"1970";"2071685";""
"JOSEPH BANDEIRA";"";"4929";"565";"2011";"BA";"PSB";"54";"13";"FORNECIMENTO DE ALIMENTAÇÃO DO PARLAMENTAR";"0";"";"BSB ADVENTURE TURISMO EVENTOS E PASSEIOS NAUTICOS";"077.116.190/0015-3";"0299";"0";"2011-04-19T00:00:00";"50";"0";"50";"4";"2011";"0";"";"";"532159";"";"";"";"1970";"2051161";""
"JOSEPH BANDEIRA";"";"4929";"565";"2011";"BA";"PSB";"54";"13";"FORNECIMENTO DE ALIMENTAÇÃO DO PARLAMENTAR";"0";"";"BSB ADVENTURE TURISMO EVENTOS E PASSEIOS NAUTICOS";"077.116.190/0015-3";"0301";"0";"2011-04-20T00:00:00";"50";"0";"50";"4";"2011";"0";"";"";"533231";"";"";"";"1970";"2055206";""
"JOSEPH BANDEIRA";"";"4929";"565";"2011";"BA";"PSB";"54";"13";"FORNECIMENTO DE ALIMENTAÇÃO DO PARLAMENTAR";"0";"";"BSBADVENTURE TURISMO EVENTOS E PASSEIOS NAUTICOS";"077.116.190/0015-3";"0302";"0";"2011-04-21T00:00:00";"50";"0";"50";"4";"2011";"0";"";"";"535112";"";"";"";"1970";"2061395";""
"JOSEPH BANDEIRA";"";"4929";"565";"2011";"BA";"PSB";"54";"13";"FORNECIMENTO DE ALIMENTAÇÃO DO PARLAMENTAR";"0";"";"CAFETERIA MISTURA CHIQUE LTDA";"128.806.860/0013-1";"026001";"0";"2011-06-01T00:00:00";"47.5";"0";"47.5";"6";"2011";"0";"";"";"542059";"";"";"";"1970";"2084581";""
"JOSEPH BANDEIRA";"";"4929";"565";"2011";"BA";"PSB";"54";"13";"FORNECIMENTO DE ALIMENTAÇÃO DO PARLAMENTAR";"0";"";"CANTINA VOLPI";"061.232.310/0017-9";"007039";"0";"2011-07-03T00:00:00";"47.4";"0";"47.4";"7";"2011";"0";"";"";"550204";"";"";"";"1970";"2111733";""
"JOSEPH BANDEIRA";"";"4929";"565";"2011";"BA";"PSB";"54";"13";"FORNECIMENTO DE ALIMENTAÇÃO DO PARLAMENTAR";"0";"";"CANTINA VOLPI";"061.232.310/0017-9";"007081";"0";"2011-07-20T00:00:00";"41.65";"0";"41.65";"7";"2011";"0";"";"";"557146";"";"";"";"1970";"2135273";""
"JOSEPH BANDEIRA";"";"4929";"565";"2011";"BA";"PSB";"54";"13";"FORNECIMENTO DE ALIMENTAÇÃO DO PARLAMENTAR";"0";"";"CANTINA VOLPI";"061.232.310/0017-9";"007119";"0";"2011-08-08T00:00:00";"41.65";"0";"41.65";"8";"2011";"0";"";"";"560558";"";"";"";"1970";"2146882";""
"JOSEPH BANDEIRA";"";"4929";"565";"2011";"BA";"PSB";"54";"13";"FORNECIMENTO DE ALIMENTAÇÃO DO PARLAMENTAR";"0";"";"CARPE DIEM";"039.066.120/0013-6";"21536";"0";"2011-03-22T00:00:00";"43.89";"0";"43.89";"3";"2011";"0";"";"";"526169";"";"";"";"1970";"2031150";""
"JOSEPH BANDEIRA";"";"4929";"565";"2011";"BA";"PSB";"54";"13";"FORNECIMENTO DE ALIMENTAÇÃO DO PARLAMENTAR";"0";"";"CARRANCA GULOSA RESTAURANTE TEMATICO";"047.937.260/0018-0";"3110";"0";"2011-12-10T00:00:00";"199.71";"0";"199.71";"12";"2011";"0";"";"";"585872";"";"";"";"1970";"2230907";""
"JOSEPH BANDEIRA";"";"4929";"565";"2011";"BA";"PSB";"54";"13";"FORNECIMENTO DE ALIMENTAÇÃO DO PARLAMENTAR";"0";"";"CHURRASCARIA JUAZEIRO";"050.710.580/0014-0";"020045";"0";"2011-05-01T00:00:00";"150.92";"0";"150.92";"5";"2011";"0";"";"";"535109";"";"";"";"1970";"2061391";""
"JOSEPH BANDEIRA";"";"4929";"565";"2011";"BA";"PSB";"54";"13";"FORNECIMENTO DE ALIMENTAÇÃO DO PARLAMENTAR";"0";"";"CHURRASCARIA JUAZEIRO";"050.710.580/0014-0";"020291";"0";"2011-07-02T00:00:00";"215.38";"0";"215.38";"7";"2011";"0";"";"";"550204";"";"";"";"1970";"2111759";""
"JOSEPH BANDEIRA";"";"4929";"565";"2011";"BA";"PSB";"54";"13";"FORNECIMENTO DE ALIMENTAÇÃO DO PARLAMENTAR";"0";"";"CHURRASCARIA POSTO JUAZEIRO";"050.710.580/0014-0";"065350";"0";"2011-10-02T00:00:00";"59.18";"23.9";"35.28";"10";"2011";"0";"";"";"570563";"";"";"";"1970";"2180852";""
"JOSEPH BANDEIRA";"";"4929";"565";"2011";"BA";"PSB";"54";"13";"FORNECIMENTO DE ALIMENTAÇÃO DO PARLAMENTAR";"0";"";"CLAUDIA BORGES OLIVEIRA ME";"138.036.620/0014-1";"0188";"0";"2011-08-10T00:00:00";"53.5";"0";"53.5";"8";"2011";"0";"";"";"558410";"";"";"";"1970";"2139174";""
"JOSEPH BANDEIRA";"";"4929";"565";"2011";"BA";"PSB";"54";"13";"FORNECIMENTO DE ALIMENTAÇÃO DO PARLAMENTAR";"0";"";"CLAUDIA BORGES OLIVEIRA ME";"138.036.620/0014-1";"0229";"0";"2011-08-27T00:00:00";"39.6";"0";"39.6";"8";"2011";"0";"";"";"560825";"";"";"";"1970";"2147924";""
"JOSEPH BANDEIRA";"";"4929";"565";"2011";"BA";"PSB";"54";"13";"FORNECIMENTO DE ALIMENTAÇÃO DO PARLAMENTAR";"0";"";"COCO BAMBU";"105.426.620/0014-7";"31084";"0";"2011-09-22T00:00:00";"187.98";"0";"187.98";"9";"2011";"0";"";"";"568121";"";"";"";"1970";"2173303";""
"JOSEPH BANDEIRA";"";"4929";"565";"2011";"BA";"PSB";"54";"13";"FORNECIMENTO DE ALIMENTAÇÃO DO PARLAMENTAR";"0";"";"COCO BAMBU";"105.426.620/0014-7";"32417";"0";"2011-11-10T00:00:00";"234.47";"0";"234.47";"11";"2011";"0";"";"";"576548";"";"";"";"1970";"2201008";""
"JOSEPH BANDEIRA";"";"4929";"565";"2011";"BA";"PSB";"54";"13";"FORNECIMENTO DE ALIMENTAÇÃO DO PARLAMENTAR";"0";"";"COCO BAMBU";"105.426.620/0014-7";"32418";"0";"2011-11-10T00:00:00";"234.47";"0";"234.47";"11";"2011";"0";"";"";"577500";"";"";"";"1970";"2218473";""
"JOSEPH BANDEIRA";"";"4929";"565";"2011";"BA";"PSB";"54";"13";"FORNECIMENTO DE ALIMENTAÇÃO DO PARLAMENTAR";"0";"";"COCO BAMBU";"119.037.890/0010-7";"016579";"0";"2011-03-15T00:00:00";"51.7";"0";"51.7";"3";"2011";"0";"";"";"538446";"";"";"";"1970";"2071680";""
"JOSEPH BANDEIRA";"";"4929";"565";"2011";"BA";"PSB";"54";"13";"FORNECIMENTO DE ALIMENTAÇÃO DO PARLAMENTAR";"0";"";"COCO BAMBU";"119.037.890/0010-7";"07325";"0";"2011-04-15T00:00:00";"148.94";"0";"148.94";"4";"2011";"0";"";"";"541445";"";"";"";"1970";"2082613";""
"JOSEPH BANDEIRA";"";"4929";"565";"2011";"BA";"PSB";"54";"13";"FORNECIMENTO DE ALIMENTAÇÃO DO PARLAMENTAR";"0";"";"COCO BAMBU FRUTOS DO MAR";"105.426.620/0014-7";"26586";"0";"2011-05-04T00:00:00";"297.88";"0";"297.88";"5";"2011";"0";"";"";"537552";"";"";"";"1970";"2085087";""
"JOSEPH BANDEIRA";"";"4929";"565";"2011";"BA";"PSB";"54";"13";"FORNECIMENTO DE ALIMENTAÇÃO DO PARLAMENTAR";"0";"";"COCO BAMBU FRUTOS DO MAR";"105.426.620/0014-7";"30465";"0";"2011-08-31T00:00:00";"214.67";"0";"214.67";"8";"2011";"0";"";"";"561407";"";"";"";"1970";"2150316";""
"JOSEPH BANDEIRA";"";"4929";"565";"2011";"BA";"PSB";"54";"13";"FORNECIMENTO DE ALIMENTAÇÃO DO PARLAMENTAR";"0";"";"COCO BAMBU LAGO SUL";"105.426.620/0014-7";"30466";"0";"2011-08-31T00:00:00";"214.67";"0";"214.67";"8";"2011";"0";"";"";"562281";"";"";"";"1970";"2153057";""
"JOSEPH BANDEIRA";"";"4929";"565";"2011";"BA";"PSB";"54";"13";"FORNECIMENTO DE ALIMENTAÇÃO DO PARLAMENTAR";"0";"";"COCO BAMBU LAGO SUL";"105.426.620/0014-7";"31083";"0";"2011-09-22T00:00:00";"100";"0";"100";"9";"2011";"0";"";"";"566645";"";"";"";"1970";"2168116";""
"JOSEPH BANDEIRA";"";"4929";"565";"2011";"BA";"PSB";"54";"13";"FORNECIMENTO DE ALIMENTAÇÃO DO PARLAMENTAR";"0";"";"DA NOI";"036.193.710/0014-4";"51259";"0";"2011-06-28T00:00:00";"50.49";"0";"50.49";"6";"2011";"0";"";"";"548160";"";"";"";"1970";"2105133";""
"JOSEPH BANDEIRA";"";"4929";"565";"2011";"BA";"PSB";"54";"13";"FORNECIMENTO DE ALIMENTAÇÃO DO PARLAMENTAR";"0";"";"DOM FRANCISCO";"021.693.380/0010-5";"128806";"0";"2011-05-17T00:00:00";"71.83";"0";"71.83";"5";"2011";"0";"";"";"539257";"";"";"";"1970";"2074596";""
"JOSEPH BANDEIRA";"";"4929";"565";"2011";"BA";"PSB";"54";"13";"FORNECIMENTO DE ALIMENTAÇÃO DO PARLAMENTAR";"0";"";"DOM FRANCISCO";"021.693.380/0010-5";"130666";"0";"2011-08-03T00:00:00";"148.95";"0";"148.95";"8";"2011";"0";"";"";"556992";"";"";"";"1970";"2134811";""
"JOSEPH BANDEIRA";"";"4929";"565";"2011";"BA";"PSB";"54";"13";"FORNECIMENTO DE ALIMENTAÇÃO DO PARLAMENTAR";"0";"";"DOM FRANCISCO";"021.693.380/0010-5";"133230";"0";"2011-11-29T00:00:00";"80.19";"0";"80.19";"11";"2011";"0";"";"";"579933";"";"";"";"1970";"2212726";""
"JOSEPH BANDEIRA";"";"4929";"565";"2011";"BA";"PSB";"54";"13";"FORNECIMENTO DE ALIMENTAÇÃO DO PARLAMENTAR";"0";"";"DOM FRANCISCO";"021.693.380/0010-5";"133715";"0";"2011-12-29T00:00:00";"58.74";"0";"58.74";"12";"2011";"0";"";"";"586399";"";"";"";"1970";"2232523";""
"JOSEPH BANDEIRA";"";"4929";"565";"2011";"BA";"PSB";"54";"13";"FORNECIMENTO DE ALIMENTAÇÃO DO PARLAMENTAR";"0";"";"DOM FRANCISCO";"021.693.380/0010-5";"133716";"0";"2011-12-29T00:00:00";"189.08";"0";"189.08";"12";"2011";"0";"";"";"586399";"";"";"";"1970";"2232521";""
"JOSEPH BANDEIRA";"";"4929";"565";"2011";"BA";"PSB";"54";"13";"FORNECIMENTO DE ALIMENTAÇÃO DO PARLAMENTAR";"0";"";"DOM FRANCISCO";"033.271.910/0019-9";"56006";"0";"2011-12-15T00:00:00";"226.75";"0";"226.75";"12";"2011";"0";"";"";"585789";"";"";"";"1970";"2230701";""
"JOSEPH BANDEIRA";"";"4929";"565";"2011";"BA";"PSB";"54";"13";"FORNECIMENTO DE ALIMENTAÇÃO DO PARLAMENTAR";"0";"";"DOM FRANCISCO";"033.271.910/0019-9";"56007";"0";"2011-12-15T00:00:00";"226.75";"0";"226.75";"12";"2011";"0";"";"";"585872";"";"";"";"1970";"2230901";""
"JOSEPH BANDEIRA";"";"4929";"565";"2011";"BA";"PSB";"54";"13";"FORNECIMENTO DE ALIMENTAÇÃO DO PARLAMENTAR";"0";"";"DOM FRANCISCO";"033.271.910/0019-9";"56008";"0";"2011-12-15T00:00:00";"226.75";"0";"226.75";"12";"2011";"0";"";"";"585139";"";"";"";"1970";"2228861";""
"JOSEPH BANDEIRA";"";"4929";"565";"2011";"BA";"PSB";"54";"13";"FORNECIMENTO DE ALIMENTAÇÃO DO PARLAMENTAR";"0";"";"DOM FRANCISCO";"033.271.910/0019-9";"56009";"0";"2011-12-15T00:00:00";"226.75";"0";"226.75";"12";"2011";"0";"";"";"584725";"";"";"";"1970";"2227546";""
"JOSEPH BANDEIRA";"";"4929";"565";"2011";"BA";"PSB";"54";"13";"FORNECIMENTO DE ALIMENTAÇÃO DO PARLAMENTAR";"0";"";"EDUARDO GARCIA BEACH STOP";"087.156.450/0011-2";"26353";"0";"2011-09-12T00:00:00";"26.07";"0";"26.07";"9";"2011";"0";"";"";"563607";"";"";"";"1970";"2157082";""
"JOSEPH BANDEIRA";"";"4929";"565";"2011";"BA";"PSB";"54";"13";"FORNECIMENTO DE ALIMENTAÇÃO DO PARLAMENTAR";"0";"";"FERREIRO CAFÉ";"085.744.220/0018-2";"6382";"0";"2011-07-28T00:00:00";"217.3";"0";"217.3";"7";"2011";"0";"";"";"557146";"";"";"";"1970";"2135285";""
"JOSEPH BANDEIRA";"";"4929";"565";"2011";"BA";"PSB";"54";"13";"FORNECIMENTO DE ALIMENTAÇÃO DO PARLAMENTAR";"0";"";"FRANCISCO RESTAURANTE";"009.049.730/0015-5";"167874";"0";"2011-04-05T00:00:00";"138.6";"0";"138.6";"4";"2011";"0";"";"";"529030";"";"";"";"1970";"2041329";""
"JOSEPH BANDEIRA";"";"4929";"565";"2011";"BA";"PSB";"54";"13";"FORNECIMENTO DE ALIMENTAÇÃO DO PARLAMENTAR";"0";"";"GALETERIA BEIRA LAGO";"090.541.580/0011-9";"19503";"0";"2011-08-11T00:00:00";"212.9";"0";"212.9";"8";"2011";"0";"";"";"565598";"";"";"";"1970";"2164541";""
"JOSEPH BANDEIRA";"";"4929";"565";"2011";"BA";"PSB";"54";"13";"FORNECIMENTO DE ALIMENTAÇÃO DO PARLAMENTAR";"0";"";"GATTAI RESTAURANTE LTDA";"085.783.550/0017-4";"063744";"0";"2011-07-01T00:00:00";"115.28";"0";"115.28";"7";"2011";"0";"";"";"550203";"";"";"";"1970";"2111705";""
"JOSEPH BANDEIRA";"";"4929";"565";"2011";"BA";"PSB";"54";"13";"FORNECIMENTO DE ALIMENTAÇÃO DO PARLAMENTAR";"0";"";"GERALDO RESTAURANTE LTDA ME";"039.970.100/0013-1";"31339";"0";"2011-12-04T00:00:00";"229";"0";"229";"12";"2011";"0";"";"";"581371";"";"";"";"1970";"2217370";""
"JOSEPH BANDEIRA";"";"4929";"565";"2011";"BA";"PSB";"54";"13";"FORNECIMENTO DE ALIMENTAÇÃO DO PARLAMENTAR";"0";"";"HANÁ";"049.877.290/0015-4";"30911";"0";"2011-12-14T00:00:00";"141";"0";"141";"12";"2011";"0";"";"";"585139";"";"";"";"1970";"2228859";""
"JOSEPH BANDEIRA";"";"4929";"565";"2011";"BA";"PSB";"54";"13";"FORNECIMENTO DE ALIMENTAÇÃO DO PARLAMENTAR";"0";"";"HANÁ";"049.877.290/0015-4";"30912";"0";"2011-12-14T00:00:00";"141";"0";"141";"12";"2011";"0";"";"";"584725";"";"";"";"1970";"2227551";""
"JOSEPH BANDEIRA";"";"4929";"565";"2011";"BA";"PSB";"54";"13";"FORNECIMENTO DE ALIMENTAÇÃO DO PARLAMENTAR";"0";"";"HOTELARIA ACCOR BRASIL S/A";"099.678.520/1108-0";"101299";"0";"2011-08-25T00:00:00";"98";"0";"98";"8";"2011";"0";"";"";"560825";"";"";"";"1970";"2147903";""
"JOSEPH BANDEIRA";"";"4929";"565";"2011";"BA";"PSB";"54";"13";"FORNECIMENTO DE ALIMENTAÇÃO DO PARLAMENTAR";"0";"";"HOTELARIA ACCOR BRASIL S/A";"099.678.520/1108-0";"111420";"0";"2011-10-03T00:00:00";"64";"0";"64";"10";"2011";"0";"";"";"568117";"";"";"";"1970";"2173286";""
"JOSEPH BANDEIRA";"";"4929";"565";"2011";"BA";"PSB";"54";"13";"FORNECIMENTO DE ALIMENTAÇÃO DO PARLAMENTAR";"0";"";"HOTELARIA ACCOR BRASIL S/A";"099.678.520/1108-0";"113943";"1";"2011-10-12T00:00:00";"118.5";"0";"118.5";"10";"2011";"0";"";"";"570561";"";"";"";"1970";"2180741";""
"JOSEPH BANDEIRA";"";"4929";"565";"2011";"BA";"PSB";"54";"13";"FORNECIMENTO DE ALIMENTAÇÃO DO PARLAMENTAR";"0";"";"J&D RESTAURANTE LTDA";"127.411.920/0017-6";"0657";"0";"2011-07-06T00:00:00";"140.33";"0";"140.33";"7";"2011";"0";"";"";"557146";"";"";"";"1970";"2135260";""
"JOSEPH BANDEIRA";"";"4929";"565";"2011";"BA";"PSB";"54";"13";"FORNECIMENTO DE ALIMENTAÇÃO DO PARLAMENTAR";"0";"";"LAZAR COMERCIO DE ALIMENTOS";"052.518.790/0032-0";"09669";"0";"2011-06-05T00:00:00";"92.5";"0";"92.5";"6";"2011";"0";"";"";"543771";"";"";"";"1970";"2090012";""
"JOSEPH BANDEIRA";"";"4929";"565";"2011";"BA";"PSB";"54";"13";"FORNECIMENTO DE ALIMENTAÇÃO DO PARLAMENTAR";"0";"";"LAZAR COMERCIO DE ALIMENTOS";"052.518.790/0032-0";"09718";"0";"2011-06-19T00:00:00";"84";"0";"84";"6";"2011";"0";"";"";"546700";"";"";"";"1970";"2099495";""
"JOSEPH BANDEIRA";"";"4929";"565";"2011";"BA";"PSB";"54";"13";"FORNECIMENTO DE ALIMENTAÇÃO DO PARLAMENTAR";"0";"";"LAZAR COMERCIO DE ALIMENTOS E SERVIÇOS HOTELEIROS";"052.518.790/0032-0";"9405";"0";"2011-03-20T00:00:00";"89.5";"0";"89.5";"3";"2011";"0";"";"";"526169";"";"";"";"1970";"2031185";""
"JOSEPH BANDEIRA";"";"4929";"565";"2011";"BA";"PSB";"54";"13";"FORNECIMENTO DE ALIMENTAÇÃO DO PARLAMENTAR";"0";"";"LAZAR COMÉRCIO DE ALIMENTOS E SERVIÇOS HOTELEIROS";"052.518.790/0032-0";"9448";"0";"2011-03-27T00:00:00";"69.5";"0";"69.5";"3";"2011";"0";"";"";"529025";"";"";"";"1970";"2041273";""
"JOSEPH BANDEIRA";"";"4929";"565";"2011";"BA";"PSB";"54";"13";"FORNECIMENTO DE ALIMENTAÇÃO DO PARLAMENTAR";"0";"";"LAZAR COMÉRCIO DE ALIMENTOS E SERVIÇOS HOTELEIROS";"052.518.790/0032-0";"9472";"0";"2011-04-03T00:00:00";"70";"0";"70";"4";"2011";"0";"";"";"529030";"";"";"";"1970";"2041327";""
"JOSEPH BANDEIRA";"";"4929";"565";"2011";"BA";"PSB";"54";"13";"FORNECIMENTO DE ALIMENTAÇÃO DO PARLAMENTAR";"0";"";"LAZAR COMÉRCIO DE ALIMENTOS E SERVIÇOS HOTELEIROS";"052.518.790/0032-0";"9520";"0";"2011-04-17T00:00:00";"149";"0";"149";"4";"2011";"0";"";"";"532159";"";"";"";"1970";"2051217";""
"JOSEPH BANDEIRA";"";"4929";"565";"2011";"BA";"PSB";"54";"13";"FORNECIMENTO DE ALIMENTAÇÃO DO PARLAMENTAR";"0";"";"LAZAR COMÉRCIO DE ALIMENTOS E SERVIÇOS HOTELEIROS";"052.518.790/0032-0";"9535";"0";"2011-04-24T00:00:00";"63";"0";"63";"4";"2011";"0";"";"";"533229";"";"";"";"1970";"2055075";""
"JOSEPH BANDEIRA";"";"4929";"565";"2011";"BA";"PSB";"54";"13";"FORNECIMENTO DE ALIMENTAÇÃO DO PARLAMENTAR";"0";"";"LAZAR COMÉRCIO DE ALIMENTOS E SERVIÇOS HOTELEITOS";"052.518.790/0032-0";"9490";"0";"2011-04-10T00:00:00";"116";"0";"116";"4";"2011";"0";"";"";"530131";"";"";"";"1970";"2044709";""
"JOSEPH BANDEIRA";"";"4929";"565";"2011";"BA";"PSB";"54";"13";"FORNECIMENTO DE ALIMENTAÇÃO DO PARLAMENTAR";"0";"";"LAZAR COMÉRCIO DE ALIMENTOS LTDA";"052.518.790/0032-0";"09684";"0";"2011-06-12T00:00:00";"116";"0";"116";"6";"2011";"0";"";"";"545365";"";"";"";"1970";"2095144";""
"JOSEPH BANDEIRA";"";"4929";"565";"2011";"BA";"PSB";"54";"13";"FORNECIMENTO DE ALIMENTAÇÃO DO PARLAMENTAR";"0";"";"LAZAR COMÉRCIO DE ALIMENTOS LTDA";"052.518.790/0032-0";"09731";"0";"2011-06-26T00:00:00";"92.5";"0";"92.5";"6";"2011";"0";"";"";"548160";"";"";"";"1970";"2105150";""
"JOSEPH BANDEIRA";"";"4929";"565";"2011";"BA";"PSB";"54";"13";"FORNECIMENTO DE ALIMENTAÇÃO DO PARLAMENTAR";"0";"";"LAZAR COMÉRCIO DE ALIMENTOS LTDA";"052.518.790/0032-0";"09792";"0";"2011-07-17T00:00:00";"84";"0";"84";"7";"2011";"0";"";"";"553415";"";"";"";"1970";"2122251";""
"JOSEPH BANDEIRA";"";"4929";"565";"2011";"BA";"PSB";"54";"13";"FORNECIMENTO DE ALIMENTAÇÃO DO PARLAMENTAR";"0";"";"LAZAR COMÉRCIO DE ALIMENTOS LTDA";"052.518.790/0032-0";"09809";"0";"2011-07-24T00:00:00";"129.5";"0";"129.5";"7";"2011";"0";"";"";"553742";"";"";"";"1970";"2123362";""
"JOSEPH BANDEIRA";"";"4929";"565";"2011";"BA";"PSB";"54";"13";"FORNECIMENTO DE ALIMENTAÇÃO DO PARLAMENTAR";"0";"";"LAZAR COMÉRCIO DE ALIMENTOS LTDA";"052.518.790/0032-0";"09848";"0";"2011-07-31T00:00:00";"80";"0";"80";"7";"2011";"0";"";"";"553742";"";"";"";"1970";"2123354";""
"JOSEPH BANDEIRA";"";"4929";"565";"2011";"BA";"PSB";"54";"13";"FORNECIMENTO DE ALIMENTAÇÃO DO PARLAMENTAR";"0";"";"LAZAR COMÉRCIO DE ALIMENTOS LTDA";"052.518.790/0032-0";"09904";"0";"2011-08-14T00:00:00";"116";"0";"116";"8";"2011";"0";"";"";"558410";"";"";"";"1970";"2139181";""
"JOSEPH BANDEIRA";"";"4929";"565";"2011";"BA";"PSB";"54";"13";"FORNECIMENTO DE ALIMENTAÇÃO DO PARLAMENTAR";"0";"";"LAZAR COMERCIO DE ALIMENTOS LTDA";"052.518.790/0032-0";"09968";"0";"2011-09-03T00:00:00";"89";"0";"89";"9";"2011";"0";"";"";"562283";"";"";"";"1970";"2153092";""
"JOSEPH BANDEIRA";"";"4929";"565";"2011";"BA";"PSB";"54";"13";"FORNECIMENTO DE ALIMENTAÇÃO DO PARLAMENTAR";"0";"";"LAZAR COMERCIO DE ALIMENTOS LTDA";"052.518.790/0032-0";"09970";"0";"2011-09-03T00:00:00";"215.5";"0";"215.5";"9";"2011";"0";"";"";"562283";"";"";"";"1970";"2153088";""
"JOSEPH BANDEIRA";"";"4929";"565";"2011";"BA";"PSB";"54";"13";"FORNECIMENTO DE ALIMENTAÇÃO DO PARLAMENTAR";"0";"";"LAZAR COMÉRCIO DE ALIMENTOS LTDA";"052.518.790/0032-0";"09971";"0";"2011-09-10T00:00:00";"215.5";"0";"215.5";"9";"2011";"0";"";"";"563608";"";"";"";"1970";"2161480";""
"JOSEPH BANDEIRA";"";"4929";"565";"2011";"BA";"PSB";"54";"13";"FORNECIMENTO DE ALIMENTAÇÃO DO PARLAMENTAR";"0";"";"LAZAR COMÉRCIO DE ALIMENTOS LTDA";"052.518.790/0032-0";"09980";"0";"2011-09-16T00:00:00";"190.5";"0";"190.5";"9";"2011";"0";"";"";"565622";"";"";"";"1970";"2164627";""
"JOSEPH BANDEIRA";"";"4929";"565";"2011";"BA";"PSB";"54";"13";"FORNECIMENTO DE ALIMENTAÇÃO DO PARLAMENTAR";"0";"";"LAZAR COMÉRCIO DE ALIMENTOS LTDA";"052.518.790/0032-0";"09981";"0";"2011-09-17T00:00:00";"230";"0";"230";"9";"2011";"0";"";"";"565622";"";"";"";"1970";"2164628";""
"JOSEPH BANDEIRA";"";"4929";"565";"2011";"BA";"PSB";"54";"13";"FORNECIMENTO DE ALIMENTAÇÃO DO PARLAMENTAR";"0";"";"LAZAR COMÉRCIO DE ALIMENTOS LTDA";"052.518.790/0032-0";"09982";"0";"2011-09-06T00:00:00";"186";"0";"186";"9";"2011";"0";"";"";"563606";"";"";"";"1970";"2157028";""
"JOSEPH BANDEIRA";"";"4929";"565";"2011";"BA";"PSB";"54";"13";"FORNECIMENTO DE ALIMENTAÇÃO DO PARLAMENTAR";"0";"";"LAZAR COMÉRCIO DE ALIMENTOS LTDA";"052.518.790/0032-0";"09983";"0";"2011-09-07T00:00:00";"224";"0";"224";"9";"2011";"0";"";"";"563607";"";"";"";"1970";"2161481";""
"JOSEPH BANDEIRA";"";"4929";"565";"2011";"BA";"PSB";"54";"13";"FORNECIMENTO DE ALIMENTAÇÃO DO PARLAMENTAR";"0";"";"LAZAR COMÉRCIO DE ALIMENTOS LTDA";"052.518.790/0032-0";"09984";"0";"2011-09-08T00:00:00";"149";"0";"149";"9";"2011";"0";"";"";"563607";"";"";"";"1970";"2157079";""
"JOSEPH BANDEIRA";"";"4929";"565";"2011";"BA";"PSB";"54";"13";"FORNECIMENTO DE ALIMENTAÇÃO DO PARLAMENTAR";"0";"";"LAZAR COMÉRCIO DE ALIMENTOS LTDA";"052.518.790/0032-0";"10002";"0";"2011-09-18T00:00:00";"125.5";"0";"125.5";"9";"2011";"0";"";"";"565622";"";"";"";"1970";"2164629";""
"JOSEPH BANDEIRA";"";"4929";"565";"2011";"BA";"PSB";"54";"13";"FORNECIMENTO DE ALIMENTAÇÃO DO PARLAMENTAR";"0";"";"LAZAR COMÉRCIO DE ALIMENTOS LTDA";"052.518.790/0032-0";"10039";"0";"2011-10-02T00:00:00";"120";"0";"120";"10";"2011";"0";"";"";"568117";"";"";"";"1970";"2173297";""
"JOSEPH BANDEIRA";"";"4929";"565";"2011";"BA";"PSB";"54";"13";"FORNECIMENTO DE ALIMENTAÇÃO DO PARLAMENTAR";"0";"";"LAZAR COMÉRCIO DE ALIMENTOS LTDA";"052.518.790/0032-0";"10106";"0";"2011-10-23T00:00:00";"124";"0";"124";"10";"2011";"0";"";"";"572301";"";"";"";"1970";"2186961";""
"JOSEPH BANDEIRA";"";"4929";"565";"2011";"BA";"PSB";"54";"13";"FORNECIMENTO DE ALIMENTAÇÃO DO PARLAMENTAR";"0";"";"LAZAR COMÉRCIO DE ALIMENTOS LTDA";"052.518.790/0032-0";"10127";"0";"2011-10-30T00:00:00";"84";"0";"84";"10";"2011";"0";"";"";"575333";"";"";"";"1970";"2197073";""
"JOSEPH BANDEIRA";"";"4929";"565";"2011";"BA";"PSB";"54";"13";"FORNECIMENTO DE ALIMENTAÇÃO DO PARLAMENTAR";"0";"";"LAZAR COMÉRCIO DE ALIMENTOS LTDA";"052.518.790/0032-0";"10160";"0";"2011-11-13T00:00:00";"124";"0";"124";"11";"2011";"0";"";"";"577500";"";"";"";"1970";"2203978";""
"JOSEPH BANDEIRA";"";"4929";"565";"2011";"BA";"PSB";"54";"13";"FORNECIMENTO DE ALIMENTAÇÃO DO PARLAMENTAR";"0";"";"LAZAR COMÉRCIO DE ALIMENTOS LTDA";"052.518.790/0032-0";"10170";"0";"2011-11-20T00:00:00";"84";"0";"84";"11";"2011";"0";"";"";"578192";"";"";"";"1970";"2206596";""
"JOSEPH BANDEIRA";"";"4929";"565";"2011";"BA";"PSB";"54";"13";"FORNECIMENTO DE ALIMENTAÇÃO DO PARLAMENTAR";"0";"";"LAZAR COMÉRCIO DE ALIMENTOS LTDA";"052.518.790/0032-0";"10190";"0";"2011-11-27T00:00:00";"141.5";"0";"141.5";"11";"2011";"0";"";"";"579933";"";"";"";"1970";"2212738";""
"JOSEPH BANDEIRA";"";"4929";"565";"2011";"BA";"PSB";"54";"13";"FORNECIMENTO DE ALIMENTAÇÃO DO PARLAMENTAR";"0";"";"LAZAR COMERCIO DE ALIMENTOS LTDA";"052.518.790/0032-0";"10221";"0";"2011-12-11T00:00:00";"120";"0";"120";"12";"2011";"0";"";"";"583457";"";"";"";"1970";"2223597";""
"JOSEPH BANDEIRA";"";"4929";"565";"2011";"BA";"PSB";"54";"13";"FORNECIMENTO DE ALIMENTAÇÃO DO PARLAMENTAR";"0";"";"LAZAR COMÉRCIO DE ALIMENTOS LTDA";"052.518.790/0032-0";"10247";"0";"2011-12-18T00:00:00";"124";"0";"124";"12";"2011";"0";"";"";"584725";"";"";"";"1970";"2227555";""
"JOSEPH BANDEIRA";"";"4929";"565";"2011";"BA";"PSB";"54";"13";"FORNECIMENTO DE ALIMENTAÇÃO DO PARLAMENTAR";"0";"";"LAZAR COMERCIODE ALIMENTOS";"052.518.790/0032-0";"09773";"0";"2011-07-10T00:00:00";"139.5";"0";"139.5";"7";"2011";"0";"";"";"551642";"";"";"";"1970";"2116374";""
"JOSEPH BANDEIRA";"";"4929";"565";"2011";"BA";"PSB";"54";"13";"FORNECIMENTO DE ALIMENTAÇÃO DO PARLAMENTAR";"0";"";"LUCCA RESTAURANTE";"047.777.980/0013-3";"52507";"0";"2011-12-07T00:00:00";"165.82";"0";"165.82";"12";"2011";"0";"";"";"582119";"";"";"";"1970";"2219550";""
"JOSEPH BANDEIRA";"";"4929";"565";"2011";"BA";"PSB";"54";"13";"FORNECIMENTO DE ALIMENTAÇÃO DO PARLAMENTAR";"0";"";"LUCCA RESTAURANTE";"047.777.980/0013-3";"52508";"0";"2011-12-07T00:00:00";"165.82";"0";"165.82";"12";"2011";"0";"";"";"583457";"";"";"";"1970";"2223631";""
"JOSEPH BANDEIRA";"";"4929";"565";"2011";"BA";"PSB";"54";"13";"FORNECIMENTO DE ALIMENTAÇÃO DO PARLAMENTAR";"0";"";"M M COMÉRCIO DE ALIMENTOS LTDA";"087.160.750/0018-5";"13869";"0";"2011-05-16T00:00:00";"106";"0";"106";"5";"2011";"0";"";"";"539257";"";"";"";"1970";"2074597";""
"JOSEPH BANDEIRA";"";"4929";"565";"2011";"BA";"PSB";"54";"13";"FORNECIMENTO DE ALIMENTAÇÃO DO PARLAMENTAR";"0";"";"M M LELIS";"087.160.750/0018-5";"033004";"0";"2011-05-30T00:00:00";"75";"0";"75";"5";"2011";"0";"";"";"543770";"";"";"";"1970";"2089645";""
"JOSEPH BANDEIRA";"";"4929";"565";"2011";"BA";"PSB";"54";"13";"FORNECIMENTO DE ALIMENTAÇÃO DO PARLAMENTAR";"0";"";"M M LELIS COMERCIO DE ALIMENTOS";"087.160.750/0018-5";"033795";"0";"2011-06-20T00:00:00";"77.5";"0";"77.5";"6";"2011";"0";"";"";"546700";"";"";"";"1970";"2099506";""
"JOSEPH BANDEIRA";"";"4929";"565";"2011";"BA";"PSB";"54";"13";"FORNECIMENTO DE ALIMENTAÇÃO DO PARLAMENTAR";"0";"";"M M LELIS COMÉRCIO DE ALIMENTOS LTDA";"087.160.750/0018-5";"036660";"0";"2011-09-19T00:00:00";"43";"0";"43";"9";"2011";"0";"";"";"565622";"";"";"";"1970";"2164636";""
"JOSEPH BANDEIRA";"";"4929";"565";"2011";"BA";"PSB";"54";"13";"FORNECIMENTO DE ALIMENTAÇÃO DO PARLAMENTAR";"0";"";"M M LÉLIS COMÉRCIO DE ALIMENTOS LTDA";"087.160.750/0018-5";"036670";"0";"2011-09-20T00:00:00";"111";"0";"111";"9";"2011";"0";"";"";"565622";"";"";"";"1970";"2164637";""
"JOSEPH BANDEIRA";"";"4929";"565";"2011";"BA";"PSB";"54";"13";"FORNECIMENTO DE ALIMENTAÇÃO DO PARLAMENTAR";"0";"";"M M LELIS COMÉRCIO DE ALIMENTOS LTDA";"087.160.750/0018-5";"037784";"0";"2011-10-27T00:00:00";"35";"0";"35";"10";"2011";"0";"";"";"575333";"";"";"";"1970";"2197019";""
"JOSEPH BANDEIRA";"";"4929";"565";"2011";"BA";"PSB";"54";"13";"FORNECIMENTO DE ALIMENTAÇÃO DO PARLAMENTAR";"0";"";"M M LÉLIS COMÉRCIO DE ALIMENTOS LTDA";"087.160.750/0018-5";"13468";"0";"2011-03-24T00:00:00";"74.5";"0";"74.5";"3";"2011";"0";"";"";"529025";"";"";"";"1970";"2041267";""
"JOSEPH BANDEIRA";"";"4929";"565";"2011";"BA";"PSB";"54";"13";"FORNECIMENTO DE ALIMENTAÇÃO DO PARLAMENTAR";"0";"";"M M LÉLIS COMÉRCIO DE ALIMENTOS LTDA";"087.160.750/0018-5";"13712";"0";"2011-04-16T00:00:00";"72";"0";"72";"4";"2011";"0";"";"";"532159";"";"";"";"1970";"2051211";""
"JOSEPH BANDEIRA";"";"4929";"565";"2011";"BA";"PSB";"54";"13";"FORNECIMENTO DE ALIMENTAÇÃO DO PARLAMENTAR";"0";"";"M M LÉLIS COMÉRCIO DE ALIMENTOS LTDA";"087.160.750/0018-5";"13743";"0";"2011-04-25T00:00:00";"69";"0";"69";"4";"2011";"0";"";"";"533229";"";"";"";"1970";"2055091";""
"JOSEPH BANDEIRA";"";"4929";"565";"2011";"BA";"PSB";"54";"13";"FORNECIMENTO DE ALIMENTAÇÃO DO PARLAMENTAR";"0";"";"M M LÉLIS COMÉRCIO DE ALIMENTOS LTDA";"087.160.750/0018-5";"13764";"0";"2011-05-02T00:00:00";"73.5";"0";"73.5";"5";"2011";"0";"";"";"535109";"";"";"";"1970";"2061356";""
"JOSEPH BANDEIRA";"";"4929";"565";"2011";"BA";"PSB";"54";"13";"FORNECIMENTO DE ALIMENTAÇÃO DO PARLAMENTAR";"0";"";"M M LÉLIS COMÉRCIO DE ALIMENTOS LTDA";"087.160.750/0018-5";"13794";"0";"2011-05-13T00:00:00";"58";"0";"58";"5";"2011";"0";"";"";"539257";"";"";"";"1970";"2074591";""
"JOSEPH BANDEIRA";"";"4929";"565";"2011";"BA";"PSB";"54";"13";"FORNECIMENTO DE ALIMENTAÇÃO DO PARLAMENTAR";"0";"";"M M LÉLIS COMÉRCIO DE ALIMENTOS LTDA";"087.160.750/0018-5";"13810";"0";"2011-05-14T00:00:00";"96";"0";"96";"5";"2011";"0";"";"";"539257";"";"";"";"1970";"2074592";""
"JOSEPH BANDEIRA";"";"4929";"565";"2011";"BA";"PSB";"54";"13";"FORNECIMENTO DE ALIMENTAÇÃO DO PARLAMENTAR";"0";"";"MANHATTAN";"370.698.530/0027-0";"031021";"0";"2011-05-25T00:00:00";"101";"0";"101";"5";"2011";"0";"";"";"541469";"";"";"";"1970";"2082689";""
"JOSEPH BANDEIRA";"";"4929";"565";"2011";"BA";"PSB";"54";"13";"FORNECIMENTO DE ALIMENTAÇÃO DO PARLAMENTAR";"0";"";"MANHATTAN HOTEIS";"370.698.530/0027-0";"034000";"0";"2011-06-21T00:00:00";"97.5";"0";"97.5";"6";"2011";"0";"";"";"546700";"";"";"";"1970";"2099491";""
"JOSEPH BANDEIRA";"";"4929";"565";"2011";"BA";"PSB";"54";"13";"FORNECIMENTO DE ALIMENTAÇÃO DO PARLAMENTAR";"0";"";"MANHATTAN HOTEIS";"370.698.530/0027-0";"035680";"0";"2011-07-12T00:00:00";"74";"0";"74";"7";"2011";"0";"";"";"551642";"";"";"";"1970";"2116362";""
"JOSEPH BANDEIRA";"";"4929";"565";"2011";"BA";"PSB";"54";"13";"FORNECIMENTO DE ALIMENTAÇÃO DO PARLAMENTAR";"0";"";"MANHATTAN HOTEIS E TURISMO";"370.698.530/0027-0";"002760";"0";"2011-06-07T00:00:00";"62";"0";"62";"6";"2011";"0";"";"";"543772";"";"";"";"1970";"2090041";""
"JOSEPH BANDEIRA";"";"4929";"565";"2011";"BA";"PSB";"54";"13";"FORNECIMENTO DE ALIMENTAÇÃO DO PARLAMENTAR";"0";"";"MANHATTAN HOTEIS E TURISMO LTDA";"370.698.530/0027-0";"029416";"0";"2011-05-10T00:00:00";"103";"46";"57";"5";"2011";"0";"";"";"537551";"";"";"";"1970";"2068843";""
"JOSEPH BANDEIRA";"";"4929";"565";"2011";"BA";"PSB";"54";"13";"FORNECIMENTO DE ALIMENTAÇÃO DO PARLAMENTAR";"0";"";"MANHATTAN HOTEIS E TURISMO LTDA";"370.698.530/0027-0";"045248";"0";"2011-10-19T00:00:00";"59.8";"0";"59.8";"10";"2011";"0";"";"";"572300";"";"";"";"1970";"2186857";""
"JOSEPH BANDEIRA";"";"4929";"565";"2011";"BA";"PSB";"54";"13";"FORNECIMENTO DE ALIMENTAÇÃO DO PARLAMENTAR";"0";"";"MANHATTAN HOTEIS E TURISMO LTDA";"370.698.530/0027-0";"045870";"0";"2011-10-25T00:00:00";"104.1";"0";"104.1";"10";"2011";"0";"";"";"572300";"";"";"";"1970";"2186851";""
"JOSEPH BANDEIRA";"";"4929";"565";"2011";"BA";"PSB";"54";"13";"FORNECIMENTO DE ALIMENTAÇÃO DO PARLAMENTAR";"0";"";"MARIETTA CAFÉ";"006.837.480/0153-1";"175061";"0";"2011-04-26T00:00:00";"92.2";"46.1";"46.1";"4";"2011";"0";"";"";"533229";"";"";"";"1970";"2055058";""
"JOSEPH BANDEIRA";"";"4929";"565";"2011";"BA";"PSB";"54";"13";"FORNECIMENTO DE ALIMENTAÇÃO DO PARLAMENTAR";"0";"";"MARIETTA COMÉRCIO DE ALIMENTOS LTDA";"006.837.480/0030-6";"19550";"0";"2011-03-29T00:00:00";"44";"0";"44";"3";"2011";"0";"";"";"527399";"";"";"";"1970";"2035838";""
"JOSEPH BANDEIRA";"";"4929";"565";"2011";"BA";"PSB";"54";"13";"FORNECIMENTO DE ALIMENTAÇÃO DO PARLAMENTAR";"0";"";"MARIETTA COMÉRCIO DE ALIMENTOS LTDA";"006.837.480/0188-4";"233411";"0";"2011-04-06T00:00:00";"44";"0";"44";"4";"2011";"0";"";"";"530131";"";"";"";"1970";"2044701";""
"JOSEPH BANDEIRA";"";"4929";"565";"2011";"BA";"PSB";"54";"13";"FORNECIMENTO DE ALIMENTAÇÃO DO PARLAMENTAR";"0";"";"MARIETTA COMERCIO DE ALIMENTOS LTDA";"006.837.480/0188-4";"242149";"0";"2011-04-27T00:00:00";"90.1";"45.05";"45.05";"4";"2011";"0";"";"";"535111";"";"";"";"1970";"2061328";""
"JOSEPH BANDEIRA";"";"4929";"565";"2011";"BA";"PSB";"54";"13";"FORNECIMENTO DE ALIMENTAÇÃO DO PARLAMENTAR";"0";"";"MARIETTA COMÉRCIO DE ALIMENTOS LTDA";"006.837.480/0188-4";"287863";"0";"2011-09-14T00:00:00";"95.55";"40.5";"55.05";"9";"2011";"0";"";"";"564697";"";"";"";"1970";"2161213";""
"JOSEPH BANDEIRA";"";"4929";"565";"2011";"BA";"PSB";"54";"13";"FORNECIMENTO DE ALIMENTAÇÃO DO PARLAMENTAR";"0";"";"MASSA VOLPI PIZZARIA EPP";"061.232.310/0017-9";"007457";"0";"2011-11-21T00:00:00";"62.8";"0";"62.8";"11";"2011";"0";"";"";"578192";"";"";"";"1970";"2206617";""
"JOSEPH BANDEIRA";"";"4929";"565";"2011";"BA";"PSB";"54";"13";"FORNECIMENTO DE ALIMENTAÇÃO DO PARLAMENTAR";"0";"";"MASSA VOLPI PIZZARIA LTDA";"061.232.310/0017-9";"007436";"0";"2011-11-07T00:00:00";"38.95";"0";"38.95";"11";"2011";"0";"";"";"575329";"";"";"";"1970";"2197061";""
"JOSEPH BANDEIRA";"";"4929";"565";"2011";"BA";"PSB";"54";"13";"FORNECIMENTO DE ALIMENTAÇÃO DO PARLAMENTAR";"0";"";"MASSA VOLPI PIZZARIA LTDA";"061.232.310/0017-9";"059976";"0";"2011-09-11T00:00:00";"46.7";"0";"46.7";"9";"2011";"0";"";"";"563608";"";"";"";"1970";"2157157";""
"JOSEPH BANDEIRA";"";"4929";"565";"2011";"BA";"PSB";"54";"13";"FORNECIMENTO DE ALIMENTAÇÃO DO PARLAMENTAR";"0";"";"MASSA VOLPI PIZZARIA LTDA";"061.232.310/0017-9";"062450";"0";"2011-10-27T00:00:00";"41.65";"10";"31.65";"10";"2011";"0";"";"";"575333";"";"";"";"1970";"2197087";""
"JOSEPH BANDEIRA";"";"4929";"565";"2011";"BA";"PSB";"54";"13";"FORNECIMENTO DE ALIMENTAÇÃO DO PARLAMENTAR";"0";"";"NORTON GRILL";"047.777.980/0021-4";"35285";"0";"2011-05-10T00:00:00";"75";"0";"75";"5";"2011";"0";"";"";"539257";"";"";"";"1970";"2074593";""
"JOSEPH BANDEIRA";"";"4929";"565";"2011";"BA";"PSB";"54";"13";"FORNECIMENTO DE ALIMENTAÇÃO DO PARLAMENTAR";"0";"";"NORTON GRILL";"047.777.980/0021-4";"35365";"0";"2011-05-25T00:00:00";"93.87";"0";"93.87";"5";"2011";"0";"";"";"541469";"";"";"";"1970";"2082676";""
"JOSEPH BANDEIRA";"";"4929";"565";"2011";"BA";"PSB";"54";"13";"FORNECIMENTO DE ALIMENTAÇÃO DO PARLAMENTAR";"0";"";"NORTON GRILL";"047.777.980/0021-4";"35396";"0";"2011-05-31T00:00:00";"57.93";"0";"57.93";"5";"2011";"0";"";"";"553424";"";"";"";"1970";"2122262";""
"JOSEPH BANDEIRA";"";"4929";"565";"2011";"BA";"PSB";"54";"13";"FORNECIMENTO DE ALIMENTAÇÃO DO PARLAMENTAR";"0";"";"NORTON GRILL";"047.777.980/0021-4";"35630";"0";"2011-08-02T00:00:00";"74.8";"0";"74.8";"8";"2011";"0";"";"";"556992";"";"";"";"1970";"2134808";""
"JOSEPH BANDEIRA";"";"4929";"565";"2011";"BA";"PSB";"54";"13";"FORNECIMENTO DE ALIMENTAÇÃO DO PARLAMENTAR";"0";"";"NORTON GRILL";"047.777.980/0021-4";"35840";"0";"2011-09-15T00:00:00";"226.6";"0";"226.6";"9";"2011";"0";"";"";"564697";"";"";"";"1970";"2161209";""
"JOSEPH BANDEIRA";"";"4929";"565";"2011";"BA";"PSB";"54";"13";"FORNECIMENTO DE ALIMENTAÇÃO DO PARLAMENTAR";"0";"";"NORTON GRILL";"047.777.980/0021-4";"35878";"0";"2011-09-27T00:00:00";"97.5";"0";"97.5";"9";"2011";"0";"";"";"568121";"";"";"";"1970";"2173289";""
"JOSEPH BANDEIRA";"";"4929";"565";"2011";"BA";"PSB";"54";"13";"FORNECIMENTO DE ALIMENTAÇÃO DO PARLAMENTAR";"0";"";"NORTON GRILL";"047.777.980/0021-4";"35958";"0";"2011-10-11T00:00:00";"137.5";"0";"137.5";"10";"2011";"0";"";"";"570561";"";"";"";"1970";"2180746";""
"JOSEPH BANDEIRA";"";"4929";"565";"2011";"BA";"PSB";"54";"13";"FORNECIMENTO DE ALIMENTAÇÃO DO PARLAMENTAR";"0";"";"NORTON GRILL";"047.777.980/0021-4";"36025";"0";"2011-10-25T00:00:00";"131.27";"0";"131.27";"10";"2011";"0";"";"";"573057";"";"";"";"1970";"2189761";""
"JOSEPH BANDEIRA";"";"4929";"565";"2011";"BA";"PSB";"54";"13";"FORNECIMENTO DE ALIMENTAÇÃO DO PARLAMENTAR";"0";"";"NORTON GRILL";"047.777.980/0021-4";"36148";"0";"2011-11-21T00:00:00";"128.43";"0";"128.43";"11";"2011";"0";"";"";"578192";"";"";"";"1970";"2206609";""
"JOSEPH BANDEIRA";"";"4929";"565";"2011";"BA";"PSB";"54";"13";"FORNECIMENTO DE ALIMENTAÇÃO DO PARLAMENTAR";"0";"";"NORTON GRILL";"047.777.980/0021-4";"36278";"0";"2011-12-14T00:00:00";"127.6";"0";"127.6";"12";"2011";"0";"";"";"584725";"";"";"";"1970";"2227564";""
"JOSEPH BANDEIRA";"";"4929";"565";"2011";"BA";"PSB";"54";"13";"FORNECIMENTO DE ALIMENTAÇÃO DO PARLAMENTAR";"0";"";"NORTON GRILL";"047.777.980/0021-4";"36280";"0";"2011-12-14T00:00:00";"127.6";"0";"127.6";"12";"2011";"0";"";"";"585139";"";"";"";"1970";"2228862";""
"JOSEPH BANDEIRA";"";"4929";"565";"2011";"BA";"PSB";"54";"13";"FORNECIMENTO DE ALIMENTAÇÃO DO PARLAMENTAR";"0";"";"OLIVER";"075.860.150/0012-2";"14194";"0";"2011-06-29T00:00:00";"176.77";"0";"176.77";"6";"2011";"0";"";"";"548160";"";"";"";"1970";"2105116";""
"JOSEPH BANDEIRA";"";"4929";"565";"2011";"BA";"PSB";"54";"13";"FORNECIMENTO DE ALIMENTAÇÃO DO PARLAMENTAR";"0";"";"OLIVER";"075.860.150/0012-2";"14195";"0";"2011-06-29T00:00:00";"176.77";"0";"176.77";"6";"2011";"0";"";"";"550176";"";"";"";"1970";"2111634";""
"JOSEPH BANDEIRA";"";"4929";"565";"2011";"BA";"PSB";"54";"13";"FORNECIMENTO DE ALIMENTAÇÃO DO PARLAMENTAR";"0";"";"OLIVER COMÉRCIO DE ALIMENTOS LTDA. - EPP";"075.860.150/0012-2";"14196";"0";"2011-06-29T00:00:00";"176.77";"0";"176.77";"6";"2011";"0";"";"";"558405";"";"";"";"1970";"2139113";""
"JOSEPH BANDEIRA";"";"4929";"565";"2011";"BA";"PSB";"54";"13";"FORNECIMENTO DE ALIMENTAÇÃO DO PARLAMENTAR";"0";"";"OUTBACK";"062.043.200/0057-3";"065369";"0";"2011-06-01T00:00:00";"53.75";"0";"53.75";"6";"2011";"0";"";"";"543771";"";"";"";"1970";"2090017";""
"JOSEPH BANDEIRA";"";"4929";"565";"2011";"BA";"PSB";"54";"13";"FORNECIMENTO DE ALIMENTAÇÃO DO PARLAMENTAR";"0";"";"OUTBACK STEAKHOUSE";"062.043.200/0057-3";"065368";"0";"2011-06-01T00:00:00";"87.25";"0";"87.25";"6";"2011";"0";"";"";"542059";"";"";"";"1970";"2084577";""
"JOSEPH BANDEIRA";"";"4929";"565";"2011";"BA";"PSB";"54";"13";"FORNECIMENTO DE ALIMENTAÇÃO DO PARLAMENTAR";"0";"";"OUTBACK STEAKHOUSE";"062.043.200/0057-3";"094229";"0";"2011-10-17T00:00:00";"117.5";"0";"117.5";"10";"2011";"0";"";"";"572300";"";"";"";"1970";"2186871";""
"JOSEPH BANDEIRA";"";"4929";"565";"2011";"BA";"PSB";"54";"13";"FORNECIMENTO DE ALIMENTAÇÃO DO PARLAMENTAR";"0";"";"PARAGUAÇU";"047.993.430/0011-9";"008923";"0";"2011-08-22T00:00:00";"143.44";"0";"143.44";"8";"2011";"0";"";"";"559408";"";"";"";"1970";"2142841";""
"JOSEPH BANDEIRA";"";"4929";"565";"2011";"BA";"PSB";"54";"13";"FORNECIMENTO DE ALIMENTAÇÃO DO PARLAMENTAR";"0";"";"PARAGUAÇU";"047.993.430/0011-9";"009112";"0";"2011-09-30T00:00:00";"183.59";"0";"183.59";"9";"2011";"0";"";"";"568121";"";"";"";"1970";"2173295";""
"JOSEPH BANDEIRA";"";"4929";"565";"2011";"BA";"PSB";"54";"13";"FORNECIMENTO DE ALIMENTAÇÃO DO PARLAMENTAR";"0";"";"PARAGUAÇU";"047.993.430/0011-9";"009276";"0";"2011-10-31T00:00:00";"104.39";"0";"104.39";"10";"2011";"0";"";"";"575333";"";"";"";"1970";"2197065";""
"JOSEPH BANDEIRA";"";"4929";"565";"2011";"BA";"PSB";"54";"13";"FORNECIMENTO DE ALIMENTAÇÃO DO PARLAMENTAR";"0";"";"PARAGUAÇU";"047.993.430/0011-9";"009428";"0";"2011-11-28T00:00:00";"51.59";"0";"51.59";"11";"2011";"0";"";"";"581365";"";"";"";"1970";"2217377";""
"JOSEPH BANDEIRA";"";"4929";"565";"2011";"BA";"PSB";"54";"13";"FORNECIMENTO DE ALIMENTAÇÃO DO PARLAMENTAR";"0";"";"PARAGUAÇU";"047.993.430/0011-9";"009430";"0";"2011-11-28T00:00:00";"66.99";"0";"66.99";"11";"2011";"0";"";"";"579933";"";"";"";"1970";"2212741";""
"JOSEPH BANDEIRA";"";"4929";"565";"2011";"BA";"PSB";"54";"13";"FORNECIMENTO DE ALIMENTAÇÃO DO PARLAMENTAR";"0";"";"PARAGUAÇU";"047.993.430/0011-9";"08708";"0";"2011-07-11T00:00:00";"160.93";"0";"160.93";"7";"2011";"0";"";"";"551642";"";"";"";"1970";"2116370";""
"JOSEPH BANDEIRA";"";"4929";"565";"2011";"BA";"PSB";"54";"13";"FORNECIMENTO DE ALIMENTAÇÃO DO PARLAMENTAR";"0";"";"PARAGUAÇU";"047.993.430/0011-9";"08800";"0";"2011-07-29T00:00:00";"128.59";"0";"128.59";"7";"2011";"0";"";"";"557146";"";"";"";"1970";"2135295";""
"JOSEPH BANDEIRA";"";"4929";"565";"2011";"BA";"PSB";"54";"13";"FORNECIMENTO DE ALIMENTAÇÃO DO PARLAMENTAR";"0";"";"PARAGUAÇU-RESTAURANTE LA TABLE FRANÇAISE LTDA-ME";"047.993.430/0011-9";"08893";"0";"2011-08-18T00:00:00";"101.64";"0";"101.64";"8";"2011";"0";"";"";"565598";"";"";"";"1970";"2164537";""
"JOSEPH BANDEIRA";"";"4929";"565";"2011";"BA";"PSB";"54";"13";"FORNECIMENTO DE ALIMENTAÇÃO DO PARLAMENTAR";"0";"";"PARGUAÇU";"047.993.430/0011-9";"009331";"0";"2011-11-11T00:00:00";"117.48";"0";"117.48";"11";"2011";"0";"";"";"577500";"";"";"";"1970";"2203971";""
"JOSEPH BANDEIRA";"";"4929";"565";"2011";"BA";"PSB";"54";"13";"FORNECIMENTO DE ALIMENTAÇÃO DO PARLAMENTAR";"0";"";"PARRILLA MADRID";"062.561.630/0011-6";"4782";"0";"2011-06-22T00:00:00";"146.85";"0";"146.85";"6";"2011";"0";"";"";"546774";"";"";"";"1970";"2099777";""
"JOSEPH BANDEIRA";"";"4929";"565";"2011";"BA";"PSB";"54";"13";"FORNECIMENTO DE ALIMENTAÇÃO DO PARLAMENTAR";"0";"";"PATIO 33";"075.283.630/0014-3";"10628";"0";"2011-05-23T00:00:00";"245.08";"0";"245.08";"5";"2011";"0";"";"";"543770";"";"";"";"1970";"2089653";""
"JOSEPH BANDEIRA";"";"4929";"565";"2011";"BA";"PSB";"54";"13";"FORNECIMENTO DE ALIMENTAÇÃO DO PARLAMENTAR";"0";"";"PÁTIO 33 COMÉRCIO DE ALIMENTOS LTDA ME";"075.283.630/0014-3";"11043";"0";"2011-07-04T00:00:00";"138.38";"0";"138.38";"7";"2011";"0";"";"";"550204";"";"";"";"1970";"2111752";""
"JOSEPH BANDEIRA";"";"4929";"565";"2011";"BA";"PSB";"54";"13";"FORNECIMENTO DE ALIMENTAÇÃO DO PARLAMENTAR";"0";"";"POBRE JUAN";"062.762.030/0043-4";"0511";"0";"2011-08-24T00:00:00";"240.63";"0";"240.63";"8";"2011";"0";"";"";"565598";"";"";"";"1970";"2164550";""
"JOSEPH BANDEIRA";"";"4929";"565";"2011";"BA";"PSB";"54";"13";"FORNECIMENTO DE ALIMENTAÇÃO DO PARLAMENTAR";"0";"";"POBRE JUAN";"062.762.030/0043-4";"0558";"0";"2011-09-20T00:00:00";"270.05";"0";"270.05";"9";"2011";"0";"";"";"565622";"";"";"";"1970";"2164631";""
"JOSEPH BANDEIRA";"";"4929";"565";"2011";"BA";"PSB";"54";"13";"FORNECIMENTO DE ALIMENTAÇÃO DO PARLAMENTAR";"0";"";"POBRE JUAN";"062.762.030/0043-4";"0570";"0";"2011-09-28T00:00:00";"256.6";"0";"256.6";"9";"2011";"0";"";"";"568121";"";"";"";"1970";"2173301";""
"JOSEPH BANDEIRA";"";"4929";"565";"2011";"BA";"PSB";"54";"13";"FORNECIMENTO DE ALIMENTAÇÃO DO PARLAMENTAR";"0";"";"POBRE JUAN";"062.762.030/0043-4";"0653";"0";"2011-11-17T00:00:00";"213.4";"0";"213.4";"11";"2011";"0";"";"";"577500";"";"";"";"1970";"2218474";""
"JOSEPH BANDEIRA";"";"4929";"565";"2011";"BA";"PSB";"54";"13";"FORNECIMENTO DE ALIMENTAÇÃO DO PARLAMENTAR";"0";"";"POBRE JUAN";"062.762.030/0043-4";"0654";"0";"2011-11-17T00:00:00";"213.4";"0";"213.4";"11";"2011";"0";"";"";"579933";"";"";"";"1970";"2212730";""
"JOSEPH BANDEIRA";"";"4929";"565";"2011";"BA";"PSB";"54";"13";"FORNECIMENTO DE ALIMENTAÇÃO DO PARLAMENTAR";"0";"";"POBRE JUAN RESTAURANTE GRILL LTDA";"062.762.030/0043-4";"0512";"0";"2011-08-24T00:00:00";"240.63";"0";"240.63";"8";"2011";"0";"";"";"562281";"";"";"";"1970";"2153059";""
"JOSEPH BANDEIRA";"";"4929";"565";"2011";"BA";"PSB";"54";"13";"FORNECIMENTO DE ALIMENTAÇÃO DO PARLAMENTAR";"0";"";"POBRE JUAN RESTAURANTE GRILL LTDA";"062.762.030/0043-4";"0739";"0";"2011-12-20T00:00:00";"150.43";"0";"150.43";"12";"2011";"0";"";"";"585872";"";"";"";"1970";"2230905";""
"JOSEPH BANDEIRA";"";"4929";"565";"2011";"BA";"PSB";"54";"13";"FORNECIMENTO DE ALIMENTAÇÃO DO PARLAMENTAR";"0";"";"POBRE JUAN RESTAURANTE GRILL LTDA";"062.762.030/0043-4";"0740";"0";"2011-12-20T00:00:00";"150.43";"0";"150.43";"12";"2011";"0";"";"";"585872";"";"";"";"1970";"2230902";""
"JOSEPH BANDEIRA";"";"4929";"565";"2011";"BA";"PSB";"54";"13";"FORNECIMENTO DE ALIMENTAÇÃO DO PARLAMENTAR";"0";"";"POBRE JUAN RESTAURANTE LTDA";"062.762.030/0043-4";"0655";"0";"2011-11-17T00:00:00";"213.4";"0";"213.4";"11";"2011";"0";"";"";"578192";"";"";"";"1970";"2206641";""
"JOSEPH BANDEIRA";"";"4929";"565";"2011";"BA";"PSB";"54";"13";"FORNECIMENTO DE ALIMENTAÇÃO DO PARLAMENTAR";"0";"";"PONTO CERTO COM. DE CEREAIS";"163.469.750/0010-6";"158200";"0";"2011-06-17T00:00:00";"24.43";"0";"24.43";"6";"2011";"0";"";"";"546700";"";"";"";"1970";"2099500";""
"JOSEPH BANDEIRA";"";"4929";"565";"2011";"BA";"PSB";"54";"13";"FORNECIMENTO DE ALIMENTAÇÃO DO PARLAMENTAR";"0";"";"RA CATERING LTDA";"173.143.290/0055-3";"179299";"0";"2011-05-05T00:00:00";"82.5";"0";"82.5";"5";"2011";"0";"";"";"537551";"";"";"";"1970";"2068847";""
"JOSEPH BANDEIRA";"";"4929";"565";"2011";"BA";"PSB";"54";"13";"FORNECIMENTO DE ALIMENTAÇÃO DO PARLAMENTAR";"0";"";"RA CATERING LTDA";"173.143.290/0055-3";"361956";"0";"2011-12-28T00:00:00";"81.18";"0";"81.18";"12";"2011";"0";"";"";"586399";"";"";"";"1970";"2232524";""
"JOSEPH BANDEIRA";"";"4929";"565";"2011";"BA";"PSB";"54";"13";"FORNECIMENTO DE ALIMENTAÇÃO DO PARLAMENTAR";"0";"";"RA CATERING LTDA VIENA";"173.143.290/0179-7";"026830";"0";"2011-04-21T00:00:00";"39.65";"0";"39.65";"4";"2011";"0";"";"";"533230";"";"";"";"1970";"2055192";""
"JOSEPH BANDEIRA";"";"4929";"565";"2011";"BA";"PSB";"54";"13";"FORNECIMENTO DE ALIMENTAÇÃO DO PARLAMENTAR";"0";"";"RESTAURANTE GERO LTDA";"731.523.400/0045-4";"023046";"0";"2011-10-04T00:00:00";"184.19";"98.19";"86";"10";"2011";"0";"";"";"569554";"";"";"";"1970";"2177608";""
"JOSEPH BANDEIRA";"";"4929";"565";"2011";"BA";"PSB";"54";"13";"FORNECIMENTO DE ALIMENTAÇÃO DO PARLAMENTAR";"0";"";"RESTAURANTE GERO LTDA";"731.523.400/0045-4";"024392";"0";"2011-10-26T00:00:00";"219.22";"109.61";"109.61";"10";"2011";"0";"";"";"573057";"";"";"";"1970";"2189755";""
"JOSEPH BANDEIRA";"";"4929";"565";"2011";"BA";"PSB";"54";"13";"FORNECIMENTO DE ALIMENTAÇÃO DO PARLAMENTAR";"0";"";"RESTAURANTE GERO LTDA";"731.523.400/0045-4";"024393";"0";"2011-10-26T00:00:00";"205.66";"137.1";"68.56";"10";"2011";"0";"";"";"576550";"";"";"";"1970";"2201002";""
"JOSEPH BANDEIRA";"";"4929";"565";"2011";"BA";"PSB";"54";"13";"FORNECIMENTO DE ALIMENTAÇÃO DO PARLAMENTAR";"0";"";"RESTAURANTE LA TABLE FRANCAISE";"047.993.430/0011-9";"077417";"0";"2011-08-04T00:00:00";"60.39";"0";"60.39";"8";"2011";"0";"";"";"556992";"";"";"";"1970";"2134800";""
"JOSEPH BANDEIRA";"";"4929";"565";"2011";"BA";"PSB";"54";"13";"FORNECIMENTO DE ALIMENTAÇÃO DO PARLAMENTAR";"0";"";"RESTAURANTE LA TABLE FRANCAISE LTDA";"047.993.430/0011-9";"078933";"0";"2011-08-29T00:00:00";"60.39";"0";"60.39";"8";"2011";"0";"";"";"560825";"";"";"";"1970";"2147908";""
"JOSEPH BANDEIRA";"";"4929";"565";"2011";"BA";"PSB";"54";"13";"FORNECIMENTO DE ALIMENTAÇÃO DO PARLAMENTAR";"0";"";"RESTAURANTE LA TABLE FRANCAISE LTDA";"047.993.430/0011-9";"083874";"0";"2011-11-21T00:00:00";"31.9";"0";"31.9";"11";"2011";"0";"";"";"578191";"";"";"";"1970";"2206468";""
"JOSEPH BANDEIRA";"";"4929";"565";"2011";"BA";"PSB";"54";"13";"FORNECIMENTO DE ALIMENTAÇÃO DO PARLAMENTAR";"0";"";"RESTAURANTE LA TABLE FRANCAISE LTDA";"047.993.430/0011-9";"084525";"0";"2011-12-01T00:00:00";"62.59";"0";"62.59";"12";"2011";"0";"";"";"581371";"";"";"";"1970";"2217391";""
"JOSEPH BANDEIRA";"";"4929";"565";"2011";"BA";"PSB";"54";"13";"FORNECIMENTO DE ALIMENTAÇÃO DO PARLAMENTAR";"0";"";"RESTAURANTE LA TABLE FRANCAISE LTDA";"047.993.430/0011-9";"084997";"0";"2011-12-08T00:00:00";"60.39";"0";"60.39";"12";"2011";"0";"";"";"583455";"";"";"";"1970";"2223501";""
"JOSEPH BANDEIRA";"";"4929";"565";"2011";"BA";"PSB";"54";"13";"FORNECIMENTO DE ALIMENTAÇÃO DO PARLAMENTAR";"0";"";"RESTAURANTE LA TABLE FRANCAISE LTDA";"047.993.430/0011-9";"085070";"0";"2011-12-09T00:00:00";"54.45";"6.6";"47.85";"12";"2011";"0";"";"";"583455";"";"";"";"1970";"2223484";""
"JOSEPH BANDEIRA";"";"4929";"565";"2011";"BA";"PSB";"54";"13";"FORNECIMENTO DE ALIMENTAÇÃO DO PARLAMENTAR";"0";"";"RESTAURANTE LA TABLE FRANCAISE LTDA";"047.993.430/0011-9";"085496";"0";"2011-12-16T00:00:00";"64.79";"0";"64.79";"12";"2011";"0";"";"";"584725";"";"";"";"1970";"2227577";""
"JOSEPH BANDEIRA";"";"4929";"565";"2011";"BA";"PSB";"54";"13";"FORNECIMENTO DE ALIMENTAÇÃO DO PARLAMENTAR";"0";"";"RESTAURANTE LA TABLE FRANCAISE LTDA";"047.993.430/0011-9";"086179";"0";"2011-12-30T00:00:00";"66.99";"0";"66.99";"12";"2011";"0";"";"";"586399";"";"";"";"1970";"2232529";""
"JOSEPH BANDEIRA";"";"4929";"565";"2011";"BA";"PSB";"54";"13";"FORNECIMENTO DE ALIMENTAÇÃO DO PARLAMENTAR";"0";"";"RESTAURANTE LA TABLE FRANÇAISE LTDA";"047.993.430/0011-9";"009368";"0";"2011-11-18T00:00:00";"60.39";"0";"60.39";"11";"2011";"0";"";"";"578192";"";"";"";"1970";"2206580";""
"JOSEPH BANDEIRA";"";"4929";"565";"2011";"BA";"PSB";"54";"13";"FORNECIMENTO DE ALIMENTAÇÃO DO PARLAMENTAR";"0";"";"RESTAURANTE LA TABLE FRANÇAISE LTDA";"047.993.430/0011-9";"009514";"0";"2011-12-12T00:00:00";"191.18";"0";"191.18";"12";"2011";"0";"";"";"583457";"";"";"";"1970";"2223594";""
"JOSEPH BANDEIRA";"";"4929";"565";"2011";"BA";"PSB";"54";"13";"FORNECIMENTO DE ALIMENTAÇÃO DO PARLAMENTAR";"0";"";"RESTAURANTE LA TABLE FRANÇAISE LTDA";"047.993.430/0011-9";"009571";"0";"2011-12-22T00:00:00";"123.86";"0";"123.86";"12";"2011";"0";"";"";"585872";"";"";"";"1970";"2230899";""
"JOSEPH BANDEIRA";"";"4929";"565";"2011";"BA";"PSB";"54";"13";"FORNECIMENTO DE ALIMENTAÇÃO DO PARLAMENTAR";"0";"";"RESTAURANTE LA TABLE FRANÇAISE LTDA";"047.993.430/0011-9";"075070";"0";"2011-06-23T00:00:00";"119.24";"14";"105.24";"6";"2011";"0";"";"";"548160";"";"";"";"1970";"2105072";""
"JOSEPH BANDEIRA";"";"4929";"565";"2011";"BA";"PSB";"54";"13";"FORNECIMENTO DE ALIMENTAÇÃO DO PARLAMENTAR";"0";"";"RESTAURANTE LA TABLE FRANÇAISE LTDA";"047.993.430/0011-9";"076735";"0";"2011-07-22T00:00:00";"72.6";"0";"72.6";"7";"2011";"0";"";"";"553742";"";"";"";"1970";"2123308";""
"JOSEPH BANDEIRA";"";"4929";"565";"2011";"BA";"PSB";"54";"13";"FORNECIMENTO DE ALIMENTAÇÃO DO PARLAMENTAR";"0";"";"RESTAURANTE LA TABLE FRANÇAISE LTDA";"047.993.430/0011-9";"077028";"0";"2011-07-28T00:00:00";"105.6";"52.5";"53.1";"7";"2011";"0";"";"";"553740";"";"";"";"1970";"2123165";""
"JOSEPH BANDEIRA";"";"4929";"565";"2011";"BA";"PSB";"54";"13";"FORNECIMENTO DE ALIMENTAÇÃO DO PARLAMENTAR";"0";"";"RESTAURANTE LA TABLE FRANÇAISE LTDA";"047.993.430/0011-9";"079381";"0";"2011-09-06T00:00:00";"103.18";"46.9";"56.28";"9";"2011";"0";"";"";"563607";"";"";"";"1970";"2157110";""
"JOSEPH BANDEIRA";"";"4929";"565";"2011";"BA";"PSB";"54";"13";"FORNECIMENTO DE ALIMENTAÇÃO DO PARLAMENTAR";"0";"";"RESTAURANTE LA TABLE FRANÇAISE LTDA";"047.993.430/0011-9";"080374";"0";"2011-09-23T00:00:00";"159.17";"100.27";"58.9";"9";"2011";"0";"";"";"566645";"";"";"";"1970";"2168132";""
"JOSEPH BANDEIRA";"";"4929";"565";"2011";"BA";"PSB";"54";"13";"FORNECIMENTO DE ALIMENTAÇÃO DO PARLAMENTAR";"0";"";"RESTAURANTE LA TABLE FRANÇAISE LTDA";"047.993.430/0011-9";"081169";"0";"2011-10-07T00:00:00";"53.79";"0";"53.79";"10";"2011";"0";"";"";"569554";"";"";"";"1970";"2177606";""
"JOSEPH BANDEIRA";"";"4929";"565";"2011";"BA";"PSB";"54";"13";"FORNECIMENTO DE ALIMENTAÇÃO DO PARLAMENTAR";"0";"";"RESTAURANTE LA TABLE FRANÇAISE LTDA";"047.993.430/0011-9";"081480";"0";"2011-10-13T00:00:00";"60.39";"0";"60.39";"10";"2011";"0";"";"";"570565";"";"";"";"1970";"2180936";""
"JOSEPH BANDEIRA";"";"4929";"565";"2011";"BA";"PSB";"54";"13";"FORNECIMENTO DE ALIMENTAÇÃO DO PARLAMENTAR";"0";"";"RESTAURANTE LA TABLE FRANÇAISE LTDA";"047.993.430/0011-9";"082037";"0";"2011-10-21T00:00:00";"60.39";"0";"60.39";"10";"2011";"0";"";"";"572300";"";"";"";"1970";"2186875";""
"JOSEPH BANDEIRA";"";"4929";"565";"2011";"BA";"PSB";"54";"13";"FORNECIMENTO DE ALIMENTAÇÃO DO PARLAMENTAR";"0";"";"RESTAURANTE LA TABLE FRANÇAISE LTDA";"047.993.430/0011-9";"082188";"0";"2011-10-24T00:00:00";"60.39";"0";"60.39";"10";"2011";"0";"";"";"572300";"";"";"";"1970";"2186890";""
"JOSEPH BANDEIRA";"";"4929";"565";"2011";"BA";"PSB";"54";"13";"FORNECIMENTO DE ALIMENTAÇÃO DO PARLAMENTAR";"0";"";"RESTAURANTE LA TABLE FRANÇAISE LTDA";"047.993.430/0011-9";"082717";"0";"2011-11-02T00:00:00";"107.36";"42.9";"64.46";"11";"2011";"0";"";"";"575329";"";"";"";"1970";"2197038";""
"JOSEPH BANDEIRA";"";"4929";"565";"2011";"BA";"PSB";"54";"13";"FORNECIMENTO DE ALIMENTAÇÃO DO PARLAMENTAR";"0";"";"RESTAURANTE LA TABLE FRANÇAISE LTDA";"047.993.430/0011-9";"08726";"0";"2011-07-14T00:00:00";"176.22";"0";"176.22";"7";"2011";"0";"";"";"553743";"";"";"";"1970";"2123444";""
"JOSEPH BANDEIRA";"";"4929";"565";"2011";"BA";"PSB";"54";"13";"FORNECIMENTO DE ALIMENTAÇÃO DO PARLAMENTAR";"0";"";"RESTAURANTE LA TABLE FRANÇAISE LTDA";"047.993.430/0011-9";"08738";"0";"2011-07-18T00:00:00";"105.6";"0";"105.6";"7";"2011";"0";"";"";"553416";"";"";"";"1970";"2122269";""
"JOSEPH BANDEIRA";"";"4929";"565";"2011";"BA";"PSB";"54";"13";"FORNECIMENTO DE ALIMENTAÇÃO DO PARLAMENTAR";"0";"";"RESTAURANTE LA TABLE FRANÇAISE LTDA";"047.993.430/0011-9";"08751";"0";"2011-07-20T00:00:00";"192.72";"0";"192.72";"7";"2011";"0";"";"";"553743";"";"";"";"1970";"2123419";""
"JOSEPH BANDEIRA";"";"4929";"565";"2011";"BA";"PSB";"54";"13";"FORNECIMENTO DE ALIMENTAÇÃO DO PARLAMENTAR";"0";"";"RESTAURANTE MOURARIA";"058.816.340/0011-4";"16694";"0";"2011-06-15T00:00:00";"160.23";"0";"160.23";"6";"2011";"0";"";"";"548161";"";"";"";"1970";"2105163";""
"JOSEPH BANDEIRA";"";"4929";"565";"2011";"BA";"PSB";"54";"13";"FORNECIMENTO DE ALIMENTAÇÃO DO PARLAMENTAR";"0";"";"RESTAURANTE PRAIA DO CANTO LTDA";"359.622.160/0011-2";"015149";"0";"2011-12-03T00:00:00";"182";"0";"182";"12";"2011";"0";"";"";"581370";"";"";"";"1970";"2217125";""
"JOSEPH BANDEIRA";"";"4929";"565";"2011";"BA";"PSB";"54";"13";"FORNECIMENTO DE ALIMENTAÇÃO DO PARLAMENTAR";"0";"";"RETIRO DO PESCADOR";"138.365.010/0015-4";"0006";"0";"2011-08-16T00:00:00";"81.95";"0";"81.95";"8";"2011";"0";"";"";"558410";"";"";"";"1970";"2139176";""
"JOSEPH BANDEIRA";"";"4929";"565";"2011";"BA";"PSB";"54";"13";"FORNECIMENTO DE ALIMENTAÇÃO DO PARLAMENTAR";"0";"";"RETIRO DO PESCADOR";"726.422.420/0019-0";"23616";"0";"2011-05-24T00:00:00";"276.87";"0";"276.87";"5";"2011";"0";"";"";"540059";"";"";"";"1970";"2085082";""
"JOSEPH BANDEIRA";"";"4929";"565";"2011";"BA";"PSB";"54";"13";"FORNECIMENTO DE ALIMENTAÇÃO DO PARLAMENTAR";"0";"";"RGB RESTAURANTE LTDA";"625.058.470/0239-0";"048196";"0";"2011-07-05T00:00:00";"52.3";"0";"52.3";"7";"2011";"0";"";"";"550203";"";"";"";"1970";"2111691";""
"JOSEPH BANDEIRA";"";"4929";"565";"2011";"BA";"PSB";"54";"13";"FORNECIMENTO DE ALIMENTAÇÃO DO PARLAMENTAR";"0";"";"RGB RESTAURANTE LTDA";"625.058.470/0239-0";"084407";"0";"2011-12-26T00:00:00";"59.5";"0";"59.5";"12";"2011";"0";"";"";"585871";"";"";"";"1970";"2230876";""
"JOSEPH BANDEIRA";"";"4929";"565";"2011";"BA";"PSB";"54";"13";"FORNECIMENTO DE ALIMENTAÇÃO DO PARLAMENTAR";"0";"";"RGB RESTAURANTES LTDA";"625.058.470/0239-0";"054308";"0";"2011-09-01T00:00:00";"119.6";"0";"119.6";"9";"2011";"0";"";"";"562283";"";"";"";"1970";"2153042";""
"JOSEPH BANDEIRA";"";"4929";"565";"2011";"BA";"PSB";"54";"13";"FORNECIMENTO DE ALIMENTAÇÃO DO PARLAMENTAR";"0";"";"RGB RESTAURANTES LTDA";"625.058.470/0239-0";"074631";"0";"2011-11-24T00:00:00";"118.1";"59.05";"59.05";"11";"2011";"0";"";"";"579933";"";"";"";"1970";"2212721";""
"JOSEPH BANDEIRA";"";"4929";"565";"2011";"BA";"PSB";"54";"13";"FORNECIMENTO DE ALIMENTAÇÃO DO PARLAMENTAR";"0";"";"RGB RESTAURANTES LTDA";"625.058.470/0239-0";"078619";"0";"2011-12-07T00:00:00";"54.09";"0";"54.09";"12";"2011";"0";"";"";"584725";"";"";"";"1970";"2227574";""
"JOSEPH BANDEIRA";"";"4929";"565";"2011";"BA";"PSB";"54";"13";"FORNECIMENTO DE ALIMENTAÇÃO DO PARLAMENTAR";"0";"";"SERVILO NACIONAL DE APRENDIZAGEM COM. SENAC";"334.691.720/0164-4";"008759";"0";"2011-04-20T00:00:00";"64";"32";"32";"4";"2011";"0";"";"";"533230";"";"";"";"1970";"2055128";""
"JOSEPH BANDEIRA";"";"4929";"565";"2011";"BA";"PSB";"54";"13";"FORNECIMENTO DE ALIMENTAÇÃO DO PARLAMENTAR";"0";"";"SINDICATO DOS PERMISSIONÁRIOS DE TÁXIS E MOTORISTA";"000.317.080/0037-1";"0003";"1";"2011-03-29T00:00:00";"37";"0";"37";"3";"2011";"0";"";"";"538446";"";"";"";"1970";"2071709";""
"JOSEPH BANDEIRA";"";"4929";"565";"2011";"BA";"PSB";"54";"13";"FORNECIMENTO DE ALIMENTAÇÃO DO PARLAMENTAR";"0";"";"SUPERPÃO INDÚSTRIA E COMÉRCIO LTDA";"139.372.060/0019-4";"014737";"0";"2011-11-05T00:00:00";"20.17";"0";"20.17";"11";"2011";"0";"";"";"575329";"";"";"";"1970";"2197015";""
"JOSEPH BANDEIRA";"";"4929";"565";"2011";"BA";"PSB";"54";"13";"FORNECIMENTO DE ALIMENTAÇÃO DO PARLAMENTAR";"0";"";"TB ALIMENTOS VITORIA LTDA";"394.055.920/0016-7";"231091";"0";"2011-12-05T00:00:00";"57.25";"0";"57.25";"12";"2011";"0";"";"";"581370";"";"";"";"1970";"2217143";""
"JOSEPH BANDEIRA";"";"4929";"565";"2011";"BA";"PSB";"54";"13";"FORNECIMENTO DE ALIMENTAÇÃO DO PARLAMENTAR";"0";"";"TERESA CORINA PIRES E GUIMARÃES - ME";"046.584.030/0018-3";"20551";"0";"2011-08-17T00:00:00";"230.25";"0";"230.25";"8";"2011";"0";"";"";"558615";"";"";"";"1970";"2139929";""
"JOSEPH BANDEIRA";"";"4929";"565";"2011";"BA";"PSB";"54";"13";"FORNECIMENTO DE ALIMENTAÇÃO DO PARLAMENTAR";"0";"";"TERESA CORINA PIRES E GUIMARÃES - ME";"046.584.030/0018-3";"20552";"0";"2011-08-17T00:00:00";"230.25";"0";"230.25";"8";"2011";"0";"";"";"559408";"";"";"";"1970";"2142846";""
"JOSEPH BANDEIRA";"";"4929";"565";"2011";"BA";"PSB";"54";"13";"FORNECIMENTO DE ALIMENTAÇÃO DO PARLAMENTAR";"0";"";"TÊTE À TÊTE CAFÉ LTDA";"040.370.110/0010-5";"14303";"0";"2011-04-12T00:00:00";"110";"0";"110";"4";"2011";"0";"";"";"530812";"";"";"";"1970";"2046928";""
"JOSEPH BANDEIRA";"";"4929";"565";"2011";"BA";"PSB";"54";"13";"FORNECIMENTO DE ALIMENTAÇÃO DO PARLAMENTAR";"0";"";"TÊTE À TÊTE CAFÉ LTDA";"040.370.110/0010-5";"14753";"0";"2011-07-19T00:00:00";"137.5";"0";"137.5";"7";"2011";"0";"";"";"553415";"";"";"";"1970";"2122245";""
"JOSEPH BANDEIRA";"";"4929";"565";"2011";"BA";"PSB";"54";"13";"FORNECIMENTO DE ALIMENTAÇÃO DO PARLAMENTAR";"0";"";"TMAKI";"096.252.260/0015-2";"1635";"0";"2011-06-08T00:00:00";"184.52";"0";"184.52";"6";"2011";"0";"";"";"543771";"";"";"";"1970";"2090019";""
"JOSEPH BANDEIRA";"";"4929";"565";"2011";"BA";"PSB";"54";"13";"FORNECIMENTO DE ALIMENTAÇÃO DO PARLAMENTAR";"0";"";"TMAKI";"096.252.260/0015-2";"1636";"0";"2011-06-08T00:00:00";"184.52";"0";"184.52";"6";"2011";"0";"";"";"545365";"";"";"";"1970";"2095163";""
"JOSEPH BANDEIRA";"";"4929";"565";"2011";"BA";"PSB";"54";"13";"FORNECIMENTO DE ALIMENTAÇÃO DO PARLAMENTAR";"0";"";"ZACKS";"118.806.590/0010-4";"01119";"0";"2011-04-11T00:00:00";"71.28";"0";"71.28";"4";"2011";"0";"";"";"540061";"";"";"";"1970";"2077501";""
"JOSEPH BANDEIRA";"";"4929";"565";"2011";"BA";"PSB";"54";"14";"HOSPEDAGEM ,EXCETO DO PARLAMENTAR NO DISTRITO FEDERAL.";"0";"";"HOTEL SOL DOURADO";"138.184.060/0012-8";"3173";"0";"2011-12-23T00:00:00";"156";"0";"156";"12";"2011";"0";"";"";"589354";"";"";"";"1970";"2242760";""
"JOSEPH BANDEIRA";"";"4929";"565";"2011";"BA";"PSB";"54";"14";"HOSPEDAGEM ,EXCETO DO PARLAMENTAR NO DISTRITO FEDERAL.";"0";"";"HOTELARIA ACCOR BRASIL S.A.";"099.678.520/1108-0";"201116716";"0";"2011-08-27T00:00:00";"695.1";"33.1";"662";"8";"2011";"0";"";"";"560826";"";"";"";"1970";"2148043";""
"JOSEPH BANDEIRA";"";"4929";"565";"2011";"BA";"PSB";"54";"14";"HOSPEDAGEM ,EXCETO DO PARLAMENTAR NO DISTRITO FEDERAL.";"0";"";"W-TUR HOTEIS E SIMILARES LTDA";"553.921.530/0011-3";"00001607";"0";"2011-04-23T00:00:00";"161";"0";"161";"4";"2011";"0";"";"";"533229";"";"";"";"1970";"2055120";""
"JOSEPH BANDEIRA";"";"4929";"565";"2011";"BA";"PSB";"54";"15";"LOCAÇÃO DE VEÍCULOS AUTOMOTORES OU FRETAMENTO DE EMBARCAÇÕES";"0";"";"AJA LOCADORA DE VEÍCULOS E SERVIÇOS LTDA";"125.222.330/0013-3";"14";"0";"2011-06-22T00:00:00";"6600";"0";"6600";"6";"2011";"0";"";"";"548169";"";"";"";"1970";"2105188";""
"JOSEPH BANDEIRA";"";"4929";"565";"2011";"BA";"PSB";"54";"15";"LOCAÇÃO DE VEÍCULOS AUTOMOTORES OU FRETAMENTO DE EMBARCAÇÕES";"0";"";"AJA LOCADORA DE VEÍCULOS E SERVIÇOS LTDA";"125.222.330/0013-3";"15";"0";"2011-06-22T00:00:00";"6600";"0";"6600";"6";"2011";"0";"";"";"553419";"";"";"";"1970";"2122277";""
"JOSEPH BANDEIRA";"";"4929";"565";"2011";"BA";"PSB";"54";"15";"LOCAÇÃO DE VEÍCULOS AUTOMOTORES OU FRETAMENTO DE EMBARCAÇÕES";"0";"";"AJA LOCADORA DE VEÍCULOS E SERVIÇOS LTDA";"125.222.330/0013-3";"2";"0";"2011-05-05T00:00:00";"6600";"0";"6600";"4";"2011";"0";"";"";"537551";"";"";"";"1970";"2068803";""
"JOSEPH BANDEIRA";"";"4929";"565";"2011";"BA";"PSB";"54";"15";"LOCAÇÃO DE VEÍCULOS AUTOMOTORES OU FRETAMENTO DE EMBARCAÇÕES";"0";"";"AJA LOCADORA DE VEÍCULOS E SERVIÇOS LTDA";"125.222.330/0013-3";"3";"0";"2011-05-05T00:00:00";"6600";"0";"6600";"5";"2011";"0";"";"";"537551";"";"";"";"1970";"2068806";""
"JOSEPH BANDEIRA";"";"4929";"565";"2011";"BA";"PSB";"54";"15";"LOCAÇÃO DE VEÍCULOS AUTOMOTORES OU FRETAMENTO DE EMBARCAÇÕES";"0";"";"AJA LOCADORA DE VEÍCULOS E SERVIÇOS LTDA";"125.222.330/0013-3";"32";"0";"2011-08-12T00:00:00";"6600";"0";"6600";"8";"2011";"0";"";"";"559347";"";"";"";"1970";"2142644";""
"JOSEPH BANDEIRA";"";"4929";"565";"2011";"BA";"PSB";"54";"15";"LOCAÇÃO DE VEÍCULOS AUTOMOTORES OU FRETAMENTO DE EMBARCAÇÕES";"0";"";"AJA LOCADORA DE VEÍCULOS E SERVIÇOS LTDA";"125.222.330/0013-3";"42";"0";"2011-09-23T00:00:00";"6600";"0";"6600";"9";"2011";"0";"";"";"566646";"";"";"";"1970";"2168167";""
"JOSEPH BANDEIRA";"";"4929";"565";"2011";"BA";"PSB";"54";"15";"LOCAÇÃO DE VEÍCULOS AUTOMOTORES OU FRETAMENTO DE EMBARCAÇÕES";"0";"";"AJA LOCADORA DE VEÍCULOS E SERVIÇOS LTDA";"125.222.330/0013-3";"64";"1";"2011-11-07T00:00:00";"6600";"0";"6600";"10";"2011";"0";"";"";"576548";"";"";"";"1970";"2200998";""
"JOSEPH BANDEIRA";"";"4929";"565";"2011";"BA";"PSB";"54";"15";"LOCAÇÃO DE VEÍCULOS AUTOMOTORES OU FRETAMENTO DE EMBARCAÇÕES";"0";"";"AJA LOCADORA DE VEICULOS E SERVIÇOS LTDA";"125.222.330/0013-3";"75";"0";"2011-11-25T00:00:00";"6600";"0";"6600";"11";"2011";"0";"";"";"581364";"";"";"";"1970";"2217111";""
"JOSEPH BANDEIRA";"";"4929";"565";"2011";"BA";"PSB";"54";"15";"LOCAÇÃO DE VEÍCULOS AUTOMOTORES OU FRETAMENTO DE EMBARCAÇÕES";"0";"";"AJA LOCADORA DE VEICULOS E SERVIÇOS LTDA";"125.222.330/0013-3";"90";"0";"2011-12-16T00:00:00";"6600";"0";"6600";"12";"2011";"0";"";"";"585789";"";"";"";"1970";"2230702";""
"JOSEPH BANDEIRA";"";"4929";"565";"2011";"BA";"PSB";"54";"15";"LOCAÇÃO DE VEÍCULOS AUTOMOTORES OU FRETAMENTO DE EMBARCAÇÕES";"0";"";"APTA - ASSOCIAÇÃO DOS PERMISSIONÁRIOS TAXI AEROPOR";"023.286.010/0015-3";"007";"1";"2011-12-03T00:00:00";"23";"0";"23";"12";"2011";"0";"";"";"581370";"";"";"";"1970";"2217227";""
"JOSEPH BANDEIRA";"";"4929";"565";"2011";"BA";"PSB";"54";"15";"LOCAÇÃO DE VEÍCULOS AUTOMOTORES OU FRETAMENTO DE EMBARCAÇÕES";"0";"";"APTA - ASSOCIAÇÃO DOS PERMISSIONÁRIOS TAXI AEROPOR";"023.286.010/0015-3";"008";"1";"2011-12-04T00:00:00";"37";"0";"37";"12";"2011";"0";"";"";"581370";"";"";"";"1970";"2217236";""
"JOSEPH BANDEIRA";"";"4929";"565";"2011";"BA";"PSB";"54";"15";"LOCAÇÃO DE VEÍCULOS AUTOMOTORES OU FRETAMENTO DE EMBARCAÇÕES";"0";"";"APTA - ASSOCIAÇÃO PERMISSIONÁRIOS TAXI AEROPORTO";"023.286.010/0015-3";"010";"1";"2011-12-04T00:00:00";"22";"0";"22";"12";"2011";"0";"";"";"581371";"";"";"";"1970";"2217264";""
"JOSEPH BANDEIRA";"";"4929";"565";"2011";"BA";"PSB";"54";"15";"LOCAÇÃO DE VEÍCULOS AUTOMOTORES OU FRETAMENTO DE EMBARCAÇÕES";"0";"";"APTA - ASSOCIAÇÃO PERMISSIONÁRIOS TAXI AEROPORTO";"023.286.010/0015-3";"sn";"1";"2011-12-04T00:00:00";"22";"0";"22";"12";"2011";"0";"";"";"581370";"";"";"";"1970";"2217244";""
"JOSEPH BANDEIRA";"";"4929";"565";"2011";"BA";"PSB";"54";"15";"LOCAÇÃO DE VEÍCULOS AUTOMOTORES OU FRETAMENTO DE EMBARCAÇÕES";"0";"";"ATHAT";"076.716.270/0011-3";"0001";"1";"2011-10-04T00:00:00";"18";"0";"18";"10";"2011";"0";"";"";"570562";"";"";"";"1970";"2180800";""
"JOSEPH BANDEIRA";"";"4929";"565";"2011";"BA";"PSB";"54";"15";"LOCAÇÃO DE VEÍCULOS AUTOMOTORES OU FRETAMENTO DE EMBARCAÇÕES";"0";"";"BRASÍLIA RÁDIO TÁXI LTDA";"005.955.610/0018-0";"19013";"1";"2011-12-26T00:00:00";"20";"0";"20";"12";"2011";"0";"";"";"585908";"";"";"";"1970";"2231021";""
"JOSEPH BANDEIRA";"";"4929";"565";"2011";"BA";"PSB";"54";"15";"LOCAÇÃO DE VEÍCULOS AUTOMOTORES OU FRETAMENTO DE EMBARCAÇÕES";"0";"";"COMTAS";"144.590.510/0019-0";"13347";"1";"2011-09-15T00:00:00";"72";"0";"72";"9";"2011";"0";"";"";"565621";"";"";"";"1970";"2164591";""
"JOSEPH BANDEIRA";"";"4929";"565";"2011";"BA";"PSB";"54";"15";"LOCAÇÃO DE VEÍCULOS AUTOMOTORES OU FRETAMENTO DE EMBARCAÇÕES";"0";"";"COMTAS";"144.590.510/0019-0";"15088";"1";"2011-09-22T00:00:00";"71.47";"0";"71.47";"9";"2011";"0";"";"";"566646";"";"";"";"1970";"2168159";""
"JOSEPH BANDEIRA";"";"4929";"565";"2011";"BA";"PSB";"54";"15";"LOCAÇÃO DE VEÍCULOS AUTOMOTORES OU FRETAMENTO DE EMBARCAÇÕES";"0";"";"COMTAS";"144.590.510/0019-0";"15945";"1";"2011-10-11T00:00:00";"71.47";"0";"71.47";"10";"2011";"0";"";"";"570561";"";"";"";"1970";"2180754";""
"JOSEPH BANDEIRA";"";"4929";"565";"2011";"BA";"PSB";"54";"15";"LOCAÇÃO DE VEÍCULOS AUTOMOTORES OU FRETAMENTO DE EMBARCAÇÕES";"0";"";"COMTAS";"144.590.510/0019-0";"16602";"1";"2011-10-20T00:00:00";"71.47";"0";"71.47";"10";"2011";"0";"";"";"572300";"";"";"";"1970";"2186913";""
"JOSEPH BANDEIRA";"";"4929";"565";"2011";"BA";"PSB";"54";"15";"LOCAÇÃO DE VEÍCULOS AUTOMOTORES OU FRETAMENTO DE EMBARCAÇÕES";"0";"";"COMTAS";"144.590.510/0019-0";"17236";"1";"2011-11-07T00:00:00";"92";"0";"92";"11";"2011";"0";"";"";"575330";"";"";"";"1970";"2197143";""
"JOSEPH BANDEIRA";"";"4929";"565";"2011";"BA";"PSB";"54";"15";"LOCAÇÃO DE VEÍCULOS AUTOMOTORES OU FRETAMENTO DE EMBARCAÇÕES";"0";"";"COMTAS";"144.590.510/0019-0";"17394";"1";"2011-10-24T00:00:00";"92";"0";"92";"10";"2011";"0";"";"";"572300";"";"";"";"1970";"2186908";""
"JOSEPH BANDEIRA";"";"4929";"565";"2011";"BA";"PSB";"54";"15";"LOCAÇÃO DE VEÍCULOS AUTOMOTORES OU FRETAMENTO DE EMBARCAÇÕES";"0";"";"COMTAS";"144.590.510/0019-0";"18170";"1";"2011-11-24T00:00:00";"71.47";"0";"71.47";"11";"2011";"0";"";"";"579933";"";"";"";"1970";"2212701";""
"JOSEPH BANDEIRA";"";"4929";"565";"2011";"BA";"PSB";"54";"15";"LOCAÇÃO DE VEÍCULOS AUTOMOTORES OU FRETAMENTO DE EMBARCAÇÕES";"0";"";"COMTAS";"144.590.510/0019-0";"5222";"1";"2011-05-29T00:00:00";"84.23";"0";"84.23";"5";"2011";"0";"";"";"541469";"";"";"";"1970";"2082675";""
"JOSEPH BANDEIRA";"";"4929";"565";"2011";"BA";"PSB";"54";"15";"LOCAÇÃO DE VEÍCULOS AUTOMOTORES OU FRETAMENTO DE EMBARCAÇÕES";"0";"";"COMTAS";"144.590.510/0019-0";"8611";"1";"2011-06-23T00:00:00";"85";"0";"85";"6";"2011";"0";"";"";"557148";"";"";"";"1970";"2135257";""
"JOSEPH BANDEIRA";"";"4929";"565";"2011";"BA";"PSB";"54";"15";"LOCAÇÃO DE VEÍCULOS AUTOMOTORES OU FRETAMENTO DE EMBARCAÇÕES";"0";"";"COMTAS";"144.590.510/0019-0";"8859";"1";"2011-06-30T00:00:00";"65.67";"0";"65.67";"6";"2011";"0";"";"";"557148";"";"";"";"1970";"2135253";""
"JOSEPH BANDEIRA";"";"4929";"565";"2011";"BA";"PSB";"54";"15";"LOCAÇÃO DE VEÍCULOS AUTOMOTORES OU FRETAMENTO DE EMBARCAÇÕES";"0";"";"COMTAS-COOPERATIVA MISTA DE MOTORISTAS AUTÔNOMOS D";"144.590.510/0019-0";"114858";"1";"2011-04-07T00:00:00";"65";"0";"65";"4";"2011";"0";"";"";"530131";"";"";"";"1970";"2044722";""
"JOSEPH BANDEIRA";"";"4929";"565";"2011";"BA";"PSB";"54";"15";"LOCAÇÃO DE VEÍCULOS AUTOMOTORES OU FRETAMENTO DE EMBARCAÇÕES";"0";"";"COMTAS-COOPERATIVA MISTA DE TRABALHO DE MNT AUT DE";"144.590.510/0019-0";"0002";"1";"2011-03-21T00:00:00";"65.67";"0";"65.67";"3";"2011";"0";"";"";"526169";"";"";"";"1970";"2031218";""
"JOSEPH BANDEIRA";"";"4929";"565";"2011";"BA";"PSB";"54";"15";"LOCAÇÃO DE VEÍCULOS AUTOMOTORES OU FRETAMENTO DE EMBARCAÇÕES";"0";"";"COOMETAS";"156.634.120/0018-9";"848579";"1";"2011-05-23T00:00:00";"38.8";"0";"38.8";"5";"2011";"0";"";"";"540059";"";"";"";"1970";"2077516";""
"JOSEPH BANDEIRA";"";"4929";"565";"2011";"BA";"PSB";"54";"15";"LOCAÇÃO DE VEÍCULOS AUTOMOTORES OU FRETAMENTO DE EMBARCAÇÕES";"0";"";"COOMETAS";"156.634.120/0018-9";"891119";"1";"2011-07-18T00:00:00";"72";"0";"72";"7";"2011";"0";"";"";"553415";"";"";"";"1970";"2122230";""
"JOSEPH BANDEIRA";"";"4929";"565";"2011";"BA";"PSB";"54";"15";"LOCAÇÃO DE VEÍCULOS AUTOMOTORES OU FRETAMENTO DE EMBARCAÇÕES";"0";"";"COOMETAS";"156.634.120/0018-9";"892532";"1";"2011-07-03T00:00:00";"65.67";"0";"65.67";"7";"2011";"0";"";"";"557146";"";"";"";"1970";"2135337";""
"JOSEPH BANDEIRA";"";"4929";"565";"2011";"BA";"PSB";"54";"15";"LOCAÇÃO DE VEÍCULOS AUTOMOTORES OU FRETAMENTO DE EMBARCAÇÕES";"0";"";"COOMETAS";"156.634.120/0018-9";"892901";"1";"2011-07-28T00:00:00";"71.47";"0";"71.47";"7";"2011";"0";"";"";"553740";"";"";"";"1970";"2123070";""
"JOSEPH BANDEIRA";"";"4929";"565";"2011";"BA";"PSB";"54";"15";"LOCAÇÃO DE VEÍCULOS AUTOMOTORES OU FRETAMENTO DE EMBARCAÇÕES";"0";"";"COOMETAS";"156.634.120/0018-9";"894986";"1";"2011-09-30T00:00:00";"54.88";"0";"54.88";"9";"2011";"0";"";"";"568121";"";"";"";"1970";"2173265";""
"JOSEPH BANDEIRA";"";"4929";"565";"2011";"BA";"PSB";"54";"15";"LOCAÇÃO DE VEÍCULOS AUTOMOTORES OU FRETAMENTO DE EMBARCAÇÕES";"0";"";"COOMETAS";"156.634.120/0018-9";"895148";"1";"2011-10-06T00:00:00";"71.47";"0";"71.47";"10";"2011";"0";"";"";"569554";"";"";"";"1970";"2177617";""
"JOSEPH BANDEIRA";"";"4929";"565";"2011";"BA";"PSB";"54";"15";"LOCAÇÃO DE VEÍCULOS AUTOMOTORES OU FRETAMENTO DE EMBARCAÇÕES";"0";"";"COOMETAS";"156.634.120/0018-9";"896048";"1";"2011-09-05T00:00:00";"91.66";"0";"91.66";"9";"2011";"0";"";"";"563606";"";"";"";"1970";"2157024";""
"JOSEPH BANDEIRA";"";"4929";"565";"2011";"BA";"PSB";"54";"15";"LOCAÇÃO DE VEÍCULOS AUTOMOTORES OU FRETAMENTO DE EMBARCAÇÕES";"0";"";"COOMETAS";"156.634.120/0018-9";"896273";"1";"2011-09-19T00:00:00";"91.66";"0";"91.66";"9";"2011";"0";"";"";"565621";"";"";"";"1970";"2164595";""
"JOSEPH BANDEIRA";"";"4929";"565";"2011";"BA";"PSB";"54";"15";"LOCAÇÃO DE VEÍCULOS AUTOMOTORES OU FRETAMENTO DE EMBARCAÇÕES";"0";"";"COOMETAS";"156.634.120/0018-9";"902402";"1";"2011-09-26T00:00:00";"84.08";"0";"84.08";"9";"2011";"0";"";"";"566659";"";"";"";"1970";"2168214";""
"JOSEPH BANDEIRA";"";"4929";"565";"2011";"BA";"PSB";"54";"15";"LOCAÇÃO DE VEÍCULOS AUTOMOTORES OU FRETAMENTO DE EMBARCAÇÕES";"0";"";"COOMETAS";"156.634.120/0018-9";"915934";"1";"2011-09-26T00:00:00";"71.47";"0";"71.47";"9";"2011";"0";"";"";"566646";"";"";"";"1970";"2168154";""
