"txNomeParlamentar";"cpf";"ideCadastro";"nuCarteiraParlamentar";"nuLegislatura";"sgUF";"sgPartido";"codLegislatura";"numSubCota";"txtDescricao";"numEspecificacaoSubCota";"txtDescricaoEspecificacao";"txtFornecedor";"txtCNPJCPF";"txtNumero";"indTipoDocumento";"datEmissao";"vlrDocumento";"vlrGlosa";"vlrLiquido";"numMes";"numAno";"numParcela";"txtPassageiro";"txtTrecho";"numLote";"numRessarcimento";"datPagamentoRestituicao";"vlrRestituicao";"nuDeputadoId";"ideDocumento";"urlDocumento"
"LIDERANÇA DO PSDB";"";"";"";"2011";"NA";"";"54";"9";"PASSAGEM AÉREA - REEMBOLSO";"0";"";"MAIORCA TURISMO LTDA";"606.265.120/0027-0";"FT022546";"1";"2015-01-20T00:00:00";"2570.1";"0";"2570.1";"1";"2015";"0";"";"SSA/BSB";"1167491";"";"";"";"2442";"5604197";"https://www.camara.leg.br/cota-parlamentar/documentos/publ/2442/2015/5604197.pdf"
"LIDERANÇA DO PSDB";"";"";"";"2011";"NA";"";"54";"10";"TELEFONIA";"0";"";"Telefônica Brasil S.A. (VIVO)";"025.581.570/0016-2";"0206300262";"0";"2015-02-01T00:00:00";"468.36";"8.74";"459.62";"1";"2015";"0";"";"";"1167542";"";"";"";"2442";"5604338";"https://www.camara.leg.br/cota-parlamentar/documentos/publ/2442/2015/5604338.pdf"
"LIDERANÇA DO PSDB";"";"";"";"2011";"NA";"";"54";"10";"TELEFONIA";"0";"";"Telefônica Brasil S.A. (VIVO)";"025.581.570/0016-2";"0206300407";"0";"2015-02-01T00:00:00";"541.25";"11.04";"530.21";"1";"2015";"0";"";"";"1167492";"";"";"";"2442";"5604182";"https://www.camara.leg.br/cota-parlamentar/documentos/publ/2442/2015/5604182.pdf"
"LIDERANÇA DO PSDB";"";"";"";"2011";"NA";"";"54";"10";"TELEFONIA";"0";"";"Telefônica Brasil S.A. (VIVO)";"025.581.570/0016-2";"0206300452";"0";"2015-02-01T00:00:00";"341.35";"0";"341.35";"1";"2015";"0";"";"";"1167492";"";"";"";"2442";"5604175";"https://www.camara.leg.br/cota-parlamentar/documentos/publ/2442/2015/5604175.pdf"
"LIDERANÇA DO PSDB";"";"";"";"2011";"NA";"";"54";"10";"TELEFONIA";"0";"";"Telefônica Brasil S.A. (VIVO)";"025.581.570/0016-2";"0210718848";"0";"2015-02-01T00:00:00";"331.58";"7.58";"324";"1";"2015";"0";"";"";"1167492";"";"";"";"2442";"5604178";"https://www.camara.leg.br/cota-parlamentar/documentos/publ/2442/2015/5604178.pdf"
"LIDERANÇA DO PSDB";"";"";"";"2015";"NA";"";"55";"3";"COMBUSTÍVEIS E LUBRIFICANTES.";"1";"Veículos Automotores";"AUTO POSTO JK LTDA.";"034.822.080/0018-2";"109373";"0";"2015-03-09T00:00:00";"106.2";"0";"106.2";"3";"2015";"0";"";"";"1173314";"";"";"";"2442";"5623603";"https://www.camara.leg.br/cota-parlamentar/documentos/publ/2442/2015/5623603.pdf"
"LIDERANÇA DO PSDB";"";"";"";"2015";"NA";"";"55";"3";"COMBUSTÍVEIS E LUBRIFICANTES.";"1";"Veículos Automotores";"AUTO POSTO JK LTDA.";"034.822.080/0018-2";"109449";"0";"2015-06-10T00:00:00";"137.2";"0";"137.2";"6";"2015";"0";"";"";"1201648";"";"";"";"2442";"5711868";"https://www.camara.leg.br/cota-parlamentar/documentos/publ/2442/2015/5711868.pdf"
"LIDERANÇA DO PSDB";"";"";"";"2015";"NA";"";"55";"3";"COMBUSTÍVEIS E LUBRIFICANTES.";"1";"Veículos Automotores";"AUTO POSTO JK LTDA.";"034.822.080/0018-2";"109648";"0";"2015-02-12T00:00:00";"115.88";"0";"115.88";"2";"2015";"0";"";"";"1173310";"";"";"";"2442";"5623622";"https://www.camara.leg.br/cota-parlamentar/documentos/publ/2442/2015/5623622.pdf"
"LIDERANÇA DO PSDB";"";"";"";"2015";"NA";"";"55";"3";"COMBUSTÍVEIS E LUBRIFICANTES.";"1";"Veículos Automotores";"AUTO POSTO JK LTDA.";"034.822.080/0018-2";"110017";"0";"2015-05-05T00:00:00";"96.9";"0";"96.9";"5";"2015";"0";"";"";"1188923";"";"";"";"2442";"5673529";"https://www.camara.leg.br/cota-parlamentar/documentos/publ/2442/2015/5673529.pdf"
"LIDERANÇA DO PSDB";"";"";"";"2015";"NA";"";"55";"3";"COMBUSTÍVEIS E LUBRIFICANTES.";"1";"Veículos Automotores";"AUTO POSTO JK LTDA.";"034.822.080/0018-2";"110217";"0";"2015-06-24T00:00:00";"118.61";"0";"118.61";"6";"2015";"0";"";"";"1203914";"";"";"";"2442";"5719383";"https://www.camara.leg.br/cota-parlamentar/documentos/publ/2442/2015/5719383.pdf"
"LIDERANÇA DO PSDB";"";"";"";"2015";"NA";"";"55";"3";"COMBUSTÍVEIS E LUBRIFICANTES.";"1";"Veículos Automotores";"AUTO POSTO JK LTDA.";"034.822.080/0018-2";"110306";"0";"2015-07-03T00:00:00";"127.41";"0";"127.41";"7";"2015";"0";"";"";"1208863";"";"";"";"2442";"5734684";"https://www.camara.leg.br/cota-parlamentar/documentos/publ/2442/2015/5734684.pdf"
"LIDERANÇA DO PSDB";"";"";"";"2015";"NA";"";"55";"3";"COMBUSTÍVEIS E LUBRIFICANTES.";"1";"Veículos Automotores";"AUTO POSTO JK LTDA.";"034.822.080/0018-2";"110435";"0";"2015-08-03T00:00:00";"136.63";"0";"136.63";"8";"2015";"0";"";"";"1213861";"";"";"";"2442";"5750863";"https://www.camara.leg.br/cota-parlamentar/documentos/publ/2442/2015/5750863.pdf"
"LIDERANÇA DO PSDB";"";"";"";"2015";"NA";"";"55";"3";"COMBUSTÍVEIS E LUBRIFICANTES.";"1";"Veículos Automotores";"AUTO POSTO JK LTDA.";"034.822.080/0018-2";"111011";"0";"2015-08-17T00:00:00";"169.44";"0";"169.44";"8";"2015";"0";"";"";"1218459";"";"";"";"2442";"5765936";"https://www.camara.leg.br/cota-parlamentar/documentos/publ/2442/2015/5765936.pdf"
"LIDERANÇA DO PSDB";"";"";"";"2015";"NA";"";"55";"3";"COMBUSTÍVEIS E LUBRIFICANTES.";"1";"Veículos Automotores";"CASCOL COMBUSTÍVEIS PARA VEÍCULOS LTDA.";"003.065.970/0630-8";"13280";"0";"2015-04-06T00:00:00";"129.72";"0";"129.72";"4";"2015";"0";"";"";"1181038";"";"";"";"2442";"5648602";"https://www.camara.leg.br/cota-parlamentar/documentos/publ/2442/2015/5648602.pdf"
"LIDERANÇA DO PSDB";"";"";"";"2015";"NA";"";"55";"3";"COMBUSTÍVEIS E LUBRIFICANTES.";"1";"Veículos Automotores";"POLAR DERIVADOS DE PETRÓLEO LTDA";"000.420.440/0018-4";"155809";"0";"2015-09-29T00:00:00";"128.59";"0";"128.59";"9";"2015";"0";"";"";"1229655";"";"";"";"2442";"5803619";"https://www.camara.leg.br/cota-parlamentar/documentos/publ/2442/2015/5803619.pdf"
"LIDERANÇA DO PSDB";"";"";"";"2015";"NA";"";"55";"3";"COMBUSTÍVEIS E LUBRIFICANTES.";"1";"Veículos Automotores";"POLAR DERIVADOS DE PETRÓLEO LTDA";"000.420.440/0018-4";"156093";"0";"2015-10-28T00:00:00";"99";"0";"99";"10";"2015";"0";"";"";"1238154";"";"";"";"2442";"5831699";"https://www.camara.leg.br/cota-parlamentar/documentos/publ/2442/2015/5831699.pdf"
"LIDERANÇA DO PSDB";"";"";"";"2015";"NA";"";"55";"3";"COMBUSTÍVEIS E LUBRIFICANTES.";"1";"Veículos Automotores";"POLAR DERIVADOS DE PETRÓLEO LTDA";"000.420.440/0018-4";"156192";"0";"2015-11-09T00:00:00";"170.11";"0";"170.11";"11";"2015";"0";"";"";"1244159";"";"";"";"2442";"5850638";"https://www.camara.leg.br/cota-parlamentar/documentos/publ/2442/2015/5850638.pdf"
"LIDERANÇA DO PSDB";"";"";"";"2015";"NA";"";"55";"3";"COMBUSTÍVEIS E LUBRIFICANTES.";"1";"Veículos Automotores";"Posto Petrominas";"092.058.350/0015-2";"412989";"0";"2015-02-02T00:00:00";"135.29";"0";"135.29";"2";"2015";"0";"";"";"1173310";"";"";"";"2442";"5623612";"https://www.camara.leg.br/cota-parlamentar/documentos/publ/2442/2015/5623612.pdf"
"LIDERANÇA DO PSDB";"";"";"";"2015";"NA";"";"55";"5";"DIVULGAÇÃO DA ATIVIDADE PARLAMENTAR.";"0";"";"Copiadora dois Candangos Ltda.";"054.438.540/0016-6";"6852";"0";"2015-11-03T00:00:00";"70";"0";"70";"11";"2015";"0";"";"";"1244159";"";"";"";"2442";"5850666";"https://www.camara.leg.br/cota-parlamentar/documentos/publ/2442/2015/5850666.pdf"
"LIDERANÇA DO PSDB";"";"";"";"2015";"NA";"";"55";"5";"DIVULGAÇÃO DA ATIVIDADE PARLAMENTAR.";"0";"";"Copiadora dois Candangos Ltda.";"054.438.540/0016-6";"6854";"0";"2015-11-03T00:00:00";"300";"0";"300";"11";"2015";"0";"";"";"1244159";"";"";"";"2442";"5850659";"https://www.camara.leg.br/cota-parlamentar/documentos/publ/2442/2015/5850659.pdf"
"LIDERANÇA DO PSDB";"";"";"";"2015";"NA";"";"55";"5";"DIVULGAÇÃO DA ATIVIDADE PARLAMENTAR.";"0";"";"METROPOLE INTERATIVA";"052.656.050/0012-8";"12";"0";"2015-04-24T00:00:00";"5427.15";"0";"5427.15";"4";"2015";"0";"";"";"1186956";"";"";"";"2442";"5667538";"https://www.camara.leg.br/cota-parlamentar/documentos/publ/2442/2015/5667538.pdf"
"LIDERANÇA DO PSDB";"";"";"";"2015";"NA";"";"55";"5";"DIVULGAÇÃO DA ATIVIDADE PARLAMENTAR.";"0";"";"METROPOLE INTERATIVA";"052.656.050/0012-8";"14";"0";"2015-08-19T00:00:00";"5400";"0";"5400";"8";"2015";"0";"";"";"1219592";"";"";"";"2442";"5769915";"https://www.camara.leg.br/cota-parlamentar/documentos/publ/2442/2015/5769915.pdf"
"LIDERANÇA DO PSDB";"";"";"";"2015";"NA";"";"55";"5";"DIVULGAÇÃO DA ATIVIDADE PARLAMENTAR.";"0";"";"METROPOLE INTERATIVA";"052.656.050/0012-8";"15";"0";"2015-12-01T00:00:00";"5400";"0";"5400";"12";"2015";"0";"";"";"1248121";"";"";"";"2442";"5863834";"https://www.camara.leg.br/cota-parlamentar/documentos/publ/2442/2015/5863834.pdf"
"LIDERANÇA DO PSDB";"";"";"";"2015";"NA";"";"55";"9";"PASSAGEM AÉREA - REEMBOLSO";"0";"";"AVIANCA";"025.758.290/0014-8";"2472416225319";"0";"2015-05-07T00:00:00";"537.03";"0";"537.03";"5";"2015";"0";"ANDRÉ LUIZ FERNANDES FELLET;";"Brasilia- Curitiba";"1193633";"";"";"";"2442";"5687561";"https://www.camara.leg.br/cota-parlamentar/documentos/publ/2442/2015/5687561.pdf"
"LIDERANÇA DO PSDB";"";"";"";"2015";"NA";"";"55";"9";"PASSAGEM AÉREA - REEMBOLSO";"0";"";"AVIANCA BRASIL";"025.758.290/0014-8";"2472420005758";"0";"2015-12-11T00:00:00";"640.47";"0";"640.47";"12";"2015";"0";"MARCO TULIO ALVES AMARAL CHAVES;";"BSB/SAO/BSB";"1253338";"";"";"";"2442";"5879759";"https://www.camara.leg.br/cota-parlamentar/documentos/publ/2442/2015/5879759.pdf"
"LIDERANÇA DO PSDB";"";"";"";"2015";"NA";"";"55";"9";"PASSAGEM AÉREA - REEMBOLSO";"0";"";"Azul Linhas Aéreas Brasileiras.";"092.962.950/0016-0";"rb2gsj4027/4c";"0";"2015-05-07T00:00:00";"729.54";"0";"729.54";"5";"2015";"0";"ANDRÉ LUIZ FERNANDES FELLET;";"Curitiba/ Brasilia";"1193633";"";"";"";"2442";"5687558";"https://www.camara.leg.br/cota-parlamentar/documentos/publ/2442/2015/5687558.pdf"
"LIDERANÇA DO PSDB";"";"";"";"2015";"NA";"";"55";"10";"TELEFONIA";"0";"";"Telefonica Brasil S.A - VIVO";"025.581.570/0016-2";"0210718848";"0";"2015-09-01T00:00:00";"340.42";"16.42";"324";"8";"2015";"0";"";"";"1224853";"";"";"";"2442";"5787108";"https://www.camara.leg.br/cota-parlamentar/documentos/publ/2442/2015/5787108.pdf"
"LIDERANÇA DO PSDB";"";"";"";"2015";"NA";"";"55";"10";"TELEFONIA";"0";"";"Telefonica Brasil S.A - VIVO";"025.581.570/0016-2";"0240613779";"0";"2015-07-12T00:00:00";"387.38";"0";"387.38";"7";"2015";"0";"";"";"1214614";"";"";"";"2442";"5753199";"https://www.camara.leg.br/cota-parlamentar/documentos/publ/2442/2015/5753199.pdf"
"LIDERANÇA DO PSDB";"";"";"";"2015";"NA";"";"55";"10";"TELEFONIA";"0";"";"Telefonica Brasil S.A - VIVO";"025.581.570/0016-2";"0240613779";"0";"2015-08-13T00:00:00";"401.47";"9.04";"392.43";"8";"2015";"0";"";"";"1219592";"";"";"";"2442";"5769917";"https://www.camara.leg.br/cota-parlamentar/documentos/publ/2442/2015/5769917.pdf"
"LIDERANÇA DO PSDB";"";"";"";"2015";"NA";"";"55";"10";"TELEFONIA";"0";"";"TELEFONICA BRASIL S.A - VIVO";"025.581.570/0016-2";"0240613779";"0";"2015-09-12T00:00:00";"469.55";"0";"469.55";"9";"2015";"0";"";"";"1229416";"";"";"";"2442";"5802833";"https://www.camara.leg.br/cota-parlamentar/documentos/publ/2442/2015/5802833.pdf"
"LIDERANÇA DO PSDB";"";"";"";"2015";"NA";"";"55";"10";"TELEFONIA";"0";"";"TELEFÔNICA BRASIL S.A - VIVO";"025.581.570/0016-2";"0240613779";"0";"2015-12-14T00:00:00";"549.84";"10.87";"538.97";"12";"2015";"0";"";"";"1258507";"";"";"";"2442";"5897482";"https://www.camara.leg.br/cota-parlamentar/documentos/publ/2442/2016/5897482.pdf"
"LIDERANÇA DO PSDB";"";"";"";"2015";"NA";"";"55";"10";"TELEFONIA";"0";"";"Telefonica Brasil S.A - VIVO";"025.581.570/0016-2";"0240615069";"0";"2015-07-12T00:00:00";"389.98";"0";"389.98";"7";"2015";"0";"";"";"1213860";"";"";"";"2442";"5750866";"https://www.camara.leg.br/cota-parlamentar/documentos/publ/2442/2015/5750866.pdf"
"LIDERANÇA DO PSDB";"";"";"";"2015";"NA";"";"55";"10";"TELEFONIA";"0";"";"Telefonica Brasil S.A - VIVO";"025.581.570/0016-2";"0240615069";"0";"2015-08-13T00:00:00";"389.98";"0";"389.98";"8";"2015";"0";"";"";"1220612";"";"";"";"2442";"5773320";"https://www.camara.leg.br/cota-parlamentar/documentos/publ/2442/2015/5773320.pdf"
"LIDERANÇA DO PSDB";"";"";"";"2015";"NA";"";"55";"10";"TELEFONIA";"0";"";"TELEFONICA BRASIL S.A - VIVO";"025.581.570/0016-2";"0240615069";"0";"2015-09-12T00:00:00";"530.49";"0";"530.49";"9";"2015";"0";"";"";"1229614";"";"";"";"2442";"5803537";"https://www.camara.leg.br/cota-parlamentar/documentos/publ/2442/2015/5803537.pdf"
"LIDERANÇA DO PSDB";"";"";"";"2015";"NA";"";"55";"10";"TELEFONIA";"0";"";"TELEFÔNICA BRASIL S.A - VIVO";"025.581.570/0016-2";"0240615069";"0";"2015-12-14T00:00:00";"79.8";"8.96";"70.84";"12";"2015";"0";"";"";"1258506";"";"";"";"2442";"5897483";"https://www.camara.leg.br/cota-parlamentar/documentos/publ/2442/2016/5897483.pdf"
"LIDERANÇA DO PSDB";"";"";"";"2015";"NA";"";"55";"10";"TELEFONIA";"0";"";"Telefonica Brasil S.A - VIVO";"025.581.570/0016-2";"0240799113";"0";"2015-07-12T00:00:00";"395.47";"0";"395.47";"7";"2015";"0";"";"";"1213860";"";"";"";"2442";"5750865";"https://www.camara.leg.br/cota-parlamentar/documentos/publ/2442/2015/5750865.pdf"
"LIDERANÇA DO PSDB";"";"";"";"2015";"NA";"";"55";"10";"TELEFONIA";"0";"";"TELEFONICA BRASIL S.A - VIVO";"025.581.570/0016-2";"0240799113";"0";"2015-09-12T00:00:00";"404.97";"0";"404.97";"9";"2015";"0";"";"";"1229416";"";"";"";"2442";"5802830";"https://www.camara.leg.br/cota-parlamentar/documentos/publ/2442/2015/5802830.pdf"
"LIDERANÇA DO PSDB";"";"";"";"2015";"NA";"";"55";"10";"TELEFONIA";"0";"";"TELEFÔNICA BRASIL S.A - VIVO";"025.581.570/0016-2";"0240799113";"0";"2015-12-14T00:00:00";"439.97";"0";"439.97";"12";"2015";"0";"";"";"1258507";"";"";"";"2442";"5897484";"https://www.camara.leg.br/cota-parlamentar/documentos/publ/2442/2016/5897484.pdf"
"LIDERANÇA DO PSDB";"";"";"";"2015";"NA";"";"55";"10";"TELEFONIA";"0";"";"TELEFONICA BRASIL S.A - VIVO.";"025.581.570/0016-2";"0240613779";"0";"2015-10-13T00:00:00";"504.82";"9.85";"494.97";"10";"2015";"0";"";"";"1237393";"";"";"";"2442";"5829206";"https://www.camara.leg.br/cota-parlamentar/documentos/publ/2442/2015/5829206.pdf"
"LIDERANÇA DO PSDB";"";"";"";"2015";"NA";"";"55";"10";"TELEFONIA";"0";"";"TELEFONICA BRASIL S.A - VIVO.";"025.581.570/0016-2";"0240613779";"0";"2015-11-15T00:00:00";"509.66";"0";"509.66";"11";"2015";"0";"";"";"1246818";"";"";"";"2442";"5859926";"https://www.camara.leg.br/cota-parlamentar/documentos/publ/2442/2015/5859926.pdf"
"LIDERANÇA DO PSDB";"";"";"";"2015";"NA";"";"55";"10";"TELEFONIA";"0";"";"TELEFONICA BRASIL S.A - VIVO.";"025.581.570/0016-2";"0240615069";"0";"2015-10-13T00:00:00";"401.12";"11.14";"389.98";"10";"2015";"0";"";"";"1252369";"";"";"";"2442";"5877134";"https://www.camara.leg.br/cota-parlamentar/documentos/publ/2442/2015/5877134.pdf"
"LIDERANÇA DO PSDB";"";"";"";"2015";"NA";"";"55";"10";"TELEFONIA";"0";"";"TELEFONICA BRASIL S.A - VIVO.";"025.581.570/0016-2";"0240615069";"0";"2015-11-15T00:00:00";"401.27";"0";"401.27";"11";"2015";"0";"";"";"1252372";"";"";"";"2442";"5877139";"https://www.camara.leg.br/cota-parlamentar/documentos/publ/2442/2015/5877139.pdf"
"LIDERANÇA DO PSDB";"";"";"";"2015";"NA";"";"55";"10";"TELEFONIA";"0";"";"TELEFONICA BRASIL S.A - VIVO.";"025.581.570/0016-2";"0240799113";"0";"2015-10-13T00:00:00";"404.97";"0";"404.97";"10";"2015";"0";"";"";"1237393";"";"";"";"2442";"5829209";"https://www.camara.leg.br/cota-parlamentar/documentos/publ/2442/2015/5829209.pdf"
"LIDERANÇA DO PSDB";"";"";"";"2015";"NA";"";"55";"10";"TELEFONIA";"0";"";"TELEFONICA BRASIL S.A - VIVO.";"025.581.570/0016-2";"0240799113";"0";"2015-11-15T00:00:00";"424.72";"0";"424.72";"11";"2015";"0";"";"";"1245389";"";"";"";"2442";"5855329";"https://www.camara.leg.br/cota-parlamentar/documentos/publ/2442/2015/5855329.pdf"
"LIDERANÇA DO PSDB";"";"";"";"2015";"NA";"";"55";"10";"TELEFONIA";"0";"";"TELEFONICA BRASIL S.A - VIVO.";"025.581.570/0016-2";"0256247870";"0";"2015-09-12T00:00:00";"196.66";"0";"196.66";"9";"2015";"0";"";"";"1231448";"";"";"";"2442";"5809722";"https://www.camara.leg.br/cota-parlamentar/documentos/publ/2442/2015/5809722.pdf"
"LIDERANÇA DO PSDB";"";"";"";"2015";"NA";"";"55";"10";"TELEFONIA";"0";"";"TELEFONICA BRASIL S.A - VIVO.";"025.581.570/0016-2";"0256247870";"0";"2015-10-13T00:00:00";"267.45";"4.53";"262.92";"10";"2015";"0";"";"";"1237392";"";"";"";"2442";"5829220";"https://www.camara.leg.br/cota-parlamentar/documentos/publ/2442/2015/5829220.pdf"
"LIDERANÇA DO PSDB";"";"";"";"2015";"NA";"";"55";"10";"TELEFONIA";"0";"";"TELEFONICA BRASIL S.A - VIVO.";"025.581.570/0016-2";"0256247870";"0";"2015-11-15T00:00:00";"290.16";"0";"290.16";"11";"2015";"0";"";"";"1248120";"";"";"";"2442";"5863864";"https://www.camara.leg.br/cota-parlamentar/documentos/publ/2442/2015/5863864.pdf"
"LIDERANÇA DO PSDB";"";"";"";"2015";"NA";"";"55";"10";"TELEFONIA";"0";"";"TELEFONICA BRASIL S.A.";"025.581.570/0024-3";"0210718848";"0";"2015-07-01T00:00:00";"324";"0";"324";"6";"2015";"0";"";"";"1221042";"";"";"";"2442";"5774681";"https://www.camara.leg.br/cota-parlamentar/documentos/publ/2442/2015/5774681.pdf"
"LIDERANÇA DO PSDB";"";"";"";"2015";"NA";"";"55";"10";"TELEFONIA";"0";"";"TELEFONICA BRASIL S.A.";"025.581.570/0024-3";"0240799113";"0";"2015-08-13T00:00:00";"404.97";"0";"404.97";"8";"2015";"0";"";"";"1220612";"";"";"";"2442";"5773327";"https://www.camara.leg.br/cota-parlamentar/documentos/publ/2442/2015/5773327.pdf"
"LIDERANÇA DO PSDB";"";"";"";"2015";"NA";"";"55";"10";"TELEFONIA";"0";"";"VIVO";"025.581.570/0016-2";"0240613779";"0";"2015-05-12T00:00:00";"407.91";"3.81";"404.1";"5";"2015";"0";"";"";"1196122";"";"";"";"2442";"5695627";"https://www.camara.leg.br/cota-parlamentar/documentos/publ/2442/2015/5695627.pdf"
"LIDERANÇA DO PSDB";"";"";"";"2015";"NA";"";"55";"10";"TELEFONIA";"0";"";"VIVO";"025.581.570/0016-2";"0240799113";"0";"2015-05-12T00:00:00";"437.07";"0";"437.07";"5";"2015";"0";"";"";"1195868";"";"";"";"2442";"5694806";"https://www.camara.leg.br/cota-parlamentar/documentos/publ/2442/2015/5694806.pdf"
"LIDERANÇA DO PSDB";"";"";"";"2015";"NA";"";"55";"10";"TELEFONIA";"0";"";"VIVO - TELEFONICA S.A.";"025.581.570/0016-2";"0210718848";"0";"2015-06-01T00:00:00";"324.68";"0";"324.68";"5";"2015";"0";"";"";"1198555";"";"";"";"2442";"5703270";"https://www.camara.leg.br/cota-parlamentar/documentos/publ/2442/2015/5703270.pdf"
"LIDERANÇA DO PSDB";"";"";"";"2015";"NA";"";"55";"10";"TELEFONIA";"0";"";"VIVO - TELEFONICA S.A.";"025.581.570/0016-2";"0240613779";"0";"2015-06-12T00:00:00";"407.88";"8.35";"399.53";"6";"2015";"0";"";"";"1204640";"";"";"";"2442";"5721931";"https://www.camara.leg.br/cota-parlamentar/documentos/publ/2442/2015/5721931.pdf"
"LIDERANÇA DO PSDB";"";"";"";"2015";"NA";"";"55";"10";"TELEFONIA";"0";"";"VIVO - TELEFONICA S.A.";"025.581.570/0016-2";"0240615069";"0";"2015-05-12T00:00:00";"416.07";"4.19";"411.88";"5";"2015";"0";"";"";"1198861";"";"";"";"2442";"5704073";"https://www.camara.leg.br/cota-parlamentar/documentos/publ/2442/2015/5704073.pdf"
"LIDERANÇA DO PSDB";"";"";"";"2015";"NA";"";"55";"10";"TELEFONIA";"0";"";"VIVO - TELEFONICA S.A.";"025.581.570/0016-2";"0240615069";"0";"2015-06-12T00:00:00";"398.5";"8.52";"389.98";"6";"2015";"0";"";"";"1205263";"";"";"";"2442";"5723819";"https://www.camara.leg.br/cota-parlamentar/documentos/publ/2442/2015/5723819.pdf"
"LIDERANÇA DO PSDB";"";"";"";"2015";"NA";"";"55";"10";"TELEFONIA";"0";"";"VIVO - TELEFONICA S.A.";"025.581.570/0016-2";"0240799113";"0";"2015-06-12T00:00:00";"398.63";"8.65";"389.98";"6";"2015";"0";"";"";"1203918";"";"";"";"2442";"5719395";"https://www.camara.leg.br/cota-parlamentar/documentos/publ/2442/2015/5719395.pdf"
"LIDERANÇA DO PSDB";"";"";"";"2015";"NA";"";"55";"10";"TELEFONIA";"0";"";"VIVO BRASIL S.A.";"025.581.570/0016-2";"0206300262";"0";"2015-03-01T00:00:00";"695.59";"9.34";"686.25";"2";"2015";"0";"";"";"1186849";"";"";"";"2442";"5667225";"https://www.camara.leg.br/cota-parlamentar/documentos/publ/2442/2015/5667225.pdf"
"LIDERANÇA DO PSDB";"";"";"";"2015";"NA";"";"55";"10";"TELEFONIA";"0";"";"VIVO BRASIL S.A.";"025.581.570/0016-2";"0206300262/032015";"0";"2015-04-01T00:00:00";"92.9";"14.19";"78.71";"4";"2015";"0";"";"";"1186851";"";"";"";"2442";"5667202";"https://www.camara.leg.br/cota-parlamentar/documentos/publ/2442/2015/5667202.pdf"
"LIDERANÇA DO PSDB";"";"";"";"2015";"NA";"";"55";"10";"TELEFONIA";"0";"";"VIVO BRASIL S.A.";"025.581.570/0016-2";"0206300407";"0";"2015-03-01T00:00:00";"393.35";"0";"393.35";"2";"2015";"0";"";"";"1186849";"";"";"";"2442";"5667229";"https://www.camara.leg.br/cota-parlamentar/documentos/publ/2442/2015/5667229.pdf"
"LIDERANÇA DO PSDB";"";"";"";"2015";"NA";"";"55";"10";"TELEFONIA";"0";"";"VIVO BRASIL S.A.";"025.581.570/0016-2";"02063004077";"0";"2015-04-01T00:00:00";"42.14";"0";"42.14";"3";"2015";"0";"";"";"1189606";"";"";"";"2442";"5675516";"https://www.camara.leg.br/cota-parlamentar/documentos/publ/2442/2015/5675516.pdf"
"LIDERANÇA DO PSDB";"";"";"";"2015";"NA";"";"55";"10";"TELEFONIA";"0";"";"VIVO BRASIL S.A.";"025.581.570/0016-2";"0206300452";"0";"2015-03-01T00:00:00";"341.35";"0";"341.35";"2";"2015";"0";"";"";"1186849";"";"";"";"2442";"5667233";"https://www.camara.leg.br/cota-parlamentar/documentos/publ/2442/2015/5667233.pdf"
"LIDERANÇA DO PSDB";"";"";"";"2015";"NA";"";"55";"10";"TELEFONIA";"0";"";"VIVO BRASIL S.A.";"025.581.570/0016-2";"0206300452/032015";"0";"2015-04-01T00:00:00";"73.14";"0";"73.14";"4";"2015";"0";"";"";"1186851";"";"";"";"2442";"5667212";"https://www.camara.leg.br/cota-parlamentar/documentos/publ/2442/2015/5667212.pdf"
"LIDERANÇA DO PSDB";"";"";"";"2015";"NA";"";"55";"10";"TELEFONIA";"0";"";"VIVO BRASIL S.A.";"025.581.570/0016-2";"0210718848";"0";"2015-03-01T00:00:00";"324";"0";"324";"2";"2015";"0";"";"";"1186849";"";"";"";"2442";"5667236";"https://www.camara.leg.br/cota-parlamentar/documentos/publ/2442/2015/5667236.pdf"
"LIDERANÇA DO PSDB";"";"";"";"2015";"NA";"";"55";"10";"TELEFONIA";"0";"";"VIVO BRASIL S.A.";"025.581.570/0016-2";"0210718848";"0";"2015-05-01T00:00:00";"330.8";"6.8";"324";"4";"2015";"0";"";"";"1191177";"";"";"";"2442";"5680026";"https://www.camara.leg.br/cota-parlamentar/documentos/publ/2442/2015/5680026.pdf"
"LIDERANÇA DO PSDB";"";"";"";"2015";"NA";"";"55";"10";"TELEFONIA";"0";"";"VIVO BRASIL S.A.";"025.581.570/0016-2";"02107188488";"0";"2015-04-01T00:00:00";"330.59";"6.59";"324";"3";"2015";"0";"";"";"1186852";"";"";"";"2442";"5667219";"https://www.camara.leg.br/cota-parlamentar/documentos/publ/2442/2015/5667219.pdf"
"LIDERANÇA DO PSDB";"";"";"";"2015";"NA";"";"55";"10";"TELEFONIA";"0";"";"VIVO BRASIL S.A.";"025.581.570/0016-2";"0240613779";"0";"2015-03-12T00:00:00";"146.74";"0";"146.74";"3";"2015";"0";"";"";"1189603";"";"";"";"2442";"5675518";"https://www.camara.leg.br/cota-parlamentar/documentos/publ/2442/2015/5675518.pdf"
"LIDERANÇA DO PSDB";"";"";"";"2015";"NA";"";"55";"10";"TELEFONIA";"0";"";"VIVO BRASIL S.A.";"025.581.570/0016-2";"0240613779";"0";"2015-04-13T00:00:00";"395.91";"0";"395.91";"4";"2015";"0";"";"";"1186865";"";"";"";"2442";"5667275";"https://www.camara.leg.br/cota-parlamentar/documentos/publ/2442/2015/5667275.pdf"
"LIDERANÇA DO PSDB";"";"";"";"2015";"NA";"";"55";"10";"TELEFONIA";"0";"";"VIVO BRASIL S.A.";"025.581.570/0016-2";"0240615069";"0";"2015-03-12T00:00:00";"156.95";"0";"156.95";"3";"2015";"0";"";"";"1184901";"";"";"";"2442";"5660835";"https://www.camara.leg.br/cota-parlamentar/documentos/publ/2442/2015/5660835.pdf"
"LIDERANÇA DO PSDB";"";"";"";"2015";"NA";"";"55";"10";"TELEFONIA";"0";"";"VIVO BRASIL S.A.";"025.581.570/0016-2";"0240615069";"0";"2015-04-13T00:00:00";"391.98";"0";"391.98";"4";"2015";"0";"";"";"1186865";"";"";"";"2442";"5667271";"https://www.camara.leg.br/cota-parlamentar/documentos/publ/2442/2015/5667271.pdf"
"LIDERANÇA DO PSDB";"";"";"";"2015";"NA";"";"55";"10";"TELEFONIA";"0";"";"VIVO BRASIL S.A.";"025.581.570/0016-2";"0240799113";"0";"2015-03-12T00:00:00";"97.52";"0";"97.52";"3";"2015";"0";"";"";"1189603";"";"";"";"2442";"5675528";"https://www.camara.leg.br/cota-parlamentar/documentos/publ/2442/2015/5675528.pdf"
"LIDERANÇA DO PSDB";"";"";"";"2015";"NA";"";"55";"10";"TELEFONIA";"0";"";"VIVO BRASIL S.A.";"025.581.570/0016-2";"0240799113";"0";"2015-04-13T00:00:00";"341.35";"0";"341.35";"4";"2015";"0";"";"";"1191231";"";"";"";"2442";"5680205";"https://www.camara.leg.br/cota-parlamentar/documentos/publ/2442/2015/5680205.pdf"
"LIDERANÇA DO PSDB";"";"";"";"2015";"NA";"";"55";"13";"FORNECIMENTO DE ALIMENTAÇÃO DO PARLAMENTAR";"0";"";"AFC ALIMENTOS LTDA";"045.384.540/0017-1";"11492";"0";"2015-12-01T00:00:00";"359";"0";"359";"12";"2015";"0";"";"";"1248121";"";"";"";"2442";"5863825";"https://www.camara.leg.br/cota-parlamentar/documentos/publ/2442/2015/5863825.pdf"
"LIDERANÇA DO PSDB";"";"";"";"2015";"NA";"";"55";"13";"FORNECIMENTO DE ALIMENTAÇÃO DO PARLAMENTAR";"0";"";"AVP GASTRONOMIA E COM DE ALIMENTOS LTDA";"172.147.160/0019-4";"1445";"0";"2015-06-30T00:00:00";"323";"0";"323";"6";"2015";"0";"";"";"1206497";"";"";"";"2442";"5727590";"https://www.camara.leg.br/cota-parlamentar/documentos/publ/2442/2015/5727590.pdf"
"LIDERANÇA DO PSDB";"";"";"";"2015";"NA";"";"55";"13";"FORNECIMENTO DE ALIMENTAÇÃO DO PARLAMENTAR";"0";"";"AVP GASTRONOMIA E COM DE ALIMENTOS LTDA";"172.147.160/0019-4";"1446";"0";"2015-07-01T00:00:00";"126.2";"0";"126.2";"7";"2015";"0";"";"";"1206494";"";"";"";"2442";"5727598";"https://www.camara.leg.br/cota-parlamentar/documentos/publ/2442/2015/5727598.pdf"
"LIDERANÇA DO PSDB";"";"";"";"2015";"NA";"";"55";"13";"FORNECIMENTO DE ALIMENTAÇÃO DO PARLAMENTAR";"0";"";"AVP GASTRONOMIA E COM DE ALIMENTOS LTDA";"172.147.160/0019-4";"1461";"0";"2015-06-24T00:00:00";"662.8";"0";"662.8";"6";"2015";"0";"";"";"1210533";"";"";"";"2442";"5739720";"https://www.camara.leg.br/cota-parlamentar/documentos/publ/2442/2015/5739720.pdf"
"LIDERANÇA DO PSDB";"";"";"";"2015";"NA";"";"55";"13";"FORNECIMENTO DE ALIMENTAÇÃO DO PARLAMENTAR";"0";"";"AVP GASTRONOMIA E COM DE ALIMENTOS LTDA";"172.147.160/0019-4";"1462";"0";"2015-07-14T00:00:00";"405.21";"0";"405.21";"7";"2015";"0";"";"";"1210534";"";"";"";"2442";"5739726";"https://www.camara.leg.br/cota-parlamentar/documentos/publ/2442/2015/5739726.pdf"
"LIDERANÇA DO PSDB";"";"";"";"2015";"NA";"";"55";"13";"FORNECIMENTO DE ALIMENTAÇÃO DO PARLAMENTAR";"0";"";"AVP GASTRONOMIA E COM DE ALIMENTOS LTDA";"172.147.160/0019-4";"1490";"0";"2015-08-05T00:00:00";"483.2";"0";"483.2";"8";"2015";"0";"";"";"1214763";"";"";"";"2442";"5753719";"https://www.camara.leg.br/cota-parlamentar/documentos/publ/2442/2015/5753719.pdf"
"LIDERANÇA DO PSDB";"";"";"";"2015";"NA";"";"55";"13";"FORNECIMENTO DE ALIMENTAÇÃO DO PARLAMENTAR";"0";"";"CENTRAL PARK RESTAURANTE E EVENTOS LTDA ME";"105.800.050/0035-6";"0786";"0";"2015-11-17T00:00:00";"1072.5";"0";"1072.5";"11";"2015";"0";"";"";"1246110";"";"";"";"2442";"5857284";"https://www.camara.leg.br/cota-parlamentar/documentos/publ/2442/2015/5857284.pdf"
"LIDERANÇA DO PSDB";"";"";"";"2015";"NA";"";"55";"13";"FORNECIMENTO DE ALIMENTAÇÃO DO PARLAMENTAR";"0";"";"CENTRAL PARK RESTAURANTE E EVENTOS LTDA ME";"105.800.050/0035-6";"0788";"0";"2015-11-24T00:00:00";"900";"0";"900";"11";"2015";"0";"";"";"1246110";"";"";"";"2442";"5857286";"https://www.camara.leg.br/cota-parlamentar/documentos/publ/2442/2015/5857286.pdf"
"LIDERANÇA DO PSDB";"";"";"";"2015";"NA";"";"55";"13";"FORNECIMENTO DE ALIMENTAÇÃO DO PARLAMENTAR";"0";"";"CENTRAL PARK RESTAURANTE E EVENTOS LTDA ME";"105.800.050/0035-6";"0790";"0";"2015-11-25T00:00:00";"900";"0";"900";"11";"2015";"0";"";"";"1246110";"";"";"";"2442";"5857288";"https://www.camara.leg.br/cota-parlamentar/documentos/publ/2442/2015/5857288.pdf"
"LIDERANÇA DO PSDB";"";"";"";"2015";"NA";"";"55";"13";"FORNECIMENTO DE ALIMENTAÇÃO DO PARLAMENTAR";"0";"";"CENTRAL PARK RESTAURANTE E EVENTOS LTDA ME";"105.800.050/0035-6";"0793";"0";"2015-12-09T00:00:00";"1200";"0";"1200";"12";"2015";"0";"";"";"1253760";"";"";"";"2442";"5880914";"https://www.camara.leg.br/cota-parlamentar/documentos/publ/2442/2015/5880914.pdf"
"LIDERANÇA DO PSDB";"";"";"";"2015";"NA";"";"55";"13";"FORNECIMENTO DE ALIMENTAÇÃO DO PARLAMENTAR";"0";"";"CENTRAL PARK RESTAURANTE E EVENTOS LTDA ME";"105.800.050/0035-6";"0907";"0";"2015-09-11T00:00:00";"1100";"0";"1100";"9";"2015";"0";"";"";"1225391";"";"";"";"2442";"5789238";"https://www.camara.leg.br/cota-parlamentar/documentos/publ/2442/2015/5789238.pdf"
"LIDERANÇA DO PSDB";"";"";"";"2015";"NA";"";"55";"13";"FORNECIMENTO DE ALIMENTAÇÃO DO PARLAMENTAR";"0";"";"CENTRAL PARK RESTAURANTE E EVENTOS LTDA ME";"105.800.050/0035-6";"0924";"0";"2015-09-28T00:00:00";"1200";"0";"1200";"9";"2015";"0";"";"";"1233151";"";"";"";"2442";"5814695";"https://www.camara.leg.br/cota-parlamentar/documentos/publ/2442/2015/5814695.pdf"
"LIDERANÇA DO PSDB";"";"";"";"2015";"NA";"";"55";"13";"FORNECIMENTO DE ALIMENTAÇÃO DO PARLAMENTAR";"0";"";"CENTRAL PARK RESTAURANTE E EVENTOS LTDA ME";"105.800.050/0035-6";"0925";"0";"2015-09-28T00:00:00";"1200";"0";"1200";"9";"2015";"0";"";"";"1233151";"";"";"";"2442";"5814701";"https://www.camara.leg.br/cota-parlamentar/documentos/publ/2442/2015/5814701.pdf"
"LIDERANÇA DO PSDB";"";"";"";"2015";"NA";"";"55";"13";"FORNECIMENTO DE ALIMENTAÇÃO DO PARLAMENTAR";"0";"";"CENTRAL PARK RESTAURANTE E EVENTOS LTDA ME";"105.800.050/0035-6";"0931";"0";"2015-10-02T00:00:00";"1200";"0";"1200";"10";"2015";"0";"";"";"1233150";"";"";"";"2442";"5814704";"https://www.camara.leg.br/cota-parlamentar/documentos/publ/2442/2015/5814704.pdf"
"LIDERANÇA DO PSDB";"";"";"";"2015";"NA";"";"55";"13";"FORNECIMENTO DE ALIMENTAÇÃO DO PARLAMENTAR";"0";"";"CENTRAL PARK RESTAURANTE E EVENTOS LTDA ME";"105.800.050/0035-6";"0936";"0";"2015-10-07T00:00:00";"1200";"0";"1200";"10";"2015";"0";"";"";"1235165";"";"";"";"2442";"5821641";"https://www.camara.leg.br/cota-parlamentar/documentos/publ/2442/2015/5821641.pdf"
"LIDERANÇA DO PSDB";"";"";"";"2015";"NA";"";"55";"13";"FORNECIMENTO DE ALIMENTAÇÃO DO PARLAMENTAR";"0";"";"CENTRAL PARK RESTAURANTE E EVENTOS LTDA ME";"105.800.050/0035-6";"0937";"0";"2015-10-14T00:00:00";"1200";"0";"1200";"10";"2015";"0";"";"";"1235165";"";"";"";"2442";"5821645";"https://www.camara.leg.br/cota-parlamentar/documentos/publ/2442/2015/5821645.pdf"
"LIDERANÇA DO PSDB";"";"";"";"2015";"NA";"";"55";"13";"FORNECIMENTO DE ALIMENTAÇÃO DO PARLAMENTAR";"0";"";"CENTRAL PARK RESTAURANTE E EVENTOS LTDA ME";"105.800.050/0035-6";"0942";"0";"2015-10-21T00:00:00";"1200";"0";"1200";"10";"2015";"0";"";"";"1237393";"";"";"";"2442";"5829244";"https://www.camara.leg.br/cota-parlamentar/documentos/publ/2442/2015/5829244.pdf"
"LIDERANÇA DO PSDB";"";"";"";"2015";"NA";"";"55";"13";"FORNECIMENTO DE ALIMENTAÇÃO DO PARLAMENTAR";"0";"";"CENTRAL PARK RESTAURANTE E EVENTOS LTDA ME";"105.800.050/0035-6";"0946";"0";"2015-10-27T00:00:00";"600";"0";"600";"10";"2015";"0";"";"";"1242868";"";"";"";"2442";"5846139";"https://www.camara.leg.br/cota-parlamentar/documentos/publ/2442/2015/5846139.pdf"
"LIDERANÇA DO PSDB";"";"";"";"2015";"NA";"";"55";"13";"FORNECIMENTO DE ALIMENTAÇÃO DO PARLAMENTAR";"0";"";"CENTRAL PARK RESTAURANTE E EVENTOS LTDA ME";"105.800.050/0035-6";"0947";"0";"2015-10-28T00:00:00";"600";"0";"600";"10";"2015";"0";"";"";"1242868";"";"";"";"2442";"5846152";"https://www.camara.leg.br/cota-parlamentar/documentos/publ/2442/2015/5846152.pdf"
"LIDERANÇA DO PSDB";"";"";"";"2015";"NA";"";"55";"13";"FORNECIMENTO DE ALIMENTAÇÃO DO PARLAMENTAR";"0";"";"CENTRAL PARK RESTAURANTE E EVENTOS LTDA ME";"105.800.050/0035-6";"0989";"0";"2015-11-03T00:00:00";"600";"0";"600";"11";"2015";"0";"";"";"1242869";"";"";"";"2442";"5846158";"https://www.camara.leg.br/cota-parlamentar/documentos/publ/2442/2015/5846158.pdf"
"LIDERANÇA DO PSDB";"";"";"";"2015";"NA";"";"55";"13";"FORNECIMENTO DE ALIMENTAÇÃO DO PARLAMENTAR";"0";"";"CENTRAL PARK RESTAURANTE E EVENTOS LTDA ME";"105.800.050/0035-6";"0993";"0";"2015-11-11T00:00:00";"600";"0";"600";"11";"2015";"0";"";"";"1242869";"";"";"";"2442";"5846165";"https://www.camara.leg.br/cota-parlamentar/documentos/publ/2442/2015/5846165.pdf"
"LIDERANÇA DO PSDB";"";"";"";"2015";"NA";"";"55";"13";"FORNECIMENTO DE ALIMENTAÇÃO DO PARLAMENTAR";"0";"";"CENTRAL PARK RESTAURANTE E EVENTOS LTDA ME";"105.800.050/0035-6";"0997";"0";"2015-11-18T00:00:00";"1072.5";"0";"1072.5";"11";"2015";"0";"";"";"1246110";"";"";"";"2442";"5857285";"https://www.camara.leg.br/cota-parlamentar/documentos/publ/2442/2015/5857285.pdf"
"LIDERANÇA DO PSDB";"";"";"";"2015";"NA";"";"55";"13";"FORNECIMENTO DE ALIMENTAÇÃO DO PARLAMENTAR";"0";"";"CENTRAL PARK RESTAURANTE E EVENTOS LTDA ME";"105.800.050/0035-6";"690";"0";"2015-12-08T00:00:00";"1200";"0";"1200";"12";"2015";"0";"";"";"1249963";"";"";"";"2442";"5869663";"https://www.camara.leg.br/cota-parlamentar/documentos/publ/2442/2015/5869663.pdf"
"LIDERANÇA DO PSDB";"";"";"";"2015";"NA";"";"55";"13";"FORNECIMENTO DE ALIMENTAÇÃO DO PARLAMENTAR";"0";"";"CENTRAL PARK RESTAURANTE E EVENTOS LTDA ME";"105.800.050/0035-6";"703";"0";"2015-12-15T00:00:00";"600";"0";"600";"12";"2015";"0";"";"";"1252357";"";"";"";"2442";"5877118";"https://www.camara.leg.br/cota-parlamentar/documentos/publ/2442/2015/5877118.pdf"
"LIDERANÇA DO PSDB";"";"";"";"2015";"NA";"";"55";"13";"FORNECIMENTO DE ALIMENTAÇÃO DO PARLAMENTAR";"0";"";"CENTRAL PARK RESTAURANTE E EVENTOS LTDA ME";"105.800.050/0035-6";"706";"0";"2015-12-16T00:00:00";"600";"0";"600";"12";"2015";"0";"";"";"1253414";"";"";"";"2442";"5879999";"https://www.camara.leg.br/cota-parlamentar/documentos/publ/2442/2015/5879999.pdf"
"LIDERANÇA DO PSDB";"";"";"";"2015";"NA";"";"55";"13";"FORNECIMENTO DE ALIMENTAÇÃO DO PARLAMENTAR";"0";"";"COCO BAMBU LAGO SUL COMERCIO DE ALIMENTOS LTDA";"105.426.620/0014-7";"70318";"0";"2015-03-13T00:00:00";"895.8";"0";"895.8";"3";"2015";"0";"";"";"1175101";"";"";"";"2442";"5629019";"https://www.camara.leg.br/cota-parlamentar/documentos/publ/2442/2015/5629019.pdf"
"LIDERANÇA DO PSDB";"";"";"";"2015";"NA";"";"55";"13";"FORNECIMENTO DE ALIMENTAÇÃO DO PARLAMENTAR";"0";"";"COCO BAMBU LAGO SUL COMERCIO DE ALIMENTOS LTDA";"105.426.620/0014-7";"77138";"0";"2015-11-12T00:00:00";"1104.8";"0";"1104.8";"11";"2015";"0";"";"";"1242837";"";"";"";"2442";"5846054";"https://www.camara.leg.br/cota-parlamentar/documentos/publ/2442/2015/5846054.pdf"
"LIDERANÇA DO PSDB";"";"";"";"2015";"NA";"";"55";"13";"FORNECIMENTO DE ALIMENTAÇÃO DO PARLAMENTAR";"0";"";"FRUTARIA SÃO PAULO";"082.778.590/0015-4";"202647";"0";"2015-12-14T00:00:00";"42.6";"1.4";"41.2";"12";"2015";"0";"";"";"1253337";"";"";"";"2442";"5879636";"https://www.camara.leg.br/cota-parlamentar/documentos/publ/2442/2015/5879636.pdf"
"LIDERANÇA DO PSDB";"";"";"";"2015";"NA";"";"55";"13";"FORNECIMENTO DE ALIMENTAÇÃO DO PARLAMENTAR";"0";"";"FRUTARIA SÃO PAULO";"082.778.590/0015-4";"203028";"0";"2015-12-14T00:00:00";"66.2";"0.7";"65.5";"12";"2015";"0";"";"";"1253337";"";"";"";"2442";"5879645";"https://www.camara.leg.br/cota-parlamentar/documentos/publ/2442/2015/5879645.pdf"
"LIDERANÇA DO PSDB";"";"";"";"2015";"NA";"";"55";"13";"FORNECIMENTO DE ALIMENTAÇÃO DO PARLAMENTAR";"0";"";"MANGER COMERCIO DE ALIMENTOS LTDA";"096.122.260/0011-8";"3113";"0";"2015-02-10T00:00:00";"1600";"0";"1600";"2";"2015";"0";"";"";"1172775";"";"";"";"2442";"5621942";"https://www.camara.leg.br/cota-parlamentar/documentos/publ/2442/2015/5621942.pdf"
"LIDERANÇA DO PSDB";"";"";"";"2015";"NA";"";"55";"13";"FORNECIMENTO DE ALIMENTAÇÃO DO PARLAMENTAR";"0";"";"MANGER COMERCIO DE ALIMENTOS LTDA";"096.122.260/0011-8";"3143";"0";"2015-03-24T00:00:00";"800";"0";"800";"3";"2015";"0";"";"";"1177319";"";"";"";"2442";"5636446";"https://www.camara.leg.br/cota-parlamentar/documentos/publ/2442/2015/5636446.pdf"
"LIDERANÇA DO PSDB";"";"";"";"2015";"NA";"";"55";"13";"FORNECIMENTO DE ALIMENTAÇÃO DO PARLAMENTAR";"0";"";"MANGER COMERCIO DE ALIMENTOS LTDA";"096.122.260/0011-8";"3149";"0";"2015-03-31T00:00:00";"800";"0";"800";"3";"2015";"0";"";"";"1179585";"";"";"";"2442";"5643855";"https://www.camara.leg.br/cota-parlamentar/documentos/publ/2442/2015/5643855.pdf"
"LIDERANÇA DO PSDB";"";"";"";"2015";"NA";"";"55";"13";"FORNECIMENTO DE ALIMENTAÇÃO DO PARLAMENTAR";"0";"";"MANGER COMERCIO DE ALIMENTOS LTDA";"096.122.260/0011-8";"3155";"0";"2015-04-07T00:00:00";"1012";"0";"1012";"4";"2015";"0";"";"";"1180821";"";"";"";"2442";"5647968";"https://www.camara.leg.br/cota-parlamentar/documentos/publ/2442/2015/5647968.pdf"
"LIDERANÇA DO PSDB";"";"";"";"2015";"NA";"";"55";"13";"FORNECIMENTO DE ALIMENTAÇÃO DO PARLAMENTAR";"0";"";"MANGER COMERCIO DE ALIMENTOS LTDA";"096.122.260/0011-8";"3165";"0";"2015-04-14T00:00:00";"1012";"0";"1012";"4";"2015";"0";"";"";"1183011";"";"";"";"2442";"5654674";"https://www.camara.leg.br/cota-parlamentar/documentos/publ/2442/2015/5654674.pdf"
"LIDERANÇA DO PSDB";"";"";"";"2015";"NA";"";"55";"13";"FORNECIMENTO DE ALIMENTAÇÃO DO PARLAMENTAR";"0";"";"MANGER COMERCIO DE ALIMENTOS LTDA";"096.122.260/0011-8";"3176";"0";"2015-05-05T00:00:00";"1056";"0";"1056";"5";"2015";"0";"";"";"1188414";"";"";"";"2442";"5672227";"https://www.camara.leg.br/cota-parlamentar/documentos/publ/2442/2015/5672227.pdf"
"LIDERANÇA DO PSDB";"";"";"";"2015";"NA";"";"55";"13";"FORNECIMENTO DE ALIMENTAÇÃO DO PARLAMENTAR";"0";"";"MANGER COMERCIO DE ALIMENTOS LTDA";"096.122.260/0011-8";"3189";"0";"2015-05-26T00:00:00";"1980";"0";"1980";"5";"2015";"0";"";"";"1195134";"";"";"";"2442";"5692565";"https://www.camara.leg.br/cota-parlamentar/documentos/publ/2442/2015/5692565.pdf"
"LIDERANÇA DO PSDB";"";"";"";"2015";"NA";"";"55";"13";"FORNECIMENTO DE ALIMENTAÇÃO DO PARLAMENTAR";"0";"";"MANGER COMERCIO DE ALIMENTOS LTDA";"096.122.260/0011-8";"3202";"0";"2015-06-09T00:00:00";"2640";"0";"2640";"6";"2015";"0";"";"";"1198952";"";"";"";"2442";"5704268";"https://www.camara.leg.br/cota-parlamentar/documentos/publ/2442/2015/5704268.pdf"
"LIDERANÇA DO PSDB";"";"";"";"2015";"NA";"";"55";"13";"FORNECIMENTO DE ALIMENTAÇÃO DO PARLAMENTAR";"0";"";"MANGER COMERCIO DE ALIMENTOS LTDA";"096.122.260/0011-8";"3308";"0";"2015-10-20T00:00:00";"1980";"0";"1980";"10";"2015";"0";"";"";"1235749";"";"";"";"2442";"5823574";"https://www.camara.leg.br/cota-parlamentar/documentos/publ/2442/2015/5823574.pdf"
"LIDERANÇA DO PSDB";"";"";"";"2015";"NA";"";"55";"13";"FORNECIMENTO DE ALIMENTAÇÃO DO PARLAMENTAR";"0";"";"MANGER COMERCIO DE ALIMENTOS LTDA";"096.122.260/0011-8";"3312";"0";"2015-10-28T00:00:00";"1980";"0";"1980";"10";"2015";"0";"";"";"1238155";"";"";"";"2442";"5831702";"https://www.camara.leg.br/cota-parlamentar/documentos/publ/2442/2015/5831702.pdf"
"LIDERANÇA DO PSDB";"";"";"";"2015";"NA";"";"55";"13";"FORNECIMENTO DE ALIMENTAÇÃO DO PARLAMENTAR";"0";"";"PBJM COMÉRCIO DE GÊNEROS ALIMENTÍCIOS LTDA";"090.541.580/0011-9";"38515";"0";"2015-07-16T00:00:00";"481";"0";"481";"7";"2015";"0";"";"";"1213860";"";"";"";"2442";"5750862";"https://www.camara.leg.br/cota-parlamentar/documentos/publ/2442/2015/5750862.pdf"
"LIDERANÇA DO PSDB";"";"";"";"2015";"NA";"";"55";"13";"FORNECIMENTO DE ALIMENTAÇÃO DO PARLAMENTAR";"0";"";"RESTAURANTE E BAR XIQUE XIQUE LTDA";"006.045.380/0010-5";"57123";"0";"2015-05-21T00:00:00";"1066";"0";"1066";"5";"2015";"0";"";"";"1195795";"";"";"";"2442";"5694490";"https://www.camara.leg.br/cota-parlamentar/documentos/publ/2442/2015/5694490.pdf"
"LIDERANÇA DO PSDB";"";"";"";"2015";"NA";"";"55";"13";"FORNECIMENTO DE ALIMENTAÇÃO DO PARLAMENTAR";"0";"";"RESTAURANTE E BAR XIQUE XIQUE LTDA";"006.045.380/0010-5";"57293";"0";"2015-07-02T00:00:00";"766";"0";"766";"7";"2015";"0";"";"";"1206390";"";"";"";"2442";"5727252";"https://www.camara.leg.br/cota-parlamentar/documentos/publ/2442/2015/5727252.pdf"
"LIDERANÇA DO PSDB";"";"";"";"2015";"NA";"";"55";"13";"FORNECIMENTO DE ALIMENTAÇÃO DO PARLAMENTAR";"0";"";"SERRANA COMÉRCIO DE ALIMENTOS LTDA";"095.502.140/0010-6";"12122";"0";"2015-02-10T00:00:00";"49";"0";"49";"2";"2015";"0";"";"";"1172774";"";"";"";"2442";"5621944";"https://www.camara.leg.br/cota-parlamentar/documentos/publ/2442/2015/5621944.pdf"
"LIDERANÇA DO PSDB";"";"";"";"2015";"NA";"";"55";"13";"FORNECIMENTO DE ALIMENTAÇÃO DO PARLAMENTAR";"0";"";"SERRANA COMÉRCIO DE ALIMENTOS LTDA";"095.502.140/0010-6";"12291";"0";"2015-03-24T00:00:00";"35";"0";"35";"3";"2015";"0";"";"";"1177318";"";"";"";"2442";"5636440";"https://www.camara.leg.br/cota-parlamentar/documentos/publ/2442/2015/5636440.pdf"
"LIDERANÇA DO PSDB";"";"";"";"2015";"NA";"";"55";"13";"FORNECIMENTO DE ALIMENTAÇÃO DO PARLAMENTAR";"0";"";"SERRANA COMÉRCIO DE ALIMENTOS LTDA";"095.502.140/0010-6";"12319";"0";"2015-03-31T00:00:00";"35";"0";"35";"3";"2015";"0";"";"";"1179583";"";"";"";"2442";"5643863";"https://www.camara.leg.br/cota-parlamentar/documentos/publ/2442/2015/5643863.pdf"
"LIDERANÇA DO PSDB";"";"";"";"2015";"NA";"";"55";"13";"FORNECIMENTO DE ALIMENTAÇÃO DO PARLAMENTAR";"0";"";"SERRANA COMÉRCIO DE ALIMENTOS LTDA";"095.502.140/0010-6";"12342";"0";"2015-04-07T00:00:00";"35";"0";"35";"4";"2015";"0";"";"";"1180820";"";"";"";"2442";"5647973";"https://www.camara.leg.br/cota-parlamentar/documentos/publ/2442/2015/5647973.pdf"
"LIDERANÇA DO PSDB";"";"";"";"2015";"NA";"";"55";"13";"FORNECIMENTO DE ALIMENTAÇÃO DO PARLAMENTAR";"0";"";"SERRANA COMÉRCIO DE ALIMENTOS LTDA";"095.502.140/0010-6";"12376";"0";"2015-04-14T00:00:00";"35";"0";"35";"4";"2015";"0";"";"";"1183010";"";"";"";"2442";"5654682";"https://www.camara.leg.br/cota-parlamentar/documentos/publ/2442/2015/5654682.pdf"
"LIDERANÇA DO PSDB";"";"";"";"2015";"NA";"";"55";"13";"FORNECIMENTO DE ALIMENTAÇÃO DO PARLAMENTAR";"0";"";"SERRANA COMÉRCIO DE ALIMENTOS LTDA";"095.502.140/0010-6";"12451";"0";"2015-05-05T00:00:00";"42";"0";"42";"5";"2015";"0";"";"";"1188413";"";"";"";"2442";"5672231";"https://www.camara.leg.br/cota-parlamentar/documentos/publ/2442/2015/5672231.pdf"
"LIDERANÇA DO PSDB";"";"";"";"2015";"NA";"";"55";"13";"FORNECIMENTO DE ALIMENTAÇÃO DO PARLAMENTAR";"0";"";"SERRANA COMÉRCIO DE ALIMENTOS LTDA";"095.502.140/0010-6";"12544";"0";"2015-05-26T00:00:00";"42";"0";"42";"5";"2015";"0";"";"";"1195133";"";"";"";"2442";"5692571";"https://www.camara.leg.br/cota-parlamentar/documentos/publ/2442/2015/5692571.pdf"
"LIDERANÇA DO PSDB";"";"";"";"2015";"NA";"";"55";"13";"FORNECIMENTO DE ALIMENTAÇÃO DO PARLAMENTAR";"0";"";"SERRANA COMÉRCIO DE ALIMENTOS LTDA";"095.502.140/0010-6";"12670";"0";"2015-06-09T00:00:00";"70";"0";"70";"6";"2015";"0";"";"";"1198951";"";"";"";"2442";"5704274";"https://www.camara.leg.br/cota-parlamentar/documentos/publ/2442/2015/5704274.pdf"
"LIDERANÇA DO PSDB";"";"";"";"2015";"NA";"";"55";"13";"FORNECIMENTO DE ALIMENTAÇÃO DO PARLAMENTAR";"0";"";"SERRANA COMÉRCIO DE ALIMENTOS LTDA";"095.502.140/0010-6";"13160";"0";"2015-10-20T00:00:00";"49";"0";"49";"10";"2015";"0";"";"";"1235748";"";"";"";"2442";"5823577";"https://www.camara.leg.br/cota-parlamentar/documentos/publ/2442/2015/5823577.pdf"
"LIDERANÇA DO PSDB";"";"";"";"2015";"NA";"";"55";"13";"FORNECIMENTO DE ALIMENTAÇÃO DO PARLAMENTAR";"0";"";"SERRANA COMÉRCIO DE ALIMENTOS LTDA";"095.502.140/0010-6";"13192";"0";"2015-10-28T00:00:00";"49";"0";"49";"10";"2015";"0";"";"";"1238154";"";"";"";"2442";"5831704";"https://www.camara.leg.br/cota-parlamentar/documentos/publ/2442/2015/5831704.pdf"
"LIDERANÇA DO PSDB";"";"";"";"2015";"NA";"";"55";"13";"FORNECIMENTO DE ALIMENTAÇÃO DO PARLAMENTAR";"0";"";"VIVA MORUMBI COMERCIO DE ALIMENTOS LTDA. EPP";"113.076.780/0013-8";"097330";"0";"2015-10-30T00:00:00";"30.8";"0";"30.8";"10";"2015";"0";"";"";"1244157";"";"";"";"2442";"5850606";"https://www.camara.leg.br/cota-parlamentar/documentos/publ/2442/2015/5850606.pdf"
"LIDERANÇA DO PSDB";"";"";"";"2015";"NA";"";"55";"14";"HOSPEDAGEM ,EXCETO DO PARLAMENTAR NO DISTRITO FEDERAL.";"0";"";"Hotel Bourbon de Curitiba Ltda";"789.433.210/0011-7";"110000";"0";"2015-05-12T00:00:00";"569";"6.2";"562.8";"5";"2015";"0";"";"";"1193633";"";"";"";"2442";"5687565";"https://www.camara.leg.br/cota-parlamentar/documentos/publ/2442/2015/5687565.pdf"
"LIDERANÇA DO PSDB";"";"";"";"2015";"NA";"";"55";"14";"HOSPEDAGEM ,EXCETO DO PARLAMENTAR NO DISTRITO FEDERAL.";"0";"";"HOTELARIA ACCOR BRASIL S/A";"099.678.520/0640-0";"00816423";"0";"2015-11-03T00:00:00";"148";"0";"148";"10";"2015";"0";"";"";"1244159";"";"";"";"2442";"5850653";"https://www.camara.leg.br/cota-parlamentar/documentos/publ/2442/2015/5850653.pdf"
"LIDERANÇA DO PSDB";"";"";"";"2015";"NA";"";"55";"14";"HOSPEDAGEM ,EXCETO DO PARLAMENTAR NO DISTRITO FEDERAL.";"0";"";"TRANSAMERICA COMERCIAL E SERVIÇOS LTDA.";"565.487.790/0188-7";"00005500";"0";"2015-12-17T00:00:00";"417.9";"0";"417.9";"12";"2015";"0";"";"";"1253761";"";"";"";"2442";"5880915";"https://www.camara.leg.br/cota-parlamentar/documentos/publ/2442/2015/5880915.pdf"
"LIDERANÇA DO PSDB";"";"";"";"2015";"NA";"";"55";"122";"SERVIÇO DE TÁXI, PEDÁGIO E ESTACIONAMENTO";"0";"";"ALLPARK EMPREENDIMENTOS PARTICIPAÇÕES E SERVIÇOS S.A.";"605.372.630/8998-1";"223444";"0";"2015-10-31T00:00:00";"46";"0";"46";"10";"2015";"0";"";"";"1244157";"";"";"";"2442";"5850620";"https://www.camara.leg.br/cota-parlamentar/documentos/publ/2442/2015/5850620.pdf"
"LIDERANÇA DO PSDB";"";"";"";"2015";"NA";"";"55";"123";"PASSAGENS TERRESTRES, MARÍTIMAS OU FLUVIAIS";"0";"";"AVIANCA BRASIL";"025.758.290/0014-8";"2472419110755";"0";"2015-10-28T00:00:00";"968.47";"0";"968.47";"10";"2015";"0";"";"";"1244158";"";"";"";"2442";"5850682";"https://www.camara.leg.br/cota-parlamentar/documentos/publ/2442/2015/5850682.pdf"
"LIDERANÇA DO PT";"";"";"";"2011";"NA";"";"54";"3";"COMBUSTÍVEIS E LUBRIFICANTES.";"1";"Veículos Automotores";"CASCOL COMBUSTIVEIS";"003.065.970/0311-2";"14921";"0";"2015-01-30T00:00:00";"181.5";"0";"181.5";"1";"2015";"0";"";"";"1164911";"";"";"";"2439";"5595349";"https://www.camara.leg.br/cota-parlamentar/documentos/publ/2439/2015/5595349.pdf"
"LIDERANÇA DO PT";"";"";"";"2011";"NA";"";"54";"3";"COMBUSTÍVEIS E LUBRIFICANTES.";"1";"Veículos Automotores";"CASCOL COMBUSTIVEIS PARA VEICULOS LTDA";"003.065.970/0761-4";"026969";"0";"2015-01-14T00:00:00";"158.28";"0";"158.28";"1";"2015";"0";"";"";"1164322";"";"";"";"2439";"5593435";"https://www.camara.leg.br/cota-parlamentar/documentos/publ/2439/2015/5593435.pdf"
"LIDERANÇA DO PT";"";"";"";"2011";"NA";"";"54";"3";"COMBUSTÍVEIS E LUBRIFICANTES.";"1";"Veículos Automotores";"DISTRIBUIDORA BRASÍLIA DE VEÍCULOS S/A";"000.013.880/0022-6";"258182";"0";"2015-01-28T00:00:00";"166.78";"0";"166.78";"1";"2015";"0";"";"";"1164322";"";"";"";"2439";"5593447";"https://www.camara.leg.br/cota-parlamentar/documentos/publ/2439/2015/5593447.pdf"
"LIDERANÇA DO PT";"";"";"";"2011";"NA";"";"54";"3";"COMBUSTÍVEIS E LUBRIFICANTES.";"1";"Veículos Automotores";"DRIVE CAR TRANSPORTES E COMBUSTIVEIS LTDA";"000.122.110/0030-6";"043125";"0";"2015-01-23T00:00:00";"120";"0";"120";"1";"2015";"0";"";"";"1164322";"";"";"";"2439";"5593456";"https://www.camara.leg.br/cota-parlamentar/documentos/publ/2439/2015/5593456.pdf"
"LIDERANÇA DO PT";"";"";"";"2011";"NA";"";"54";"3";"COMBUSTÍVEIS E LUBRIFICANTES.";"1";"Veículos Automotores";"SINPETAXI";"000.317.080/0029-0";"142891";"0";"2015-01-19T00:00:00";"183.97";"0";"183.97";"1";"2015";"0";"";"";"1164322";"";"";"";"2439";"5593443";"https://www.camara.leg.br/cota-parlamentar/documentos/publ/2439/2015/5593443.pdf"
"LIDERANÇA DO PT";"";"";"";"2011";"NA";"";"54";"9";"PASSAGEM AÉREA - REEMBOLSO";"0";"";"AVIANCA";"025.758.290/0014-8";"2472414405697";"0";"2015-01-16T00:00:00";"439.03";"0";"439.03";"1";"2015";"0";"JOSÉ ROGÉRIO CARVALHO TOMAZ JUNIOR;";"BRASILIA - CONGONHAS";"1164328";"";"";"";"2439";"5593487";"https://www.camara.leg.br/cota-parlamentar/documentos/publ/2439/2015/5593487.pdf"
"LIDERANÇA DO PT";"";"";"";"2011";"NA";"";"54";"9";"PASSAGEM AÉREA - REEMBOLSO";"0";"";"TAM LINHAS AÉREAS.";"020.128.620/0016-0";"19572103560388";"0";"2015-01-13T00:00:00";"1761.03";"0";"1761.03";"1";"2015";"0";"JOSÉ ROGÉRIO CARVALHO TOMAZ JUNIOR;";"SAO PAULO - FORTALEZA";"1164328";"";"";"";"2439";"5593482";"https://www.camara.leg.br/cota-parlamentar/documentos/publ/2439/2015/5593482.pdf"
"LIDERANÇA DO PT";"";"";"";"2011";"NA";"";"54";"9";"PASSAGEM AÉREA - REEMBOLSO";"0";"";"TAM LINHAS AÉREAS.";"020.128.620/0016-0";"19572103950275";"0";"2015-01-19T00:00:00";"503.47";"0";"503.47";"1";"2015";"0";"JOSÉ ROGÉRIO CARVALHO TOMAZ JUNIOR;";"SP- BSB";"1164328";"";"";"";"2439";"5593480";"https://www.camara.leg.br/cota-parlamentar/documentos/publ/2439/2015/5593480.pdf"
"LIDERANÇA DO PT";"";"";"";"2011";"NA";"";"54";"13";"FORNECIMENTO DE ALIMENTAÇÃO DO PARLAMENTAR";"0";"";"FLOR DE LOTUS";"371.089.580/0010-0";"018941";"0";"2015-01-28T00:00:00";"91";"0";"91";"1";"2015";"0";"";"";"1164322";"";"";"";"2439";"5593453";"https://www.camara.leg.br/cota-parlamentar/documentos/publ/2439/2015/5593453.pdf"
"LIDERANÇA DO PT";"";"";"";"2011";"NA";"";"54";"120";"LOCAÇÃO OU FRETAMENTO DE VEÍCULOS AUTOMOTORES";"0";"";"INVESTICAR VEÍCULOS LTDA";"016.152.240/0017-0";"290";"0";"2015-02-02T00:00:00";"3950";"0";"3950";"1";"2015";"0";"";"";"1165494";"";"";"";"2439";"5597420";"https://www.camara.leg.br/cota-parlamentar/documentos/publ/2439/2015/5597420.pdf"
"LIDERANÇA DO PT";"";"";"";"2011";"NA";"";"54";"122";"SERVIÇO DE TÁXI, PEDÁGIO E ESTACIONAMENTO";"0";"";"ALLPARK EMPREENDIMENTOS PARTICIPAÇÕES E SERVIÇOS SA";"605.372.630/8998-1";"098138";"0";"2015-01-18T00:00:00";"10";"0";"10";"1";"2015";"0";"";"";"1164322";"";"";"";"2439";"5593458";"https://www.camara.leg.br/cota-parlamentar/documentos/publ/2439/2015/5593458.pdf"
"LIDERANÇA DO PT";"";"";"";"2015";"NA";"";"55";"1";"MANUTENÇÃO DE ESCRITÓRIO DE APOIO À ATIVIDADE PARLAMENTAR";"0";"";"HBL CARIMBOS E PLACAS IND. COMÉRCIO LTDA - ME";"726.493.610/0017-4";"009668";"0";"2015-03-31T00:00:00";"75";"0";"75";"3";"2015";"0";"";"";"1182260";"";"";"";"2439";"5651994";"https://www.camara.leg.br/cota-parlamentar/documentos/publ/2439/2015/5651994.pdf"
"LIDERANÇA DO PT";"";"";"";"2015";"NA";"";"55";"1";"MANUTENÇÃO DE ESCRITÓRIO DE APOIO À ATIVIDADE PARLAMENTAR";"0";"";"LEROY MERLIN - COMPANHIA BRASILEIRA DE BRICOLAGEM";"014.387.840/0141-1";"365313";"0";"2015-03-13T00:00:00";"89.5";"0";"89.5";"3";"2015";"0";"";"";"1178085";"";"";"";"2439";"5638918";"https://www.camara.leg.br/cota-parlamentar/documentos/publ/2439/2015/5638918.pdf"
"LIDERANÇA DO PT";"";"";"";"2015";"NA";"";"55";"1";"MANUTENÇÃO DE ESCRITÓRIO DE APOIO À ATIVIDADE PARLAMENTAR";"0";"";"MAP COMERCIO E SERVIÇOS LTDA";"053.220.900/0015-0";"12080";"0";"2015-04-07T00:00:00";"190";"0";"190";"4";"2015";"0";"";"";"1183840";"";"";"";"2439";"5657177";"https://www.camara.leg.br/cota-parlamentar/documentos/publ/2439/2015/5657177.pdf"
"LIDERANÇA DO PT";"";"";"";"2015";"NA";"";"55";"1";"MANUTENÇÃO DE ESCRITÓRIO DE APOIO À ATIVIDADE PARLAMENTAR";"0";"";"MAP COMERCIO E SERVIÇOS LTDA";"053.220.900/0015-0";"12139";"0";"2015-04-11T00:00:00";"190";"0";"190";"5";"2015";"0";"";"";"1190231";"";"";"";"2439";"5677003";"https://www.camara.leg.br/cota-parlamentar/documentos/publ/2439/2015/5677003.pdf"
"LIDERANÇA DO PT";"";"";"";"2015";"NA";"";"55";"1";"MANUTENÇÃO DE ESCRITÓRIO DE APOIO À ATIVIDADE PARLAMENTAR";"0";"";"MAP COMERCIO E SERVIÇOS LTDA";"053.220.900/0015-0";"12336";"0";"2015-05-18T00:00:00";"190";"0";"190";"6";"2015";"0";"";"";"1198527";"";"";"";"2439";"5703188";"https://www.camara.leg.br/cota-parlamentar/documentos/publ/2439/2015/5703188.pdf"
"LIDERANÇA DO PT";"";"";"";"2015";"NA";"";"55";"1";"MANUTENÇÃO DE ESCRITÓRIO DE APOIO À ATIVIDADE PARLAMENTAR";"0";"";"MAP COMERCIO E SERVIÇOS LTDA";"053.220.900/0015-0";"12514";"0";"2015-06-15T00:00:00";"190";"0";"190";"6";"2015";"0";"";"";"1207729";"";"";"";"2439";"5731548";"https://www.camara.leg.br/cota-parlamentar/documentos/publ/2439/2015/5731548.pdf"
"LIDERANÇA DO PT";"";"";"";"2015";"NA";"";"55";"1";"MANUTENÇÃO DE ESCRITÓRIO DE APOIO À ATIVIDADE PARLAMENTAR";"0";"";"MAP COMERCIO E SERVIÇOS LTDA";"053.220.900/0015-0";"12704";"0";"2015-07-15T00:00:00";"190";"0";"190";"7";"2015";"0";"";"";"1215511";"";"";"";"2439";"5756289";"https://www.camara.leg.br/cota-parlamentar/documentos/publ/2439/2015/5756289.pdf"
"LIDERANÇA DO PT";"";"";"";"2015";"NA";"";"55";"1";"MANUTENÇÃO DE ESCRITÓRIO DE APOIO À ATIVIDADE PARLAMENTAR";"0";"";"MAP COMERCIO E SERVIÇOS LTDA";"053.220.900/0015-0";"13579";"0";"2015-10-07T00:00:00";"190";"0";"190";"10";"2015";"0";"";"";"1232934";"";"";"";"2439";"5814010";"https://www.camara.leg.br/cota-parlamentar/documentos/publ/2439/2015/5814010.pdf"
"LIDERANÇA DO PT";"";"";"";"2015";"NA";"";"55";"1";"MANUTENÇÃO DE ESCRITÓRIO DE APOIO À ATIVIDADE PARLAMENTAR";"0";"";"MAP COMERCIO E SERVIÇOS LTDA";"053.220.900/0015-0";"13740";"0";"2015-10-15T00:00:00";"190";"0";"190";"10";"2015";"0";"";"";"1240847";"";"";"";"2439";"5840217";"https://www.camara.leg.br/cota-parlamentar/documentos/publ/2439/2015/5840217.pdf"
"LIDERANÇA DO PT";"";"";"";"2015";"NA";"";"55";"1";"MANUTENÇÃO DE ESCRITÓRIO DE APOIO À ATIVIDADE PARLAMENTAR";"0";"";"MAP COMERCIO E SERVIÇOS LTDA";"053.220.900/0015-0";"14091";"0";"2015-11-14T00:00:00";"190";"0";"190";"11";"2015";"0";"";"";"1249462";"";"";"";"2439";"5868177";"https://www.camara.leg.br/cota-parlamentar/documentos/publ/2439/2015/5868177.pdf"
"LIDERANÇA DO PT";"";"";"";"2015";"NA";"";"55";"1";"MANUTENÇÃO DE ESCRITÓRIO DE APOIO À ATIVIDADE PARLAMENTAR";"0";"";"PAPELARIA ABC Com. e Ind. LTDA";"005.402.520/0010-3";"43059";"0";"2015-03-10T00:00:00";"501.87";"0";"501.87";"3";"2015";"0";"";"";"1178086";"";"";"";"2439";"5638900";"https://www.camara.leg.br/cota-parlamentar/documentos/publ/2439/2015/5638900.pdf"
"LIDERANÇA DO PT";"";"";"";"2015";"NA";"";"55";"1";"MANUTENÇÃO DE ESCRITÓRIO DE APOIO À ATIVIDADE PARLAMENTAR";"0";"";"PAPELARIA ABC Com. e Ind. LTDA";"005.402.520/0010-3";"45371";"0";"2015-05-04T00:00:00";"159.8";"0";"159.8";"5";"2015";"0";"";"";"1189721";"";"";"";"2439";"5675824";"https://www.camara.leg.br/cota-parlamentar/documentos/publ/2439/2015/5675824.pdf"
"LIDERANÇA DO PT";"";"";"";"2015";"NA";"";"55";"1";"MANUTENÇÃO DE ESCRITÓRIO DE APOIO À ATIVIDADE PARLAMENTAR";"0";"";"PAPELARIA ABC Com. e Ind. LTDA";"005.402.520/0010-3";"46187";"0";"2015-05-21T00:00:00";"219.1";"0";"219.1";"5";"2015";"0";"";"";"1195325";"";"";"";"2439";"5693250";"https://www.camara.leg.br/cota-parlamentar/documentos/publ/2439/2015/5693250.pdf"
"LIDERANÇA DO PT";"";"";"";"2015";"NA";"";"55";"1";"MANUTENÇÃO DE ESCRITÓRIO DE APOIO À ATIVIDADE PARLAMENTAR";"0";"";"PAPELARIA ABC Com. e Ind. LTDA";"005.402.520/0010-3";"49380";"0";"2015-08-19T00:00:00";"438.53";"0";"438.53";"8";"2015";"0";"";"";"1218785";"";"";"";"2439";"5767087";"https://www.camara.leg.br/cota-parlamentar/documentos/publ/2439/2015/5767087.pdf"
"LIDERANÇA DO PT";"";"";"";"2015";"NA";"";"55";"1";"MANUTENÇÃO DE ESCRITÓRIO DE APOIO À ATIVIDADE PARLAMENTAR";"0";"";"PAPELARIA ABC Com. e Ind. LTDA";"005.402.520/0010-3";"50121";"0";"2015-09-14T00:00:00";"213.95";"0";"213.95";"9";"2015";"0";"";"";"1226269";"";"";"";"2439";"5791987";"https://www.camara.leg.br/cota-parlamentar/documentos/publ/2439/2015/5791987.pdf"
"LIDERANÇA DO PT";"";"";"";"2015";"NA";"";"55";"1";"MANUTENÇÃO DE ESCRITÓRIO DE APOIO À ATIVIDADE PARLAMENTAR";"0";"";"PAPELARIA ABC Com. e Ind. LTDA.";"005.402.520/0010-3";"47992";"0";"2015-07-08T00:00:00";"265.57";"0";"265.57";"7";"2015";"0";"";"";"1209308";"";"";"";"2439";"5736283";"https://www.camara.leg.br/cota-parlamentar/documentos/publ/2439/2015/5736283.pdf"
"LIDERANÇA DO PT";"";"";"";"2015";"NA";"";"55";"1";"MANUTENÇÃO DE ESCRITÓRIO DE APOIO À ATIVIDADE PARLAMENTAR";"0";"";"Papelaria Papiros - Comercial Papiros Ltda ME";"000.192.990/0012-6";"074847";"0";"2015-06-25T00:00:00";"20";"0";"20";"6";"2015";"0";"";"";"1209312";"";"";"";"2439";"5736282";"https://www.camara.leg.br/cota-parlamentar/documentos/publ/2439/2015/5736282.pdf"
"LIDERANÇA DO PT";"";"";"";"2015";"NA";"";"55";"3";"COMBUSTÍVEIS E LUBRIFICANTES.";"1";"Veículos Automotores";"AUTO POSTO AGUIA DE OURO";"006.928.060/0019-8";"097173";"0";"2015-06-09T00:00:00";"193.93";"0";"193.93";"6";"2015";"0";"";"";"1199355";"";"";"";"2439";"5705312";"https://www.camara.leg.br/cota-parlamentar/documentos/publ/2439/2015/5705312.pdf"
"LIDERANÇA DO PT";"";"";"";"2015";"NA";"";"55";"3";"COMBUSTÍVEIS E LUBRIFICANTES.";"1";"Veículos Automotores";"AUTO POSTO CINCO ESTRELAS LTDA";"006.924.180/0010-7";"143521";"0";"2015-07-10T00:00:00";"204.84";"0";"204.84";"7";"2015";"0";"";"";"1209132";"";"";"";"2439";"5735679";"https://www.camara.leg.br/cota-parlamentar/documentos/publ/2439/2015/5735679.pdf"
"LIDERANÇA DO PT";"";"";"";"2015";"NA";"";"55";"3";"COMBUSTÍVEIS E LUBRIFICANTES.";"1";"Veículos Automotores";"AUTO SOF LTDA";"039.516.720/0017-0";"441488";"0";"2015-03-28T00:00:00";"200.53";"0";"200.53";"3";"2015";"0";"";"";"1179799";"";"";"";"2439";"5644441";"https://www.camara.leg.br/cota-parlamentar/documentos/publ/2439/2015/5644441.pdf"
"LIDERANÇA DO PT";"";"";"";"2015";"NA";"";"55";"3";"COMBUSTÍVEIS E LUBRIFICANTES.";"1";"Veículos Automotores";"AUTO SOF LTDA";"039.516.720/0017-0";"532527";"0";"2015-06-28T00:00:00";"203.1";"0";"203.1";"6";"2015";"0";"";"";"1206817";"";"";"";"2439";"5728847";"https://www.camara.leg.br/cota-parlamentar/documentos/publ/2439/2015/5728847.pdf"
"LIDERANÇA DO PT";"";"";"";"2015";"NA";"";"55";"3";"COMBUSTÍVEIS E LUBRIFICANTES.";"1";"Veículos Automotores";"CASCOL COMBUSTIVEIS PARA VEICULOS LTDA";"003.065.970/0311-2";"032806";"0";"2015-05-04T00:00:00";"192.11";"0";"192.11";"5";"2015";"0";"";"";"1187809";"";"";"";"2439";"5670407";"https://www.camara.leg.br/cota-parlamentar/documentos/publ/2439/2015/5670407.pdf"
"LIDERANÇA DO PT";"";"";"";"2015";"NA";"";"55";"3";"COMBUSTÍVEIS E LUBRIFICANTES.";"1";"Veículos Automotores";"CASCOL COMBUSTIVEIS PARA VEICULOS LTDA";"003.065.970/0311-2";"033173";"0";"2015-05-11T00:00:00";"219.96";"0";"219.96";"5";"2015";"0";"";"";"1191291";"";"";"";"2439";"5680354";"https://www.camara.leg.br/cota-parlamentar/documentos/publ/2439/2015/5680354.pdf"
"LIDERANÇA DO PT";"";"";"";"2015";"NA";"";"55";"3";"COMBUSTÍVEIS E LUBRIFICANTES.";"1";"Veículos Automotores";"CASCOL COMBUSTIVEIS PARA VEICULOS LTDA";"003.065.970/0311-2";"033536";"0";"2015-05-18T00:00:00";"221.7";"0";"221.7";"5";"2015";"0";"";"";"1192918";"";"";"";"2439";"5685403";"https://www.camara.leg.br/cota-parlamentar/documentos/publ/2439/2015/5685403.pdf"
"LIDERANÇA DO PT";"";"";"";"2015";"NA";"";"55";"3";"COMBUSTÍVEIS E LUBRIFICANTES.";"1";"Veículos Automotores";"CASCOL COMBUSTIVEIS PARA VEICULOS LTDA";"003.065.970/0311-2";"033773";"0";"2015-05-23T00:00:00";"220.37";"0";"220.37";"5";"2015";"0";"";"";"1194778";"";"";"";"2439";"5691432";"https://www.camara.leg.br/cota-parlamentar/documentos/publ/2439/2015/5691432.pdf"
"LIDERANÇA DO PT";"";"";"";"2015";"NA";"";"55";"3";"COMBUSTÍVEIS E LUBRIFICANTES.";"1";"Veículos Automotores";"CASCOL COMBUSTIVEIS PARA VEICULOS LTDA";"003.065.970/0311-2";"034175";"0";"2015-06-01T00:00:00";"195.69";"0";"195.69";"6";"2015";"0";"";"";"1196745";"";"";"";"2439";"5697737";"https://www.camara.leg.br/cota-parlamentar/documentos/publ/2439/2015/5697737.pdf"
"LIDERANÇA DO PT";"";"";"";"2015";"NA";"";"55";"3";"COMBUSTÍVEIS E LUBRIFICANTES.";"1";"Veículos Automotores";"CASCOL COMBUSTIVEIS PARA VEICULOS LTDA";"003.065.970/0311-2";"034470";"0";"2015-06-08T00:00:00";"191.14";"0";"191.14";"6";"2015";"0";"";"";"1198687";"";"";"";"2439";"5703619";"https://www.camara.leg.br/cota-parlamentar/documentos/publ/2439/2015/5703619.pdf"
"LIDERANÇA DO PT";"";"";"";"2015";"NA";"";"55";"3";"COMBUSTÍVEIS E LUBRIFICANTES.";"1";"Veículos Automotores";"CASCOL COMBUSTIVEIS PARA VEICULOS LTDA";"003.065.970/0311-2";"034861";"0";"2015-06-15T00:00:00";"185.81";"0";"185.81";"6";"2015";"0";"";"";"1201046";"";"";"";"2439";"5710273";"https://www.camara.leg.br/cota-parlamentar/documentos/publ/2439/2015/5710273.pdf"
"LIDERANÇA DO PT";"";"";"";"2015";"NA";"";"55";"3";"COMBUSTÍVEIS E LUBRIFICANTES.";"1";"Veículos Automotores";"CASCOL COMBUSTIVEIS PARA VEICULOS LTDA";"003.065.970/0311-2";"035232";"0";"2015-06-22T00:00:00";"205.21";"0";"205.21";"6";"2015";"0";"";"";"1203283";"";"";"";"2439";"5717433";"https://www.camara.leg.br/cota-parlamentar/documentos/publ/2439/2015/5717433.pdf"
"LIDERANÇA DO PT";"";"";"";"2015";"NA";"";"55";"3";"COMBUSTÍVEIS E LUBRIFICANTES.";"1";"Veículos Automotores";"CASCOL COMBUSTIVEIS PARA VEICULOS LTDA";"003.065.970/0311-2";"035568";"0";"2015-06-29T00:00:00";"186.2";"0";"186.2";"6";"2015";"0";"";"";"1206816";"";"";"";"2439";"5728796";"https://www.camara.leg.br/cota-parlamentar/documentos/publ/2439/2015/5728796.pdf"
"LIDERANÇA DO PT";"";"";"";"2015";"NA";"";"55";"3";"COMBUSTÍVEIS E LUBRIFICANTES.";"1";"Veículos Automotores";"CASCOL COMBUSTIVEIS PARA VEICULOS LTDA";"003.065.970/0311-2";"035898";"0";"2015-07-06T00:00:00";"210.13";"0";"210.13";"7";"2015";"0";"";"";"1207734";"";"";"";"2439";"5731542";"https://www.camara.leg.br/cota-parlamentar/documentos/publ/2439/2015/5731542.pdf"
"LIDERANÇA DO PT";"";"";"";"2015";"NA";"";"55";"3";"COMBUSTÍVEIS E LUBRIFICANTES.";"1";"Veículos Automotores";"CASCOL COMBUSTIVEIS PARA VEICULOS LTDA";"003.065.970/0311-2";"036109";"0";"2015-07-10T00:00:00";"108.77";"0";"108.77";"7";"2015";"0";"";"";"1209639";"";"";"";"2439";"5737134";"https://www.camara.leg.br/cota-parlamentar/documentos/publ/2439/2015/5737134.pdf"
"LIDERANÇA DO PT";"";"";"";"2015";"NA";"";"55";"3";"COMBUSTÍVEIS E LUBRIFICANTES.";"1";"Veículos Automotores";"CASCOL COMBUSTIVEIS PARA VEICULOS LTDA";"003.065.970/0311-2";"036241";"0";"2015-07-13T00:00:00";"197.79";"0";"197.79";"7";"2015";"0";"";"";"1209639";"";"";"";"2439";"5737143";"https://www.camara.leg.br/cota-parlamentar/documentos/publ/2439/2015/5737143.pdf"
"LIDERANÇA DO PT";"";"";"";"2015";"NA";"";"55";"3";"COMBUSTÍVEIS E LUBRIFICANTES.";"1";"Veículos Automotores";"CASCOL COMBUSTIVEIS PARA VEICULOS LTDA";"003.065.970/0311-2";"036810";"0";"2015-07-25T00:00:00";"203.42";"0";"203.42";"7";"2015";"0";"";"";"1211971";"";"";"";"2439";"5744809";"https://www.camara.leg.br/cota-parlamentar/documentos/publ/2439/2015/5744809.pdf"
"LIDERANÇA DO PT";"";"";"";"2015";"NA";"";"55";"3";"COMBUSTÍVEIS E LUBRIFICANTES.";"1";"Veículos Automotores";"CASCOL COMBUSTIVEIS PARA VEICULOS LTDA";"003.065.970/0311-2";"037138";"0";"2015-08-01T00:00:00";"195.03";"0";"195.03";"8";"2015";"0";"";"";"1213879";"";"";"";"2439";"5750953";"https://www.camara.leg.br/cota-parlamentar/documentos/publ/2439/2015/5750953.pdf"
"LIDERANÇA DO PT";"";"";"";"2015";"NA";"";"55";"3";"COMBUSTÍVEIS E LUBRIFICANTES.";"1";"Veículos Automotores";"CASCOL COMBUSTIVEIS PARA VEICULOS LTDA";"003.065.970/0311-2";"037411";"0";"2015-08-07T00:00:00";"70";"0";"70";"8";"2015";"0";"";"";"1215993";"";"";"";"2439";"5757832";"https://www.camara.leg.br/cota-parlamentar/documentos/publ/2439/2015/5757832.pdf"
"LIDERANÇA DO PT";"";"";"";"2015";"NA";"";"55";"3";"COMBUSTÍVEIS E LUBRIFICANTES.";"1";"Veículos Automotores";"CASCOL COMBUSTIVEIS PARA VEICULOS LTDA";"003.065.970/0311-2";"037526";"0";"2015-08-10T00:00:00";"183.56";"0";"183.56";"8";"2015";"0";"";"";"1215993";"";"";"";"2439";"5757825";"https://www.camara.leg.br/cota-parlamentar/documentos/publ/2439/2015/5757825.pdf"
"LIDERANÇA DO PT";"";"";"";"2015";"NA";"";"55";"3";"COMBUSTÍVEIS E LUBRIFICANTES.";"1";"Veículos Automotores";"CASCOL COMBUSTIVEIS PARA VEICULOS LTDA";"003.065.970/0311-2";"037935";"0";"2015-08-17T00:00:00";"198.16";"0";"198.16";"8";"2015";"0";"";"";"1218545";"";"";"";"2439";"5766192";"https://www.camara.leg.br/cota-parlamentar/documentos/publ/2439/2015/5766192.pdf"
"LIDERANÇA DO PT";"";"";"";"2015";"NA";"";"55";"3";"COMBUSTÍVEIS E LUBRIFICANTES.";"1";"Veículos Automotores";"CASCOL COMBUSTIVEIS PARA VEICULOS LTDA";"003.065.970/0311-2";"038125";"0";"2015-08-20T00:00:00";"70";"0";"70";"8";"2015";"0";"";"";"1219499";"";"";"";"2439";"5769560";"https://www.camara.leg.br/cota-parlamentar/documentos/publ/2439/2015/5769560.pdf"
"LIDERANÇA DO PT";"";"";"";"2015";"NA";"";"55";"3";"COMBUSTÍVEIS E LUBRIFICANTES.";"1";"Veículos Automotores";"CASCOL COMBUSTIVEIS PARA VEICULOS LTDA";"003.065.970/0311-2";"038303";"0";"2015-08-24T00:00:00";"185.87";"0";"185.87";"8";"2015";"0";"";"";"1219499";"";"";"";"2439";"5769554";"https://www.camara.leg.br/cota-parlamentar/documentos/publ/2439/2015/5769554.pdf"
"LIDERANÇA DO PT";"";"";"";"2015";"NA";"";"55";"3";"COMBUSTÍVEIS E LUBRIFICANTES.";"1";"Veículos Automotores";"CASCOL COMBUSTIVEIS PARA VEICULOS LTDA";"003.065.970/0311-2";"038574";"0";"2015-08-29T00:00:00";"209.53";"0";"209.53";"8";"2015";"0";"";"";"1221822";"";"";"";"2439";"5777783";"https://www.camara.leg.br/cota-parlamentar/documentos/publ/2439/2015/5777783.pdf"
"LIDERANÇA DO PT";"";"";"";"2015";"NA";"";"55";"3";"COMBUSTÍVEIS E LUBRIFICANTES.";"1";"Veículos Automotores";"CASCOL COMBUSTIVEIS PARA VEICULOS LTDA";"003.065.970/0311-2";"038951";"0";"2015-09-07T00:00:00";"208.74";"0";"208.74";"9";"2015";"0";"";"";"1223629";"";"";"";"2439";"5783444";"https://www.camara.leg.br/cota-parlamentar/documentos/publ/2439/2015/5783444.pdf"
"LIDERANÇA DO PT";"";"";"";"2015";"NA";"";"55";"3";"COMBUSTÍVEIS E LUBRIFICANTES.";"1";"Veículos Automotores";"CASCOL COMBUSTIVEIS PARA VEICULOS LTDA";"003.065.970/0311-2";"039515";"0";"2015-09-19T00:00:00";"204.45";"0";"204.45";"9";"2015";"0";"";"";"1227328";"";"";"";"2439";"5795787";"https://www.camara.leg.br/cota-parlamentar/documentos/publ/2439/2015/5795787.pdf"
"LIDERANÇA DO PT";"";"";"";"2015";"NA";"";"55";"3";"COMBUSTÍVEIS E LUBRIFICANTES.";"1";"Veículos Automotores";"CASCOL COMBUSTIVEIS PARA VEICULOS LTDA";"003.065.970/0311-2";"039758";"0";"2015-09-24T00:00:00";"80";"0";"80";"9";"2015";"0";"";"";"1229882";"";"";"";"2439";"5804322";"https://www.camara.leg.br/cota-parlamentar/documentos/publ/2439/2015/5804322.pdf"
"LIDERANÇA DO PT";"";"";"";"2015";"NA";"";"55";"3";"COMBUSTÍVEIS E LUBRIFICANTES.";"1";"Veículos Automotores";"CASCOL COMBUSTIVEIS PARA VEICULOS LTDA";"003.065.970/0311-2";"039849";"0";"2015-09-28T00:00:00";"167.78";"0";"167.78";"9";"2015";"0";"";"";"1229882";"";"";"";"2439";"5804309";"https://www.camara.leg.br/cota-parlamentar/documentos/publ/2439/2015/5804309.pdf"
"LIDERANÇA DO PT";"";"";"";"2015";"NA";"";"55";"3";"COMBUSTÍVEIS E LUBRIFICANTES.";"1";"Veículos Automotores";"CASCOL COMBUSTIVEIS PARA VEICULOS LTDA";"003.065.970/0311-2";"040040";"0";"2015-10-01T00:00:00";"86.69";"0";"86.69";"10";"2015";"0";"";"";"1231650";"";"";"";"2439";"5810301";"https://www.camara.leg.br/cota-parlamentar/documentos/publ/2439/2015/5810301.pdf"
"LIDERANÇA DO PT";"";"";"";"2015";"NA";"";"55";"3";"COMBUSTÍVEIS E LUBRIFICANTES.";"1";"Veículos Automotores";"CASCOL COMBUSTIVEIS PARA VEICULOS LTDA";"003.065.970/0311-2";"040180";"0";"2015-10-05T00:00:00";"180";"0";"180";"10";"2015";"0";"";"";"1231650";"";"";"";"2439";"5810270";"https://www.camara.leg.br/cota-parlamentar/documentos/publ/2439/2015/5810270.pdf"
"LIDERANÇA DO PT";"";"";"";"2015";"NA";"";"55";"3";"COMBUSTÍVEIS E LUBRIFICANTES.";"1";"Veículos Automotores";"CASCOL COMBUSTIVEIS PARA VEICULOS LTDA";"003.065.970/0311-2";"040407";"0";"2015-10-09T00:00:00";"80";"0";"80";"10";"2015";"0";"";"";"1233939";"";"";"";"2439";"5817413";"https://www.camara.leg.br/cota-parlamentar/documentos/publ/2439/2015/5817413.pdf"
"LIDERANÇA DO PT";"";"";"";"2015";"NA";"";"55";"3";"COMBUSTÍVEIS E LUBRIFICANTES.";"1";"Veículos Automotores";"CASCOL COMBUSTIVEIS PARA VEICULOS LTDA";"003.065.970/0311-2";"040505";"0";"2015-10-13T00:00:00";"185.06";"0";"185.06";"10";"2015";"0";"";"";"1233939";"";"";"";"2439";"5817423";"https://www.camara.leg.br/cota-parlamentar/documentos/publ/2439/2015/5817423.pdf"
"LIDERANÇA DO PT";"";"";"";"2015";"NA";"";"55";"3";"COMBUSTÍVEIS E LUBRIFICANTES.";"1";"Veículos Automotores";"CASCOL COMBUSTIVEIS PARA VEICULOS LTDA";"003.065.970/0311-2";"040684";"0";"2015-10-16T00:00:00";"70";"0";"70";"10";"2015";"0";"";"";"1235245";"";"";"";"2439";"5821895";"https://www.camara.leg.br/cota-parlamentar/documentos/publ/2439/2015/5821895.pdf"
"LIDERANÇA DO PT";"";"";"";"2015";"NA";"";"55";"3";"COMBUSTÍVEIS E LUBRIFICANTES.";"1";"Veículos Automotores";"CASCOL COMBUSTIVEIS PARA VEICULOS LTDA";"003.065.970/0311-2";"040761";"0";"2015-10-19T00:00:00";"158.38";"0";"158.38";"10";"2015";"0";"";"";"1235245";"";"";"";"2439";"5821893";"https://www.camara.leg.br/cota-parlamentar/documentos/publ/2439/2015/5821893.pdf"
"LIDERANÇA DO PT";"";"";"";"2015";"NA";"";"55";"3";"COMBUSTÍVEIS E LUBRIFICANTES.";"1";"Veículos Automotores";"CASCOL COMBUSTIVEIS PARA VEICULOS LTDA";"003.065.970/0311-2";"040924";"0";"2015-10-22T00:00:00";"90";"0";"90";"10";"2015";"0";"";"";"1237299";"";"";"";"2439";"5828871";"https://www.camara.leg.br/cota-parlamentar/documentos/publ/2439/2015/5828871.pdf"
"LIDERANÇA DO PT";"";"";"";"2015";"NA";"";"55";"3";"COMBUSTÍVEIS E LUBRIFICANTES.";"1";"Veículos Automotores";"CASCOL COMBUSTIVEIS PARA VEICULOS LTDA";"003.065.970/0311-2";"041067";"0";"2015-10-26T00:00:00";"145.04";"0";"145.04";"10";"2015";"0";"";"";"1237299";"";"";"";"2439";"5828878";"https://www.camara.leg.br/cota-parlamentar/documentos/publ/2439/2015/5828878.pdf"
"LIDERANÇA DO PT";"";"";"";"2015";"NA";"";"55";"3";"COMBUSTÍVEIS E LUBRIFICANTES.";"1";"Veículos Automotores";"CASCOL COMBUSTIVEIS PARA VEICULOS LTDA";"003.065.970/0311-2";"041251";"0";"2015-10-29T00:00:00";"88.67";"0";"88.67";"10";"2015";"0";"";"";"1238702";"";"";"";"2439";"5833556";"https://www.camara.leg.br/cota-parlamentar/documentos/publ/2439/2015/5833556.pdf"
"LIDERANÇA DO PT";"";"";"";"2015";"NA";"";"55";"3";"COMBUSTÍVEIS E LUBRIFICANTES.";"1";"Veículos Automotores";"CASCOL COMBUSTIVEIS PARA VEICULOS LTDA";"003.065.970/0311-2";"041416";"0";"2015-11-03T00:00:00";"147.53";"0";"147.53";"11";"2015";"0";"";"";"1238703";"";"";"";"2439";"5833558";"https://www.camara.leg.br/cota-parlamentar/documentos/publ/2439/2015/5833558.pdf"
"LIDERANÇA DO PT";"";"";"";"2015";"NA";"";"55";"3";"COMBUSTÍVEIS E LUBRIFICANTES.";"1";"Veículos Automotores";"CASCOL COMBUSTIVEIS PARA VEICULOS LTDA";"003.065.970/0311-2";"041633";"0";"2015-11-07T00:00:00";"204.02";"0";"204.02";"11";"2015";"0";"";"";"1240982";"";"";"";"2439";"5840721";"https://www.camara.leg.br/cota-parlamentar/documentos/publ/2439/2015/5840721.pdf"
"LIDERANÇA DO PT";"";"";"";"2015";"NA";"";"55";"3";"COMBUSTÍVEIS E LUBRIFICANTES.";"1";"Veículos Automotores";"CASCOL COMBUSTIVEIS PARA VEICULOS LTDA";"003.065.970/0311-2";"041835";"0";"2015-11-12T00:00:00";"84.41";"0";"84.41";"11";"2015";"0";"";"";"1243114";"";"";"";"2439";"5847381";"https://www.camara.leg.br/cota-parlamentar/documentos/publ/2439/2015/5847381.pdf"
"LIDERANÇA DO PT";"";"";"";"2015";"NA";"";"55";"3";"COMBUSTÍVEIS E LUBRIFICANTES.";"1";"Veículos Automotores";"CASCOL COMBUSTIVEIS PARA VEICULOS LTDA";"003.065.970/0311-2";"042003";"0";"2015-11-16T00:00:00";"125.92";"0";"125.92";"11";"2015";"0";"";"";"1243114";"";"";"";"2439";"5847376";"https://www.camara.leg.br/cota-parlamentar/documentos/publ/2439/2015/5847376.pdf"
"LIDERANÇA DO PT";"";"";"";"2015";"NA";"";"55";"3";"COMBUSTÍVEIS E LUBRIFICANTES.";"1";"Veículos Automotores";"CASCOL COMBUSTIVEIS PARA VEICULOS LTDA";"003.065.970/0311-2";"15718";"0";"2015-02-09T00:00:00";"189.9";"0";"189.9";"2";"2015";"0";"";"";"1169800";"";"";"";"2439";"5607179";"https://www.camara.leg.br/cota-parlamentar/documentos/publ/2439/2015/5607179.pdf"
"LIDERANÇA DO PT";"";"";"";"2015";"NA";"";"55";"3";"COMBUSTÍVEIS E LUBRIFICANTES.";"1";"Veículos Automotores";"CASCOL COMBUSTIVEIS PARA VEICULOS LTDA";"003.065.970/0311-2";"15725";"0";"2015-02-20T00:00:00";"191.1";"0";"191.1";"2";"2015";"0";"";"";"1169800";"";"";"";"2439";"5607289";"https://www.camara.leg.br/cota-parlamentar/documentos/publ/2439/2015/5607289.pdf"
"LIDERANÇA DO PT";"";"";"";"2015";"NA";"";"55";"3";"COMBUSTÍVEIS E LUBRIFICANTES.";"1";"Veículos Automotores";"CASCOL COMBUSTIVEIS PARA VEICULOS LTDA";"003.065.970/0311-2";"16053";"0";"2015-04-05T00:00:00";"231.3";"0";"231.3";"4";"2015";"0";"";"";"1180018";"";"";"";"2439";"5645529";"https://www.camara.leg.br/cota-parlamentar/documentos/publ/2439/2015/5645529.pdf"
"LIDERANÇA DO PT";"";"";"";"2015";"NA";"";"55";"3";"COMBUSTÍVEIS E LUBRIFICANTES.";"1";"Veículos Automotores";"CASCOL COMBUSTIVEIS PARA VEICULOS LTDA";"003.065.970/0311-2";"16058";"0";"2015-04-12T00:00:00";"229.4";"0";"229.4";"4";"2015";"0";"";"";"1182647";"";"";"";"2439";"5653437";"https://www.camara.leg.br/cota-parlamentar/documentos/publ/2439/2015/5653437.pdf"
"LIDERANÇA DO PT";"";"";"";"2015";"NA";"";"55";"3";"COMBUSTÍVEIS E LUBRIFICANTES.";"1";"Veículos Automotores";"CASCOL COMBUSTIVEIS PARA VEICULOS LTDA";"003.065.970/0311-2";"16183";"0";"2015-04-17T00:00:00";"229.9";"0";"229.9";"4";"2015";"0";"";"";"1185022";"";"";"";"2439";"5661258";"https://www.camara.leg.br/cota-parlamentar/documentos/publ/2439/2015/5661258.pdf"
"LIDERANÇA DO PT";"";"";"";"2015";"NA";"";"55";"3";"COMBUSTÍVEIS E LUBRIFICANTES.";"1";"Veículos Automotores";"CASCOL COMBUSTIVEIS PARA VEICULOS LTDA";"003.065.970/0311-2";"16667";"0";"2015-02-27T00:00:00";"235";"0";"235";"2";"2015";"0";"";"";"1170275";"";"";"";"2439";"5614390";"https://www.camara.leg.br/cota-parlamentar/documentos/publ/2439/2015/5614390.pdf"
"LIDERANÇA DO PT";"";"";"";"2015";"NA";"";"55";"3";"COMBUSTÍVEIS E LUBRIFICANTES.";"1";"Veículos Automotores";"CASCOL COMBUSTIVEIS PARA VEICULOS LTDA";"003.065.970/0311-2";"16681";"0";"2015-04-26T00:00:00";"198.3";"0";"198.3";"4";"2015";"0";"";"";"1185903";"";"";"";"2439";"5664322";"https://www.camara.leg.br/cota-parlamentar/documentos/publ/2439/2015/5664322.pdf"
"LIDERANÇA DO PT";"";"";"";"2015";"NA";"";"55";"3";"COMBUSTÍVEIS E LUBRIFICANTES.";"1";"Veículos Automotores";"CASCOL COMBUSTIVEIS PARA VEICULOS LTDA";"003.065.970/0311-2";"16772";"0";"2015-03-07T00:00:00";"236.8";"0";"236.8";"3";"2015";"0";"";"";"1172711";"";"";"";"2439";"5621658";"https://www.camara.leg.br/cota-parlamentar/documentos/publ/2439/2015/5621658.pdf"
"LIDERANÇA DO PT";"";"";"";"2015";"NA";"";"55";"3";"COMBUSTÍVEIS E LUBRIFICANTES.";"1";"Veículos Automotores";"CASCOL COMBUSTIVEIS PARA VEICULOS LTDA";"003.065.970/0311-2";"16777";"0";"2015-03-29T00:00:00";"228.1";"0";"228.1";"3";"2015";"0";"";"";"1178592";"";"";"";"2439";"5640911";"https://www.camara.leg.br/cota-parlamentar/documentos/publ/2439/2015/5640911.pdf"
"LIDERANÇA DO PT";"";"";"";"2015";"NA";"";"55";"3";"COMBUSTÍVEIS E LUBRIFICANTES.";"1";"Veículos Automotores";"CASCOL COMBUSTIVEIS PARA VEICULOS LTDA";"003.065.970/0311-2";"16873";"0";"2015-03-23T00:00:00";"235.9";"0";"235.9";"3";"2015";"0";"";"";"1176758";"";"";"";"2439";"5634496";"https://www.camara.leg.br/cota-parlamentar/documentos/publ/2439/2015/5634496.pdf"
"LIDERANÇA DO PT";"";"";"";"2015";"NA";"";"55";"3";"COMBUSTÍVEIS E LUBRIFICANTES.";"1";"Veículos Automotores";"CASCOL COMBUSTIVEIS PARA VEICULOS LTDA";"003.065.970/0311-2";"16880";"0";"2015-03-16T00:00:00";"236.8";"0";"236.8";"3";"2015";"0";"";"";"1174851";"";"";"";"2439";"5628335";"https://www.camara.leg.br/cota-parlamentar/documentos/publ/2439/2015/5628335.pdf"
"LIDERANÇA DO PT";"";"";"";"2015";"NA";"";"55";"3";"COMBUSTÍVEIS E LUBRIFICANTES.";"1";"Veículos Automotores";"CASCOL COMBUSTIVEIS PARA VEICULOS LTDA";"003.065.970/0761-4";"028455";"0";"2015-02-10T00:00:00";"209.04";"0";"209.04";"2";"2015";"0";"";"";"1169802";"";"";"";"2439";"5607184";"https://www.camara.leg.br/cota-parlamentar/documentos/publ/2439/2015/5607184.pdf"
"LIDERANÇA DO PT";"";"";"";"2015";"NA";"";"55";"3";"COMBUSTÍVEIS E LUBRIFICANTES.";"1";"Veículos Automotores";"CASCOL COMBUSTIVEIS PARA VEICULOS LTDA";"003.065.970/0761-4";"029536";"0";"2015-02-24T00:00:00";"201.53";"0";"201.53";"2";"2015";"0";"";"";"1169802";"";"";"";"2439";"5612480";"https://www.camara.leg.br/cota-parlamentar/documentos/publ/2439/2015/5612480.pdf"
"LIDERANÇA DO PT";"";"";"";"2015";"NA";"";"55";"3";"COMBUSTÍVEIS E LUBRIFICANTES.";"1";"Veículos Automotores";"CASCOL COMBUSTIVEIS PARA VEICULOS LTDA";"003.065.970/0761-4";"030426";"0";"2015-03-05T00:00:00";"139.83";"0";"139.83";"3";"2015";"0";"";"";"1172710";"";"";"";"2439";"5621653";"https://www.camara.leg.br/cota-parlamentar/documentos/publ/2439/2015/5621653.pdf"
"LIDERANÇA DO PT";"";"";"";"2015";"NA";"";"55";"3";"COMBUSTÍVEIS E LUBRIFICANTES.";"1";"Veículos Automotores";"CASCOL COMBUSTIVEIS PARA VEICULOS LTDA";"003.065.970/0761-4";"031751";"0";"2015-03-16T00:00:00";"161.03";"0";"161.03";"3";"2015";"0";"";"";"1175937";"";"";"";"2439";"5631599";"https://www.camara.leg.br/cota-parlamentar/documentos/publ/2439/2015/5631599.pdf"
"LIDERANÇA DO PT";"";"";"";"2015";"NA";"";"55";"3";"COMBUSTÍVEIS E LUBRIFICANTES.";"1";"Veículos Automotores";"CASCOL COMBUSTIVEIS PARA VEICULOS LTDA";"003.065.970/0761-4";"038826";"0";"2015-06-18T00:00:00";"195.74";"0";"195.74";"6";"2015";"0";"";"";"1206816";"";"";"";"2439";"5728843";"https://www.camara.leg.br/cota-parlamentar/documentos/publ/2439/2015/5728843.pdf"
"LIDERANÇA DO PT";"";"";"";"2015";"NA";"";"55";"3";"COMBUSTÍVEIS E LUBRIFICANTES.";"1";"Veículos Automotores";"CASCOL COMBUSTIVEIS PARA VEICULOS LTDA";"003.065.970/0761-4";"049208";"0";"2015-11-11T00:00:00";"227.78";"0";"227.78";"11";"2015";"0";"";"";"1242607";"";"";"";"2439";"5845296";"https://www.camara.leg.br/cota-parlamentar/documentos/publ/2439/2015/5845296.pdf"
"LIDERANÇA DO PT";"";"";"";"2015";"NA";"";"55";"3";"COMBUSTÍVEIS E LUBRIFICANTES.";"1";"Veículos Automotores";"CASCOL COMBUSTIVEIS PARA VEICULOS LTDA";"003.065.970/0761-4";"050266";"0";"2015-11-24T00:00:00";"204.93";"0";"204.93";"11";"2015";"0";"";"";"1246280";"";"";"";"2439";"5857111";"https://www.camara.leg.br/cota-parlamentar/documentos/publ/2439/2015/5857111.pdf"
"LIDERANÇA DO PT";"";"";"";"2015";"NA";"";"55";"3";"COMBUSTÍVEIS E LUBRIFICANTES.";"1";"Veículos Automotores";"CASCOL COMBUSTIVEIS PARA VEICULOS LTDA";"003.065.970/0761-4";"051777";"0";"2015-12-14T00:00:00";"223.05";"0";"223.05";"12";"2015";"0";"";"";"1253888";"";"";"";"2439";"5881448";"https://www.camara.leg.br/cota-parlamentar/documentos/publ/2439/2015/5881448.pdf"
"LIDERANÇA DO PT";"";"";"";"2015";"NA";"";"55";"3";"COMBUSTÍVEIS E LUBRIFICANTES.";"1";"Veículos Automotores";"CASCOL COMBUSTIVEIS PARA VEICULOS LTDA.";"003.065.970/0761-4";"034102";"0";"2015-04-16T00:00:00";"183.55";"0";"183.55";"4";"2015";"0";"";"";"1184648";"";"";"";"2439";"5659952";"https://www.camara.leg.br/cota-parlamentar/documentos/publ/2439/2015/5659952.pdf"
"LIDERANÇA DO PT";"";"";"";"2015";"NA";"";"55";"3";"COMBUSTÍVEIS E LUBRIFICANTES.";"1";"Veículos Automotores";"CASCOL COMBUSTIVEIS PARA VEICULOS LTDA.";"003.065.970/0761-4";"035081";"0";"2015-04-30T00:00:00";"198.9";"0";"198.9";"4";"2015";"0";"";"";"1187808";"";"";"";"2439";"5670410";"https://www.camara.leg.br/cota-parlamentar/documentos/publ/2439/2015/5670410.pdf"
"LIDERANÇA DO PT";"";"";"";"2015";"NA";"";"55";"3";"COMBUSTÍVEIS E LUBRIFICANTES.";"1";"Veículos Automotores";"CASCOL COMBUSTIVEIS PARA VEICULOS LTDA.";"003.065.970/0761-4";"035938";"0";"2015-05-12T00:00:00";"193.96";"0";"193.96";"5";"2015";"0";"";"";"1191001";"";"";"";"2439";"5679541";"https://www.camara.leg.br/cota-parlamentar/documentos/publ/2439/2015/5679541.pdf"
"LIDERANÇA DO PT";"";"";"";"2015";"NA";"";"55";"3";"COMBUSTÍVEIS E LUBRIFICANTES.";"1";"Veículos Automotores";"CASCOL COMBUSTÍVEIS PARA VEÍCULOS LTDA.";"003.065.970/0761-4";"036598";"0";"2015-05-20T00:00:00";"135.05";"0";"135.05";"5";"2015";"0";"";"";"1194078";"";"";"";"2439";"5688932";"https://www.camara.leg.br/cota-parlamentar/documentos/publ/2439/2015/5688932.pdf"
"LIDERANÇA DO PT";"";"";"";"2015";"NA";"";"55";"3";"COMBUSTÍVEIS E LUBRIFICANTES.";"1";"Veículos Automotores";"DRIVE CAR TRANSPORTES E COMBUSTIVEIS LTDA";"000.122.110/0030-6";"046405";"0";"2015-04-20T00:00:00";"50";"0";"50";"4";"2015";"0";"";"";"1187453";"";"";"";"2439";"5669078";"https://www.camara.leg.br/cota-parlamentar/documentos/publ/2439/2015/5669078.pdf"
"LIDERANÇA DO PT";"";"";"";"2015";"NA";"";"55";"3";"COMBUSTÍVEIS E LUBRIFICANTES.";"1";"Veículos Automotores";"DRIVE CAR TRANSPORTES E COMBUSTIVEIS LTDA";"000.122.110/0030-6";"048142";"0";"2015-06-02T00:00:00";"50";"0";"50";"6";"2015";"0";"";"";"1198286";"";"";"";"2439";"5702362";"https://www.camara.leg.br/cota-parlamentar/documentos/publ/2439/2015/5702362.pdf"
"LIDERANÇA DO PT";"";"";"";"2015";"NA";"";"55";"3";"COMBUSTÍVEIS E LUBRIFICANTES.";"1";"Veículos Automotores";"EIXINHO COM. DE COMB. E DERIV.  LTDA.";"109.399.710/0015-5";"157716";"0";"2015-08-15T00:00:00";"201.7";"0";"201.7";"8";"2015";"0";"";"";"1218545";"";"";"";"2439";"5766195";"https://www.camara.leg.br/cota-parlamentar/documentos/publ/2439/2015/5766195.pdf"
"LIDERANÇA DO PT";"";"";"";"2015";"NA";"";"55";"3";"COMBUSTÍVEIS E LUBRIFICANTES.";"1";"Veículos Automotores";"FRATELLI POSTO DE COMBUSTÍVEIS LTDA";"088.840.380/0018-6";"008818";"0";"2015-11-23T00:00:00";"219.6";"0";"219.6";"11";"2015";"0";"";"";"1244952";"";"";"";"2439";"5853584";"https://www.camara.leg.br/cota-parlamentar/documentos/publ/2439/2015/5853584.pdf"
"LIDERANÇA DO PT";"";"";"";"2015";"NA";"";"55";"3";"COMBUSTÍVEIS E LUBRIFICANTES.";"1";"Veículos Automotores";"FRATELLI POSTO DE COMBUSTÍVEIS LTDA";"088.840.380/0018-6";"011162";"0";"2015-11-30T00:00:00";"180.12";"0";"180.12";"11";"2015";"0";"";"";"1246767";"";"";"";"2439";"5859708";"https://www.camara.leg.br/cota-parlamentar/documentos/publ/2439/2015/5859708.pdf"
"LIDERANÇA DO PT";"";"";"";"2015";"NA";"";"55";"3";"COMBUSTÍVEIS E LUBRIFICANTES.";"1";"Veículos Automotores";"MORRO AZUL COMERCIO DE PETROLEO LTDA";"726.204.120/0013-5";"050501";"0";"2015-12-05T00:00:00";"177.01";"0";"177.01";"12";"2015";"0";"";"";"1249466";"";"";"";"2439";"5868145";"https://www.camara.leg.br/cota-parlamentar/documentos/publ/2439/2015/5868145.pdf"
"LIDERANÇA DO PT";"";"";"";"2015";"NA";"";"55";"3";"COMBUSTÍVEIS E LUBRIFICANTES.";"1";"Veículos Automotores";"PAULO SERGIO SILVA";"725.774.140/0019-9";"265357";"0";"2015-12-09T00:00:00";"65";"0";"65";"12";"2015";"0";"";"";"1251674";"";"";"";"2439";"5875093";"https://www.camara.leg.br/cota-parlamentar/documentos/publ/2439/2015/5875093.pdf"
"LIDERANÇA DO PT";"";"";"";"2015";"NA";"";"55";"3";"COMBUSTÍVEIS E LUBRIFICANTES.";"1";"Veículos Automotores";"PAULO SERGIO SILVA";"725.774.140/0019-9";"266112";"0";"2015-12-14T00:00:00";"184.65";"0";"184.65";"12";"2015";"0";"";"";"1251674";"";"";"";"2439";"5875098";"https://www.camara.leg.br/cota-parlamentar/documentos/publ/2439/2015/5875098.pdf"
"LIDERANÇA DO PT";"";"";"";"2015";"NA";"";"55";"3";"COMBUSTÍVEIS E LUBRIFICANTES.";"1";"Veículos Automotores";"PETROGAMA COMERCIO DE COMBUSTIVEL LTDA";"072.603.790/0011-8";"238636";"0";"2015-02-20T00:00:00";"100";"0";"100";"2";"2015";"0";"";"";"1178089";"";"";"";"2439";"5638908";"https://www.camara.leg.br/cota-parlamentar/documentos/publ/2439/2015/5638908.pdf"
"LIDERANÇA DO PT";"";"";"";"2015";"NA";"";"55";"3";"COMBUSTÍVEIS E LUBRIFICANTES.";"1";"Veículos Automotores";"PIONEIRO COM. VAREJ. DE DERIV. DE PET. LTDA";"078.226.360/0016-8";"089182";"0";"2015-05-05T00:00:00";"50";"0";"50";"5";"2015";"0";"";"";"1190630";"";"";"";"2439";"5678417";"https://www.camara.leg.br/cota-parlamentar/documentos/publ/2439/2015/5678417.pdf"
"LIDERANÇA DO PT";"";"";"";"2015";"NA";"";"55";"3";"COMBUSTÍVEIS E LUBRIFICANTES.";"1";"Veículos Automotores";"PIONEIRO COM. VAREJ. DE DERIV. DE PET. LTDA";"078.226.360/0016-8";"184165";"0";"2015-12-15T00:00:00";"50";"0";"50";"12";"2015";"0";"";"";"1253888";"";"";"";"2439";"5881469";"https://www.camara.leg.br/cota-parlamentar/documentos/publ/2439/2015/5881469.pdf"
"LIDERANÇA DO PT";"";"";"";"2015";"NA";"";"55";"3";"COMBUSTÍVEIS E LUBRIFICANTES.";"1";"Veículos Automotores";"POSTO PARK TAGUATINGA DERV. PETR.";"016.249.920/0019-0";"052559";"0";"2015-09-16T00:00:00";"80";"0";"80";"9";"2015";"0";"";"";"1228037";"";"";"";"2439";"5798205";"https://www.camara.leg.br/cota-parlamentar/documentos/publ/2439/2015/5798205.pdf"
"LIDERANÇA DO PT";"";"";"";"2015";"NA";"";"55";"5";"DIVULGAÇÃO DA ATIVIDADE PARLAMENTAR.";"0";"";"AP SELF MEDIA COMUNICAÇÃO LTDA EPP";"151.469.430/0010-2";"37";"0";"2015-03-09T00:00:00";"1336";"0";"1336";"3";"2015";"0";"";"";"1175938";"";"";"";"2439";"5631610";"https://www.camara.leg.br/cota-parlamentar/documentos/publ/2439/2015/5631610.pdf"
"LIDERANÇA DO PT";"";"";"";"2015";"NA";"";"55";"5";"DIVULGAÇÃO DA ATIVIDADE PARLAMENTAR.";"0";"";"AP SELF MEDIA COMUNICAÇÃO LTDA EPP";"151.469.430/0010-2";"38";"0";"2015-03-09T00:00:00";"668";"0";"668";"3";"2015";"0";"";"";"1175938";"";"";"";"2439";"5631606";"https://www.camara.leg.br/cota-parlamentar/documentos/publ/2439/2015/5631606.pdf"
"LIDERANÇA DO PT";"";"";"";"2015";"NA";"";"55";"5";"DIVULGAÇÃO DA ATIVIDADE PARLAMENTAR.";"0";"";"AP SELF MEDIA COMUNICAÇÃO LTDA EPP";"151.469.430/0010-2";"39";"0";"2015-04-24T00:00:00";"668";"0";"668";"4";"2015";"0";"";"";"1185881";"";"";"";"2439";"5664231";"https://www.camara.leg.br/cota-parlamentar/documentos/publ/2439/2015/5664231.pdf"
"LIDERANÇA DO PT";"";"";"";"2015";"NA";"";"55";"5";"DIVULGAÇÃO DA ATIVIDADE PARLAMENTAR.";"0";"";"AP SELF MEDIA COMUNICAÇÃO LTDA EPP";"151.469.430/0010-2";"40";"0";"2015-06-02T00:00:00";"668";"0";"668";"6";"2015";"0";"";"";"1197426";"";"";"";"2439";"5699623";"https://www.camara.leg.br/cota-parlamentar/documentos/publ/2439/2015/5699623.pdf"
"LIDERANÇA DO PT";"";"";"";"2015";"NA";"";"55";"5";"DIVULGAÇÃO DA ATIVIDADE PARLAMENTAR.";"0";"";"AP SELF MEDIA COMUNICAÇÃO LTDA EPP";"151.469.430/0010-2";"41";"0";"2015-07-13T00:00:00";"668";"0";"668";"7";"2015";"0";"";"";"1212361";"";"";"";"2439";"5746544";"https://www.camara.leg.br/cota-parlamentar/documentos/publ/2439/2015/5746544.pdf"
"LIDERANÇA DO PT";"";"";"";"2015";"NA";"";"55";"5";"DIVULGAÇÃO DA ATIVIDADE PARLAMENTAR.";"0";"";"AP SELF MEDIA COMUNICAÇÃO LTDA EPP";"151.469.430/0010-2";"42";"0";"2015-08-04T00:00:00";"668";"0";"668";"7";"2015";"0";"";"";"1213880";"";"";"";"2439";"5750950";"https://www.camara.leg.br/cota-parlamentar/documentos/publ/2439/2015/5750950.pdf"
"LIDERANÇA DO PT";"";"";"";"2015";"NA";"";"55";"5";"DIVULGAÇÃO DA ATIVIDADE PARLAMENTAR.";"0";"";"AP SELF MEDIA COMUNICAÇÃO LTDA EPP";"151.469.430/0010-2";"43";"0";"2015-09-03T00:00:00";"968";"0";"968";"8";"2015";"0";"";"";"1223564";"";"";"";"2439";"5783203";"https://www.camara.leg.br/cota-parlamentar/documentos/publ/2439/2015/5783203.pdf"
"LIDERANÇA DO PT";"";"";"";"2015";"NA";"";"55";"5";"DIVULGAÇÃO DA ATIVIDADE PARLAMENTAR.";"0";"";"AP SELF MEDIA COMUNICAÇÃO LTDA EPP";"151.469.430/0010-2";"44";"0";"2015-10-07T00:00:00";"968";"0";"968";"9";"2015";"0";"";"";"1232565";"";"";"";"2439";"5813020";"https://www.camara.leg.br/cota-parlamentar/documentos/publ/2439/2015/5813020.pdf"
"LIDERANÇA DO PT";"";"";"";"2015";"NA";"";"55";"5";"DIVULGAÇÃO DA ATIVIDADE PARLAMENTAR.";"0";"";"AP SELF MEDIA COMUNICAÇÃO LTDA EPP";"151.469.430/0010-2";"45";"0";"2015-11-03T00:00:00";"968";"0";"968";"10";"2015";"0";"";"";"1239391";"";"";"";"2439";"5835585";"https://www.camara.leg.br/cota-parlamentar/documentos/publ/2439/2015/5835585.pdf"
"LIDERANÇA DO PT";"";"";"";"2015";"NA";"";"55";"5";"DIVULGAÇÃO DA ATIVIDADE PARLAMENTAR.";"0";"";"AP SELF MEDIA COMUNICAÇÃO LTDA EPP";"151.469.430/0010-2";"46";"0";"2015-12-04T00:00:00";"968";"0";"968";"11";"2015";"0";"";"";"1249095";"";"";"";"2439";"5867020";"https://www.camara.leg.br/cota-parlamentar/documentos/publ/2439/2015/5867020.pdf"
"LIDERANÇA DO PT";"";"";"";"2015";"NA";"";"55";"5";"DIVULGAÇÃO DA ATIVIDADE PARLAMENTAR.";"0";"";"CENTRAL PARK RESTAURANTE E EVENTOS LTDA ME";"105.800.050/0035-6";"045268";"0";"2015-03-26T00:00:00";"91.94";"0";"91.94";"3";"2015";"0";"";"";"1178149";"";"";"";"2439";"5639233";"https://www.camara.leg.br/cota-parlamentar/documentos/publ/2439/2015/5639233.pdf"
"LIDERANÇA DO PT";"";"";"";"2015";"NA";"";"55";"5";"DIVULGAÇÃO DA ATIVIDADE PARLAMENTAR.";"0";"";"R M F ASSESSORIA DE IMPRENSA E JORNALISMO LTDA";"123.964.590/0013-5";"00000124";"0";"2015-10-06T00:00:00";"8000";"0";"8000";"10";"2015";"0";"";"";"1222048";"";"";"";"2439";"5778451";"https://www.camara.leg.br/cota-parlamentar/documentos/publ/2439/2015/5778451.pdf"
"LIDERANÇA DO PT";"";"";"";"2015";"NA";"";"55";"5";"DIVULGAÇÃO DA ATIVIDADE PARLAMENTAR.";"0";"";"R M F ASSESSORIA DE IMPRENSA E JORNALISMO LTDA";"123.964.590/0013-5";"00000130";"0";"2015-10-26T00:00:00";"8000";"0";"8000";"10";"2015";"0";"";"";"1238042";"";"";"";"2439";"5831378";"https://www.camara.leg.br/cota-parlamentar/documentos/publ/2439/2015/5831378.pdf"
"LIDERANÇA DO PT";"";"";"";"2015";"NA";"";"55";"5";"DIVULGAÇÃO DA ATIVIDADE PARLAMENTAR.";"0";"";"R M F ASSESSORIA DE IMPRENSA E JORNALISMO LTDA";"123.964.590/0013-5";"00000135";"0";"2015-11-25T00:00:00";"8000";"0";"8000";"11";"2015";"0";"";"";"1247216";"";"";"";"2439";"5861188";"https://www.camara.leg.br/cota-parlamentar/documentos/publ/2439/2015/5861188.pdf"
"LIDERANÇA DO PT";"";"";"";"2015";"NA";"";"55";"5";"DIVULGAÇÃO DA ATIVIDADE PARLAMENTAR.";"0";"";"WNG IMPRESSÃO DIGITAL LTDA ME";"169.869.460/0010-9";"0130";"0";"2015-05-05T00:00:00";"821.2";"0";"821.2";"5";"2015";"0";"";"";"1190233";"";"";"";"2439";"5677015";"https://www.camara.leg.br/cota-parlamentar/documentos/publ/2439/2015/5677015.pdf"
"LIDERANÇA DO PT";"";"";"";"2015";"NA";"";"55";"9";"PASSAGEM AÉREA - REEMBOLSO";"0";"";"AVIANCA";"025.758.290/0014-8";"2411899854";"0";"2015-02-26T00:00:00";"514.14";"0";"514.14";"2";"2015";"0";"JOSÉ MIGUEL PEREIRA DOS SANTOS;";"SALVADOR - BSB";"1172179";"";"";"";"2439";"5619913";"https://www.camara.leg.br/cota-parlamentar/documentos/publ/2439/2015/5619913.pdf"
"LIDERANÇA DO PT";"";"";"";"2015";"NA";"";"55";"9";"PASSAGEM AÉREA - REEMBOLSO";"0";"";"AVIANCA BRASIL";"025.758.290/0014-8";"247241805204901";"0";"2015-08-28T00:00:00";"746.64";"0";"746.64";"8";"2015";"0";"PAULO ADALBERTO ALVES FERREIRA;";"RJ X BSB";"1221823";"";"";"";"2439";"5777736";"https://www.camara.leg.br/cota-parlamentar/documentos/publ/2439/2015/5777736.pdf"
"LIDERANÇA DO PT";"";"";"";"2015";"NA";"";"55";"9";"PASSAGEM AÉREA - REEMBOLSO";"0";"";"AVIANCA BRASIL";"025.758.290/0014-8";"247241811116301";"0";"2015-08-31T00:00:00";"614.64";"0";"614.64";"9";"2015";"0";"PAULO ADALBERTO ALVES FERREIRA;";"RJ - SP";"1221823";"";"";"";"2439";"5777754";"https://www.camara.leg.br/cota-parlamentar/documentos/publ/2439/2015/5777754.pdf"
"LIDERANÇA DO PT";"";"";"";"2015";"NA";"";"55";"9";"PASSAGEM AÉREA - REEMBOLSO";"0";"";"AVIANCA BRASIL";"025.758.290/0014-8";"247241811126201";"0";"2015-08-31T00:00:00";"553.64";"0";"553.64";"9";"2015";"0";"PAULO ADALBERTO ALVES FERREIRA;";"RJ - SP";"1221823";"";"";"";"2439";"5777774";"https://www.camara.leg.br/cota-parlamentar/documentos/publ/2439/2015/5777774.pdf"
"LIDERANÇA DO PT";"";"";"";"2015";"NA";"";"55";"9";"PASSAGEM AÉREA - REEMBOLSO";"0";"";"AVIANCA BRASIL";"025.758.290/0014-8";"2472418315512";"0";"2015-09-15T00:00:00";"633.64";"0";"633.64";"9";"2015";"0";"PAULO ADALBERTO ALVES FERREIRA;";"São Paulo - Brasilia";"1226270";"";"";"";"2439";"5791996";"https://www.camara.leg.br/cota-parlamentar/documentos/publ/2439/2015/5791996.pdf"
"LIDERANÇA DO PT";"";"";"";"2015";"NA";"";"55";"9";"PASSAGEM AÉREA - REEMBOLSO";"0";"";"AVIANCA BRASIL";"025.758.290/0014-8";"2472418629689";"0";"2015-10-02T00:00:00";"1260.47";"0";"1260.47";"10";"2015";"0";"GETER BORGES DE SOUSA;";"BSB-RJ/ RJ- BSB";"1232565";"";"";"";"2439";"5813080";"https://www.camara.leg.br/cota-parlamentar/documentos/publ/2439/2015/5813080.pdf"
"LIDERANÇA DO PT";"";"";"";"2015";"NA";"";"55";"9";"PASSAGEM AÉREA - REEMBOLSO";"0";"";"AVIANCA BRASIL";"025.758.290/0014-8";"247241983686401";"0";"2015-12-03T00:00:00";"914.83";"0";"914.83";"12";"2015";"0";"";"BSB- SP";"1249095";"";"";"";"2439";"5867041";"https://www.camara.leg.br/cota-parlamentar/documentos/publ/2439/2015/5867041.pdf"
"LIDERANÇA DO PT";"";"";"";"2015";"NA";"";"55";"9";"PASSAGEM AÉREA - REEMBOLSO";"0";"";"Azul Linhas Aéreas";"092.962.950/0016-0";"MCF7NT";"0";"2015-11-06T00:00:00";"1864.27";"0";"1864.27";"11";"2015";"0";"PAULO ADALBERTO ALVES FERREIRA;";"BSB-SP-POA/ POA-SP-BSB";"1240806";"";"";"";"2439";"5840061";"https://www.camara.leg.br/cota-parlamentar/documentos/publ/2439/2015/5840061.pdf"
"LIDERANÇA DO PT";"";"";"";"2015";"NA";"";"55";"9";"PASSAGEM AÉREA - REEMBOLSO";"0";"";"Azul Linhas Aereas Brasileiras S.A.";"092.962.950/0148-4";"71450492";"0";"2015-07-09T00:00:00";"2488.86";"0";"2488.86";"7";"2015";"0";"";"BSB - Campinas/ Campinas - BSB";"1209138";"";"";"";"2439";"5735751";"https://www.camara.leg.br/cota-parlamentar/documentos/publ/2439/2015/5735751.pdf"
"LIDERANÇA DO PT";"";"";"";"2015";"NA";"";"55";"9";"PASSAGEM AÉREA - REEMBOLSO";"0";"";"Azul Linhas Aereas Brasileiras S.A.";"092.962.950/0148-4";"71450493";"0";"2015-07-09T00:00:00";"2488.86";"0";"2488.86";"7";"2015";"0";"EVALDO SELAU INACIO;";"BSB - Campinas / Campinas - BSB";"1209138";"";"";"";"2439";"5735747";"https://www.camara.leg.br/cota-parlamentar/documentos/publ/2439/2015/5735747.pdf"
"LIDERANÇA DO PT";"";"";"";"2015";"NA";"";"55";"9";"PASSAGEM AÉREA - REEMBOLSO";"0";"";"Decolar.com";"035.636.890/0015-0";"38542565";"0";"2015-05-13T00:00:00";"254.54";"0";"254.54";"5";"2015";"0";"CARMELIO DIAS MOURA;";"CURITIBA- RJ";"1192587";"";"";"";"2439";"5683957";"https://www.camara.leg.br/cota-parlamentar/documentos/publ/2439/2015/5683957.pdf"
"LIDERANÇA DO PT";"";"";"";"2015";"NA";"";"55";"9";"PASSAGEM AÉREA - REEMBOLSO";"0";"";"GOL - LINHAS AÉREAS S/A";"075.756.510/0015-9";"12700287247406";"0";"2015-08-11T00:00:00";"983.93";"0";"983.93";"8";"2015";"0";"PAULO ADALBERTO ALVES FERREIRA;";"BSB-SP/SP-POA";"1217264";"";"";"";"2439";"5761544";"https://www.camara.leg.br/cota-parlamentar/documentos/publ/2439/2015/5761544.pdf"
"LIDERANÇA DO PT";"";"";"";"2015";"NA";"";"55";"9";"PASSAGEM AÉREA - REEMBOLSO";"0";"";"GOL - LINHAS AÉREAS S/A";"075.756.510/0015-9";"12700287950973/12700287950973";"0";"2015-08-19T00:00:00";"2786.36";"0";"2786.36";"8";"2015";"0";"JOSÉ ROGÉRIO CARVALHO TOMAZ JUNIOR;";"BSB- Cuiabá / Cuibá -BSB";"1219144";"";"";"";"2439";"5768076";"https://www.camara.leg.br/cota-parlamentar/documentos/publ/2439/2015/5768076.pdf"
"LIDERANÇA DO PT";"";"";"";"2015";"NA";"";"55";"9";"PASSAGEM AÉREA - REEMBOLSO";"0";"";"GOL - LINHAS AÉREAS S/A";"075.756.510/0015-9";"12700288409939";"0";"2015-08-26T00:00:00";"724.54";"0";"724.54";"8";"2015";"0";"PAULO ADALBERTO ALVES FERREIRA;";"POA - SP";"1220212";"";"";"";"2439";"5772118";"https://www.camara.leg.br/cota-parlamentar/documentos/publ/2439/2015/5772118.pdf"
"LIDERANÇA DO PT";"";"";"";"2015";"NA";"";"55";"9";"PASSAGEM AÉREA - REEMBOLSO";"0";"";"GOL - LINHAS AÉREAS S/A";"075.756.510/0015-9";"12700288410517";"0";"2015-08-26T00:00:00";"1259.54";"0";"1259.54";"8";"2015";"0";"PAULO ADALBERTO ALVES FERREIRA;";"SP - RJ";"1220212";"";"";"";"2439";"5772123";"https://www.camara.leg.br/cota-parlamentar/documentos/publ/2439/2015/5772123.pdf"
"LIDERANÇA DO PT";"";"";"";"2015";"NA";"";"55";"9";"PASSAGEM AÉREA - REEMBOLSO";"0";"";"GOL - LINHAS AÉREAS S/A";"075.756.510/0015-9";"206829289";"0";"2015-07-09T00:00:00";"1672.82";"0";"1672.82";"7";"2015";"0";"";"BSB - FORTALEZA";"1209132";"";"";"";"2439";"5735703";"https://www.camara.leg.br/cota-parlamentar/documentos/publ/2439/2015/5735703.pdf"
"LIDERANÇA DO PT";"";"";"";"2015";"NA";"";"55";"9";"PASSAGEM AÉREA - REEMBOLSO";"0";"";"GOL - LINHAS AÉREAS S/A";"075.756.510/0015-9";"206880010";"0";"2015-07-09T00:00:00";"1407.72";"0";"1407.72";"7";"2015";"0";"";"BSB- BH";"1209132";"";"";"";"2439";"5735688";"https://www.camara.leg.br/cota-parlamentar/documentos/publ/2439/2015/5735688.pdf"
"LIDERANÇA DO PT";"";"";"";"2015";"NA";"";"55";"9";"PASSAGEM AÉREA - REEMBOLSO";"0";"";"GOL - LINHAS AÉREAS S/A";"075.756.510/0015-9";"206949818";"0";"2015-07-09T00:00:00";"1348.32";"0";"1348.32";"7";"2015";"0";"MARIA DO PERPETUO SOCORRO BRAGA DACHI;";"BSB - FORTALEZA";"1209132";"";"";"";"2439";"5735710";"https://www.camara.leg.br/cota-parlamentar/documentos/publ/2439/2015/5735710.pdf"
"LIDERANÇA DO PT";"";"";"";"2015";"NA";"";"55";"9";"PASSAGEM AÉREA - REEMBOLSO";"0";"";"GOL - LINHAS AÉREAS S/A";"075.756.510/0015-9";"UFM84Z";"0";"2015-08-11T00:00:00";"2057.47";"0";"2057.47";"8";"2015";"0";"PAULO ADALBERTO ALVES FERREIRA;";"BSB/SP - SP/BSB";"1216523";"";"";"";"2439";"5759366";"https://www.camara.leg.br/cota-parlamentar/documentos/publ/2439/2015/5759366.pdf"
"LIDERANÇA DO PT";"";"";"";"2015";"NA";"";"55";"9";"PASSAGEM AÉREA - REEMBOLSO";"0";"";"Gol Linhas Aereas";"061.642.530/0018-7";"12700275510893";"0";"2015-04-06T00:00:00";"1486.04";"0";"1486.04";"4";"2015";"0";"PAULO ADALBERTO ALVES FERREIRA;";"BSB - POA/ POa- BSB";"1182723";"";"";"";"2439";"5653717";"https://www.camara.leg.br/cota-parlamentar/documentos/publ/2439/2015/5653717.pdf"
"LIDERANÇA DO PT";"";"";"";"2015";"NA";"";"55";"9";"PASSAGEM AÉREA - REEMBOLSO";"0";"";"Gol Linhas Aereas";"061.642.530/0018-7";"12700276458493";"0";"2015-04-16T00:00:00";"1984.18";"0";"1984.18";"4";"2015";"0";"";"BSB - MARABÁ/ MARABÁ - BSB";"1184669";"";"";"";"2439";"5660034";"https://www.camara.leg.br/cota-parlamentar/documentos/publ/2439/2015/5660034.pdf"
"LIDERANÇA DO PT";"";"";"";"2015";"NA";"";"55";"9";"PASSAGEM AÉREA - REEMBOLSO";"0";"";"Gol Linhas Aereas";"061.642.530/0018-7";"12700276528335";"0";"2015-04-16T00:00:00";"288.27";"0";"288.27";"4";"2015";"0";"PAULO ADALBERTO ALVES FERREIRA;";"GIG-POA";"1192453";"";"";"";"2439";"5683629";"https://www.camara.leg.br/cota-parlamentar/documentos/publ/2439/2015/5683629.pdf"
"LIDERANÇA DO PT";"";"";"";"2015";"NA";"";"55";"9";"PASSAGEM AÉREA - REEMBOLSO";"0";"";"Gol Linhas Aereas";"061.642.530/0018-7";"12700277561397";"0";"2015-04-27T00:00:00";"1934.08";"0";"1934.08";"4";"2015";"0";"";"FLN/SP - SP/BSB";"1187853";"";"";"";"2439";"5670558";"https://www.camara.leg.br/cota-parlamentar/documentos/publ/2439/2015/5670558.pdf"
"LIDERANÇA DO PT";"";"";"";"2015";"NA";"";"55";"9";"PASSAGEM AÉREA - REEMBOLSO";"0";"";"Gol Linhas Aereas";"061.642.530/0018-7";"12700277561398";"0";"2015-04-27T00:00:00";"1564.86";"0";"1564.86";"5";"2015";"0";"PAULO ADALBERTO ALVES FERREIRA;";"BSB/SP - SP/REC";"1187813";"";"";"";"2439";"5670424";"https://www.camara.leg.br/cota-parlamentar/documentos/publ/2439/2015/5670424.pdf"
"LIDERANÇA DO PT";"";"";"";"2015";"NA";"";"55";"9";"PASSAGEM AÉREA - REEMBOLSO";"0";"";"Gol Linhas Aereas";"061.642.530/0018-7";"12700277787793";"0";"2015-04-29T00:00:00";"1098.54";"0";"1098.54";"4";"2015";"0";"MARIA DO PERPETUO SOCORRO BRAGA DACHI;";"FLN/ SP";"1187815";"";"";"";"2439";"5670430";"https://www.camara.leg.br/cota-parlamentar/documentos/publ/2439/2015/5670430.pdf"
"LIDERANÇA DO PT";"";"";"";"2015";"NA";"";"55";"9";"PASSAGEM AÉREA - REEMBOLSO";"0";"";"Gol Linhas Aereas";"061.642.530/0018-7";"12700277788668";"0";"2015-04-29T00:00:00";"742.54";"0";"742.54";"5";"2015";"0";"MARIA DO PERPETUO SOCORRO BRAGA DACHI;";"SÃO PAULO / BRASILIA";"1187829";"";"";"";"2439";"5670472";"https://www.camara.leg.br/cota-parlamentar/documentos/publ/2439/2015/5670472.pdf"
"LIDERANÇA DO PT";"";"";"";"2015";"NA";"";"55";"9";"PASSAGEM AÉREA - REEMBOLSO";"0";"";"Gol Linhas Aereas";"061.642.530/0018-7";"12700277838780";"0";"2015-04-30T00:00:00";"473.9";"0";"473.9";"4";"2015";"0";"PAULO ADALBERTO ALVES FERREIRA;";"BSB-POA/POA-BSB";"1192358";"";"";"";"2439";"5683369";"https://www.camara.leg.br/cota-parlamentar/documentos/publ/2439/2015/5683369.pdf"
"LIDERANÇA DO PT";"";"";"";"2015";"NA";"";"55";"9";"PASSAGEM AÉREA - REEMBOLSO";"0";"";"Gol Linhas Aereas";"061.642.530/0018-7";"12700278754060";"0";"2015-05-11T00:00:00";"1808.17";"0";"1808.17";"5";"2015";"0";"PAULO ADALBERTO ALVES FERREIRA;";"BSB- SP/ SP-POA/ POA-BSB";"1192773";"";"";"";"2439";"5684932";"https://www.camara.leg.br/cota-parlamentar/documentos/publ/2439/2015/5684932.pdf"
"LIDERANÇA DO PT";"";"";"";"2015";"NA";"";"55";"9";"PASSAGEM AÉREA - REEMBOLSO";"0";"";"Gol Linhas Aereas";"061.642.530/0018-7";"12700280302023";"0";"2015-05-27T00:00:00";"5524.94";"0";"5524.94";"5";"2015";"0";"MARIA DO PERPETUO SOCORRO BRAGA DACHI;";"BSB-SSA/ SSA-BSB";"1196679";"";"";"";"2439";"5697518";"https://www.camara.leg.br/cota-parlamentar/documentos/publ/2439/2015/5697518.pdf"
"LIDERANÇA DO PT";"";"";"";"2015";"NA";"";"55";"9";"PASSAGEM AÉREA - REEMBOLSO";"0";"";"Gol Linhas Aereas";"061.642.530/0018-7";"12700281302503";"0";"2015-06-08T00:00:00";"644.65";"0";"644.65";"6";"2015";"0";"PAULO ADALBERTO ALVES FERREIRA;";"BSB - POA/ POA- BSB";"1201873";"";"";"";"2439";"5712638";"https://www.camara.leg.br/cota-parlamentar/documentos/publ/2439/2015/5712638.pdf"
"LIDERANÇA DO PT";"";"";"";"2015";"NA";"";"55";"9";"PASSAGEM AÉREA - REEMBOLSO";"0";"";"Gol Linhas Aereas";"061.642.530/0018-7";"12700282189799";"0";"2015-06-17T00:00:00";"1459.47";"0";"1459.47";"6";"2015";"0";"ENEIDA VINHAES BELLO DULTRA;";"BSB- SAO LUIZ/ SAO LUIZ- BSB";"1203011";"";"";"";"2439";"5716480";"https://www.camara.leg.br/cota-parlamentar/documentos/publ/2439/2015/5716480.pdf"
"LIDERANÇA DO PT";"";"";"";"2015";"NA";"";"55";"9";"PASSAGEM AÉREA - REEMBOLSO";"0";"";"Gol Linhas Aereas";"061.642.530/0018-7";"12700296577906";"0";"2015-11-26T00:00:00";"1426.73";"0";"1426.73";"11";"2015";"0";"";"BSB - SP";"1246655";"";"";"";"2439";"5859315";"https://www.camara.leg.br/cota-parlamentar/documentos/publ/2439/2015/5859315.pdf"
"LIDERANÇA DO PT";"";"";"";"2015";"NA";"";"55";"9";"PASSAGEM AÉREA - REEMBOLSO";"0";"";"Gol Linhas Aereas";"061.642.530/0018-7";"12700296621650";"0";"2015-11-26T00:00:00";"532.54";"0";"532.54";"11";"2015";"0";"";"SP-BSB";"1246655";"";"";"";"2439";"5859324";"https://www.camara.leg.br/cota-parlamentar/documentos/publ/2439/2015/5859324.pdf"
"LIDERANÇA DO PT";"";"";"";"2015";"NA";"";"55";"9";"PASSAGEM AÉREA - REEMBOLSO";"0";"";"Gol Linhas Aereas";"061.642.530/0018-7";"12700297417642";"0";"2015-12-04T00:00:00";"870.54";"0";"870.54";"12";"2015";"0";"";"SP- BSB";"1249095";"";"";"";"2439";"5867029";"https://www.camara.leg.br/cota-parlamentar/documentos/publ/2439/2015/5867029.pdf"
"LIDERANÇA DO PT";"";"";"";"2015";"NA";"";"55";"9";"PASSAGEM AÉREA - REEMBOLSO";"0";"";"Gol Linhas Aereas";"061.642.530/0018-7";"J9FU3L/1401/5D";"0";"2015-06-19T00:00:00";"939.02";"24.64";"914.38";"6";"2015";"0";"PAULO ADALBERTO ALVES FERREIRA;";"BSB-SP/SP-POA/POA-BSB";"1202953";"";"";"";"2439";"5716227";"https://www.camara.leg.br/cota-parlamentar/documentos/publ/2439/2015/5716227.pdf"
"LIDERANÇA DO PT";"";"";"";"2015";"NA";"";"55";"9";"PASSAGEM AÉREA - REEMBOLSO";"0";"";"Gol Linhas Aereas";"061.642.530/0018-7";"PGY9FZ";"0";"2015-12-10T00:00:00";"1017.92";"0";"1017.92";"12";"2015";"0";"";"BSB-CCH";"1251580";"";"";"";"2439";"5874795";"https://www.camara.leg.br/cota-parlamentar/documentos/publ/2439/2015/5874795.pdf"
"LIDERANÇA DO PT";"";"";"";"2015";"NA";"";"55";"9";"PASSAGEM AÉREA - REEMBOLSO";"0";"";"TAM LINHAS AÉREAS.";"020.128.620/0016-0";"9572106160355";"0";"2015-02-25T00:00:00";"193.03";"0";"193.03";"2";"2015";"0";"JOSÉ MIGUEL PEREIRA DOS SANTOS;";"BSB - SALVADOR";"1172178";"";"";"";"2439";"5619925";"https://www.camara.leg.br/cota-parlamentar/documentos/publ/2439/2015/5619925.pdf"
"LIDERANÇA DO PT";"";"";"";"2015";"NA";"";"55";"9";"PASSAGEM AÉREA - REEMBOLSO";"0";"";"TAM LINHAS AÉREAS.";"020.128.620/0016-0";"9572106975558";"0";"2015-03-10T00:00:00";"877.67";"0";"877.67";"3";"2015";"0";"JOAQUIM CARLOS CARVALHO;";"BSB/SSA/BH - BH/BSB";"1179799";"";"";"";"2439";"5644428";"https://www.camara.leg.br/cota-parlamentar/documentos/publ/2439/2015/5644428.pdf"
"LIDERANÇA DO PT";"";"";"";"2015";"NA";"";"55";"9";"PASSAGEM AÉREA - REEMBOLSO";"0";"";"TAM LINHAS AÉREAS.";"020.128.620/0016-0";"9572107335582";"0";"2015-03-13T00:00:00";"1999.03";"0";"1999.03";"3";"2015";"0";"JOSÉ MARIA RODRIGUES;";"BRASILIA - RIO BRANCO";"1176042";"";"";"";"2439";"5631917";"https://www.camara.leg.br/cota-parlamentar/documentos/publ/2439/2015/5631917.pdf"
"LIDERANÇA DO PT";"";"";"";"2015";"NA";"";"55";"9";"PASSAGEM AÉREA - REEMBOLSO";"0";"";"TAM LINHAS AÉREAS.";"020.128.620/0016-0";"9572108155715";"0";"2015-03-28T00:00:00";"634.47";"0";"634.47";"3";"2015";"0";"PAULO ADALBERTO ALVES FERREIRA;";"BRASILIA - SP / SP - BRASILAI";"1182032";"";"";"";"2439";"5651342";"https://www.camara.leg.br/cota-parlamentar/documentos/publ/2439/2015/5651342.pdf"
"LIDERANÇA DO PT";"";"";"";"2015";"NA";"";"55";"9";"PASSAGEM AÉREA - REEMBOLSO";"0";"";"TAM LINHAS AÉREAS.";"020.128.620/0016-0";"9572108622157";"0";"2015-04-10T00:00:00";"530.47";"0";"530.47";"4";"2015";"0";"PAULO ADALBERTO ALVES FERREIRA;";"BRASILIA/ RIO DE JANEIRO - RIO DE JANEIRO /BRASILIA";"1190619";"";"";"";"2439";"5678373";"https://www.camara.leg.br/cota-parlamentar/documentos/publ/2439/2015/5678373.pdf"
"LIDERANÇA DO PT";"";"";"";"2015";"NA";"";"55";"9";"PASSAGEM AÉREA - REEMBOLSO";"0";"";"TAM LINHAS AÉREAS.";"020.128.620/0016-0";"9572109207545";"0";"2015-04-15T00:00:00";"261.54";"0";"261.54";"4";"2015";"0";"PAULO ADALBERTO ALVES FERREIRA;";"PORTO ALEGRE/BRASILIA";"1190619";"";"";"";"2439";"5678355";"https://www.camara.leg.br/cota-parlamentar/documentos/publ/2439/2015/5678355.pdf"
"LIDERANÇA DO PT";"";"";"";"2015";"NA";"";"55";"9";"PASSAGEM AÉREA - REEMBOLSO";"0";"";"TAM LINHAS AÉREAS.";"020.128.620/0016-0";"9572109272398";"0";"2015-04-16T00:00:00";"115.93";"0";"115.93";"4";"2015";"0";"PAULO ADALBERTO ALVES FERREIRA;";"BRASILIA / RIO DE JANEIRO";"1190618";"";"";"";"2439";"5678348";"https://www.camara.leg.br/cota-parlamentar/documentos/publ/2439/2015/5678348.pdf"
"LIDERANÇA DO PT";"";"";"";"2015";"NA";"";"55";"9";"PASSAGEM AÉREA - REEMBOLSO";"0";"";"TAM LINHAS AÉREAS.";"020.128.620/0016-0";"957211001584001";"0";"2015-04-29T00:00:00";"2416.06";"0";"2416.06";"4";"2015";"0";"MARIA DO PERPETUO SOCORRO BRAGA DACHI;";"BRASILIA - FLORIANOPOLIS";"1187820";"";"";"";"2439";"5670454";"https://www.camara.leg.br/cota-parlamentar/documentos/publ/2439/2015/5670454.pdf"
"LIDERANÇA DO PT";"";"";"";"2015";"NA";"";"55";"9";"PASSAGEM AÉREA - REEMBOLSO";"0";"";"TAM LINHAS AÉREAS.";"020.128.620/0016-0";"9572110386476";"0";"2015-05-06T00:00:00";"483.27";"0";"483.27";"5";"2015";"0";"CARMELIO DIAS MOURA;";"RJ - Curitiba";"1192587";"";"";"";"2439";"5683953";"https://www.camara.leg.br/cota-parlamentar/documentos/publ/2439/2015/5683953.pdf"
"LIDERANÇA DO PT";"";"";"";"2015";"NA";"";"55";"9";"PASSAGEM AÉREA - REEMBOLSO";"0";"";"TAM LINHAS AÉREAS.";"020.128.620/0016-0";"9572110439808";"0";"2015-05-07T00:00:00";"1713.47";"0";"1713.47";"5";"2015";"0";"ADILSON JOSE PAULO BARBOSA; ALAN WELLINGTON SOARES DOS SANTOS;";"BSB-Curitiba/ Curitiba-SP/ SP- BSB";"1203300";"";"";"";"2439";"5717503";"https://www.camara.leg.br/cota-parlamentar/documentos/publ/2439/2015/5717503.pdf"
"LIDERANÇA DO PT";"";"";"";"2015";"NA";"";"55";"9";"PASSAGEM AÉREA - REEMBOLSO";"0";"";"TAM LINHAS AÉREAS.";"020.128.620/0016-0";"9572110439809";"0";"2015-05-07T00:00:00";"1713.47";"0";"1713.47";"5";"2015";"0";"ALAN WELLINGTON SOARES DOS SANTOS;";"BSB-CURITIBA/CURITIBA/SP/ SP -BSB";"1202243";"";"";"";"2439";"5713451";"https://www.camara.leg.br/cota-parlamentar/documentos/publ/2439/2015/5713451.pdf"
"LIDERANÇA DO PT";"";"";"";"2015";"NA";"";"55";"9";"PASSAGEM AÉREA - REEMBOLSO";"0";"";"TAM LINHAS AÉREAS.";"020.128.620/0016-0";"95721110370718";"0";"2015-05-22T00:00:00";"342.27";"0";"342.27";"5";"2015";"0";"PAULO ADALBERTO ALVES FERREIRA;";"BSB-CGH/ CGH-POA/POA-BSB";"1199551";"";"";"";"2439";"5705879";"https://www.camara.leg.br/cota-parlamentar/documentos/publ/2439/2015/5705879.pdf"
"LIDERANÇA DO PT";"";"";"";"2015";"NA";"";"55";"9";"PASSAGEM AÉREA - REEMBOLSO";"0";"";"TAM LINHAS AÉREAS.";"020.128.620/0016-0";"9572111457631";"0";"2015-05-22T00:00:00";"167.03";"0";"167.03";"5";"2015";"0";"BENILDES MARIA RODRIGUES SANTOS;";"BSB - SALVADOR";"1201042";"";"";"";"2439";"5710295";"https://www.camara.leg.br/cota-parlamentar/documentos/publ/2439/2015/5710295.pdf"
"LIDERANÇA DO PT";"";"";"";"2015";"NA";"";"55";"9";"PASSAGEM AÉREA - REEMBOLSO";"0";"";"TAM LINHAS AÉREAS.";"020.128.620/0016-0";"9572111469164";"0";"2015-05-23T00:00:00";"323.64";"0";"323.64";"6";"2015";"0";"BENILDES MARIA RODRIGUES SANTOS;";"SALVADOR - BSB";"1201043";"";"";"";"2439";"5710360";"https://www.camara.leg.br/cota-parlamentar/documentos/publ/2439/2015/5710360.pdf"
"LIDERANÇA DO PT";"";"";"";"2015";"NA";"";"55";"9";"PASSAGEM AÉREA - REEMBOLSO";"0";"";"TAM LINHAS AÉREAS.";"020.128.620/0016-0";"95721117610530";"0";"2015-05-28T00:00:00";"2276.94";"0";"2276.94";"6";"2015";"0";"MARIA DO PERPETUO SOCORRO BRAGA DACHI;";"BSB-FLN/ FLN-BSB";"1198285";"";"";"";"2439";"5702366";"https://www.camara.leg.br/cota-parlamentar/documentos/publ/2439/2015/5702366.pdf"
"LIDERANÇA DO PT";"";"";"";"2015";"NA";"";"55";"9";"PASSAGEM AÉREA - REEMBOLSO";"0";"";"TAM LINHAS AÉREAS.";"020.128.620/0016-0";"9572112101548";"0";"2015-06-03T00:00:00";"1628.47";"0";"1628.47";"6";"2015";"0";"GERSON LUIZ MENDES TEIXEIRA;";"BSB - Belem / Belem - BSB";"1199410";"";"";"";"2439";"5705460";"https://www.camara.leg.br/cota-parlamentar/documentos/publ/2439/2015/5705460.pdf"
"LIDERANÇA DO PT";"";"";"";"2015";"NA";"";"55";"9";"PASSAGEM AÉREA - REEMBOLSO";"0";"";"TAM LINHAS AÉREAS.";"020.128.620/0016-0";"9572112865702";"0";"2015-06-22T00:00:00";"1269";"0";"1269";"6";"2015";"0";"";"SP-BSB";"1206903";"";"";"";"2439";"5729254";"https://www.camara.leg.br/cota-parlamentar/documentos/publ/2439/2015/5729254.pdf"
"LIDERANÇA DO PT";"";"";"";"2015";"NA";"";"55";"9";"PASSAGEM AÉREA - REEMBOLSO";"0";"";"TAM LINHAS AÉREAS.";"020.128.620/0016-0";"9572112865705";"0";"2015-06-22T00:00:00";"1269";"0";"1269";"6";"2015";"0";"MARIA DO PERPETUO SOCORRO BRAGA DACHI;";"SP- BSB";"1206903";"";"";"";"2439";"5729245";"https://www.camara.leg.br/cota-parlamentar/documentos/publ/2439/2015/5729245.pdf"
"LIDERANÇA DO PT";"";"";"";"2015";"NA";"";"55";"9";"PASSAGEM AÉREA - REEMBOLSO";"0";"";"TAM LINHAS AÉREAS.";"020.128.620/0016-0";"9572112865801";"0";"2015-06-23T00:00:00";"413.03";"0";"413.03";"6";"2015";"0";"PAULO ADALBERTO ALVES FERREIRA;";"BSB-SP";"1206846";"";"";"";"2439";"5728985";"https://www.camara.leg.br/cota-parlamentar/documentos/publ/2439/2015/5728985.pdf"
"LIDERANÇA DO PT";"";"";"";"2015";"NA";"";"55";"9";"PASSAGEM AÉREA - REEMBOLSO";"0";"";"TAM LINHAS AÉREAS.";"020.128.620/0016-0";"95721128658071";"0";"2015-06-23T00:00:00";"600.93";"0";"600.93";"6";"2015";"0";"PAULO ADALBERTO ALVES FERREIRA;";"POA - BSB";"1206846";"";"";"";"2439";"5728989";"https://www.camara.leg.br/cota-parlamentar/documentos/publ/2439/2015/5728989.pdf"
"LIDERANÇA DO PT";"";"";"";"2015";"NA";"";"55";"9";"PASSAGEM AÉREA - REEMBOLSO";"0";"";"TAM LINHAS AÉREAS.";"020.128.620/0016-0";"9572112865810";"0";"2015-06-23T00:00:00";"519.53";"0";"519.53";"6";"2015";"0";"PAULO ADALBERTO ALVES FERREIRA;";"SP-POA";"1206846";"";"";"";"2439";"5729004";"https://www.camara.leg.br/cota-parlamentar/documentos/publ/2439/2015/5729004.pdf"
"LIDERANÇA DO PT";"";"";"";"2015";"NA";"";"55";"9";"PASSAGEM AÉREA - REEMBOLSO";"0";"";"TAM LINHAS AÉREAS.";"020.128.620/0016-0";"9572113059812";"0";"2015-06-22T00:00:00";"721.93";"0";"721.93";"6";"2015";"0";"MARIA DO PERPETUO SOCORRO BRAGA DACHI;";"BSB - SP";"1203264";"";"";"";"2439";"5716447";"https://www.camara.leg.br/cota-parlamentar/documentos/publ/2439/2015/5716447.pdf"
"LIDERANÇA DO PT";"";"";"";"2015";"NA";"";"55";"9";"PASSAGEM AÉREA - REEMBOLSO";"0";"";"TAM LINHAS AÉREAS.";"020.128.620/0016-0";"9572113225596";"0";"2015-08-23T00:00:00";"1800.67";"0";"1800.67";"8";"2015";"0";"GERSON LUIZ MENDES TEIXEIRA;";"BSB- Belem / Belem-BSB";"1219684";"";"";"";"2439";"5770233";"https://www.camara.leg.br/cota-parlamentar/documentos/publ/2439/2015/5770233.pdf"
"LIDERANÇA DO PT";"";"";"";"2015";"NA";"";"55";"9";"PASSAGEM AÉREA - REEMBOLSO";"0";"";"TAM LINHAS AÉREAS.";"020.128.620/0016-0";"9572113236728";"0";"2015-06-23T00:00:00";"752.57";"0";"752.57";"6";"2015";"0";"JOSE MARCIO RIBEIRO DA COSTA;";"BSB-SP/ SP-BSB";"1206895";"";"";"";"2439";"5729218";"https://www.camara.leg.br/cota-parlamentar/documentos/publ/2439/2015/5729218.pdf"
"LIDERANÇA DO PT";"";"";"";"2015";"NA";"";"55";"9";"PASSAGEM AÉREA - REEMBOLSO";"0";"";"TAM LINHAS AÉREAS.";"020.128.620/0016-0";"9572113384306";"0";"2015-07-06T00:00:00";"227";"0";"227";"7";"2015";"0";"PAULO ADALBERTO ALVES FERREIRA;";"SP-BSB";"1212360";"";"";"";"2439";"5746585";"https://www.camara.leg.br/cota-parlamentar/documentos/publ/2439/2015/5746585.pdf"
"LIDERANÇA DO PT";"";"";"";"2015";"NA";"";"55";"9";"PASSAGEM AÉREA - REEMBOLSO";"0";"";"TAM LINHAS AÉREAS.";"020.128.620/0016-0";"9572113384307";"0";"2015-07-06T00:00:00";"358.93";"0";"358.93";"7";"2015";"0";"PAULO ADALBERTO ALVES FERREIRA;";"BSB-SP";"1212361";"";"";"";"2439";"5746578";"https://www.camara.leg.br/cota-parlamentar/documentos/publ/2439/2015/5746578.pdf"
"LIDERANÇA DO PT";"";"";"";"2015";"NA";"";"55";"9";"PASSAGEM AÉREA - REEMBOLSO";"0";"";"TAM LINHAS AÉREAS.";"020.128.620/0016-0";"9572113893755";"0";"2015-07-09T00:00:00";"1015.08";"0";"1015.08";"7";"2015";"0";"MARIA DO PERPETUO SOCORRO BRAGA DACHI;";"FORTALEZA - BRASILIA";"1209132";"";"";"";"2439";"5735714";"https://www.camara.leg.br/cota-parlamentar/documentos/publ/2439/2015/5735714.pdf"
"LIDERANÇA DO PT";"";"";"";"2015";"NA";"";"55";"9";"PASSAGEM AÉREA - REEMBOLSO";"0";"";"TAM LINHAS AÉREAS.";"020.128.620/0016-0";"9572113893756";"0";"2015-07-09T00:00:00";"597.34";"0";"597.34";"7";"2015";"0";"";"CNF - BSB";"1209132";"";"";"";"2439";"5735692";"https://www.camara.leg.br/cota-parlamentar/documentos/publ/2439/2015/5735692.pdf"
"LIDERANÇA DO PT";"";"";"";"2015";"NA";"";"55";"9";"PASSAGEM AÉREA - REEMBOLSO";"0";"";"TAM LINHAS AÉREAS.";"020.128.620/0016-0";"9572113893757";"0";"2015-07-09T00:00:00";"597.34";"0";"597.34";"7";"2015";"0";"PAULO ROBERTO DE PAIVA NOGUEIRA;";"CNF - BSB";"1209132";"";"";"";"2439";"5735699";"https://www.camara.leg.br/cota-parlamentar/documentos/publ/2439/2015/5735699.pdf"
"LIDERANÇA DO PT";"";"";"";"2015";"NA";"";"55";"9";"PASSAGEM AÉREA - REEMBOLSO";"0";"";"TAM LINHAS AÉREAS.";"020.128.620/0016-0";"9572113893758";"0";"2015-07-09T00:00:00";"815.92";"0";"815.92";"7";"2015";"0";"PAULO ROBERTO DE PAIVA NOGUEIRA;";"BSB - CNF";"1209132";"";"";"";"2439";"5735700";"https://www.camara.leg.br/cota-parlamentar/documentos/publ/2439/2015/5735700.pdf"
"LIDERANÇA DO PT";"";"";"";"2015";"NA";"";"55";"9";"PASSAGEM AÉREA - REEMBOLSO";"0";"";"TAM LINHAS AÉREAS.";"020.128.620/0016-0";"9572113893992";"0";"2015-07-10T00:00:00";"1741.31";"0";"1741.31";"7";"2015";"0";"PAULO ADALBERTO ALVES FERREIRA;";"BSB-POA/ POA-BSB";"1212361";"";"";"";"2439";"5746573";"https://www.camara.leg.br/cota-parlamentar/documentos/publ/2439/2015/5746573.pdf"
"LIDERANÇA DO PT";"";"";"";"2015";"NA";"";"55";"9";"PASSAGEM AÉREA - REEMBOLSO";"0";"";"TAM LINHAS AÉREAS.";"020.128.620/0016-0";"9572114375303";"0";"2015-07-23T00:00:00";"2647.97";"0";"2647.97";"7";"2015";"0";"PAULO ADALBERTO ALVES FERREIRA;";"BSB-POA/ POA-BSB";"1212361";"";"";"";"2439";"5746562";"https://www.camara.leg.br/cota-parlamentar/documentos/publ/2439/2015/5746562.pdf"
"LIDERANÇA DO PT";"";"";"";"2015";"NA";"";"55";"9";"PASSAGEM AÉREA - REEMBOLSO";"0";"";"TAM LINHAS AÉREAS.";"020.128.620/0016-0";"9572115549344";"0";"2015-08-06T00:00:00";"1725.47";"0";"1725.47";"8";"2015";"0";"PAULO ADALBERTO ALVES FERREIRA;";"BSB-POA/POA-BSB";"1215518";"";"";"";"2439";"5756306";"https://www.camara.leg.br/cota-parlamentar/documentos/publ/2439/2015/5756306.pdf"
"LIDERANÇA DO PT";"";"";"";"2015";"NA";"";"55";"9";"PASSAGEM AÉREA - REEMBOLSO";"0";"";"TAM LINHAS AÉREAS.";"020.128.620/0016-0";"9572115639708";"0";"2015-08-07T00:00:00";"1494.47";"0";"1494.47";"8";"2015";"0";"PAULO ADALBERTO ALVES FERREIRA;";"BSB-POA/POA-BSB";"1217264";"";"";"";"2439";"5761557";"https://www.camara.leg.br/cota-parlamentar/documentos/publ/2439/2015/5761557.pdf"
"LIDERANÇA DO PT";"";"";"";"2015";"NA";"";"55";"9";"PASSAGEM AÉREA - REEMBOLSO";"0";"";"TAM LINHAS AÉREAS.";"020.128.620/0016-0";"9572115883276";"0";"2015-08-12T00:00:00";"2294.47";"0";"2294.47";"8";"2015";"0";"PAULO ROBERTO DE PAIVA NOGUEIRA;";"BSB-SP/SP-BSB";"1217264";"";"";"";"2439";"5761529";"https://www.camara.leg.br/cota-parlamentar/documentos/publ/2439/2015/5761529.pdf"
"LIDERANÇA DO PT";"";"";"";"2015";"NA";"";"55";"9";"PASSAGEM AÉREA - REEMBOLSO";"0";"";"TAM LINHAS AÉREAS.";"020.128.620/0016-0";"9572115883277";"0";"2015-08-12T00:00:00";"2294.47";"0";"2294.47";"8";"2015";"0";"";"BSB-SP/SP-BSB";"1217264";"";"";"";"2439";"5761534";"https://www.camara.leg.br/cota-parlamentar/documentos/publ/2439/2015/5761534.pdf"
"LIDERANÇA DO PT";"";"";"";"2015";"NA";"";"55";"9";"PASSAGEM AÉREA - REEMBOLSO";"0";"";"TAM LINHAS AÉREAS.";"020.128.620/0016-0";"9572116018312";"0";"2015-08-14T00:00:00";"2726.47";"0";"2726.47";"8";"2015";"0";"PAULO ADALBERTO ALVES FERREIRA;";"BSB-SP/ SP-BSB";"1217696";"";"";"";"2439";"5763238";"https://www.camara.leg.br/cota-parlamentar/documentos/publ/2439/2015/5763238.pdf"
"LIDERANÇA DO PT";"";"";"";"2015";"NA";"";"55";"9";"PASSAGEM AÉREA - REEMBOLSO";"0";"";"TAM LINHAS AÉREAS.";"020.128.620/0016-0";"9572116596398";"0";"2015-08-25T00:00:00";"831.47";"0";"831.47";"9";"2015";"0";"JOAQUIM CARLOS CARVALHO;";"BSB-SSA/ SSA-BSB";"1223801";"";"";"";"2439";"5784106";"https://www.camara.leg.br/cota-parlamentar/documentos/publ/2439/2015/5784106.pdf"
"LIDERANÇA DO PT";"";"";"";"2015";"NA";"";"55";"9";"PASSAGEM AÉREA - REEMBOLSO";"0";"";"TAM LINHAS AÉREAS.";"020.128.620/0016-0";"9572119413375";"0";"2015-10-21T00:00:00";"1139.27";"0";"1139.27";"10";"2015";"0";"JOÃO DE ABREU FILHO;";"BSB-SP/SP-BSB";"1237415";"";"";"";"2439";"5829186";"https://www.camara.leg.br/cota-parlamentar/documentos/publ/2439/2015/5829186.pdf"
"LIDERANÇA DO PT";"";"";"";"2015";"NA";"";"55";"12";"ASSINATURA DE PUBLICAÇÕES";"0";"";"AGENCIA ESTADO LTDA.";"626.529.610/0013-8";"00587446";"0";"2015-03-09T00:00:00";"600";"0";"600";"3";"2015";"0";"";"";"1179508";"";"";"";"2439";"5642264";"https://www.camara.leg.br/cota-parlamentar/documentos/publ/2439/2015/5642264.pdf"
"LIDERANÇA DO PT";"";"";"";"2015";"NA";"";"55";"12";"ASSINATURA DE PUBLICAÇÕES";"0";"";"AGENCIA ESTADO LTDA.";"626.529.610/0013-8";"00589508";"0";"2015-04-06T00:00:00";"600";"0";"600";"4";"2015";"0";"";"";"1185976";"";"";"";"2439";"5664718";"https://www.camara.leg.br/cota-parlamentar/documentos/publ/2439/2015/5664718.pdf"
"LIDERANÇA DO PT";"";"";"";"2015";"NA";"";"55";"12";"ASSINATURA DE PUBLICAÇÕES";"0";"";"AGENCIA ESTADO LTDA.";"626.529.610/0013-8";"00591647";"0";"2015-05-05T00:00:00";"600";"0";"600";"5";"2015";"0";"";"";"1194764";"";"";"";"2439";"5691365";"https://www.camara.leg.br/cota-parlamentar/documentos/publ/2439/2015/5691365.pdf"
"LIDERANÇA DO PT";"";"";"";"2015";"NA";"";"55";"12";"ASSINATURA DE PUBLICAÇÕES";"0";"";"AGENCIA ESTADO LTDA.";"626.529.610/0013-8";"00593947";"0";"2015-06-03T00:00:00";"600";"0";"600";"6";"2015";"0";"";"";"1206824";"";"";"";"2439";"5728886";"https://www.camara.leg.br/cota-parlamentar/documentos/publ/2439/2015/5728886.pdf"
"LIDERANÇA DO PT";"";"";"";"2015";"NA";"";"55";"12";"ASSINATURA DE PUBLICAÇÕES";"0";"";"AGENCIA ESTADO LTDA.";"626.529.610/0013-8";"00596445";"0";"2015-07-03T00:00:00";"600";"0";"600";"7";"2015";"0";"";"";"1215414";"";"";"";"2439";"5755677";"https://www.camara.leg.br/cota-parlamentar/documentos/publ/2439/2015/5755677.pdf"
"LIDERANÇA DO PT";"";"";"";"2015";"NA";"";"55";"12";"ASSINATURA DE PUBLICAÇÕES";"0";"";"AGENCIA ESTADO LTDA.";"626.529.610/0013-8";"00598777";"0";"2015-08-04T00:00:00";"600";"0";"600";"8";"2015";"0";"";"";"1219611";"";"";"";"2439";"5769991";"https://www.camara.leg.br/cota-parlamentar/documentos/publ/2439/2015/5769991.pdf"
"LIDERANÇA DO PT";"";"";"";"2015";"NA";"";"55";"12";"ASSINATURA DE PUBLICAÇÕES";"0";"";"AGENCIA ESTADO LTDA.";"626.529.610/0013-8";"00601157";"0";"2015-09-01T00:00:00";"600";"0";"600";"9";"2015";"0";"";"";"1227329";"";"";"";"2439";"5795790";"https://www.camara.leg.br/cota-parlamentar/documentos/publ/2439/2015/5795790.pdf"
"LIDERANÇA DO PT";"";"";"";"2015";"NA";"";"55";"12";"ASSINATURA DE PUBLICAÇÕES";"0";"";"AGENCIA ESTADO LTDA.";"626.529.610/0013-8";"00603356";"0";"2015-10-01T00:00:00";"600";"0";"600";"10";"2015";"0";"";"";"1242384";"";"";"";"2439";"5844692";"https://www.camara.leg.br/cota-parlamentar/documentos/publ/2439/2015/5844692.pdf"
"LIDERANÇA DO PT";"";"";"";"2015";"NA";"";"55";"12";"ASSINATURA DE PUBLICAÇÕES";"0";"";"AGENCIA ESTADO LTDA.";"626.529.610/0013-8";"00605536";"0";"2015-11-04T00:00:00";"600";"0";"600";"11";"2015";"0";"";"";"1245352";"";"";"";"2439";"5854105";"https://www.camara.leg.br/cota-parlamentar/documentos/publ/2439/2015/5854105.pdf"
"LIDERANÇA DO PT";"";"";"";"2015";"NA";"";"55";"13";"FORNECIMENTO DE ALIMENTAÇÃO DO PARLAMENTAR";"0";"";"ASS. DOS SERV. DA CAMARA DOS DEPUTADOS";"006.793.650/0043-7";"050078";"0";"2015-05-13T00:00:00";"58.99";"0";"58.99";"5";"2015";"0";"";"";"1191741";"";"";"";"2439";"5681572";"https://www.camara.leg.br/cota-parlamentar/documentos/publ/2439/2015/5681572.pdf"
"LIDERANÇA DO PT";"";"";"";"2015";"NA";"";"55";"13";"FORNECIMENTO DE ALIMENTAÇÃO DO PARLAMENTAR";"0";"";"BAR E RESTAURANTE DO ALEMÃO DE BRASÍLIA LTDA";"148.833.290/0015-2";"003927";"0";"2015-05-07T00:00:00";"3609.99";"0";"3609.99";"5";"2015";"0";"";"";"1190233";"";"";"";"2439";"5677009";"https://www.camara.leg.br/cota-parlamentar/documentos/publ/2439/2015/5677009.pdf"
"LIDERANÇA DO PT";"";"";"";"2015";"NA";"";"55";"13";"FORNECIMENTO DE ALIMENTAÇÃO DO PARLAMENTAR";"0";"";"BRASTON HOTELS HOTELARIA E EVENTOS LTDA";"070.066.470/0017-0";"14702";"0";"2015-05-01T00:00:00";"80";"0";"80";"5";"2015";"0";"";"";"1187834";"";"";"";"2439";"5670489";"https://www.camara.leg.br/cota-parlamentar/documentos/publ/2439/2015/5670489.pdf"
"LIDERANÇA DO PT";"";"";"";"2015";"NA";"";"55";"13";"FORNECIMENTO DE ALIMENTAÇÃO DO PARLAMENTAR";"0";"";"CARNE DE SOL EXPRESSO";"006.950.150/0011-1";"039092";"0";"2015-02-01T00:00:00";"86.6";"0";"86.6";"2";"2015";"0";"";"";"1164906";"";"";"";"2439";"5595339";"https://www.camara.leg.br/cota-parlamentar/documentos/publ/2439/2015/5595339.pdf"
"LIDERANÇA DO PT";"";"";"";"2015";"NA";"";"55";"13";"FORNECIMENTO DE ALIMENTAÇÃO DO PARLAMENTAR";"0";"";"CENTRAL PARK RESTAURANTE E EVENTOS LTDA ME";"105.800.050/0035-6";"024076";"0";"2015-10-13T00:00:00";"65.5";"0";"65.5";"10";"2015";"0";"";"";"1233939";"";"";"";"2439";"5817428";"https://www.camara.leg.br/cota-parlamentar/documentos/publ/2439/2015/5817428.pdf"
"LIDERANÇA DO PT";"";"";"";"2015";"NA";"";"55";"13";"FORNECIMENTO DE ALIMENTAÇÃO DO PARLAMENTAR";"0";"";"CENTRAL PARK RESTAURANTE E EVENTOS LTDA ME";"105.800.050/0035-6";"033345";"0";"2015-03-30T00:00:00";"32.6";"0";"32.6";"3";"2015";"0";"";"";"1178659";"";"";"";"2439";"5641109";"https://www.camara.leg.br/cota-parlamentar/documentos/publ/2439/2015/5641109.pdf"
"LIDERANÇA DO PT";"";"";"";"2015";"NA";"";"55";"13";"FORNECIMENTO DE ALIMENTAÇÃO DO PARLAMENTAR";"0";"";"CENTRAL PARK RESTAURANTE E EVENTOS LTDA ME";"105.800.050/0035-6";"035165";"0";"2015-05-19T00:00:00";"32.89";"0";"32.89";"5";"2015";"0";"";"";"1193141";"";"";"";"2439";"5686051";"https://www.camara.leg.br/cota-parlamentar/documentos/publ/2439/2015/5686051.pdf"
"LIDERANÇA DO PT";"";"";"";"2015";"NA";"";"55";"13";"FORNECIMENTO DE ALIMENTAÇÃO DO PARLAMENTAR";"0";"";"CENTRAL PARK RESTAURANTE E EVENTOS LTDA ME";"105.800.050/0035-6";"036194";"0";"2015-02-10T00:00:00";"27.4";"0";"27.4";"2";"2015";"0";"";"";"1169800";"";"";"";"2439";"5607176";"https://www.camara.leg.br/cota-parlamentar/documentos/publ/2439/2015/5607176.pdf"
"LIDERANÇA DO PT";"";"";"";"2015";"NA";"";"55";"13";"FORNECIMENTO DE ALIMENTAÇÃO DO PARLAMENTAR";"0";"";"CENTRAL PARK RESTAURANTE E EVENTOS LTDA ME";"105.800.050/0035-6";"036492";"0";"2015-07-14T00:00:00";"53.74";"0";"53.74";"7";"2015";"0";"";"";"1209639";"";"";"";"2439";"5737149";"https://www.camara.leg.br/cota-parlamentar/documentos/publ/2439/2015/5737149.pdf"
"LIDERANÇA DO PT";"";"";"";"2015";"NA";"";"55";"13";"FORNECIMENTO DE ALIMENTAÇÃO DO PARLAMENTAR";"0";"";"CENTRAL PARK RESTAURANTE E EVENTOS LTDA ME";"105.800.050/0035-6";"037463";"0";"2015-03-04T00:00:00";"81.85";"0";"81.85";"3";"2015";"0";"";"";"1172180";"";"";"";"2439";"5619872";"https://www.camara.leg.br/cota-parlamentar/documentos/publ/2439/2015/5619872.pdf"
"LIDERANÇA DO PT";"";"";"";"2015";"NA";"";"55";"13";"FORNECIMENTO DE ALIMENTAÇÃO DO PARLAMENTAR";"0";"";"CENTRAL PARK RESTAURANTE E EVENTOS LTDA ME";"105.800.050/0035-6";"037917";"0";"2015-03-10T00:00:00";"58.72";"0";"58.72";"3";"2015";"0";"";"";"1174165";"";"";"";"2439";"5626055";"https://www.camara.leg.br/cota-parlamentar/documentos/publ/2439/2015/5626055.pdf"
"LIDERANÇA DO PT";"";"";"";"2015";"NA";"";"55";"13";"FORNECIMENTO DE ALIMENTAÇÃO DO PARLAMENTAR";"0";"";"CENTRAL PARK RESTAURANTE E EVENTOS LTDA ME";"105.800.050/0035-6";"038119";"0";"2015-03-12T00:00:00";"54.23";"0";"54.23";"3";"2015";"0";"";"";"1174403";"";"";"";"2439";"5626656";"https://www.camara.leg.br/cota-parlamentar/documentos/publ/2439/2015/5626656.pdf"
"LIDERANÇA DO PT";"";"";"";"2015";"NA";"";"55";"13";"FORNECIMENTO DE ALIMENTAÇÃO DO PARLAMENTAR";"0";"";"CENTRAL PARK RESTAURANTE E EVENTOS LTDA ME";"105.800.050/0035-6";"038259";"0";"2015-08-25T00:00:00";"149.22";"0";"149.22";"8";"2015";"0";"";"";"1219745";"";"";"";"2439";"5770494";"https://www.camara.leg.br/cota-parlamentar/documentos/publ/2439/2015/5770494.pdf"
"LIDERANÇA DO PT";"";"";"";"2015";"NA";"";"55";"13";"FORNECIMENTO DE ALIMENTAÇÃO DO PARLAMENTAR";"0";"";"CENTRAL PARK RESTAURANTE E EVENTOS LTDA ME";"105.800.050/0035-6";"040087";"0";"2015-02-05T00:00:00";"42.34";"0";"42.34";"2";"2015";"0";"";"";"1169800";"";"";"";"2439";"5607173";"https://www.camara.leg.br/cota-parlamentar/documentos/publ/2439/2015/5607173.pdf"
"LIDERANÇA DO PT";"";"";"";"2015";"NA";"";"55";"13";"FORNECIMENTO DE ALIMENTAÇÃO DO PARLAMENTAR";"0";"";"CENTRAL PARK RESTAURANTE E EVENTOS LTDA ME";"105.800.050/0035-6";"041642";"0";"2015-02-24T00:00:00";"62.31";"0";"62.31";"2";"2015";"0";"";"";"1169801";"";"";"";"2439";"5612488";"https://www.camara.leg.br/cota-parlamentar/documentos/publ/2439/2015/5612488.pdf"
"LIDERANÇA DO PT";"";"";"";"2015";"NA";"";"55";"13";"FORNECIMENTO DE ALIMENTAÇÃO DO PARLAMENTAR";"0";"";"CENTRAL PARK RESTAURANTE E EVENTOS LTDA ME";"105.800.050/0035-6";"041965";"0";"2015-02-26T00:00:00";"72.63";"0";"72.63";"2";"2015";"0";"";"";"1170274";"";"";"";"2439";"5614397";"https://www.camara.leg.br/cota-parlamentar/documentos/publ/2439/2015/5614397.pdf"
"LIDERANÇA DO PT";"";"";"";"2015";"NA";"";"55";"13";"FORNECIMENTO DE ALIMENTAÇÃO DO PARLAMENTAR";"0";"";"CENTRAL PARK RESTAURANTE E EVENTOS LTDA ME";"105.800.050/0035-6";"042484";"0";"2015-12-09T00:00:00";"158.11";"0";"158.11";"12";"2015";"0";"";"";"1250859";"";"";"";"2439";"5872266";"https://www.camara.leg.br/cota-parlamentar/documentos/publ/2439/2015/5872266.pdf"
"LIDERANÇA DO PT";"";"";"";"2015";"NA";"";"55";"13";"FORNECIMENTO DE ALIMENTAÇÃO DO PARLAMENTAR";"0";"";"CENTRAL PARK RESTAURANTE E EVENTOS LTDA ME";"105.800.050/0035-6";"042714";"0";"2015-03-04T00:00:00";"72.37";"0";"72.37";"3";"2015";"0";"";"";"1172180";"";"";"";"2439";"5619829";"https://www.camara.leg.br/cota-parlamentar/documentos/publ/2439/2015/5619829.pdf"
"LIDERANÇA DO PT";"";"";"";"2015";"NA";"";"55";"13";"FORNECIMENTO DE ALIMENTAÇÃO DO PARLAMENTAR";"0";"";"CENTRAL PARK RESTAURANTE E EVENTOS LTDA ME";"105.800.050/0035-6";"044178";"0";"2015-03-18T00:00:00";"34.49";"0";"34.49";"3";"2015";"0";"";"";"1175937";"";"";"";"2439";"5631602";"https://www.camara.leg.br/cota-parlamentar/documentos/publ/2439/2015/5631602.pdf"
"LIDERANÇA DO PT";"";"";"";"2015";"NA";"";"55";"13";"FORNECIMENTO DE ALIMENTAÇÃO DO PARLAMENTAR";"0";"";"CENTRAL PARK RESTAURANTE E EVENTOS LTDA ME";"105.800.050/0035-6";"0444";"0";"2015-05-08T00:00:00";"62.99";"0";"62.99";"5";"2015";"0";"";"";"1191001";"";"";"";"2439";"5679536";"https://www.camara.leg.br/cota-parlamentar/documentos/publ/2439/2015/5679536.pdf"
"LIDERANÇA DO PT";"";"";"";"2015";"NA";"";"55";"13";"FORNECIMENTO DE ALIMENTAÇÃO DO PARLAMENTAR";"0";"";"CENTRAL PARK RESTAURANTE E EVENTOS LTDA ME";"105.800.050/0035-6";"044736";"0";"2015-03-23T00:00:00";"31.65";"0";"31.65";"3";"2015";"0";"";"";"1176898";"";"";"";"2439";"5634999";"https://www.camara.leg.br/cota-parlamentar/documentos/publ/2439/2015/5634999.pdf"
"LIDERANÇA DO PT";"";"";"";"2015";"NA";"";"55";"13";"FORNECIMENTO DE ALIMENTAÇÃO DO PARLAMENTAR";"0";"";"CENTRAL PARK RESTAURANTE E EVENTOS LTDA ME";"105.800.050/0035-6";"045907";"0";"2015-04-01T00:00:00";"50.22";"0";"50.22";"4";"2015";"0";"";"";"1179891";"";"";"";"2439";"5644832";"https://www.camara.leg.br/cota-parlamentar/documentos/publ/2439/2015/5644832.pdf"
"LIDERANÇA DO PT";"";"";"";"2015";"NA";"";"55";"13";"FORNECIMENTO DE ALIMENTAÇÃO DO PARLAMENTAR";"0";"";"CENTRAL PARK RESTAURANTE E EVENTOS LTDA ME";"105.800.050/0035-6";"046734";"0";"2015-04-10T00:00:00";"31.8";"0";"31.8";"4";"2015";"0";"";"";"1182568";"";"";"";"2439";"5653049";"https://www.camara.leg.br/cota-parlamentar/documentos/publ/2439/2015/5653049.pdf"
"LIDERANÇA DO PT";"";"";"";"2015";"NA";"";"55";"13";"FORNECIMENTO DE ALIMENTAÇÃO DO PARLAMENTAR";"0";"";"CENTRAL PARK RESTAURANTE E EVENTOS LTDA ME";"105.800.050/0035-6";"047199";"0";"2015-04-15T00:00:00";"92.82";"0";"92.82";"4";"2015";"0";"";"";"1183840";"";"";"";"2439";"5657143";"https://www.camara.leg.br/cota-parlamentar/documentos/publ/2439/2015/5657143.pdf"
"LIDERANÇA DO PT";"";"";"";"2015";"NA";"";"55";"13";"FORNECIMENTO DE ALIMENTAÇÃO DO PARLAMENTAR";"0";"";"CENTRAL PARK RESTAURANTE E EVENTOS LTDA ME";"105.800.050/0035-6";"049061";"0";"2015-08-19T00:00:00";"154.42";"0";"154.42";"8";"2015";"0";"";"";"1218676";"";"";"";"2439";"5766617";"https://www.camara.leg.br/cota-parlamentar/documentos/publ/2439/2015/5766617.pdf"
"LIDERANÇA DO PT";"";"";"";"2015";"NA";"";"55";"13";"FORNECIMENTO DE ALIMENTAÇÃO DO PARLAMENTAR";"0";"";"CENTRAL PARK RESTAURANTE E EVENTOS LTDA ME";"105.800.050/0035-6";"049541";"0";"2015-05-07T00:00:00";"45.06";"0";"45.06";"5";"2015";"0";"";"";"1190080";"";"";"";"2439";"5676679";"https://www.camara.leg.br/cota-parlamentar/documentos/publ/2439/2015/5676679.pdf"
"LIDERANÇA DO PT";"";"";"";"2015";"NA";"";"55";"13";"FORNECIMENTO DE ALIMENTAÇÃO DO PARLAMENTAR";"0";"";"CENTRAL PARK RESTAURANTE E EVENTOS LTDA ME";"105.800.050/0035-6";"0504";"0";"2015-02-24T00:00:00";"260";"0";"260";"2";"2015";"0";"";"";"1169802";"";"";"";"2439";"5612533";"https://www.camara.leg.br/cota-parlamentar/documentos/publ/2439/2015/5612533.pdf"
"LIDERANÇA DO PT";"";"";"";"2015";"NA";"";"55";"13";"FORNECIMENTO DE ALIMENTAÇÃO DO PARLAMENTAR";"0";"";"CENTRAL PARK RESTAURANTE E EVENTOS LTDA ME";"105.800.050/0035-6";"051955";"0";"2015-05-26T00:00:00";"13.6";"1";"12.6";"5";"2015";"0";"";"";"1195063";"";"";"";"2439";"5692395";"https://www.camara.leg.br/cota-parlamentar/documentos/publ/2439/2015/5692395.pdf"
"LIDERANÇA DO PT";"";"";"";"2015";"NA";"";"55";"13";"FORNECIMENTO DE ALIMENTAÇÃO DO PARLAMENTAR";"0";"";"CENTRAL PARK RESTAURANTE E EVENTOS LTDA ME";"105.800.050/0035-6";"052158";"0";"2015-05-27T00:00:00";"24.36";"1";"23.36";"5";"2015";"0";"";"";"1196271";"";"";"";"2439";"5696019";"https://www.camara.leg.br/cota-parlamentar/documentos/publ/2439/2015/5696019.pdf"
"LIDERANÇA DO PT";"";"";"";"2015";"NA";"";"55";"13";"FORNECIMENTO DE ALIMENTAÇÃO DO PARLAMENTAR";"0";"";"CENTRAL PARK RESTAURANTE E EVENTOS LTDA ME";"105.800.050/0035-6";"0529";"0";"2015-03-30T00:00:00";"2034";"0";"2034";"3";"2015";"0";"";"";"1178660";"";"";"";"2439";"5641104";"https://www.camara.leg.br/cota-parlamentar/documentos/publ/2439/2015/5641104.pdf"
"LIDERANÇA DO PT";"";"";"";"2015";"NA";"";"55";"13";"FORNECIMENTO DE ALIMENTAÇÃO DO PARLAMENTAR";"0";"";"CENTRAL PARK RESTAURANTE E EVENTOS LTDA ME";"105.800.050/0035-6";"0533";"0";"2015-03-31T00:00:00";"370";"0";"370";"3";"2015";"0";"";"";"1179690";"";"";"";"2439";"5644156";"https://www.camara.leg.br/cota-parlamentar/documentos/publ/2439/2015/5644156.pdf"
"LIDERANÇA DO PT";"";"";"";"2015";"NA";"";"55";"13";"FORNECIMENTO DE ALIMENTAÇÃO DO PARLAMENTAR";"0";"";"CENTRAL PARK RESTAURANTE E EVENTOS LTDA ME";"105.800.050/0035-6";"0535";"0";"2015-04-08T00:00:00";"2943.65";"0";"2943.65";"4";"2015";"0";"";"";"1181745";"";"";"";"2439";"5650606";"https://www.camara.leg.br/cota-parlamentar/documentos/publ/2439/2015/5650606.pdf"
"LIDERANÇA DO PT";"";"";"";"2015";"NA";"";"55";"13";"FORNECIMENTO DE ALIMENTAÇÃO DO PARLAMENTAR";"0";"";"CENTRAL PARK RESTAURANTE E EVENTOS LTDA ME";"105.800.050/0035-6";"0544";"0";"2015-04-23T00:00:00";"1699.87";"0";"1699.87";"4";"2015";"0";"";"";"1185881";"";"";"";"2439";"5664227";"https://www.camara.leg.br/cota-parlamentar/documentos/publ/2439/2015/5664227.pdf"
"LIDERANÇA DO PT";"";"";"";"2015";"NA";"";"55";"13";"FORNECIMENTO DE ALIMENTAÇÃO DO PARLAMENTAR";"0";"";"CENTRAL PARK RESTAURANTE E EVENTOS LTDA ME";"105.800.050/0035-6";"054821";"0";"2015-11-25T00:00:00";"179.15";"0";"179.15";"11";"2015";"0";"";"";"1245994";"";"";"";"2439";"5857021";"https://www.camara.leg.br/cota-parlamentar/documentos/publ/2439/2015/5857021.pdf"
"LIDERANÇA DO PT";"";"";"";"2015";"NA";"";"55";"13";"FORNECIMENTO DE ALIMENTAÇÃO DO PARLAMENTAR";"0";"";"CENTRAL PARK RESTAURANTE E EVENTOS LTDA ME";"105.800.050/0035-6";"0549";"0";"2015-04-27T00:00:00";"176.37";"0";"176.37";"4";"2015";"0";"";"";"1187838";"";"";"";"2439";"5670504";"https://www.camara.leg.br/cota-parlamentar/documentos/publ/2439/2015/5670504.pdf"
"LIDERANÇA DO PT";"";"";"";"2015";"NA";"";"55";"13";"FORNECIMENTO DE ALIMENTAÇÃO DO PARLAMENTAR";"0";"";"CENTRAL PARK RESTAURANTE E EVENTOS LTDA ME";"105.800.050/0035-6";"0550";"0";"2015-04-30T00:00:00";"1110";"0";"1110";"4";"2015";"0";"";"";"1187839";"";"";"";"2439";"5670508";"https://www.camara.leg.br/cota-parlamentar/documentos/publ/2439/2015/5670508.pdf"
"LIDERANÇA DO PT";"";"";"";"2015";"NA";"";"55";"13";"FORNECIMENTO DE ALIMENTAÇÃO DO PARLAMENTAR";"0";"";"CENTRAL PARK RESTAURANTE E EVENTOS LTDA ME";"105.800.050/0035-6";"059967";"0";"2015-08-05T00:00:00";"43.97";"2";"41.97";"8";"2015";"0";"";"";"1214184";"";"";"";"2439";"5752028";"https://www.camara.leg.br/cota-parlamentar/documentos/publ/2439/2015/5752028.pdf"
"LIDERANÇA DO PT";"";"";"";"2015";"NA";"";"55";"13";"FORNECIMENTO DE ALIMENTAÇÃO DO PARLAMENTAR";"0";"";"CENTRAL PARK RESTAURANTE E EVENTOS LTDA ME";"105.800.050/0035-6";"060224";"0";"2015-08-06T00:00:00";"143.01";"0";"143.01";"8";"2015";"0";"";"";"1215157";"";"";"";"2439";"5754977";"https://www.camara.leg.br/cota-parlamentar/documentos/publ/2439/2015/5754977.pdf"
"LIDERANÇA DO PT";"";"";"";"2015";"NA";"";"55";"13";"FORNECIMENTO DE ALIMENTAÇÃO DO PARLAMENTAR";"0";"";"CENTRAL PARK RESTAURANTE E EVENTOS LTDA ME";"105.800.050/0035-6";"061618";"0";"2015-08-18T00:00:00";"102.3";"0";"102.3";"8";"2015";"0";"";"";"1218545";"";"";"";"2439";"5766185";"https://www.camara.leg.br/cota-parlamentar/documentos/publ/2439/2015/5766185.pdf"
"LIDERANÇA DO PT";"";"";"";"2015";"NA";"";"55";"13";"FORNECIMENTO DE ALIMENTAÇÃO DO PARLAMENTAR";"0";"";"CENTRAL PARK RESTAURANTE E EVENTOS LTDA ME";"105.800.050/0035-6";"063394";"0";"2015-09-01T00:00:00";"118.46";"0";"118.46";"9";"2015";"0";"";"";"1221825";"";"";"";"2439";"5777791";"https://www.camara.leg.br/cota-parlamentar/documentos/publ/2439/2015/5777791.pdf"
"LIDERANÇA DO PT";"";"";"";"2015";"NA";"";"55";"13";"FORNECIMENTO DE ALIMENTAÇÃO DO PARLAMENTAR";"0";"";"CENTRAL PARK RESTAURANTE E EVENTOS LTDA ME";"105.800.050/0035-6";"0654";"0";"2015-04-16T00:00:00";"1550.99";"0";"1550.99";"4";"2015";"0";"";"";"1184649";"";"";"";"2439";"5659940";"https://www.camara.leg.br/cota-parlamentar/documentos/publ/2439/2015/5659940.pdf"
"LIDERANÇA DO PT";"";"";"";"2015";"NA";"";"55";"13";"FORNECIMENTO DE ALIMENTAÇÃO DO PARLAMENTAR";"0";"";"CENTRAL PARK RESTAURANTE E EVENTOS LTDA ME";"105.800.050/0035-6";"0655";"0";"2015-05-04T00:00:00";"148.88";"0";"148.88";"5";"2015";"0";"";"";"1187837";"";"";"";"2439";"5670498";"https://www.camara.leg.br/cota-parlamentar/documentos/publ/2439/2015/5670498.pdf"
"LIDERANÇA DO PT";"";"";"";"2015";"NA";"";"55";"13";"FORNECIMENTO DE ALIMENTAÇÃO DO PARLAMENTAR";"0";"";"CENTRAL PARK RESTAURANTE E EVENTOS LTDA ME";"105.800.050/0035-6";"0658";"0";"2015-05-07T00:00:00";"695.85";"0";"695.85";"5";"2015";"0";"";"";"1190081";"";"";"";"2439";"5676672";"https://www.camara.leg.br/cota-parlamentar/documentos/publ/2439/2015/5676672.pdf"
"LIDERANÇA DO PT";"";"";"";"2015";"NA";"";"55";"13";"FORNECIMENTO DE ALIMENTAÇÃO DO PARLAMENTAR";"0";"";"CENTRAL PARK RESTAURANTE E EVENTOS LTDA ME";"105.800.050/0035-6";"066610";"0";"2015-09-30T00:00:00";"58.66";"0";"58.66";"9";"2015";"0";"";"";"1231124";"";"";"";"2439";"5808563";"https://www.camara.leg.br/cota-parlamentar/documentos/publ/2439/2015/5808563.pdf"
"LIDERANÇA DO PT";"";"";"";"2015";"NA";"";"55";"13";"FORNECIMENTO DE ALIMENTAÇÃO DO PARLAMENTAR";"0";"";"CENTRAL PARK RESTAURANTE E EVENTOS LTDA ME";"105.800.050/0035-6";"0671";"0";"2015-05-22T00:00:00";"1125.25";"0";"1125.25";"5";"2015";"0";"";"";"1194615";"";"";"";"2439";"5690711";"https://www.camara.leg.br/cota-parlamentar/documentos/publ/2439/2015/5690711.pdf"
"LIDERANÇA DO PT";"";"";"";"2015";"NA";"";"55";"13";"FORNECIMENTO DE ALIMENTAÇÃO DO PARLAMENTAR";"0";"";"CENTRAL PARK RESTAURANTE E EVENTOS LTDA ME";"105.800.050/0035-6";"067310";"0";"2015-10-06T00:00:00";"53.45";"0";"53.45";"10";"2015";"0";"";"";"1231650";"";"";"";"2439";"5810313";"https://www.camara.leg.br/cota-parlamentar/documentos/publ/2439/2015/5810313.pdf"
"LIDERANÇA DO PT";"";"";"";"2015";"NA";"";"55";"13";"FORNECIMENTO DE ALIMENTAÇÃO DO PARLAMENTAR";"0";"";"CENTRAL PARK RESTAURANTE E EVENTOS LTDA ME";"105.800.050/0035-6";"068219";"0";"2015-10-14T00:00:00";"94.77";"0";"94.77";"10";"2015";"0";"";"";"1234826";"";"";"";"2439";"5820232";"https://www.camara.leg.br/cota-parlamentar/documentos/publ/2439/2015/5820232.pdf"
"LIDERANÇA DO PT";"";"";"";"2015";"NA";"";"55";"13";"FORNECIMENTO DE ALIMENTAÇÃO DO PARLAMENTAR";"0";"";"CENTRAL PARK RESTAURANTE E EVENTOS LTDA ME";"105.800.050/0035-6";"0689";"0";"2015-06-11T00:00:00";"1472.36";"0";"1472.36";"6";"2015";"0";"";"";"1200759";"";"";"";"2439";"5709464";"https://www.camara.leg.br/cota-parlamentar/documentos/publ/2439/2015/5709464.pdf"
"LIDERANÇA DO PT";"";"";"";"2015";"NA";"";"55";"13";"FORNECIMENTO DE ALIMENTAÇÃO DO PARLAMENTAR";"0";"";"CENTRAL PARK RESTAURANTE E EVENTOS LTDA ME";"105.800.050/0035-6";"0690914";"0";"2015-08-12T00:00:00";"169.55";"0";"169.55";"8";"2015";"0";"";"";"1216765";"";"";"";"2439";"5760056";"https://www.camara.leg.br/cota-parlamentar/documentos/publ/2439/2015/5760056.pdf"
"LIDERANÇA DO PT";"";"";"";"2015";"NA";"";"55";"13";"FORNECIMENTO DE ALIMENTAÇÃO DO PARLAMENTAR";"0";"";"CENTRAL PARK RESTAURANTE E EVENTOS LTDA ME";"105.800.050/0035-6";"069892";"0";"2015-10-28T00:00:00";"172.04";"0";"172.04";"10";"2015";"0";"";"";"1237858";"";"";"";"2439";"5830800";"https://www.camara.leg.br/cota-parlamentar/documentos/publ/2439/2015/5830800.pdf"
"LIDERANÇA DO PT";"";"";"";"2015";"NA";"";"55";"13";"FORNECIMENTO DE ALIMENTAÇÃO DO PARLAMENTAR";"0";"";"CENTRAL PARK RESTAURANTE E EVENTOS LTDA ME";"105.800.050/0035-6";"0700";"0";"2015-06-19T00:00:00";"3617.41";"0";"3617.41";"6";"2015";"0";"";"";"1202909";"";"";"";"2439";"5715997";"https://www.camara.leg.br/cota-parlamentar/documentos/publ/2439/2015/5715997.pdf"
"LIDERANÇA DO PT";"";"";"";"2015";"NA";"";"55";"13";"FORNECIMENTO DE ALIMENTAÇÃO DO PARLAMENTAR";"0";"";"CENTRAL PARK RESTAURANTE E EVENTOS LTDA ME";"105.800.050/0035-6";"071189";"0";"2015-11-11T00:00:00";"467.51";"0";"467.51";"11";"2015";"0";"";"";"1241998";"";"";"";"2439";"5843493";"https://www.camara.leg.br/cota-parlamentar/documentos/publ/2439/2015/5843493.pdf"
"LIDERANÇA DO PT";"";"";"";"2015";"NA";"";"55";"13";"FORNECIMENTO DE ALIMENTAÇÃO DO PARLAMENTAR";"0";"";"CENTRAL PARK RESTAURANTE E EVENTOS LTDA ME";"105.800.050/0035-6";"074523";"0";"2015-12-09T00:00:00";"43.15";"0";"43.15";"12";"2015";"0";"";"";"1250859";"";"";"";"2439";"5872273";"https://www.camara.leg.br/cota-parlamentar/documentos/publ/2439/2015/5872273.pdf"
"LIDERANÇA DO PT";"";"";"";"2015";"NA";"";"55";"13";"FORNECIMENTO DE ALIMENTAÇÃO DO PARLAMENTAR";"0";"";"CENTRAL PARK RESTAURANTE E EVENTOS LTDA ME";"105.800.050/0035-6";"0771";"0";"2015-07-13T00:00:00";"3887";"0";"3887";"7";"2015";"0";"";"";"1209220";"";"";"";"2439";"5736053";"https://www.camara.leg.br/cota-parlamentar/documentos/publ/2439/2015/5736053.pdf"
"LIDERANÇA DO PT";"";"";"";"2015";"NA";"";"55";"13";"FORNECIMENTO DE ALIMENTAÇÃO DO PARLAMENTAR";"0";"";"CENTRAL PARK RESTAURANTE E EVENTOS LTDA ME";"105.800.050/0035-6";"0789";"0";"2015-11-25T00:00:00";"6205";"0";"6205";"11";"2015";"0";"";"";"1246005";"";"";"";"2439";"5857053";"https://www.camara.leg.br/cota-parlamentar/documentos/publ/2439/2015/5857053.pdf"
"LIDERANÇA DO PT";"";"";"";"2015";"NA";"";"55";"13";"FORNECIMENTO DE ALIMENTAÇÃO DO PARLAMENTAR";"0";"";"CENTRAL PARK RESTAURANTE E EVENTOS LTDA ME";"105.800.050/0035-6";"0797";"0";"2015-12-21T00:00:00";"3558";"0";"3098.12";"12";"2015";"1";"";"";"1254431";"";"";"";"2439";"5883454";"https://www.camara.leg.br/cota-parlamentar/documentos/publ/2439/2015/5883454.pdf"
"LIDERANÇA DO PT";"";"";"";"2015";"NA";"";"55";"13";"FORNECIMENTO DE ALIMENTAÇÃO DO PARLAMENTAR";"0";"";"CENTRAL PARK RESTAURANTE E EVENTOS LTDA ME";"105.800.050/0035-6";"0930";"0";"2015-10-02T00:00:00";"2110.6";"0";"2110.6";"9";"2015";"0";"";"";"1231126";"";"";"";"2439";"5808556";"https://www.camara.leg.br/cota-parlamentar/documentos/publ/2439/2015/5808556.pdf"
"LIDERANÇA DO PT";"";"";"";"2015";"NA";"";"55";"13";"FORNECIMENTO DE ALIMENTAÇÃO DO PARLAMENTAR";"0";"";"CENTRAL PARK RESTAURANTE E EVENTOS LTDA ME";"105.800.050/0035-6";"0949";"0";"2015-11-03T00:00:00";"5054.99";"0";"5054.99";"10";"2015";"0";"";"";"1238875";"";"";"";"2439";"5834088";"https://www.camara.leg.br/cota-parlamentar/documentos/publ/2439/2015/5834088.pdf"
"LIDERANÇA DO PT";"";"";"";"2015";"NA";"";"55";"13";"FORNECIMENTO DE ALIMENTAÇÃO DO PARLAMENTAR";"0";"";"CENTRAL PARK RESTAURANTE E EVENTOS LTDA ME";"105.800.050/0035-6";"0960";"0";"2015-08-12T00:00:00";"4178.65";"0";"4178.65";"8";"2015";"0";"";"";"1217032";"";"";"";"2439";"5760917";"https://www.camara.leg.br/cota-parlamentar/documentos/publ/2439/2015/5760917.pdf"
"LIDERANÇA DO PT";"";"";"";"2015";"NA";"";"55";"13";"FORNECIMENTO DE ALIMENTAÇÃO DO PARLAMENTAR";"0";"";"CENTRAL PARK RESTAURANTE E EVENTOS LTDA ME";"105.800.050/0035-6";"0970";"0";"2015-09-03T00:00:00";"3294.04";"0";"3294.04";"9";"2015";"0";"";"";"1223562";"";"";"";"2439";"5783198";"https://www.camara.leg.br/cota-parlamentar/documentos/publ/2439/2015/5783198.pdf"
"LIDERANÇA DO PT";"";"";"";"2015";"NA";"";"55";"13";"FORNECIMENTO DE ALIMENTAÇÃO DO PARLAMENTAR";"0";"";"CENTRAL PARK RESTAURANTE E EVENTOS LTDA ME";"105.800.050/0035-6";"0986";"0";"2015-09-24T00:00:00";"163.77";"0";"163.77";"9";"2015";"0";"";"";"1229039";"";"";"";"2439";"5801517";"https://www.camara.leg.br/cota-parlamentar/documentos/publ/2439/2015/5801517.pdf"
"LIDERANÇA DO PT";"";"";"";"2015";"NA";"";"55";"13";"FORNECIMENTO DE ALIMENTAÇÃO DO PARLAMENTAR";"0";"";"CENTRAL PARK RESTAURANTE E EVENTOS LTDA. ME";"105.800.050/0019-4";"7066";"0";"2015-03-12T00:00:00";"42.6";"0";"42.6";"3";"2015";"0";"";"";"1174469";"";"";"";"2439";"5626839";"https://www.camara.leg.br/cota-parlamentar/documentos/publ/2439/2015/5626839.pdf"
"LIDERANÇA DO PT";"";"";"";"2015";"NA";"";"55";"13";"FORNECIMENTO DE ALIMENTAÇÃO DO PARLAMENTAR";"0";"";"CENTRAL PARK RESTAURANTE E EVENTOS LTDA. ME";"105.800.050/0019-4";"7087";"0";"2015-04-10T00:00:00";"154";"0";"154";"4";"2015";"0";"";"";"1184648";"";"";"";"2439";"5659933";"https://www.camara.leg.br/cota-parlamentar/documentos/publ/2439/2015/5659933.pdf"
"LIDERANÇA DO PT";"";"";"";"2015";"NA";"";"55";"13";"FORNECIMENTO DE ALIMENTAÇÃO DO PARLAMENTAR";"0";"";"CENTRAL PARK RESTAURANTE E EVENTOS LTDA. ME";"105.800.050/0019-4";"7745";"0";"2015-02-09T00:00:00";"76.5";"0";"76.5";"2";"2015";"0";"";"";"1169800";"";"";"";"2439";"5607182";"https://www.camara.leg.br/cota-parlamentar/documentos/publ/2439/2015/5607182.pdf"
"LIDERANÇA DO PT";"";"";"";"2015";"NA";"";"55";"13";"FORNECIMENTO DE ALIMENTAÇÃO DO PARLAMENTAR";"0";"";"DOM FRANCISCO - Francisco Pátio Comércio de Alimentos Ltda.";"021.693.380/0010-5";"155977";"0";"2015-09-21T00:00:00";"600";"0";"600";"9";"2015";"0";"";"";"1227366";"";"";"";"2439";"5795977";"https://www.camara.leg.br/cota-parlamentar/documentos/publ/2439/2015/5795977.pdf"
"LIDERANÇA DO PT";"";"";"";"2015";"NA";"";"55";"13";"FORNECIMENTO DE ALIMENTAÇÃO DO PARLAMENTAR";"0";"";"FLOR DE LOTUS";"371.089.580/0010-0";"023611";"0";"2015-03-10T00:00:00";"385.3";"0";"385.3";"3";"2015";"0";"";"";"1173088";"";"";"";"2439";"5622920";"https://www.camara.leg.br/cota-parlamentar/documentos/publ/2439/2015/5622920.pdf"
"LIDERANÇA DO PT";"";"";"";"2015";"NA";"";"55";"13";"FORNECIMENTO DE ALIMENTAÇÃO DO PARLAMENTAR";"0";"";"FLOR DE LOTUS";"371.089.580/0010-0";"025438";"0";"2015-03-25T00:00:00";"104";"0";"104";"3";"2015";"0";"";"";"1178197";"";"";"";"2439";"5639326";"https://www.camara.leg.br/cota-parlamentar/documentos/publ/2439/2015/5639326.pdf"
"LIDERANÇA DO PT";"";"";"";"2015";"NA";"";"55";"13";"FORNECIMENTO DE ALIMENTAÇÃO DO PARLAMENTAR";"0";"";"FLOR DE LOTUS";"371.089.580/0010-0";"029893";"0";"2015-05-05T00:00:00";"40.8";"0";"40.8";"5";"2015";"0";"";"";"1188869";"";"";"";"2439";"5673346";"https://www.camara.leg.br/cota-parlamentar/documentos/publ/2439/2015/5673346.pdf"
"LIDERANÇA DO PT";"";"";"";"2015";"NA";"";"55";"13";"FORNECIMENTO DE ALIMENTAÇÃO DO PARLAMENTAR";"0";"";"FLOR DE LOTUS";"371.089.580/0010-0";"031770";"0";"2015-05-20T00:00:00";"46.5";"0";"46.5";"5";"2015";"0";"";"";"1193841";"";"";"";"2439";"5688216";"https://www.camara.leg.br/cota-parlamentar/documentos/publ/2439/2015/5688216.pdf"
"LIDERANÇA DO PT";"";"";"";"2015";"NA";"";"55";"13";"FORNECIMENTO DE ALIMENTAÇÃO DO PARLAMENTAR";"0";"";"FLOR DE LOTUS";"371.089.580/0010-0";"034767";"0";"2015-06-16T00:00:00";"133.3";"0";"133.3";"6";"2015";"0";"";"";"1201172";"";"";"";"2439";"5710674";"https://www.camara.leg.br/cota-parlamentar/documentos/publ/2439/2015/5710674.pdf"
"LIDERANÇA DO PT";"";"";"";"2015";"NA";"";"55";"13";"FORNECIMENTO DE ALIMENTAÇÃO DO PARLAMENTAR";"0";"";"FLOR DE LOTUS";"371.089.580/0010-0";"055338";"0";"2015-12-11T00:00:00";"95.03";"0";"95.03";"12";"2015";"0";"";"";"1253888";"";"";"";"2439";"5881422";"https://www.camara.leg.br/cota-parlamentar/documentos/publ/2439/2015/5881422.pdf"
"LIDERANÇA DO PT";"";"";"";"2015";"NA";"";"55";"13";"FORNECIMENTO DE ALIMENTAÇÃO DO PARLAMENTAR";"0";"";"INTERNATIONAL MEAL COMPANY ALIMENTAÇÃO S.A";"173.143.290/0055-3";"195843";"0";"2015-06-22T00:00:00";"191.62";"75.9";"115.72";"6";"2015";"0";"";"";"1203439";"";"";"";"2439";"5717952";"https://www.camara.leg.br/cota-parlamentar/documentos/publ/2439/2015/5717952.pdf"
"LIDERANÇA DO PT";"";"";"";"2015";"NA";"";"55";"13";"FORNECIMENTO DE ALIMENTAÇÃO DO PARLAMENTAR";"0";"";"KALLYFAS SUFFET SERV E LANCH LTDA";"725.859.200/0012-0";"002226";"0";"2015-11-13T00:00:00";"43";"0";"43";"11";"2015";"0";"";"";"1253887";"";"";"";"2439";"5881432";"https://www.camara.leg.br/cota-parlamentar/documentos/publ/2439/2015/5881432.pdf"
"LIDERANÇA DO PT";"";"";"";"2015";"NA";"";"55";"13";"FORNECIMENTO DE ALIMENTAÇÃO DO PARLAMENTAR";"0";"";"KALLYFAS SUFFET SERV E LANCH LTDA";"725.859.200/0012-0";"13678";"0";"2015-12-01T00:00:00";"68";"0";"68";"11";"2015";"0";"";"";"1246982";"";"";"";"2439";"5860464";"https://www.camara.leg.br/cota-parlamentar/documentos/publ/2439/2015/5860464.pdf"
"LIDERANÇA DO PT";"";"";"";"2015";"NA";"";"55";"13";"FORNECIMENTO DE ALIMENTAÇÃO DO PARLAMENTAR";"0";"";"MAP COMERCIO E SERVIÇOS LTDA";"053.220.900/0015-0";"12211";"0";"2015-04-28T00:00:00";"107.7";"0";"107.7";"4";"2015";"0";"";"";"1191290";"";"";"";"2439";"5680360";"https://www.camara.leg.br/cota-parlamentar/documentos/publ/2439/2015/5680360.pdf"
"LIDERANÇA DO PT";"";"";"";"2015";"NA";"";"55";"13";"FORNECIMENTO DE ALIMENTAÇÃO DO PARLAMENTAR";"0";"";"MAP COMERCIO E SERVIÇOS LTDA";"053.220.900/0015-0";"12541";"0";"2015-06-18T00:00:00";"107.7";"0";"107.7";"6";"2015";"0";"";"";"1202622";"";"";"";"2439";"5714945";"https://www.camara.leg.br/cota-parlamentar/documentos/publ/2439/2015/5714945.pdf"
"LIDERANÇA DO PT";"";"";"";"2015";"NA";"";"55";"13";"FORNECIMENTO DE ALIMENTAÇÃO DO PARLAMENTAR";"0";"";"MAP COMERCIO E SERVIÇOS LTDA";"053.220.900/0015-0";"12542";"0";"2015-06-18T00:00:00";"143.6";"0";"143.6";"6";"2015";"0";"";"";"1202622";"";"";"";"2439";"5714939";"https://www.camara.leg.br/cota-parlamentar/documentos/publ/2439/2015/5714939.pdf"
"LIDERANÇA DO PT";"";"";"";"2015";"NA";"";"55";"13";"FORNECIMENTO DE ALIMENTAÇÃO DO PARLAMENTAR";"0";"";"MAP COMERCIO E SERVIÇOS LTDA";"053.220.900/0015-0";"12543";"0";"2015-06-18T00:00:00";"107.7";"0";"107.7";"6";"2015";"0";"";"";"1206826";"";"";"";"2439";"5728895";"https://www.camara.leg.br/cota-parlamentar/documentos/publ/2439/2015/5728895.pdf"
"LIDERANÇA DO PT";"";"";"";"2015";"NA";"";"55";"13";"FORNECIMENTO DE ALIMENTAÇÃO DO PARLAMENTAR";"0";"";"MAP COMERCIO E SERVIÇOS LTDA";"053.220.900/0015-0";"12634";"0";"2015-07-02T00:00:00";"107.7";"0";"107.7";"7";"2015";"0";"";"";"1210854";"";"";"";"2439";"5740602";"https://www.camara.leg.br/cota-parlamentar/documentos/publ/2439/2015/5740602.pdf"
"LIDERANÇA DO PT";"";"";"";"2015";"NA";"";"55";"13";"FORNECIMENTO DE ALIMENTAÇÃO DO PARLAMENTAR";"0";"";"MAP COMERCIO E SERVIÇOS LTDA";"053.220.900/0015-0";"12720";"0";"2015-07-21T00:00:00";"180.3";"0";"180.3";"7";"2015";"0";"";"";"1214382";"";"";"";"2439";"5752548";"https://www.camara.leg.br/cota-parlamentar/documentos/publ/2439/2015/5752548.pdf"
"LIDERANÇA DO PT";"";"";"";"2015";"NA";"";"55";"13";"FORNECIMENTO DE ALIMENTAÇÃO DO PARLAMENTAR";"0";"";"PRIME BUREAU DE NEGOCIOS LTDA";"060.334.290/0016-1";"538";"0";"2015-06-29T00:00:00";"2050";"0";"2050";"6";"2015";"0";"";"";"1206937";"";"";"";"2439";"5729348";"https://www.camara.leg.br/cota-parlamentar/documentos/publ/2439/2015/5729348.pdf"
"LIDERANÇA DO PT";"";"";"";"2015";"NA";"";"55";"13";"FORNECIMENTO DE ALIMENTAÇÃO DO PARLAMENTAR";"0";"";"RESTAURANTE GHAZALEH";"141.396.590/0013-8";"045146";"0";"2015-03-06T00:00:00";"61.24";"0";"61.24";"3";"2015";"0";"";"";"1172710";"";"";"";"2439";"5621639";"https://www.camara.leg.br/cota-parlamentar/documentos/publ/2439/2015/5621639.pdf"
"LIDERANÇA DO PT";"";"";"";"2015";"NA";"";"55";"13";"FORNECIMENTO DE ALIMENTAÇÃO DO PARLAMENTAR";"0";"";"RESTAURANTE GHAZALEH";"141.396.590/0013-8";"045401";"0";"2015-03-09T00:00:00";"222.18";"0";"222.18";"3";"2015";"0";"";"";"1172954";"";"";"";"2439";"5622490";"https://www.camara.leg.br/cota-parlamentar/documentos/publ/2439/2015/5622490.pdf"
"LIDERANÇA DO PT";"";"";"";"2015";"NA";"";"55";"13";"FORNECIMENTO DE ALIMENTAÇÃO DO PARLAMENTAR";"0";"";"SENAC";"334.691.720/0113-0";"265844";"0";"2015-11-04T00:00:00";"19.54";"0";"19.54";"11";"2015";"0";"";"";"1240801";"";"";"";"2439";"5840037";"https://www.camara.leg.br/cota-parlamentar/documentos/publ/2439/2015/5840037.pdf"
"LIDERANÇA DO PT";"";"";"";"2015";"NA";"";"55";"13";"FORNECIMENTO DE ALIMENTAÇÃO DO PARLAMENTAR";"0";"";"SENAC";"334.691.720/0113-0";"266076";"0";"2015-11-05T00:00:00";"19.54";"0";"19.54";"11";"2015";"0";"";"";"1240801";"";"";"";"2439";"5840029";"https://www.camara.leg.br/cota-parlamentar/documentos/publ/2439/2015/5840029.pdf"
"LIDERANÇA DO PT";"";"";"";"2015";"NA";"";"55";"13";"FORNECIMENTO DE ALIMENTAÇÃO DO PARLAMENTAR";"0";"";"SENAC - COMP. ADM. CAM. DEP. ANEXO IV 10º ANDAR";"334.691.720/0164-4";"091761";"0";"2015-03-23T00:00:00";"6";"0";"6";"3";"2015";"0";"";"";"1176898";"";"";"";"2439";"5635012";"https://www.camara.leg.br/cota-parlamentar/documentos/publ/2439/2015/5635012.pdf"
"LIDERANÇA DO PT";"";"";"";"2015";"NA";"";"55";"13";"FORNECIMENTO DE ALIMENTAÇÃO DO PARLAMENTAR";"0";"";"SERV. NAC. DE APRENDIZAGEM COMERCIAL - SENAC";"334.691.720/0067-2";"111553";"0";"2015-02-09T00:00:00";"49";"0";"49";"2";"2015";"0";"";"";"1169800";"";"";"";"2439";"5607174";"https://www.camara.leg.br/cota-parlamentar/documentos/publ/2439/2015/5607174.pdf"
"LIDERANÇA DO PT";"";"";"";"2015";"NA";"";"55";"13";"FORNECIMENTO DE ALIMENTAÇÃO DO PARLAMENTAR";"0";"";"SERV. NAC. DE APRENDIZAGEM COMERCIAL - SENAC";"334.691.720/0067-2";"113206";"0";"2015-02-23T00:00:00";"24";"0";"24";"2";"2015";"0";"";"";"1169801";"";"";"";"2439";"5612472";"https://www.camara.leg.br/cota-parlamentar/documentos/publ/2439/2015/5612472.pdf"
"LIDERANÇA DO PT";"";"";"";"2015";"NA";"";"55";"13";"FORNECIMENTO DE ALIMENTAÇÃO DO PARLAMENTAR";"0";"";"SERV. NAC. DE APRENDIZAGEM COMERCIAL - SENAC";"334.691.720/0067-2";"113208";"0";"2015-02-23T00:00:00";"24";"0";"24";"2";"2015";"0";"";"";"1169801";"";"";"";"2439";"5612462";"https://www.camara.leg.br/cota-parlamentar/documentos/publ/2439/2015/5612462.pdf"
"LIDERANÇA DO PT";"";"";"";"2015";"NA";"";"55";"13";"FORNECIMENTO DE ALIMENTAÇÃO DO PARLAMENTAR";"0";"";"SERV. NAC. DE APRENDIZAGEM COMERCIAL - SENAC";"334.691.720/0067-2";"115596";"0";"2015-03-03T00:00:00";"24";"0";"24";"3";"2015";"0";"";"";"1172180";"";"";"";"2439";"5619809";"https://www.camara.leg.br/cota-parlamentar/documentos/publ/2439/2015/5619809.pdf"
"LIDERANÇA DO PT";"";"";"";"2015";"NA";"";"55";"13";"FORNECIMENTO DE ALIMENTAÇÃO DO PARLAMENTAR";"0";"";"SERV. NAC. DE APRENDIZAGEM COMERCIAL - SENAC";"334.691.720/0067-2";"115606";"0";"2015-03-03T00:00:00";"24";"0";"24";"3";"2015";"0";"";"";"1172180";"";"";"";"2439";"5619804";"https://www.camara.leg.br/cota-parlamentar/documentos/publ/2439/2015/5619804.pdf"
"LIDERANÇA DO PT";"";"";"";"2015";"NA";"";"55";"13";"FORNECIMENTO DE ALIMENTAÇÃO DO PARLAMENTAR";"0";"";"SERV. NAC. DE APRENDIZAGEM COMERCIAL - SENAC";"334.691.720/0067-2";"118835";"0";"2015-03-11T00:00:00";"49";"0";"49";"3";"2015";"0";"";"";"1174165";"";"";"";"2439";"5626067";"https://www.camara.leg.br/cota-parlamentar/documentos/publ/2439/2015/5626067.pdf"
"LIDERANÇA DO PT";"";"";"";"2015";"NA";"";"55";"13";"FORNECIMENTO DE ALIMENTAÇÃO DO PARLAMENTAR";"0";"";"SERV. NAC. DE APRENDIZAGEM COMERCIAL - SENAC";"334.691.720/0067-2";"128732";"0";"2015-05-14T00:00:00";"3.5";"0";"3.5";"5";"2015";"0";"";"";"1193750";"";"";"";"2439";"5687944";"https://www.camara.leg.br/cota-parlamentar/documentos/publ/2439/2015/5687944.pdf"
"LIDERANÇA DO PT";"";"";"";"2015";"NA";"";"55";"13";"FORNECIMENTO DE ALIMENTAÇÃO DO PARLAMENTAR";"0";"";"SERV. NAC. DE APRENDIZAGEM COMERCIAL - SENAC";"334.691.720/0067-2";"133880";"0";"2015-04-27T00:00:00";"21";"0";"21";"4";"2015";"0";"";"";"1186685";"";"";"";"2439";"5666741";"https://www.camara.leg.br/cota-parlamentar/documentos/publ/2439/2015/5666741.pdf"
"LIDERANÇA DO PT";"";"";"";"2015";"NA";"";"55";"13";"FORNECIMENTO DE ALIMENTAÇÃO DO PARLAMENTAR";"0";"";"SERV. NAC. DE APRENDIZAGEM COMERCIAL - SENAC";"334.691.720/0067-2";"141557";"0";"2015-05-07T00:00:00";"5.8";"0";"5.8";"5";"2015";"0";"";"";"1193750";"";"";"";"2439";"5687937";"https://www.camara.leg.br/cota-parlamentar/documentos/publ/2439/2015/5687937.pdf"
"LIDERANÇA DO PT";"";"";"";"2015";"NA";"";"55";"13";"FORNECIMENTO DE ALIMENTAÇÃO DO PARLAMENTAR";"0";"";"SERV. NAC. DE APRENDIZAGEM COMERCIAL - SENAC";"334.691.720/0067-2";"146661";"0";"2015-05-28T00:00:00";"39.08";"0";"39.08";"5";"2015";"0";"";"";"1196271";"";"";"";"2439";"5696029";"https://www.camara.leg.br/cota-parlamentar/documentos/publ/2439/2015/5696029.pdf"
"LIDERANÇA DO PT";"";"";"";"2015";"NA";"";"55";"13";"FORNECIMENTO DE ALIMENTAÇÃO DO PARLAMENTAR";"0";"";"SERV. NAC. DE APRENDIZAGEM COMERCIAL - SENAC";"334.691.720/0067-2";"199820";"0";"2015-02-04T00:00:00";"54";"0";"54";"2";"2015";"0";"";"";"1169800";"";"";"";"2439";"5607172";"https://www.camara.leg.br/cota-parlamentar/documentos/publ/2439/2015/5607172.pdf"
"LIDERANÇA DO PT";"";"";"";"2015";"NA";"";"55";"13";"FORNECIMENTO DE ALIMENTAÇÃO DO PARLAMENTAR";"0";"";"SERV. NAC. DE APRENDIZAGEM COMERCIAL - SENAC";"334.691.720/0067-2";"199825";"0";"2015-02-04T00:00:00";"18";"0";"18";"2";"2015";"0";"";"";"1169800";"";"";"";"2439";"5607170";"https://www.camara.leg.br/cota-parlamentar/documentos/publ/2439/2015/5607170.pdf"
"LIDERANÇA DO PT";"";"";"";"2015";"NA";"";"55";"13";"FORNECIMENTO DE ALIMENTAÇÃO DO PARLAMENTAR";"0";"";"SERVICO NAC. DE APRENDIZAGEM COMERCIAL - SENAC";"334.691.720/0067-2";"179017";"0";"2015-10-01T00:00:00";"19.54";"0";"19.54";"10";"2015";"0";"";"";"1231125";"";"";"";"2439";"5808558";"https://www.camara.leg.br/cota-parlamentar/documentos/publ/2439/2015/5808558.pdf"
"LIDERANÇA DO PT";"";"";"";"2015";"NA";"";"55";"13";"FORNECIMENTO DE ALIMENTAÇÃO DO PARLAMENTAR";"0";"";"SERVICO NAC. DE APRENDIZAGEM COMERCIAL - SENAC";"334.691.720/0067-2";"181462";"0";"2015-10-08T00:00:00";"19.54";"0";"19.54";"10";"2015";"0";"";"";"1233149";"";"";"";"2439";"5814708";"https://www.camara.leg.br/cota-parlamentar/documentos/publ/2439/2015/5814708.pdf"
"LIDERANÇA DO PT";"";"";"";"2015";"NA";"";"55";"13";"FORNECIMENTO DE ALIMENTAÇÃO DO PARLAMENTAR";"0";"";"SERVICO NAC. DE APRENDIZAGEM COMERCIAL - SENAC";"334.691.720/0067-2";"183173";"0";"2015-10-15T00:00:00";"39.08";"0";"39.08";"10";"2015";"0";"";"";"1234826";"";"";"";"2439";"5820239";"https://www.camara.leg.br/cota-parlamentar/documentos/publ/2439/2015/5820239.pdf"
"LIDERANÇA DO PT";"";"";"";"2015";"NA";"";"55";"13";"FORNECIMENTO DE ALIMENTAÇÃO DO PARLAMENTAR";"0";"";"SERVIÇO NACIONAL DE APRENDIZAGEM COMERCIAL - SENAC";"334.691.720/0067-2";"156706";"0";"2015-07-09T00:00:00";"78.16";"0";"78.16";"7";"2015";"0";"";"";"1208826";"";"";"";"2439";"5734529";"https://www.camara.leg.br/cota-parlamentar/documentos/publ/2439/2015/5734529.pdf"
"LIDERANÇA DO PT";"";"";"";"2015";"NA";"";"55";"13";"FORNECIMENTO DE ALIMENTAÇÃO DO PARLAMENTAR";"0";"";"SERVIÇO NACIONAL DE APRENDIZAGEM COMERCIAL - SENAC";"334.691.720/0067-2";"162357";"0";"2015-09-22T00:00:00";"17";"0";"17";"9";"2015";"0";"";"";"1228037";"";"";"";"2439";"5798207";"https://www.camara.leg.br/cota-parlamentar/documentos/publ/2439/2015/5798207.pdf"
"LIDERANÇA DO PT";"";"";"";"2015";"NA";"";"55";"13";"FORNECIMENTO DE ALIMENTAÇÃO DO PARLAMENTAR";"0";"";"SERVIÇO NACIONAL DE APRENDIZAGEM COMERCIAL - SENAC";"334.691.720/0067-2";"198690";"0";"2015-12-08T00:00:00";"19.54";"0";"19.54";"12";"2015";"0";"";"";"1250859";"";"";"";"2439";"5872256";"https://www.camara.leg.br/cota-parlamentar/documentos/publ/2439/2015/5872256.pdf"
"LIDERANÇA DO PT";"";"";"";"2015";"NA";"";"55";"13";"FORNECIMENTO DE ALIMENTAÇÃO DO PARLAMENTAR";"0";"";"SERVIÇO NACIONAL DE APRENDIZAGEM COMERCIAL - SENAC";"334.691.720/0067-2";"201698";"0";"2015-12-17T00:00:00";"58.62";"0";"58.62";"12";"2015";"0";"";"";"1253888";"";"";"";"2439";"5881462";"https://www.camara.leg.br/cota-parlamentar/documentos/publ/2439/2015/5881462.pdf"
"LIDERANÇA DO PT";"";"";"";"2015";"NA";"";"55";"13";"FORNECIMENTO DE ALIMENTAÇÃO DO PARLAMENTAR";"0";"";"SERVICO NACIONAL DE APRENDIZAGEM COMERCIAL SENAC";"334.691.720/0067-2";"197584";"0";"2015-12-03T00:00:00";"19.54";"0";"19.54";"12";"2015";"0";"";"";"1249094";"";"";"";"2439";"5867049";"https://www.camara.leg.br/cota-parlamentar/documentos/publ/2439/2015/5867049.pdf"
"LIDERANÇA DO PT";"";"";"";"2015";"NA";"";"55";"13";"FORNECIMENTO DE ALIMENTAÇÃO DO PARLAMENTAR";"0";"";"UNIQUE FOODS - ALIMENTOS E PARTICIPAÇÕES LTDA";"011.301.680/0026-5";"16170";"0";"2015-03-03T00:00:00";"320";"0";"320";"3";"2015";"0";"";"";"1172181";"";"";"";"2439";"5619876";"https://www.camara.leg.br/cota-parlamentar/documentos/publ/2439/2015/5619876.pdf"
"LIDERANÇA DO PT";"";"";"";"2015";"NA";"";"55";"13";"FORNECIMENTO DE ALIMENTAÇÃO DO PARLAMENTAR";"0";"";"UNIQUE FOODS - ALIMENTOS E PARTICIPAÇÕES LTDA";"011.301.680/0026-5";"16195";"0";"2015-04-13T00:00:00";"236.8";"0";"236.8";"4";"2015";"0";"";"";"1182893";"";"";"";"2439";"5654264";"https://www.camara.leg.br/cota-parlamentar/documentos/publ/2439/2015/5654264.pdf"
"LIDERANÇA DO PT";"";"";"";"2015";"NA";"";"55";"14";"HOSPEDAGEM ,EXCETO DO PARLAMENTAR NO DISTRITO FEDERAL.";"0";"";"BHG NORTE EMPREENDIMENTO HOTELEIRO LTDA";"074.306.450/0010-3";"00064387";"0";"2015-08-25T00:00:00";"333.34";"0";"333.34";"8";"2015";"0";"";"";"1220337";"";"";"";"2439";"5772567";"https://www.camara.leg.br/cota-parlamentar/documentos/publ/2439/2015/5772567.pdf"
"LIDERANÇA DO PT";"";"";"";"2015";"NA";"";"55";"14";"HOSPEDAGEM ,EXCETO DO PARLAMENTAR NO DISTRITO FEDERAL.";"0";"";"Hotel Bourbon de Curitiba Ltda";"789.433.210/0011-7";"110052";"0";"2015-05-13T00:00:00";"851.46";"0";"851.46";"5";"2015";"0";"";"";"1192587";"";"";"";"2439";"5683963";"https://www.camara.leg.br/cota-parlamentar/documentos/publ/2439/2015/5683963.pdf"
"LIDERANÇA DO PT";"";"";"";"2015";"NA";"";"55";"14";"HOSPEDAGEM ,EXCETO DO PARLAMENTAR NO DISTRITO FEDERAL.";"0";"";"HOTEL GRÃO PARÁ HOTELARIA E TURISMO LTDA";"047.188.070/0011-5";"00016737";"0";"2015-06-09T00:00:00";"120";"0";"120";"6";"2015";"0";"";"";"1199409";"";"";"";"2439";"5705472";"https://www.camara.leg.br/cota-parlamentar/documentos/publ/2439/2015/5705472.pdf"
"LIDERANÇA DO PT";"";"";"";"2015";"NA";"";"55";"14";"HOSPEDAGEM ,EXCETO DO PARLAMENTAR NO DISTRITO FEDERAL.";"0";"";"HOTEL NACIONAL INN SAO CARLOS LTDA";"208.802.450/0016-8";"1571";"0";"2015-07-13T00:00:00";"143";"0";"143";"7";"2015";"0";"";"";"1210230";"";"";"";"2439";"5738921";"https://www.camara.leg.br/cota-parlamentar/documentos/publ/2439/2015/5738921.pdf"
"LIDERANÇA DO PT";"";"";"";"2015";"NA";"";"55";"14";"HOSPEDAGEM ,EXCETO DO PARLAMENTAR NO DISTRITO FEDERAL.";"0";"";"HOTEL TRINDADE HALL LTDA";"092.956.530/0011-0";"067567";"0";"2015-04-30T00:00:00";"185.53";"0";"185.53";"4";"2015";"0";"";"";"1187833";"";"";"";"2439";"5670478";"https://www.camara.leg.br/cota-parlamentar/documentos/publ/2439/2015/5670478.pdf"
"LIDERANÇA DO PT";"";"";"";"2015";"NA";"";"55";"14";"HOSPEDAGEM ,EXCETO DO PARLAMENTAR NO DISTRITO FEDERAL.";"0";"";"HOTEL TRINDADE HALL LTDA";"092.956.530/0011-0";"067572";"0";"2015-04-30T00:00:00";"185.53";"0";"185.53";"4";"2015";"0";"";"";"1187833";"";"";"";"2439";"5670482";"https://www.camara.leg.br/cota-parlamentar/documentos/publ/2439/2015/5670482.pdf"
"LIDERANÇA DO PT";"";"";"";"2015";"NA";"";"55";"14";"HOSPEDAGEM ,EXCETO DO PARLAMENTAR NO DISTRITO FEDERAL.";"0";"";"HOTELARIA ACCOR BRASIL S.A - IBIS HOTEL";"099.678.520/1116-1";"00048274";"0";"2015-06-15T00:00:00";"477";"0";"477";"6";"2015";"0";"";"";"1201047";"";"";"";"2439";"5710375";"https://www.camara.leg.br/cota-parlamentar/documentos/publ/2439/2015/5710375.pdf"
"LIDERANÇA DO PT";"";"";"";"2015";"NA";"";"55";"14";"HOSPEDAGEM ,EXCETO DO PARLAMENTAR NO DISTRITO FEDERAL.";"0";"";"LANCASTER PARTICIPAÇÕES E EMPREENDIMENTOS TURISTICOS LTDA";"783.750.030/0036-9";"16241";"0";"2015-05-12T00:00:00";"603.36";"0";"603.36";"5";"2015";"0";"";"";"1202493";"";"";"";"2439";"5714564";"https://www.camara.leg.br/cota-parlamentar/documentos/publ/2439/2015/5714564.pdf"
"LIDERANÇA DO PT";"";"";"";"2015";"NA";"";"55";"14";"HOSPEDAGEM ,EXCETO DO PARLAMENTAR NO DISTRITO FEDERAL.";"0";"";"MAGNA HOTEIS E TURISMO LTDA";"116.899.080/0017-0";"53483";"0";"2015-07-14T00:00:00";"380";"0";"380";"7";"2015";"0";"";"";"1209308";"";"";"";"2439";"5736288";"https://www.camara.leg.br/cota-parlamentar/documentos/publ/2439/2015/5736288.pdf"
"LIDERANÇA DO PT";"";"";"";"2015";"NA";"";"55";"14";"HOSPEDAGEM ,EXCETO DO PARLAMENTAR NO DISTRITO FEDERAL.";"0";"";"MAGNA HOTEIS E TURISMO LTDA";"116.899.080/0017-0";"53484";"0";"2015-07-14T00:00:00";"380";"0";"380";"7";"2015";"0";"";"";"1209308";"";"";"";"2439";"5736294";"https://www.camara.leg.br/cota-parlamentar/documentos/publ/2439/2015/5736294.pdf"
"LIDERANÇA DO PT";"";"";"";"2015";"NA";"";"55";"14";"HOSPEDAGEM ,EXCETO DO PARLAMENTAR NO DISTRITO FEDERAL.";"0";"";"PAIAGUAS HOTÉIS S/A";"019.821.560/0018-8";"32647";"0";"2015-08-22T00:00:00";"169";"0";"169";"8";"2015";"0";"";"";"1219524";"";"";"";"2439";"5769666";"https://www.camara.leg.br/cota-parlamentar/documentos/publ/2439/2015/5769666.pdf"
"LIDERANÇA DO PT";"";"";"";"2015";"NA";"";"55";"14";"HOSPEDAGEM ,EXCETO DO PARLAMENTAR NO DISTRITO FEDERAL.";"0";"";"PAIAGUAS HOTÉIS S/A";"019.821.560/0018-8";"32648";"0";"2015-08-22T00:00:00";"169";"0";"169";"8";"2015";"0";"";"";"1219524";"";"";"";"2439";"5769680";"https://www.camara.leg.br/cota-parlamentar/documentos/publ/2439/2015/5769680.pdf"
"LIDERANÇA DO PT";"";"";"";"2015";"NA";"";"55";"14";"HOSPEDAGEM ,EXCETO DO PARLAMENTAR NO DISTRITO FEDERAL.";"0";"";"PRAIA DO CALHAU EMPREENDIMENTOS TURÍSTICOS LTDA";"010.598.990/0018-0";"0017047";"0";"2015-06-17T00:00:00";"208.95";"0";"208.95";"6";"2015";"0";"";"";"1202973";"";"";"";"2439";"5716317";"https://www.camara.leg.br/cota-parlamentar/documentos/publ/2439/2015/5716317.pdf"
"LIDERANÇA DO PT";"";"";"";"2015";"NA";"";"55";"14";"HOSPEDAGEM ,EXCETO DO PARLAMENTAR NO DISTRITO FEDERAL.";"0";"";"PRAIA DO CALHAU EMPREENDIMENTOS TURÍSTICOS LTDA";"010.598.990/0018-0";"0017048";"0";"2015-06-17T00:00:00";"208.95";"0";"208.95";"6";"2015";"0";"";"";"1202973";"";"";"";"2439";"5716321";"https://www.camara.leg.br/cota-parlamentar/documentos/publ/2439/2015/5716321.pdf"
"LIDERANÇA DO PT";"";"";"";"2015";"NA";"";"55";"14";"HOSPEDAGEM ,EXCETO DO PARLAMENTAR NO DISTRITO FEDERAL.";"0";"";"PRAIA DO CALHAU EMPREENDIMENTOS TURÍSTICOS LTDA";"010.598.990/0018-0";"0017068";"0";"2015-06-17T00:00:00";"417.9";"0";"417.9";"6";"2015";"0";"";"";"1203014";"";"";"";"2439";"5716496";"https://www.camara.leg.br/cota-parlamentar/documentos/publ/2439/2015/5716496.pdf"
"LIDERANÇA DO PT";"";"";"";"2015";"NA";"";"55";"14";"HOSPEDAGEM ,EXCETO DO PARLAMENTAR NO DISTRITO FEDERAL.";"0";"";"SHERATON DA BAHIA HOTEL";"076.879.280/0110-7";"00021621";"0";"2015-03-02T00:00:00";"625.8";"0";"625.8";"2";"2015";"0";"";"";"1172181";"";"";"";"2439";"5619893";"https://www.camara.leg.br/cota-parlamentar/documentos/publ/2439/2015/5619893.pdf"
"LIDERANÇA DO PT";"";"";"";"2015";"NA";"";"55";"120";"LOCAÇÃO OU FRETAMENTO DE VEÍCULOS AUTOMOTORES";"0";"";"INVESTICAR VEÍCULOS LTDA";"016.152.240/0017-0";"3";"0";"2015-04-01T00:00:00";"3950";"0";"3950";"3";"2015";"0";"";"";"1181985";"";"";"";"2439";"5651246";"https://www.camara.leg.br/cota-parlamentar/documentos/publ/2439/2015/5651246.pdf"
"LIDERANÇA DO PT";"";"";"";"2015";"NA";"";"55";"120";"LOCAÇÃO OU FRETAMENTO DE VEÍCULOS AUTOMOTORES";"0";"";"INVESTICAR VEÍCULOS LTDA";"016.152.240/0017-0";"311";"0";"2015-03-06T00:00:00";"3950";"0";"3950";"2";"2015";"0";"";"";"1173683";"";"";"";"2439";"5624605";"https://www.camara.leg.br/cota-parlamentar/documentos/publ/2439/2015/5624605.pdf"
"LIDERANÇA DO PT";"";"";"";"2015";"NA";"";"55";"120";"LOCAÇÃO OU FRETAMENTO DE VEÍCULOS AUTOMOTORES";"0";"";"INVESTICAR VEÍCULOS LTDA";"016.152.240/0017-0";"337";"0";"2015-05-04T00:00:00";"3950";"0";"3950";"4";"2015";"0";"";"";"1189458";"";"";"";"2439";"5675202";"https://www.camara.leg.br/cota-parlamentar/documentos/publ/2439/2015/5675202.pdf"
"LIDERANÇA DO PT";"";"";"";"2015";"NA";"";"55";"120";"LOCAÇÃO OU FRETAMENTO DE VEÍCULOS AUTOMOTORES";"0";"";"INVESTICAR VEÍCULOS LTDA";"016.152.240/0017-0";"348";"0";"2015-06-02T00:00:00";"3950";"0";"3950";"5";"2015";"0";"";"";"1198537";"";"";"";"2439";"5703229";"https://www.camara.leg.br/cota-parlamentar/documentos/publ/2439/2015/5703229.pdf"
"LIDERANÇA DO PT";"";"";"";"2015";"NA";"";"55";"120";"LOCAÇÃO OU FRETAMENTO DE VEÍCULOS AUTOMOTORES";"0";"";"INVESTICAR VEÍCULOS LTDA";"016.152.240/0017-0";"365";"0";"2015-07-02T00:00:00";"3950";"0";"3950";"6";"2015";"0";"";"";"1206820";"";"";"";"2439";"5728862";"https://www.camara.leg.br/cota-parlamentar/documentos/publ/2439/2015/5728862.pdf"
"LIDERANÇA DO PT";"";"";"";"2015";"NA";"";"55";"120";"LOCAÇÃO OU FRETAMENTO DE VEÍCULOS AUTOMOTORES";"0";"";"INVESTICAR VEÍCULOS LTDA";"016.152.240/0017-0";"385";"0";"2015-08-04T00:00:00";"3950";"0";"3950";"7";"2015";"0";"";"";"1217264";"";"";"";"2439";"5761571";"https://www.camara.leg.br/cota-parlamentar/documentos/publ/2439/2015/5761571.pdf"
"LIDERANÇA DO PT";"";"";"";"2015";"NA";"";"55";"120";"LOCAÇÃO OU FRETAMENTO DE VEÍCULOS AUTOMOTORES";"0";"";"INVESTICAR VEÍCULOS LTDA";"016.152.240/0017-0";"394";"0";"2015-09-01T00:00:00";"3950";"0";"3950";"8";"2015";"0";"";"";"1222835";"";"";"";"2439";"5780698";"https://www.camara.leg.br/cota-parlamentar/documentos/publ/2439/2015/5780698.pdf"
"LIDERANÇA DO PT";"";"";"";"2015";"NA";"";"55";"120";"LOCAÇÃO OU FRETAMENTO DE VEÍCULOS AUTOMOTORES";"0";"";"INVESTICAR VEÍCULOS LTDA";"016.152.240/0017-0";"404";"0";"2015-10-02T00:00:00";"3950";"0";"3950";"9";"2015";"0";"";"";"1232565";"";"";"";"2439";"5813027";"https://www.camara.leg.br/cota-parlamentar/documentos/publ/2439/2015/5813027.pdf"
"LIDERANÇA DO PT";"";"";"";"2015";"NA";"";"55";"120";"LOCAÇÃO OU FRETAMENTO DE VEÍCULOS AUTOMOTORES";"0";"";"INVESTICAR VEÍCULOS LTDA";"016.152.240/0017-0";"424";"0";"2015-11-04T00:00:00";"3950";"0";"3950";"10";"2015";"0";"";"";"1240802";"";"";"";"2439";"5840041";"https://www.camara.leg.br/cota-parlamentar/documentos/publ/2439/2015/5840041.pdf"
"LIDERANÇA DO PT";"";"";"";"2015";"NA";"";"55";"120";"LOCAÇÃO OU FRETAMENTO DE VEÍCULOS AUTOMOTORES";"0";"";"INVESTICAR VEÍCULOS LTDA";"016.152.240/0017-0";"430";"0";"2015-12-03T00:00:00";"3950";"0";"3950";"11";"2015";"0";"";"";"1249095";"";"";"";"2439";"5867055";"https://www.camara.leg.br/cota-parlamentar/documentos/publ/2439/2015/5867055.pdf"
"LIDERANÇA DO PT";"";"";"";"2015";"NA";"";"55";"122";"SERVIÇO DE TÁXI, PEDÁGIO E ESTACIONAMENTO";"0";"";"AGUIA RADIO TAXI";"068.941.940/0010-0";"5963";"1";"2015-08-25T00:00:00";"50";"0";"50";"8";"2015";"0";"";"";"1219685";"";"";"";"2439";"5770242";"https://www.camara.leg.br/cota-parlamentar/documentos/publ/2439/2015/5770242.pdf"
"LIDERANÇA DO PT";"";"";"";"2015";"NA";"";"55";"122";"SERVIÇO DE TÁXI, PEDÁGIO E ESTACIONAMENTO";"0";"";"COOPERATIVA MISTA DE TRABALHO DOS MOTORISTAS AUTONOMOS DE TAXI ESPECIAL DE SÃO PAULO";"465.539.470/0012-0";"0847108930";"1";"2015-06-22T00:00:00";"22";"0";"22";"6";"2015";"0";"";"";"1203439";"";"";"";"2439";"5717966";"https://www.camara.leg.br/cota-parlamentar/documentos/publ/2439/2015/5717966.pdf"
"LIDERANÇA DO PT";"";"";"";"2015";"NA";"";"55";"122";"SERVIÇO DE TÁXI, PEDÁGIO E ESTACIONAMENTO";"0";"";"COOPERDUQUE";"084.757.030/0018-8";"6774";"1";"2015-08-24T00:00:00";"47";"0";"47";"8";"2015";"0";"";"";"1219685";"";"";"";"2439";"5770253";"https://www.camara.leg.br/cota-parlamentar/documentos/publ/2439/2015/5770253.pdf"
"LIDERANÇA DO PT";"";"";"";"2015";"NA";"";"55";"122";"SERVIÇO DE TÁXI, PEDÁGIO E ESTACIONAMENTO";"0";"";"COOPERTAXI";"121.144.010/0015-1";"102903";"1";"2015-06-19T00:00:00";"60";"0";"60";"6";"2015";"0";"";"";"1203023";"";"";"";"2439";"5716515";"https://www.camara.leg.br/cota-parlamentar/documentos/publ/2439/2015/5716515.pdf"
"LIDERANÇA DO PT";"";"";"";"2015";"NA";"";"55";"122";"SERVIÇO DE TÁXI, PEDÁGIO E ESTACIONAMENTO";"0";"";"SIND. DOS COND. AUTÔNOMOS DE VEÍCULOS RODOVIÁRIOS";"052.841.950/0016-2";"0761";"1";"2015-06-19T00:00:00";"33";"0";"33";"6";"2015";"0";"";"";"1203023";"";"";"";"2439";"5716510";"https://www.camara.leg.br/cota-parlamentar/documentos/publ/2439/2015/5716510.pdf"
"LIDERANÇA DO PT";"";"";"";"2015";"NA";"";"55";"122";"SERVIÇO DE TÁXI, PEDÁGIO E ESTACIONAMENTO";"0";"";"SIND. DOS COND. AUTÔNOMOS DE VEÍCULOS RODOVIÁRIOS";"052.841.950/0016-2";"0780";"1";"2015-06-20T00:00:00";"60";"0";"60";"6";"2015";"0";"";"";"1203023";"";"";"";"2439";"5716506";"https://www.camara.leg.br/cota-parlamentar/documentos/publ/2439/2015/5716506.pdf"
"LIDERANÇA DO PT";"";"";"";"2015";"NA";"";"55";"122";"SERVIÇO DE TÁXI, PEDÁGIO E ESTACIONAMENTO";"0";"";"SINPETAXI";"000.317.080/0010-0";"05/2015";"1";"2015-05-12T00:00:00";"130";"0";"130";"5";"2015";"0";"";"";"1202242";"";"";"";"2439";"5713743";"https://www.camara.leg.br/cota-parlamentar/documentos/publ/2439/2015/5713743.pdf"
"LIDERANÇA DO PT";"";"";"";"2015";"NA";"";"55";"122";"SERVIÇO DE TÁXI, PEDÁGIO E ESTACIONAMENTO";"0";"";"SINPETAXI";"000.317.080/0010-0";"1941";"1";"2015-08-25T00:00:00";"48";"0";"48";"8";"2015";"0";"";"";"1219685";"";"";"";"2439";"5770259";"https://www.camara.leg.br/cota-parlamentar/documentos/publ/2439/2015/5770259.pdf"
"LIDERANÇA DO PT";"";"";"";"2015";"NA";"";"55";"122";"SERVIÇO DE TÁXI, PEDÁGIO E ESTACIONAMENTO";"0";"";"SINPETAXI";"000.317.080/0010-0";"2271";"1";"2015-05-12T00:00:00";"120";"0";"120";"5";"2015";"0";"";"";"1202242";"";"";"";"2439";"5713735";"https://www.camara.leg.br/cota-parlamentar/documentos/publ/2439/2015/5713735.pdf"
"PDT";"";"";"";"2011";"NA";"";"54";"1";"MANUTENÇÃO DE ESCRITÓRIO DE APOIO À ATIVIDADE PARLAMENTAR";"0";"";"COMERCIAL DE ALIMENTOS GRANO LTDA";"062.784.330/0019-0";"94964";"0";"2015-01-05T00:00:00";"573.9";"0";"573.9";"1";"2015";"0";"";"";"1164731";"";"";"";"2715";"5594758";"https://www.camara.leg.br/cota-parlamentar/documentos/publ/2715/2015/5594758.pdf"
"PDT";"";"";"";"2015";"NA";"";"55";"1";"MANUTENÇÃO DE ESCRITÓRIO DE APOIO À ATIVIDADE PARLAMENTAR";"0";"";"COMERCIAL DE ALIMENTOS GRANO LTDA";"062.784.330/0019-0";"116497";"0";"2015-11-11T00:00:00";"365";"0";"365";"11";"2015";"0";"";"";"1251864";"";"";"";"2715";"5875639";"https://www.camara.leg.br/cota-parlamentar/documentos/publ/2715/2015/5875639.pdf"
"PDT";"";"";"";"2015";"NA";"";"55";"1";"MANUTENÇÃO DE ESCRITÓRIO DE APOIO À ATIVIDADE PARLAMENTAR";"0";"";"COMERCIAL DE ALIMENTOS GRANO LTDA";"062.784.330/0019-0";"117355";"0";"2015-11-26T00:00:00";"365";"0";"365";"12";"2015";"0";"";"";"1251866";"";"";"";"2715";"5875645";"https://www.camara.leg.br/cota-parlamentar/documentos/publ/2715/2015/5875645.pdf"
"PDT";"";"";"";"2015";"NA";"";"55";"1";"MANUTENÇÃO DE ESCRITÓRIO DE APOIO À ATIVIDADE PARLAMENTAR";"0";"";"COMERCIAL DE ALIMENTOS GRANO LTDA";"062.784.330/0019-0";"96294";"0";"2015-01-29T00:00:00";"365";"0";"365";"2";"2015";"0";"";"";"1169188";"";"";"";"2715";"5610621";"https://www.camara.leg.br/cota-parlamentar/documentos/publ/2715/2015/5610621.pdf"
"PDT";"";"";"";"2015";"NA";"";"55";"1";"MANUTENÇÃO DE ESCRITÓRIO DE APOIO À ATIVIDADE PARLAMENTAR";"0";"";"COMERCIAL DE ALIMENTOS GRANO LTDA";"062.784.330/0019-0";"99868";"0";"2015-03-26T00:00:00";"643.6";"0";"643.6";"4";"2015";"0";"";"";"1187915";"";"";"";"2715";"5670789";"https://www.camara.leg.br/cota-parlamentar/documentos/publ/2715/2015/5670789.pdf"
"PDT";"";"";"";"2015";"NA";"";"55";"3";"COMBUSTÍVEIS E LUBRIFICANTES.";"1";"Veículos Automotores";"AUTO POSTO PETER PAN 01 LTDA";"050.006.840/0022-6";"762439";"0";"2015-10-14T00:00:00";"150";"0";"150";"10";"2015";"0";"";"";"1251860";"";"";"";"2715";"5872636";"https://www.camara.leg.br/cota-parlamentar/documentos/publ/2715/2015/5872636.pdf"
"PDT";"";"";"";"2015";"NA";"";"55";"3";"COMBUSTÍVEIS E LUBRIFICANTES.";"1";"Veículos Automotores";"AUTO POSTO PETER PAN 01 LTDA";"050.006.840/0022-6";"885726";"0";"2015-10-22T00:00:00";"150";"0";"150";"10";"2015";"0";"";"";"1251860";"";"";"";"2715";"5872638";"https://www.camara.leg.br/cota-parlamentar/documentos/publ/2715/2015/5872638.pdf"
"PDT";"";"";"";"2015";"NA";"";"55";"3";"COMBUSTÍVEIS E LUBRIFICANTES.";"1";"Veículos Automotores";"AUTO POSTO PETER PAN 01 LTDA";"050.006.840/0022-6";"888812";"0";"2015-10-26T00:00:00";"150";"0";"150";"10";"2015";"0";"";"";"1251860";"";"";"";"2715";"5872656";"https://www.camara.leg.br/cota-parlamentar/documentos/publ/2715/2015/5872656.pdf"
"PDT";"";"";"";"2015";"NA";"";"55";"3";"COMBUSTÍVEIS E LUBRIFICANTES.";"1";"Veículos Automotores";"AUTO POSTO PETER PAN 01 LTDA";"050.006.840/0022-6";"904250";"0";"2015-11-18T00:00:00";"150";"0";"150";"11";"2015";"0";"";"";"1251863";"";"";"";"2715";"5872647";"https://www.camara.leg.br/cota-parlamentar/documentos/publ/2715/2015/5872647.pdf"
"PDT";"";"";"";"2015";"NA";"";"55";"3";"COMBUSTÍVEIS E LUBRIFICANTES.";"1";"Veículos Automotores";"AUTO POSTO PETER PAN 01 LTDA";"050.006.840/0022-6";"917436";"0";"2015-12-05T00:00:00";"150";"0";"150";"12";"2015";"0";"";"";"1251865";"";"";"";"2715";"5874041";"https://www.camara.leg.br/cota-parlamentar/documentos/publ/2715/2015/5874041.pdf"
"PDT";"";"";"";"2015";"NA";"";"55";"3";"COMBUSTÍVEIS E LUBRIFICANTES.";"1";"Veículos Automotores";"AUTO POSTO PETER PAN 01 LTDA";"050.006.840/0022-6";"92431";"0";"2015-11-22T00:00:00";"100";"0";"100";"11";"2015";"0";"";"";"1253574";"";"";"";"2715";"5880418";"https://www.camara.leg.br/cota-parlamentar/documentos/publ/2715/2015/5880418.pdf"
"PDT";"";"";"";"2015";"NA";"";"55";"3";"COMBUSTÍVEIS E LUBRIFICANTES.";"1";"Veículos Automotores";"AUTO POSTO PETER PAN 01 LTDA";"050.006.840/0022-6";"924757";"0";"2015-12-16T00:00:00";"139.63";"0";"139.63";"12";"2015";"0";"";"";"1253578";"";"";"";"2715";"5880427";"https://www.camara.leg.br/cota-parlamentar/documentos/publ/2715/2015/5880427.pdf"
"PDT";"";"";"";"2015";"NA";"";"55";"3";"COMBUSTÍVEIS E LUBRIFICANTES.";"1";"Veículos Automotores";"AUTO POSTO PETER PAN 01 LTDA";"050.006.840/0022-6";"924758";"0";"2015-12-16T00:00:00";"52";"0";"52";"12";"2015";"0";"";"";"1253573";"";"";"";"2715";"5878084";"https://www.camara.leg.br/cota-parlamentar/documentos/publ/2715/2015/5878084.pdf"
"PDT";"";"";"";"2015";"NA";"";"55";"3";"COMBUSTÍVEIS E LUBRIFICANTES.";"1";"Veículos Automotores";"AUTO POSTO PETER PAN 01 LTDA";"050.006.840/0022-6";"924759";"0";"2015-12-16T00:00:00";"100";"0";"100";"12";"2015";"0";"";"";"1253573";"";"";"";"2715";"5878108";"https://www.camara.leg.br/cota-parlamentar/documentos/publ/2715/2015/5878108.pdf"
"PDT";"";"";"";"2015";"NA";"";"55";"3";"COMBUSTÍVEIS E LUBRIFICANTES.";"1";"Veículos Automotores";"AUTO POSTO PETER PAN 01 LTDA";"050.006.840/0022-6";"928484";"0";"2015-12-21T00:00:00";"151.33";"0";"151.33";"12";"2015";"0";"";"";"1254242";"";"";"";"2715";"5882816";"https://www.camara.leg.br/cota-parlamentar/documentos/publ/2715/2015/5882816.pdf"
"PDT";"";"";"";"2015";"NA";"";"55";"3";"COMBUSTÍVEIS E LUBRIFICANTES.";"1";"Veículos Automotores";"AUTO POSTO PETER PAN 01 LTDA";"050.006.840/0022-6";"931858";"0";"2015-12-26T00:00:00";"219.49";"0";"219.49";"12";"2015";"0";"";"";"1256563";"";"";"";"2715";"5889809";"https://www.camara.leg.br/cota-parlamentar/documentos/publ/2715/2016/5889809.pdf"
"PDT";"";"";"";"2015";"NA";"";"55";"3";"COMBUSTÍVEIS E LUBRIFICANTES.";"1";"Veículos Automotores";"AUTO POSTO PETER PAN 01 LTDA";"050.006.840/0022-6";"933950";"0";"2015-12-30T00:00:00";"182.24";"0";"182.24";"12";"2015";"0";"";"";"1256563";"";"";"";"2715";"5889810";"https://www.camara.leg.br/cota-parlamentar/documentos/publ/2715/2016/5889810.pdf"
"PDT";"";"";"";"2015";"NA";"";"55";"3";"COMBUSTÍVEIS E LUBRIFICANTES.";"1";"Veículos Automotores";"CASCOL COMBUSTIVEIS LTDA";"003.065.970/0729-0";"023848";"0";"2015-12-01T00:00:00";"100";"0";"100";"12";"2015";"0";"";"";"1251865";"";"";"";"2715";"5872628";"https://www.camara.leg.br/cota-parlamentar/documentos/publ/2715/2015/5872628.pdf"
"PDT";"";"";"";"2015";"NA";"";"55";"3";"COMBUSTÍVEIS E LUBRIFICANTES.";"1";"Veículos Automotores";"CASCOL COMBUSTIVEIS PARA VEICULOS LTDA";"003.065.970/0117-9";"031254";"0";"2015-11-24T00:00:00";"150";"0";"150";"11";"2015";"0";"";"";"1251863";"";"";"";"2715";"5872626";"https://www.camara.leg.br/cota-parlamentar/documentos/publ/2715/2015/5872626.pdf"
"PDT";"";"";"";"2015";"NA";"";"55";"3";"COMBUSTÍVEIS E LUBRIFICANTES.";"1";"Veículos Automotores";"CASCOL COMBUSTIVEIS PARA VEICULOS LTDA";"003.065.970/0338-4";"028449";"0";"2015-11-10T00:00:00";"100";"0";"100";"11";"2015";"0";"";"";"1251863";"";"";"";"2715";"5872653";"https://www.camara.leg.br/cota-parlamentar/documentos/publ/2715/2015/5872653.pdf"
"PDT";"";"";"";"2015";"NA";"";"55";"3";"COMBUSTÍVEIS E LUBRIFICANTES.";"1";"Veículos Automotores";"CASCOL COMBUSTIVEIS PARA VEICULOS LTDA";"003.065.970/0508-5";"029560";"0";"2015-10-09T00:00:00";"150";"0";"150";"10";"2015";"0";"";"";"1251860";"";"";"";"2715";"5872633";"https://www.camara.leg.br/cota-parlamentar/documentos/publ/2715/2015/5872633.pdf"
"PDT";"";"";"";"2015";"NA";"";"55";"3";"COMBUSTÍVEIS E LUBRIFICANTES.";"1";"Veículos Automotores";"CASCOL COMBUSTIVEIS PARA VEICULOS LTDA";"003.065.970/0508-5";"20496";"0";"2015-11-13T00:00:00";"192";"0";"192";"11";"2015";"0";"";"";"1251863";"";"";"";"2715";"5874604";"https://www.camara.leg.br/cota-parlamentar/documentos/publ/2715/2015/5874604.pdf"
"PDT";"";"";"";"2015";"NA";"";"55";"3";"COMBUSTÍVEIS E LUBRIFICANTES.";"1";"Veículos Automotores";"CASCOL COMBUSTÍVEIS PARA VEICULOS LTDA.";"003.065.970/0206-0";"025122";"0";"2015-10-16T00:00:00";"150";"0";"150";"10";"2015";"0";"";"";"1251860";"";"";"";"2715";"5872645";"https://www.camara.leg.br/cota-parlamentar/documentos/publ/2715/2015/5872645.pdf"
"PDT";"";"";"";"2015";"NA";"";"55";"3";"COMBUSTÍVEIS E LUBRIFICANTES.";"1";"Veículos Automotores";"JARJOUR VEICULOS E PETROLEO LTDA";"001.086.700/0020-7";"282398";"0";"2015-12-15T00:00:00";"161.24";"0";"161.24";"12";"2015";"0";"";"";"1253573";"";"";"";"2715";"5878071";"https://www.camara.leg.br/cota-parlamentar/documentos/publ/2715/2015/5878071.pdf"
"PDT";"";"";"";"2015";"NA";"";"55";"3";"COMBUSTÍVEIS E LUBRIFICANTES.";"1";"Veículos Automotores";"JARJOUR VEICULOS E PETROLEO LTDA";"001.086.700/0020-7";"282678";"0";"2015-12-17T00:00:00";"174.09";"0";"174.09";"12";"2015";"0";"";"";"1254248";"";"";"";"2715";"5882845";"https://www.camara.leg.br/cota-parlamentar/documentos/publ/2715/2015/5882845.pdf"
"PDT";"";"";"";"2015";"NA";"";"55";"3";"COMBUSTÍVEIS E LUBRIFICANTES.";"1";"Veículos Automotores";"MAXIMO COM. DE DERIVADOS DE PETROLEO LTDA";"104.713.460/0012-1";"017233";"0";"2015-12-22T00:00:00";"86.45";"0";"86.45";"12";"2015";"0";"";"";"1262549";"";"";"";"2715";"5909901";"https://www.camara.leg.br/cota-parlamentar/documentos/publ/2715/2016/5909901.pdf"
"PDT";"";"";"";"2015";"NA";"";"55";"3";"COMBUSTÍVEIS E LUBRIFICANTES.";"1";"Veículos Automotores";"POSTO DA TORRE EIRELI EPP";"044.731.930/0015-9";"107514";"0";"2015-12-13T00:00:00";"150";"0";"150";"12";"2015";"0";"";"";"1251865";"";"";"";"2715";"5874040";"https://www.camara.leg.br/cota-parlamentar/documentos/publ/2715/2015/5874040.pdf"
"PDT";"";"";"";"2015";"NA";"";"55";"3";"COMBUSTÍVEIS E LUBRIFICANTES.";"1";"Veículos Automotores";"POSTO ESTRELA";"003.065.970/0141-1";"047058";"0";"2015-12-21T00:00:00";"226.26";"0";"226.26";"12";"2015";"0";"";"";"1262549";"";"";"";"2715";"5909889";"https://www.camara.leg.br/cota-parlamentar/documentos/publ/2715/2016/5909889.pdf"
"PDT";"";"";"";"2015";"NA";"";"55";"3";"COMBUSTÍVEIS E LUBRIFICANTES.";"1";"Veículos Automotores";"POSTO ESTRELA";"003.065.970/0141-1";"047241";"0";"2015-12-29T00:00:00";"214.97";"0";"214.97";"12";"2015";"0";"";"";"1262549";"";"";"";"2715";"5909908";"https://www.camara.leg.br/cota-parlamentar/documentos/publ/2715/2016/5909908.pdf"
"PDT";"";"";"";"2015";"NA";"";"55";"5";"DIVULGAÇÃO DA ATIVIDADE PARLAMENTAR.";"0";"";"MAS - SMS E SOFTWARES EIRELI - EPP";"207.817.330/0011-8";"00000107";"0";"2015-02-26T00:00:00";"400";"0";"400";"2";"2015";"0";"";"";"1172926";"";"";"";"2715";"5622425";"https://www.camara.leg.br/cota-parlamentar/documentos/publ/2715/2015/5622425.pdf"
"PDT";"";"";"";"2015";"NA";"";"55";"5";"DIVULGAÇÃO DA ATIVIDADE PARLAMENTAR.";"0";"";"MAS - SMS E SOFTWARES EIRELI - EPP";"207.817.330/0011-8";"00000121";"0";"2015-03-18T00:00:00";"400";"0";"400";"3";"2015";"0";"";"";"1179199";"";"";"";"2715";"5642790";"https://www.camara.leg.br/cota-parlamentar/documentos/publ/2715/2015/5642790.pdf"
"PDT";"";"";"";"2015";"NA";"";"55";"5";"DIVULGAÇÃO DA ATIVIDADE PARLAMENTAR.";"0";"";"MAS - SMS E SOFTWARES EIRELI - EPP";"207.817.330/0011-8";"00000143";"0";"2015-04-14T00:00:00";"400";"0";"400";"4";"2015";"0";"";"";"1185118";"";"";"";"2715";"5661563";"https://www.camara.leg.br/cota-parlamentar/documentos/publ/2715/2015/5661563.pdf"
"PDT";"";"";"";"2015";"NA";"";"55";"5";"DIVULGAÇÃO DA ATIVIDADE PARLAMENTAR.";"0";"";"MEDIA HOUSE COMUNICAÇÃO E MARKETI";"083.456.310/0015-4";"0342";"0";"2015-11-04T00:00:00";"8000";"0";"8000";"11";"2015";"0";"";"";"1239913";"";"";"";"2715";"5837007";"https://www.camara.leg.br/cota-parlamentar/documentos/publ/2715/2015/5837007.pdf"
"PDT";"";"";"";"2015";"NA";"";"55";"5";"DIVULGAÇÃO DA ATIVIDADE PARLAMENTAR.";"0";"";"MÉDIA HOUSE COMUNICAÇÕES E MARKETING";"083.456.310/0015-4";"0313";"0";"2015-02-25T00:00:00";"8700";"0";"8700";"2";"2015";"0";"";"";"1174695";"";"";"";"2715";"5627631";"https://www.camara.leg.br/cota-parlamentar/documentos/publ/2715/2015/5627631.pdf"
"PDT";"";"";"";"2015";"NA";"";"55";"5";"DIVULGAÇÃO DA ATIVIDADE PARLAMENTAR.";"0";"";"MÉDIA HOUSE COMUNICAÇÕES E MARKETING";"083.456.310/0015-4";"0316";"0";"2015-03-31T00:00:00";"8800";"0";"8800";"3";"2015";"0";"";"";"1179821";"";"";"";"2715";"5644560";"https://www.camara.leg.br/cota-parlamentar/documentos/publ/2715/2015/5644560.pdf"
"PDT";"";"";"";"2015";"NA";"";"55";"5";"DIVULGAÇÃO DA ATIVIDADE PARLAMENTAR.";"0";"";"MÉDIA HOUSE COMUNICAÇÕES E MARKETING";"083.456.310/0015-4";"0319";"0";"2015-04-27T00:00:00";"8800";"0";"8800";"4";"2015";"0";"";"";"1189954";"";"";"";"2715";"5676298";"https://www.camara.leg.br/cota-parlamentar/documentos/publ/2715/2015/5676298.pdf"
"PDT";"";"";"";"2015";"NA";"";"55";"5";"DIVULGAÇÃO DA ATIVIDADE PARLAMENTAR.";"0";"";"MÉDIA HOUSE COMUNICAÇÕES E MARKETING";"083.456.310/0015-4";"0320";"0";"2015-05-27T00:00:00";"8800";"0";"8800";"5";"2015";"0";"";"";"1197999";"";"";"";"2715";"5701253";"https://www.camara.leg.br/cota-parlamentar/documentos/publ/2715/2015/5701253.pdf"
"PDT";"";"";"";"2015";"NA";"";"55";"5";"DIVULGAÇÃO DA ATIVIDADE PARLAMENTAR.";"0";"";"MÉDIA HOUSE COMUNICAÇÕES E MARKETING";"083.456.310/0015-4";"0327";"0";"2015-07-06T00:00:00";"8500";"0";"8500";"6";"2015";"0";"";"";"1207399";"";"";"";"2715";"5730652";"https://www.camara.leg.br/cota-parlamentar/documentos/publ/2715/2015/5730652.pdf"
"PDT";"";"";"";"2015";"NA";"";"55";"5";"DIVULGAÇÃO DA ATIVIDADE PARLAMENTAR.";"0";"";"MÉDIA HOUSE COMUNICAÇÕES E MARKETING";"083.456.310/0015-4";"0329";"0";"2015-08-05T00:00:00";"8100";"0";"8100";"7";"2015";"0";"";"";"1214447";"";"";"";"2715";"5752770";"https://www.camara.leg.br/cota-parlamentar/documentos/publ/2715/2015/5752770.pdf"
"PDT";"";"";"";"2015";"NA";"";"55";"5";"DIVULGAÇÃO DA ATIVIDADE PARLAMENTAR.";"0";"";"MÉDIA HOUSE COMUNICAÇÕES E MARKETING";"083.456.310/0015-4";"0333";"0";"2015-09-08T00:00:00";"8000";"0";"8000";"9";"2015";"0";"";"";"1223734";"";"";"";"2715";"5783858";"https://www.camara.leg.br/cota-parlamentar/documentos/publ/2715/2015/5783858.pdf"
"PDT";"";"";"";"2015";"NA";"";"55";"5";"DIVULGAÇÃO DA ATIVIDADE PARLAMENTAR.";"0";"";"MÉDIA HOUSE COMUNICAÇÕES E MARKETING";"083.456.310/0015-4";"0338";"0";"2015-10-02T00:00:00";"8000";"0";"8000";"9";"2015";"0";"";"";"1231147";"";"";"";"2715";"5808622";"https://www.camara.leg.br/cota-parlamentar/documentos/publ/2715/2015/5808622.pdf"
"PDT";"";"";"";"2015";"NA";"";"55";"13";"FORNECIMENTO DE ALIMENTAÇÃO DO PARLAMENTAR";"0";"";"BELINI PAES E GASTRONOMIA LTDA";"039.535.060/0010-3";"30778";"0";"2015-11-10T00:00:00";"102.24";"0";"102.24";"11";"2015";"0";"";"";"1251863";"";"";"";"2715";"5874064";"https://www.camara.leg.br/cota-parlamentar/documentos/publ/2715/2015/5874064.pdf"
"PDT";"";"";"";"2015";"NA";"";"55";"13";"FORNECIMENTO DE ALIMENTAÇÃO DO PARLAMENTAR";"0";"";"BELINI PAES E GASTRONOMIA LTDA";"039.535.060/0010-3";"30784";"0";"2015-11-12T00:00:00";"63";"0";"63";"11";"2015";"0";"";"";"1251863";"";"";"";"2715";"5874061";"https://www.camara.leg.br/cota-parlamentar/documentos/publ/2715/2015/5874061.pdf"
"PDT";"";"";"";"2015";"NA";"";"55";"13";"FORNECIMENTO DE ALIMENTAÇÃO DO PARLAMENTAR";"0";"";"CANTUCCI COM. DE ALIMENTOS E VARIEDADES LTDA";"133.606.600/0012-5";"1233";"0";"2015-12-01T00:00:00";"139.04";"0";"139.04";"12";"2015";"0";"";"";"1251865";"";"";"";"2715";"5874084";"https://www.camara.leg.br/cota-parlamentar/documentos/publ/2715/2015/5874084.pdf"
"PDT";"";"";"";"2015";"NA";"";"55";"13";"FORNECIMENTO DE ALIMENTAÇÃO DO PARLAMENTAR";"0";"";"CURY E CURY E. LTDA ME";"144.733.600/0011-5";"10244";"0";"2015-10-21T00:00:00";"115.4";"0";"115.4";"10";"2015";"0";"";"";"1251860";"";"";"";"2715";"5874069";"https://www.camara.leg.br/cota-parlamentar/documentos/publ/2715/2015/5874069.pdf"
"PDT";"";"";"";"2015";"NA";"";"55";"13";"FORNECIMENTO DE ALIMENTAÇÃO DO PARLAMENTAR";"0";"";"CURY E CURY E. LTDA ME";"144.733.600/0011-5";"10258";"0";"2015-11-11T00:00:00";"100";"0";"100";"11";"2015";"0";"";"";"1251863";"";"";"";"2715";"5874062";"https://www.camara.leg.br/cota-parlamentar/documentos/publ/2715/2015/5874062.pdf"
"PDT";"";"";"";"2015";"NA";"";"55";"13";"FORNECIMENTO DE ALIMENTAÇÃO DO PARLAMENTAR";"0";"";"CURY E CURY E. LTDA ME";"144.733.600/0011-5";"10278";"0";"2015-12-16T00:00:00";"139.2";"0";"139.2";"12";"2015";"0";"";"";"1253573";"";"";"";"2715";"5879789";"https://www.camara.leg.br/cota-parlamentar/documentos/publ/2715/2015/5879789.pdf"
"PDT";"";"";"";"2015";"NA";"";"55";"13";"FORNECIMENTO DE ALIMENTAÇÃO DO PARLAMENTAR";"0";"";"EL PASO TEXAS BAR E RESTAURANTE LTDA ME";"044.043.540/0015-2";"12345";"0";"2015-11-17T00:00:00";"76";"0";"76";"11";"2015";"0";"";"";"1251863";"";"";"";"2715";"5874048";"https://www.camara.leg.br/cota-parlamentar/documentos/publ/2715/2015/5874048.pdf"
"PDT";"";"";"";"2015";"NA";"";"55";"13";"FORNECIMENTO DE ALIMENTAÇÃO DO PARLAMENTAR";"0";"";"EL PASO TEXAS BAR E RESTAURANTE LTDA ME";"044.043.540/0015-2";"12359";"0";"2015-11-24T00:00:00";"97.2";"0";"97.2";"11";"2015";"0";"";"";"1251863";"";"";"";"2715";"5874080";"https://www.camara.leg.br/cota-parlamentar/documentos/publ/2715/2015/5874080.pdf"
"PDT";"";"";"";"2015";"NA";"";"55";"13";"FORNECIMENTO DE ALIMENTAÇÃO DO PARLAMENTAR";"0";"";"EL PASO TEXAS BAR E RESTAURANTE LTDA ME";"044.043.540/0015-2";"12415";"0";"2015-12-10T00:00:00";"113.8";"0";"113.8";"12";"2015";"0";"";"";"1251865";"";"";"";"2715";"5874617";"https://www.camara.leg.br/cota-parlamentar/documentos/publ/2715/2015/5874617.pdf"
"PDT";"";"";"";"2015";"NA";"";"55";"13";"FORNECIMENTO DE ALIMENTAÇÃO DO PARLAMENTAR";"0";"";"MARIA AMÉLIA COMÉRCIO E SERVIÇOS LTDA. - ME";"192.821.660/0017-6";"0679";"0";"2015-12-02T00:00:00";"96.87";"0";"96.87";"12";"2015";"0";"";"";"1251865";"";"";"";"2715";"5874087";"https://www.camara.leg.br/cota-parlamentar/documentos/publ/2715/2015/5874087.pdf"
"PDT";"";"";"";"2015";"NA";"";"55";"13";"FORNECIMENTO DE ALIMENTAÇÃO DO PARLAMENTAR";"0";"";"MARIA AMÉLIA COMÉRCIO E SERVIÇOS LTDA. - ME";"192.821.660/0017-6";"0695";"0";"2015-12-09T00:00:00";"76.25";"0";"76.25";"12";"2015";"0";"";"";"1251865";"";"";"";"2715";"5874092";"https://www.camara.leg.br/cota-parlamentar/documentos/publ/2715/2015/5874092.pdf"
"PDT";"";"";"";"2015";"NA";"";"55";"13";"FORNECIMENTO DE ALIMENTAÇÃO DO PARLAMENTAR";"0";"";"MARIA AMÉLIA COMÉRCIO E SERVIÇOS LTDA. - ME";"192.821.660/0017-6";"0716";"0";"2015-12-15T00:00:00";"130";"0";"130";"12";"2015";"0";"";"";"1253573";"";"";"";"2715";"5880414";"https://www.camara.leg.br/cota-parlamentar/documentos/publ/2715/2015/5880414.pdf"
"PDT";"";"";"";"2015";"NA";"";"55";"13";"FORNECIMENTO DE ALIMENTAÇÃO DO PARLAMENTAR";"0";"";"MARIA AMÉLIA COMÉRCIO E SERVIÇOS LTDA. - ME";"192.821.660/0017-6";"0720";"0";"2015-12-16T00:00:00";"140";"0";"140";"12";"2015";"0";"";"";"1253573";"";"";"";"2715";"5880384";"https://www.camara.leg.br/cota-parlamentar/documentos/publ/2715/2015/5880384.pdf"
"PDT";"";"";"";"2015";"NA";"";"55";"13";"FORNECIMENTO DE ALIMENTAÇÃO DO PARLAMENTAR";"0";"";"MARIA AMÉLIA COMÉRCIO E SERVIÇOS LTDA. - ME";"192.821.660/0017-6";"0723";"0";"2015-12-17T00:00:00";"140";"0";"140";"12";"2015";"0";"";"";"1254248";"";"";"";"2715";"5882853";"https://www.camara.leg.br/cota-parlamentar/documentos/publ/2715/2015/5882853.pdf"
"PDT";"";"";"";"2015";"NA";"";"55";"13";"FORNECIMENTO DE ALIMENTAÇÃO DO PARLAMENTAR";"0";"";"MARZUK COM. DE ALIMENTOS LTDA ME";"109.238.120/0016-2";"00708";"0";"2015-12-08T00:00:00";"125.95";"0";"125.95";"12";"2015";"0";"";"";"1251865";"";"";"";"2715";"5874091";"https://www.camara.leg.br/cota-parlamentar/documentos/publ/2715/2015/5874091.pdf"
"PDT";"";"";"";"2015";"NA";"";"55";"13";"FORNECIMENTO DE ALIMENTAÇÃO DO PARLAMENTAR";"0";"";"O BECO DA GRAND CRU";"202.642.190/0029-6";"0031";"0";"2015-10-21T00:00:00";"97.09";"0";"97.09";"10";"2015";"0";"";"";"1251860";"";"";"";"2715";"5874073";"https://www.camara.leg.br/cota-parlamentar/documentos/publ/2715/2015/5874073.pdf"
"PDT";"";"";"";"2015";"NA";"";"55";"13";"FORNECIMENTO DE ALIMENTAÇÃO DO PARLAMENTAR";"0";"";"O BECO DA GRAND CRU";"202.642.190/0029-6";"007999";"0";"2015-12-21T00:00:00";"65.76";"0";"65.76";"12";"2015";"0";"";"";"1256563";"";"";"";"2715";"5890468";"https://www.camara.leg.br/cota-parlamentar/documentos/publ/2715/2016/5890468.pdf"
"PDT";"";"";"";"2015";"NA";"";"55";"13";"FORNECIMENTO DE ALIMENTAÇÃO DO PARLAMENTAR";"0";"";"RESTAURANTE BANZAI SUSHI LTDA - ME";"108.235.380/0015-0";"0521";"0";"2015-11-19T00:00:00";"109.2";"0";"109.2";"11";"2015";"0";"";"";"1251863";"";"";"";"2715";"5874057";"https://www.camara.leg.br/cota-parlamentar/documentos/publ/2715/2015/5874057.pdf"
"PROS";"";"";"";"2015";"NA";"";"55";"1";"MANUTENÇÃO DE ESCRITÓRIO DE APOIO À ATIVIDADE PARLAMENTAR";"0";"";"COMERCIAL DE ALIMENTOS GRANO LTDA";"062.784.330/0019-0";"105348";"0";"2015-06-12T00:00:00";"500";"0";"500";"6";"2015";"0";"";"";"1212156";"";"";"";"2865";"5745686";"https://www.camara.leg.br/cota-parlamentar/documentos/publ/2865/2015/5745686.pdf"
"PROS";"";"";"";"2015";"NA";"";"55";"1";"MANUTENÇÃO DE ESCRITÓRIO DE APOIO À ATIVIDADE PARLAMENTAR";"0";"";"COMERCIAL DE ALIMENTOS GRANO LTDA";"062.784.330/0019-0";"107516";"0";"2015-07-10T00:00:00";"500";"0";"500";"7";"2015";"0";"";"";"1212157";"";"";"";"2865";"5745690";"https://www.camara.leg.br/cota-parlamentar/documentos/publ/2865/2015/5745690.pdf"
"PROS";"";"";"";"2015";"NA";"";"55";"1";"MANUTENÇÃO DE ESCRITÓRIO DE APOIO À ATIVIDADE PARLAMENTAR";"0";"";"COMERCIAL DE ALIMENTOS GRANO LTDA";"062.784.330/0019-0";"109281";"0";"2015-08-01T00:00:00";"500";"0";"500";"8";"2015";"0";"";"";"1218516";"";"";"";"2865";"5766095";"https://www.camara.leg.br/cota-parlamentar/documentos/publ/2865/2015/5766095.pdf"
"PROS";"";"";"";"2015";"NA";"";"55";"1";"MANUTENÇÃO DE ESCRITÓRIO DE APOIO À ATIVIDADE PARLAMENTAR";"0";"";"COMERCIAL DE ALIMENTOS GRANO LTDA";"062.784.330/0019-0";"111330";"0";"2015-08-28T00:00:00";"500";"0";"500";"9";"2015";"0";"";"";"1225794";"";"";"";"2865";"5790638";"https://www.camara.leg.br/cota-parlamentar/documentos/publ/2865/2015/5790638.pdf"
"PROS";"";"";"";"2015";"NA";"";"55";"1";"MANUTENÇÃO DE ESCRITÓRIO DE APOIO À ATIVIDADE PARLAMENTAR";"0";"";"COMERCIAL DE ALIMENTOS GRANO LTDA";"062.784.330/0019-0";"113548";"0";"2015-09-29T00:00:00";"333";"0";"333";"10";"2015";"0";"";"";"1235281";"";"";"";"2865";"5821986";"https://www.camara.leg.br/cota-parlamentar/documentos/publ/2865/2015/5821986.pdf"
"PROS";"";"";"";"2015";"NA";"";"55";"1";"MANUTENÇÃO DE ESCRITÓRIO DE APOIO À ATIVIDADE PARLAMENTAR";"0";"";"LOCAWEB SERVIÇOS DE INTERNET";"023.518.770/0015-2";"4160149";"1";"2015-09-09T00:00:00";"49.9";"0";"49.9";"9";"2015";"0";"";"";"1225319";"";"";"";"2865";"5789030";"https://www.camara.leg.br/cota-parlamentar/documentos/publ/2865/2015/5789030.pdf"
"PROS";"";"";"";"2015";"NA";"";"55";"1";"MANUTENÇÃO DE ESCRITÓRIO DE APOIO À ATIVIDADE PARLAMENTAR";"0";"";"LOCAWEB SERVIÇOS DE INTERNET";"023.518.770/0015-2";"4515212";"1";"2015-10-21T00:00:00";"49.9";"0";"49.9";"10";"2015";"0";"";"";"1241018";"";"";"";"2865";"5840789";"https://www.camara.leg.br/cota-parlamentar/documentos/publ/2865/2015/5840789.pdf"
"PROS";"";"";"";"2015";"NA";"";"55";"5";"DIVULGAÇÃO DA ATIVIDADE PARLAMENTAR.";"0";"";"LOCAWEB SERVIÇOS DE INTERNET";"023.518.770/0015-2";"3564933";"1";"2015-05-11T00:00:00";"49.9";"0";"49.9";"5";"2015";"0";"";"";"1193453";"";"";"";"2865";"5687021";"https://www.camara.leg.br/cota-parlamentar/documentos/publ/2865/2015/5687021.pdf"
"PROS";"";"";"";"2015";"NA";"";"55";"5";"DIVULGAÇÃO DA ATIVIDADE PARLAMENTAR.";"0";"";"LOCAWEB SERVIÇOS DE INTERNET";"023.518.770/0015-2";"3736329";"1";"2015-05-21T00:00:00";"51.07";"1.17";"49.9";"5";"2015";"0";"";"";"1199472";"";"";"";"2865";"5705663";"https://www.camara.leg.br/cota-parlamentar/documentos/publ/2865/2015/5705663.pdf"
"PROS";"";"";"";"2015";"NA";"";"55";"5";"DIVULGAÇÃO DA ATIVIDADE PARLAMENTAR.";"0";"";"LOCAWEB SERVIÇOS DE INTERNET";"023.518.770/0015-2";"3842422";"1";"2015-06-20T00:00:00";"49.9";"0";"49.9";"6";"2015";"0";"";"";"1205002";"";"";"";"2865";"5723231";"https://www.camara.leg.br/cota-parlamentar/documentos/publ/2865/2015/5723231.pdf"
"PROS";"";"";"";"2015";"NA";"";"55";"5";"DIVULGAÇÃO DA ATIVIDADE PARLAMENTAR.";"0";"";"LOCAWEB SERVIÇOS DE INTERNET";"023.518.770/0015-2";"3952654";"1";"2015-07-21T00:00:00";"49.9";"0";"49.9";"7";"2015";"0";"";"";"1216789";"";"";"";"2865";"5760122";"https://www.camara.leg.br/cota-parlamentar/documentos/publ/2865/2015/5760122.pdf"
"PROS";"";"";"";"2015";"NA";"";"55";"5";"DIVULGAÇÃO DA ATIVIDADE PARLAMENTAR.";"0";"";"LOCAWEB SERVIÇOS DE INTERNET";"023.518.770/0015-2";"4359120";"1";"2015-09-20T00:00:00";"49.9";"0";"49.9";"10";"2015";"0";"";"";"1233064";"";"";"";"2865";"5814505";"https://www.camara.leg.br/cota-parlamentar/documentos/publ/2865/2015/5814505.pdf"
"PROS";"";"";"";"2015";"NA";"";"55";"13";"FORNECIMENTO DE ALIMENTAÇÃO DO PARLAMENTAR";"0";"";"Celebrate - Serviços de Catering e Eventos Ltda";"105.442.670/0010-1";"80";"0";"2015-10-30T00:00:00";"1400";"0";"1400";"10";"2015";"0";"";"";"1243547";"";"";"";"2865";"5848804";"https://www.camara.leg.br/cota-parlamentar/documentos/publ/2865/2015/5848804.pdf"
"PROS";"";"";"";"2015";"NA";"";"55";"13";"FORNECIMENTO DE ALIMENTAÇÃO DO PARLAMENTAR";"0";"";"Celebrate - Serviços de Catering e Eventos Ltda";"105.442.670/0010-1";"81";"0";"2015-11-05T00:00:00";"1200";"0";"1200";"11";"2015";"0";"";"";"1243559";"";"";"";"2865";"5848820";"https://www.camara.leg.br/cota-parlamentar/documentos/publ/2865/2015/5848820.pdf"
"PROS";"";"";"";"2015";"NA";"";"55";"13";"FORNECIMENTO DE ALIMENTAÇÃO DO PARLAMENTAR";"0";"";"Celebrate - Serviços de Catering e Eventos Ltda";"105.442.670/0010-1";"87";"0";"2015-11-11T00:00:00";"1200";"0";"1200";"11";"2015";"0";"";"";"1243559";"";"";"";"2865";"5848814";"https://www.camara.leg.br/cota-parlamentar/documentos/publ/2865/2015/5848814.pdf"
"PROS";"";"";"";"2015";"NA";"";"55";"13";"FORNECIMENTO DE ALIMENTAÇÃO DO PARLAMENTAR";"0";"";"Celebrate - Serviços de Catering e Eventos Ltda";"105.442.670/0010-1";"88";"0";"2015-11-18T00:00:00";"2244.9";"0";"2244.9";"11";"2015";"0";"";"";"1244259";"";"";"";"2865";"5851021";"https://www.camara.leg.br/cota-parlamentar/documentos/publ/2865/2015/5851021.pdf"
"PROS";"";"";"";"2015";"NA";"";"55";"13";"FORNECIMENTO DE ALIMENTAÇÃO DO PARLAMENTAR";"0";"";"Celebrate - Serviços de Catering e Eventos Ltda";"105.442.670/0010-1";"93";"0";"2015-12-08T00:00:00";"1200";"0";"1200";"12";"2015";"0";"";"";"1252416";"";"";"";"2865";"5877235";"https://www.camara.leg.br/cota-parlamentar/documentos/publ/2865/2015/5877235.pdf"
"PROS";"";"";"";"2015";"NA";"";"55";"13";"FORNECIMENTO DE ALIMENTAÇÃO DO PARLAMENTAR";"0";"";"CENTRAL PARK RESTAURANTE E EVENTOS LTDA ME";"105.800.050/0035-6";"0523";"0";"2015-03-20T00:00:00";"260";"0";"260";"3";"2015";"0";"";"";"1180833";"";"";"";"2865";"5647987";"https://www.camara.leg.br/cota-parlamentar/documentos/publ/2865/2015/5647987.pdf"
"PROS";"";"";"";"2015";"NA";"";"55";"13";"FORNECIMENTO DE ALIMENTAÇÃO DO PARLAMENTAR";"0";"";"CENTRAL PARK RESTAURANTE E EVENTOS LTDA ME";"105.800.050/0035-6";"0525";"0";"2015-03-25T00:00:00";"325";"0";"325";"3";"2015";"0";"";"";"1180833";"";"";"";"2865";"5647997";"https://www.camara.leg.br/cota-parlamentar/documentos/publ/2865/2015/5647997.pdf"
"PROS";"";"";"";"2015";"NA";"";"55";"13";"FORNECIMENTO DE ALIMENTAÇÃO DO PARLAMENTAR";"0";"";"CENTRAL PARK RESTAURANTE E EVENTOS LTDA ME";"105.800.050/0035-6";"0530";"0";"2015-03-31T00:00:00";"110";"0";"110";"3";"2015";"0";"";"";"1180832";"";"";"";"2865";"5648008";"https://www.camara.leg.br/cota-parlamentar/documentos/publ/2865/2015/5648008.pdf"
"PROS";"";"";"";"2015";"NA";"";"55";"13";"FORNECIMENTO DE ALIMENTAÇÃO DO PARLAMENTAR";"0";"";"CENTRAL PARK RESTAURANTE E EVENTOS LTDA ME";"105.800.050/0035-6";"0534";"0";"2015-04-08T00:00:00";"260";"0";"260";"4";"2015";"0";"";"";"1181213";"";"";"";"2865";"5649079";"https://www.camara.leg.br/cota-parlamentar/documentos/publ/2865/2015/5649079.pdf"
"PROS";"";"";"";"2015";"NA";"";"55";"13";"FORNECIMENTO DE ALIMENTAÇÃO DO PARLAMENTAR";"0";"";"CENTRAL PARK RESTAURANTE E EVENTOS LTDA ME";"105.800.050/0035-6";"0541";"0";"2015-04-16T00:00:00";"195";"0";"195";"4";"2015";"0";"";"";"1184298";"";"";"";"2865";"5658614";"https://www.camara.leg.br/cota-parlamentar/documentos/publ/2865/2015/5658614.pdf"
"PROS";"";"";"";"2015";"NA";"";"55";"13";"FORNECIMENTO DE ALIMENTAÇÃO DO PARLAMENTAR";"0";"";"CENTRAL PARK RESTAURANTE E EVENTOS LTDA ME";"105.800.050/0035-6";"0545";"0";"2015-04-23T00:00:00";"585";"0";"585";"4";"2015";"0";"";"";"1187709";"";"";"";"2865";"5669897";"https://www.camara.leg.br/cota-parlamentar/documentos/publ/2865/2015/5669897.pdf"
"PROS";"";"";"";"2015";"NA";"";"55";"13";"FORNECIMENTO DE ALIMENTAÇÃO DO PARLAMENTAR";"0";"";"CENTRAL PARK RESTAURANTE E EVENTOS LTDA ME";"105.800.050/0035-6";"0651";"0";"2015-04-30T00:00:00";"500";"0";"500";"4";"2015";"0";"";"";"1187711";"";"";"";"2865";"5669902";"https://www.camara.leg.br/cota-parlamentar/documentos/publ/2865/2015/5669902.pdf"
"PROS";"";"";"";"2015";"NA";"";"55";"13";"FORNECIMENTO DE ALIMENTAÇÃO DO PARLAMENTAR";"0";"";"CENTRAL PARK RESTAURANTE E EVENTOS LTDA ME";"105.800.050/0035-6";"0686";"0";"2015-06-10T00:00:00";"1375";"0";"1375";"5";"2015";"0";"";"";"1200686";"";"";"";"2865";"5709162";"https://www.camara.leg.br/cota-parlamentar/documentos/publ/2865/2015/5709162.pdf"
"PROS";"";"";"";"2015";"NA";"";"55";"13";"FORNECIMENTO DE ALIMENTAÇÃO DO PARLAMENTAR";"0";"";"CENTRAL PARK RESTAURANTE E EVENTOS LTDA ME";"105.800.050/0035-6";"0687";"0";"2015-06-10T00:00:00";"475";"0";"475";"6";"2015";"0";"";"";"1200686";"";"";"";"2865";"5709168";"https://www.camara.leg.br/cota-parlamentar/documentos/publ/2865/2015/5709168.pdf"
"PROS";"";"";"";"2015";"NA";"";"55";"13";"FORNECIMENTO DE ALIMENTAÇÃO DO PARLAMENTAR";"0";"";"CENTRAL PARK RESTAURANTE E EVENTOS LTDA ME";"105.800.050/0035-6";"0926";"0";"2015-09-29T00:00:00";"450";"0";"450";"9";"2015";"0";"";"";"1230234";"";"";"";"2865";"5805446";"https://www.camara.leg.br/cota-parlamentar/documentos/publ/2865/2015/5805446.pdf"
"PROS";"";"";"";"2015";"NA";"";"55";"13";"FORNECIMENTO DE ALIMENTAÇÃO DO PARLAMENTAR";"0";"";"CENTRAL PARK RESTAURANTE E EVENTOS LTDA ME";"105.800.050/0035-6";"0927";"0";"2015-09-30T00:00:00";"330";"0";"330";"9";"2015";"0";"";"";"1230234";"";"";"";"2865";"5805453";"https://www.camara.leg.br/cota-parlamentar/documentos/publ/2865/2015/5805453.pdf"
"PROS";"";"";"";"2015";"NA";"";"55";"13";"FORNECIMENTO DE ALIMENTAÇÃO DO PARLAMENTAR";"0";"";"CENTRAL PARK RESTAURANTE E EVENTOS LTDA ME";"105.800.050/0035-6";"0935";"0";"2015-10-07T00:00:00";"260";"0";"260";"10";"2015";"0";"";"";"1232764";"";"";"";"2865";"5813620";"https://www.camara.leg.br/cota-parlamentar/documentos/publ/2865/2015/5813620.pdf"
"PROS";"";"";"";"2015";"NA";"";"55";"13";"FORNECIMENTO DE ALIMENTAÇÃO DO PARLAMENTAR";"0";"";"CENTRAL PARK RESTAURANTE E EVENTOS LTDA ME";"105.800.050/0035-6";"0944";"0";"2015-10-23T00:00:00";"400";"0";"400";"10";"2015";"0";"";"";"1238787";"";"";"";"2865";"5833823";"https://www.camara.leg.br/cota-parlamentar/documentos/publ/2865/2015/5833823.pdf"
"PROS";"";"";"";"2015";"NA";"";"55";"13";"FORNECIMENTO DE ALIMENTAÇÃO DO PARLAMENTAR";"0";"";"CENTRAL PARK RESTAURANTE E EVENTOS LTDA ME";"105.800.050/0035-6";"0979";"0";"2015-09-09T00:00:00";"330";"0";"330";"9";"2015";"0";"";"";"1225320";"";"";"";"2865";"5789020";"https://www.camara.leg.br/cota-parlamentar/documentos/publ/2865/2015/5789020.pdf"
"PROS";"";"";"";"2015";"NA";"";"55";"13";"FORNECIMENTO DE ALIMENTAÇÃO DO PARLAMENTAR";"0";"";"La Campanella Produtos Alimentícios Ltda";"019.291.440/0019-0";"034805";"0";"2015-06-16T00:00:00";"169.84";"0";"169.84";"6";"2015";"0";"";"";"1201958";"";"";"";"2865";"5712898";"https://www.camara.leg.br/cota-parlamentar/documentos/publ/2865/2015/5712898.pdf"
"PROS";"";"";"";"2015";"NA";"";"55";"13";"FORNECIMENTO DE ALIMENTAÇÃO DO PARLAMENTAR";"0";"";"La Campanella Produtos Alimentícios Ltda";"019.291.440/0019-0";"040833";"0";"2015-08-26T00:00:00";"55.12";"0";"55.12";"8";"2015";"0";"";"";"1227310";"";"";"";"2865";"5795732";"https://www.camara.leg.br/cota-parlamentar/documentos/publ/2865/2015/5795732.pdf"
"PROS";"";"";"";"2015";"NA";"";"55";"13";"FORNECIMENTO DE ALIMENTAÇÃO DO PARLAMENTAR";"0";"";"LA PENHA - GABRIELA BURFFET LTDA.-ME";"089.833.420/0018-0";"0371";"0";"2015-11-04T00:00:00";"1820";"0";"1820";"11";"2015";"0";"";"";"1251531";"";"";"";"2865";"5874656";"https://www.camara.leg.br/cota-parlamentar/documentos/publ/2865/2015/5874656.pdf"
"PROS";"";"";"";"2015";"NA";"";"55";"13";"FORNECIMENTO DE ALIMENTAÇÃO DO PARLAMENTAR";"0";"";"LA PENHA - GABRIELA BURFFET LTDA.-ME";"089.833.420/0018-0";"0383";"0";"2015-11-10T00:00:00";"1860";"0";"1860";"11";"2015";"0";"";"";"1251532";"";"";"";"2865";"5874665";"https://www.camara.leg.br/cota-parlamentar/documentos/publ/2865/2015/5874665.pdf"
"PROS";"";"";"";"2015";"NA";"";"55";"13";"FORNECIMENTO DE ALIMENTAÇÃO DO PARLAMENTAR";"0";"";"LOPES OLIVEIRA COMÉRCIO DE ALIMENTOS LTDA -EPP";"024.840.600/0015-2";"181934";"0";"2015-03-31T00:00:00";"1430.03";"0";"1430.03";"3";"2015";"0";"";"";"1180833";"";"";"";"2865";"5647903";"https://www.camara.leg.br/cota-parlamentar/documentos/publ/2865/2015/5647903.pdf"
"PROS";"";"";"";"2015";"NA";"";"55";"13";"FORNECIMENTO DE ALIMENTAÇÃO DO PARLAMENTAR";"0";"";"O FRANGAO";"032.351.300/0010-0";"15784";"0";"2015-09-29T00:00:00";"400";"0";"400";"9";"2015";"0";"";"";"1229605";"";"";"";"2865";"5803513";"https://www.camara.leg.br/cota-parlamentar/documentos/publ/2865/2015/5803513.pdf"
"PROS";"";"";"";"2015";"NA";"";"55";"13";"FORNECIMENTO DE ALIMENTAÇÃO DO PARLAMENTAR";"0";"";"OFICINA DAS TORTAS";"215.067.730/0011-4";"0559";"0";"2015-10-15T00:00:00";"200.33";"0";"200.33";"10";"2015";"0";"";"";"1234931";"";"";"";"2865";"5820567";"https://www.camara.leg.br/cota-parlamentar/documentos/publ/2865/2015/5820567.pdf"
"PROS";"";"";"";"2015";"NA";"";"55";"13";"FORNECIMENTO DE ALIMENTAÇÃO DO PARLAMENTAR";"0";"";"OFICINA DAS TORTAS";"215.067.730/0011-4";"0646";"0";"2015-11-04T00:00:00";"132.87";"0";"132.87";"11";"2015";"0";"";"";"1239960";"";"";"";"2865";"5837150";"https://www.camara.leg.br/cota-parlamentar/documentos/publ/2865/2015/5837150.pdf"
"PROS";"";"";"";"2015";"NA";"";"55";"13";"FORNECIMENTO DE ALIMENTAÇÃO DO PARLAMENTAR";"0";"";"OFICINA DAS TORTAS";"215.067.730/0011-4";"0772";"0";"2015-11-18T00:00:00";"349.38";"4";"345.38";"11";"2015";"0";"";"";"1244117";"";"";"";"2865";"5850499";"https://www.camara.leg.br/cota-parlamentar/documentos/publ/2865/2015/5850499.pdf"
"PROS";"";"";"";"2015";"NA";"";"55";"13";"FORNECIMENTO DE ALIMENTAÇÃO DO PARLAMENTAR";"0";"";"PRALINE CONFEITARIA SUICA LTDA";"003.588.790/0014-8";"015230";"0";"2015-06-17T00:00:00";"430";"0";"430";"6";"2015";"0";"";"";"1201959";"";"";"";"2865";"5712921";"https://www.camara.leg.br/cota-parlamentar/documentos/publ/2865/2015/5712921.pdf"
"PROS";"";"";"";"2015";"NA";"";"55";"13";"FORNECIMENTO DE ALIMENTAÇÃO DO PARLAMENTAR";"0";"";"PRALINE CONFEITARIA SUICA LTDA";"003.588.790/0014-8";"15255";"0";"2015-08-04T00:00:00";"359";"0";"359";"8";"2015";"0";"";"";"1213293";"";"";"";"2865";"5749302";"https://www.camara.leg.br/cota-parlamentar/documentos/publ/2865/2015/5749302.pdf"
"PROS";"";"";"";"2015";"NA";"";"55";"13";"FORNECIMENTO DE ALIMENTAÇÃO DO PARLAMENTAR";"0";"";"PRALINE CONFEITARIA SUICA LTDA";"003.588.790/0014-8";"15260";"0";"2015-08-12T00:00:00";"305.71";"0";"305.71";"8";"2015";"0";"";"";"1217073";"";"";"";"2865";"5761005";"https://www.camara.leg.br/cota-parlamentar/documentos/publ/2865/2015/5761005.pdf"
"PROS";"";"";"";"2015";"NA";"";"55";"13";"FORNECIMENTO DE ALIMENTAÇÃO DO PARLAMENTAR";"0";"";"PRALINE CONFEITARIA SUICA LTDA";"003.588.790/0014-8";"15270";"0";"2015-08-25T00:00:00";"247.85";"0";"247.85";"8";"2015";"0";"";"";"1220646";"";"";"";"2865";"5773398";"https://www.camara.leg.br/cota-parlamentar/documentos/publ/2865/2015/5773398.pdf"
"PROS";"";"";"";"2015";"NA";"";"55";"13";"FORNECIMENTO DE ALIMENTAÇÃO DO PARLAMENTAR";"0";"";"RESTAURANTE ESQUINA MINEIRA LTDA EPP";"008.359.000/0015-9";"28364";"0";"2015-05-05T00:00:00";"1640";"0";"1640";"5";"2015";"0";"";"";"1189391";"";"";"";"2865";"5675029";"https://www.camara.leg.br/cota-parlamentar/documentos/publ/2865/2015/5675029.pdf"
"PROS";"";"";"";"2015";"NA";"";"55";"13";"FORNECIMENTO DE ALIMENTAÇÃO DO PARLAMENTAR";"0";"";"RESTAURANTE ESQUINA MINEIRA LTDA EPP";"008.359.000/0015-9";"28382";"0";"2015-05-26T00:00:00";"1050";"0";"1050";"5";"2015";"0";"";"";"1195050";"";"";"";"2865";"5692353";"https://www.camara.leg.br/cota-parlamentar/documentos/publ/2865/2015/5692353.pdf"
"PROS";"";"";"";"2015";"NA";"";"55";"13";"FORNECIMENTO DE ALIMENTAÇÃO DO PARLAMENTAR";"0";"";"RESTAURANTE ESQUINA MINEIRA LTDA EPP";"008.359.000/0015-9";"28397";"0";"2015-06-30T00:00:00";"1050";"0";"1050";"6";"2015";"0";"";"";"1204891";"";"";"";"2865";"5722857";"https://www.camara.leg.br/cota-parlamentar/documentos/publ/2865/2015/5722857.pdf"
"PROS";"";"";"";"2015";"NA";"";"55";"13";"FORNECIMENTO DE ALIMENTAÇÃO DO PARLAMENTAR";"0";"";"ROTA DO CHARME DOCES FINOS DE PELOTAS LTDA";"083.453.140/0013-8";"004396";"0";"2015-04-28T00:00:00";"484.75";"0";"484.75";"4";"2015";"0";"";"";"1189587";"";"";"";"2865";"5675479";"https://www.camara.leg.br/cota-parlamentar/documentos/publ/2865/2015/5675479.pdf"
"PROS";"";"";"";"2015";"NA";"";"55";"13";"FORNECIMENTO DE ALIMENTAÇÃO DO PARLAMENTAR";"0";"";"Tancinha Indústria de Alimentos LDTA EPP";"047.530.970/0032-6";"018045";"0";"2015-09-18T00:00:00";"248.95";"0";"248.95";"9";"2015";"0";"";"";"1227307";"";"";"";"2865";"5795725";"https://www.camara.leg.br/cota-parlamentar/documentos/publ/2865/2015/5795725.pdf"
"PROS";"";"";"";"2015";"NA";"";"55";"13";"FORNECIMENTO DE ALIMENTAÇÃO DO PARLAMENTAR";"0";"";"XIQUE XIQUE";"005.373.080/0017-0";"27602";"0";"2015-07-01T00:00:00";"500";"0";"500";"7";"2015";"0";"";"";"1206077";"";"";"";"2865";"5726240";"https://www.camara.leg.br/cota-parlamentar/documentos/publ/2865/2015/5726240.pdf"
"SDD";"";"";"";"2015";"NA";"";"55";"1";"MANUTENÇÃO DE ESCRITÓRIO DE APOIO À ATIVIDADE PARLAMENTAR";"0";"";"comércio de Artigos de Papelaria LTDA";"121.328.540/0010-0";"01901";"0";"2015-06-11T00:00:00";"794.6";"0";"794.6";"6";"2015";"0";"";"";"1200504";"";"";"";"2864";"5708452";"https://www.camara.leg.br/cota-parlamentar/documentos/publ/2864/2015/5708452.pdf"
"SDD";"";"";"";"2015";"NA";"";"55";"1";"MANUTENÇÃO DE ESCRITÓRIO DE APOIO À ATIVIDADE PARLAMENTAR";"0";"";"WMS Comércio de Artigos de Papelaria LTDA";"121.328.540/0010-0";"01856";"0";"2015-05-13T00:00:00";"526.6";"0";"526.6";"5";"2015";"0";"";"";"1191926";"";"";"";"2864";"5682080";"https://www.camara.leg.br/cota-parlamentar/documentos/publ/2864/2015/5682080.pdf"
"SDD";"";"";"";"2015";"NA";"";"55";"1";"MANUTENÇÃO DE ESCRITÓRIO DE APOIO À ATIVIDADE PARLAMENTAR";"0";"";"WMS Comércio de Artigos de Papelaria LTDA";"121.328.540/0010-0";"1718";"0";"2015-03-02T00:00:00";"779.8";"0";"779.8";"3";"2015";"0";"";"";"1170523";"";"";"";"2864";"5615267";"https://www.camara.leg.br/cota-parlamentar/documentos/publ/2864/2015/5615267.pdf"
"SDD";"";"";"";"2015";"NA";"";"55";"1";"MANUTENÇÃO DE ESCRITÓRIO DE APOIO À ATIVIDADE PARLAMENTAR";"0";"";"WMS COMÉRCIO DE ARTIGOS DE PAPELARIA LTDA-ME";"121.328.540/0010-0";"02229";"0";"2015-12-07T00:00:00";"643";"0";"643";"12";"2015";"0";"";"";"1250801";"";"";"";"2864";"5872062";"https://www.camara.leg.br/cota-parlamentar/documentos/publ/2864/2015/5872062.pdf"
"SDD";"";"";"";"2015";"NA";"";"55";"1";"MANUTENÇÃO DE ESCRITÓRIO DE APOIO À ATIVIDADE PARLAMENTAR";"0";"";"WWMS Comércio de Artigos de Papelaria LTDA";"121.328.540/0010-0";"1773";"0";"2015-04-01T00:00:00";"518";"0";"518";"4";"2015";"0";"";"";"1182803";"";"";"";"2864";"5653993";"https://www.camara.leg.br/cota-parlamentar/documentos/publ/2864/2015/5653993.pdf"
"SDD";"";"";"";"2015";"NA";"";"55";"3";"COMBUSTÍVEIS E LUBRIFICANTES.";"1";"Veículos Automotores";"AUTO POSTO PRESIDENTE";"197.696.940/0015-4";"206550";"0";"2015-04-21T00:00:00";"145.7";"0";"145.7";"4";"2015";"0";"";"";"1188183";"";"";"";"2864";"5671545";"https://www.camara.leg.br/cota-parlamentar/documentos/publ/2864/2015/5671545.pdf"
"SDD";"";"";"";"2015";"NA";"";"55";"3";"COMBUSTÍVEIS E LUBRIFICANTES.";"1";"Veículos Automotores";"AUTO POSTO PRESIDENTE";"197.696.940/0015-4";"217638";"0";"2015-06-07T00:00:00";"136";"0";"136";"6";"2015";"0";"";"";"1201461";"";"";"";"2864";"5708351";"https://www.camara.leg.br/cota-parlamentar/documentos/publ/2864/2015/5708351.pdf"
"SDD";"";"";"";"2015";"NA";"";"55";"3";"COMBUSTÍVEIS E LUBRIFICANTES.";"1";"Veículos Automotores";"BRASAL COMBUSTíVEIS LTDA";"000.976.260/0040-0";"576785";"0";"2015-04-28T00:00:00";"151.57";"0";"151.57";"4";"2015";"0";"";"";"1188183";"";"";"";"2864";"5671543";"https://www.camara.leg.br/cota-parlamentar/documentos/publ/2864/2015/5671543.pdf"
"SDD";"";"";"";"2015";"NA";"";"55";"3";"COMBUSTÍVEIS E LUBRIFICANTES.";"1";"Veículos Automotores";"BRASAL COMBUSTíVEIS LTDA";"000.976.260/0040-0";"585859";"0";"2015-06-08T00:00:00";"163.11";"0";"163.11";"6";"2015";"0";"";"";"1201461";"";"";"";"2864";"5708185";"https://www.camara.leg.br/cota-parlamentar/documentos/publ/2864/2015/5708185.pdf"
"SDD";"";"";"";"2015";"NA";"";"55";"3";"COMBUSTÍVEIS E LUBRIFICANTES.";"1";"Veículos Automotores";"CASCOL COMBUSTÍVEIS 306";"003.065.970/0206-0";"019756";"0";"2015-04-09T00:00:00";"100";"0";"100";"4";"2015";"0";"";"";"1182800";"";"";"";"2864";"5652494";"https://www.camara.leg.br/cota-parlamentar/documentos/publ/2864/2015/5652494.pdf"
"SDD";"";"";"";"2015";"NA";"";"55";"3";"COMBUSTÍVEIS E LUBRIFICANTES.";"1";"Veículos Automotores";"Cascol Combustíveis para Veículos Ltda";"003.065.970/0265-5";"001002";"0";"2015-12-04T00:00:00";"140.69";"0";"140.69";"12";"2015";"0";"";"";"1250800";"";"";"";"2864";"5872068";"https://www.camara.leg.br/cota-parlamentar/documentos/publ/2864/2015/5872068.pdf"
"SDD";"";"";"";"2015";"NA";"";"55";"3";"COMBUSTÍVEIS E LUBRIFICANTES.";"1";"Veículos Automotores";"CASCOL COMBUSTIVEIS PARA VEICULOS LTDA";"003.065.970/0290-6";"007042";"0";"2015-05-25T00:00:00";"75.31";"0";"75.31";"5";"2015";"0";"";"";"1195172";"";"";"";"2864";"5692632";"https://www.camara.leg.br/cota-parlamentar/documentos/publ/2864/2015/5692632.pdf"
"SDD";"";"";"";"2015";"NA";"";"55";"3";"COMBUSTÍVEIS E LUBRIFICANTES.";"1";"Veículos Automotores";"Cascol Combustíveis para Veículos LTDA";"003.065.970/0486-0";"058676";"0";"2015-11-30T00:00:00";"165.02";"0";"165.02";"11";"2015";"0";"";"";"1247159";"";"";"";"2864";"5860982";"https://www.camara.leg.br/cota-parlamentar/documentos/publ/2864/2015/5860982.pdf"
"SDD";"";"";"";"2015";"NA";"";"55";"3";"COMBUSTÍVEIS E LUBRIFICANTES.";"1";"Veículos Automotores";"CASCOL COMBUSTÍVEIS PARA VEÍCULOS LTDA";"003.065.970/0702-9";"010000";"0";"2015-05-02T00:00:00";"152.68";"0";"152.68";"5";"2015";"0";"";"";"1193795";"";"";"";"2864";"5688079";"https://www.camara.leg.br/cota-parlamentar/documentos/publ/2864/2015/5688079.pdf"
"SDD";"";"";"";"2015";"NA";"";"55";"3";"COMBUSTÍVEIS E LUBRIFICANTES.";"1";"Veículos Automotores";"CASCOL COMBUSTIVEIS PARA VEICULOS LTDA";"003.065.970/0915-3";"018503";"0";"2015-10-30T00:00:00";"129.68";"0";"129.68";"10";"2015";"0";"";"";"1241568";"";"";"";"2864";"5838960";"https://www.camara.leg.br/cota-parlamentar/documentos/publ/2864/2015/5838960.pdf"
"SDD";"";"";"";"2015";"NA";"";"55";"3";"COMBUSTÍVEIS E LUBRIFICANTES.";"1";"Veículos Automotores";"CASCOL COMBUSTÍVEIS PARA VEÍCULOS LTDA.";"003.065.970/0630-8";"14074";"0";"2015-04-13T00:00:00";"170.42";"0";"170.42";"4";"2015";"0";"";"";"1182800";"";"";"";"2864";"5653977";"https://www.camara.leg.br/cota-parlamentar/documentos/publ/2864/2015/5653977.pdf"
"SDD";"";"";"";"2015";"NA";"";"55";"3";"COMBUSTÍVEIS E LUBRIFICANTES.";"1";"Veículos Automotores";"Comercial de Combustíveis MAM LTDA.";"107.029.040/0011-2";"154651";"0";"2015-04-10T00:00:00";"160.01";"0";"160.01";"4";"2015";"0";"";"";"1182800";"";"";"";"2864";"5653984";"https://www.camara.leg.br/cota-parlamentar/documentos/publ/2864/2015/5653984.pdf"
"SDD";"";"";"";"2015";"NA";"";"55";"3";"COMBUSTÍVEIS E LUBRIFICANTES.";"1";"Veículos Automotores";"DISTRIBUIDORA BRASÍLIA DE VEÍCULOS S/A";"000.013.880/0022-6";"271840";"0";"2015-04-13T00:00:00";"169.88";"0";"169.88";"4";"2015";"0";"";"";"1188183";"";"";"";"2864";"5671084";"https://www.camara.leg.br/cota-parlamentar/documentos/publ/2864/2015/5671084.pdf"
"SDD";"";"";"";"2015";"NA";"";"55";"3";"COMBUSTÍVEIS E LUBRIFICANTES.";"1";"Veículos Automotores";"DISTRIBUIDORA BRASILIA DE VEICULOS S/A - Posto Disbrave";"000.013.880/0022-6";"232996";"0";"2015-12-17T00:00:00";"176.99";"0";"176.99";"12";"2015";"0";"";"";"1261663";"";"";"";"2864";"5906942";"https://www.camara.leg.br/cota-parlamentar/documentos/publ/2864/2016/5906942.pdf"
"SDD";"";"";"";"2015";"NA";"";"55";"3";"COMBUSTÍVEIS E LUBRIFICANTES.";"1";"Veículos Automotores";"EUROGAS  POSTO DE SERVIÇOS  LTDA.";"036.488.180/0010-3";"059181";"0";"2015-12-20T00:00:00";"250.02";"0";"250.02";"12";"2015";"0";"";"";"1261663";"";"";"";"2864";"5906939";"https://www.camara.leg.br/cota-parlamentar/documentos/publ/2864/2016/5906939.pdf"
"SDD";"";"";"";"2015";"NA";"";"55";"3";"COMBUSTÍVEIS E LUBRIFICANTES.";"1";"Veículos Automotores";"Geopetros Geovani Petróleo e Derivados LTDA";"026.732.280/0017-8";"206588";"0";"2015-03-13T00:00:00";"168.6";"0";"168.6";"3";"2015";"0";"";"";"1175200";"";"";"";"2864";"5629497";"https://www.camara.leg.br/cota-parlamentar/documentos/publ/2864/2015/5629497.pdf"
"SDD";"";"";"";"2015";"NA";"";"55";"3";"COMBUSTÍVEIS E LUBRIFICANTES.";"1";"Veículos Automotores";"PAULO SERGIO SILVA";"725.774.140/0019-9";"252192";"0";"2015-09-10T00:00:00";"169.51";"0";"169.51";"9";"2015";"0";"";"";"1229643";"";"";"";"2864";"5803586";"https://www.camara.leg.br/cota-parlamentar/documentos/publ/2864/2015/5803586.pdf"
"SDD";"";"";"";"2015";"NA";"";"55";"3";"COMBUSTÍVEIS E LUBRIFICANTES.";"1";"Veículos Automotores";"PAULO SERGIO SILVA";"725.774.140/0019-9";"254375";"0";"2015-09-26T00:00:00";"155.87";"0";"155.87";"9";"2015";"0";"";"";"1229643";"";"";"";"2864";"5803590";"https://www.camara.leg.br/cota-parlamentar/documentos/publ/2864/2015/5803590.pdf"
"SDD";"";"";"";"2015";"NA";"";"55";"3";"COMBUSTÍVEIS E LUBRIFICANTES.";"1";"Veículos Automotores";"PAULO SERGIO SILVA";"725.774.140/0019-9";"262902";"0";"2015-11-23T00:00:00";"160";"0";"160";"11";"2015";"0";"";"";"1245761";"";"";"";"2864";"5856295";"https://www.camara.leg.br/cota-parlamentar/documentos/publ/2864/2015/5856295.pdf"
"SDD";"";"";"";"2015";"NA";"";"55";"3";"COMBUSTÍVEIS E LUBRIFICANTES.";"1";"Veículos Automotores";"PAULO SERGIO SILVA";"725.774.140/0019-9";"267538";"0";"2015-12-23T00:00:00";"77.23";"0";"77.23";"12";"2015";"0";"";"";"1261663";"";"";"";"2864";"5906940";"https://www.camara.leg.br/cota-parlamentar/documentos/publ/2864/2016/5906940.pdf"
"SDD";"";"";"";"2015";"NA";"";"55";"3";"COMBUSTÍVEIS E LUBRIFICANTES.";"1";"Veículos Automotores";"POSTO  VIA ESTRUTURAL";"052.461.230/0012-0";"154001";"0";"2015-09-21T00:00:00";"195.83";"0";"195.83";"9";"2015";"0";"";"";"1227683";"";"";"";"2864";"5796529";"https://www.camara.leg.br/cota-parlamentar/documentos/publ/2864/2015/5796529.pdf"
"SDD";"";"";"";"2015";"NA";"";"55";"3";"COMBUSTÍVEIS E LUBRIFICANTES.";"1";"Veículos Automotores";"POSTO 212 LTDA";"005.950.580/0012-5";"115209";"0";"2015-05-03T00:00:00";"168.38";"0";"168.38";"5";"2015";"0";"";"";"1188185";"";"";"";"2864";"5671467";"https://www.camara.leg.br/cota-parlamentar/documentos/publ/2864/2015/5671467.pdf"
"SDD";"";"";"";"2015";"NA";"";"55";"3";"COMBUSTÍVEIS E LUBRIFICANTES.";"1";"Veículos Automotores";"POSTO 212 LTDA";"005.950.580/0012-5";"122145";"0";"2015-05-25T00:00:00";"142.73";"0";"142.73";"5";"2015";"0";"";"";"1195172";"";"";"";"2864";"5692534";"https://www.camara.leg.br/cota-parlamentar/documentos/publ/2864/2015/5692534.pdf"
"SDD";"";"";"";"2015";"NA";"";"55";"3";"COMBUSTÍVEIS E LUBRIFICANTES.";"1";"Veículos Automotores";"POSTO 212 LTDA";"005.950.580/0012-5";"125005";"0";"2015-06-01T00:00:00";"167.67";"0";"167.67";"6";"2015";"0";"";"";"1201461";"";"";"";"2864";"5708189";"https://www.camara.leg.br/cota-parlamentar/documentos/publ/2864/2015/5708189.pdf"
"SDD";"";"";"";"2015";"NA";"";"55";"3";"COMBUSTÍVEIS E LUBRIFICANTES.";"1";"Veículos Automotores";"Posto Alfa Norte -PAULO SERGIO SILVA";"725.774.140/0019-9";"236805";"0";"2015-05-22T00:00:00";"100";"0";"100";"5";"2015";"0";"";"";"1195172";"";"";"";"2864";"5692711";"https://www.camara.leg.br/cota-parlamentar/documentos/publ/2864/2015/5692711.pdf"
"SDD";"";"";"";"2015";"NA";"";"55";"3";"COMBUSTÍVEIS E LUBRIFICANTES.";"1";"Veículos Automotores";"Posto Alfa Norte -PAULO SERGIO SILVA";"725.774.140/0019-9";"239376";"0";"2015-06-12T00:00:00";"159.02";"0";"159.02";"6";"2015";"0";"";"";"1201461";"";"";"";"2864";"5709482";"https://www.camara.leg.br/cota-parlamentar/documentos/publ/2864/2015/5709482.pdf"
"SDD";"";"";"";"2015";"NA";"";"55";"3";"COMBUSTÍVEIS E LUBRIFICANTES.";"1";"Veículos Automotores";"POSTO JT COMERCIO DE DERIVADOS DE PETROLEO LTDA";"371.284.770/0016-7";"027521";"0";"2015-02-26T00:00:00";"172.06";"0";"172.06";"2";"2015";"0";"";"";"1170283";"";"";"";"2864";"5613746";"https://www.camara.leg.br/cota-parlamentar/documentos/publ/2864/2015/5613746.pdf"
"SDD";"";"";"";"2015";"NA";"";"55";"3";"COMBUSTÍVEIS E LUBRIFICANTES.";"1";"Veículos Automotores";"POSTO NOTA 10 LTDA";"007.032.980/0010-4";"284888";"0";"2015-05-16T00:00:00";"153.61";"0";"153.61";"5";"2015";"0";"";"";"1193888";"";"";"";"2864";"5688366";"https://www.camara.leg.br/cota-parlamentar/documentos/publ/2864/2015/5688366.pdf"
"SDD";"";"";"";"2015";"NA";"";"55";"3";"COMBUSTÍVEIS E LUBRIFICANTES.";"1";"Veículos Automotores";"POSTO RODOBELLO LTDA.";"015.593.380/0014-0";"106861";"0";"2015-05-22T00:00:00";"164.72";"0";"164.72";"5";"2015";"0";"";"";"1195172";"";"";"";"2864";"5692530";"https://www.camara.leg.br/cota-parlamentar/documentos/publ/2864/2015/5692530.pdf"
"SDD";"";"";"";"2015";"NA";"";"55";"3";"COMBUSTÍVEIS E LUBRIFICANTES.";"1";"Veículos Automotores";"R13 Original Combustíveis";"206.454.130/0013-0";"016169";"0";"2015-06-04T00:00:00";"151.32";"0";"151.32";"6";"2015";"0";"";"";"1201461";"";"";"";"2864";"5708188";"https://www.camara.leg.br/cota-parlamentar/documentos/publ/2864/2015/5708188.pdf"
"SDD";"";"";"";"2015";"NA";"";"55";"3";"COMBUSTÍVEIS E LUBRIFICANTES.";"1";"Veículos Automotores";"SAO ROQUE COM. VAREJISTA COMBUSTIVEIS";"091.362.230/0015-5";"557181";"0";"2015-06-01T00:00:00";"80";"0";"80";"6";"2015";"0";"";"";"1201461";"";"";"";"2864";"5701425";"https://www.camara.leg.br/cota-parlamentar/documentos/publ/2864/2015/5701425.pdf"
"SDD";"";"";"";"2015";"NA";"";"55";"3";"COMBUSTÍVEIS E LUBRIFICANTES.";"1";"Veículos Automotores";"sindicato dos permissionarios de taxis e motoristas auxiliares do distrito federal";"000.317.080/0029-0";"153005";"0";"2015-05-06T00:00:00";"175.9";"0";"175.9";"5";"2015";"0";"";"";"1191113";"";"";"";"2864";"5679786";"https://www.camara.leg.br/cota-parlamentar/documentos/publ/2864/2015/5679786.pdf"
"SDD";"";"";"";"2015";"NA";"";"55";"3";"COMBUSTÍVEIS E LUBRIFICANTES.";"1";"Veículos Automotores";"sindicato dos permissionarios de taxis e motoristas auxiliares do distrito federal";"000.317.080/0029-0";"153035";"0";"2015-05-20T00:00:00";"167.18";"0";"167.18";"5";"2015";"0";"";"";"1193751";"";"";"";"2864";"5687936";"https://www.camara.leg.br/cota-parlamentar/documentos/publ/2864/2015/5687936.pdf"
"SDD";"";"";"";"2015";"NA";"";"55";"3";"COMBUSTÍVEIS E LUBRIFICANTES.";"1";"Veículos Automotores";"sindicato dos permissionarios de taxis e motoristas auxiliares do distrito federal";"000.317.080/0029-0";"153104";"0";"2015-06-10T00:00:00";"174.81";"0";"174.81";"6";"2015";"0";"";"";"1201461";"";"";"";"2864";"5708355";"https://www.camara.leg.br/cota-parlamentar/documentos/publ/2864/2015/5708355.pdf"
"SDD";"";"";"";"2015";"NA";"";"55";"3";"COMBUSTÍVEIS E LUBRIFICANTES.";"1";"Veículos Automotores";"SINDICATO DOS PERMISSIONARIOS DE TAXIS E MOTORISTAS AUXILIARES DO DISTRITO FEDERAL";"000.317.080/0029-0";"153756";"0";"2015-12-15T00:00:00";"160";"0";"160";"12";"2015";"0";"";"";"1253602";"";"";"";"2864";"5875318";"https://www.camara.leg.br/cota-parlamentar/documentos/publ/2864/2015/5875318.pdf"
"SDD";"";"";"";"2015";"NA";"";"55";"3";"COMBUSTÍVEIS E LUBRIFICANTES.";"1";"Veículos Automotores";"SINDICATO DOS PERMISSIONARIOS DE TAXIS E MOTORISTAS AUXILIARES DO DISTRITO FEDERAL";"000.317.080/0029-0";"153813";"0";"2015-12-29T00:00:00";"150";"0";"150";"12";"2015";"0";"";"";"1261663";"";"";"";"2864";"5906937";"https://www.camara.leg.br/cota-parlamentar/documentos/publ/2864/2016/5906937.pdf"
"SDD";"";"";"";"2015";"NA";"";"55";"3";"COMBUSTÍVEIS E LUBRIFICANTES.";"1";"Veículos Automotores";"SINDICATO DOS PERMISSIONARIOS DE TAXIS E MOTORISTAS AUXILIARES DO DISTRITO FEDERAL";"000.317.080/0029-0";"249383";"0";"2015-11-06T00:00:00";"174.34";"0";"174.34";"11";"2015";"0";"";"";"1243024";"";"";"";"2864";"5842031";"https://www.camara.leg.br/cota-parlamentar/documentos/publ/2864/2015/5842031.pdf"
"SDD";"";"";"";"2015";"NA";"";"55";"3";"COMBUSTÍVEIS E LUBRIFICANTES.";"1";"Veículos Automotores";"SINDICATO DOS PERMISSIONARIOS DE TAXIS E MOTORISTAS AUXILIARES DO DISTRITO FEDERAL";"000.317.080/0029-0";"258033";"0";"2015-11-26T00:00:00";"155.95";"0";"155.95";"11";"2015";"0";"";"";"1247159";"";"";"";"2864";"5860488";"https://www.camara.leg.br/cota-parlamentar/documentos/publ/2864/2015/5860488.pdf"
"SDD";"";"";"";"2015";"NA";"";"55";"3";"COMBUSTÍVEIS E LUBRIFICANTES.";"1";"Veículos Automotores";"SINDICATO DOS PERMISSIONARIOS DE TAXIS E MOTORISTAS AUXILIARES DO DISTRITO FEDERAL";"000.317.080/0029-0";"261124";"0";"2015-12-03T00:00:00";"180.52";"0";"180.52";"12";"2015";"0";"";"";"1250800";"";"";"";"2864";"5872064";"https://www.camara.leg.br/cota-parlamentar/documentos/publ/2864/2015/5872064.pdf"
"SDD";"";"";"";"2015";"NA";"";"55";"3";"COMBUSTÍVEIS E LUBRIFICANTES.";"1";"Veículos Automotores";"SINDICATO DOS PERMISSIONARIOS DE TAXIS E MOTORISTAS AUXILIARES DO DISTRITO FEDERAL";"000.317.080/0029-0";"263808";"0";"2015-12-10T00:00:00";"100";"0";"100";"12";"2015";"0";"";"";"1250800";"";"";"";"2864";"5872065";"https://www.camara.leg.br/cota-parlamentar/documentos/publ/2864/2015/5872065.pdf"
"SDD";"";"";"";"2015";"NA";"";"55";"13";"FORNECIMENTO DE ALIMENTAÇÃO DO PARLAMENTAR";"0";"";"BAR E RESTAURANTE DO ALEMÃO DE BRASÍLIA LTDA";"148.833.290/0015-2";"4826";"0";"2015-12-01T00:00:00";"2350";"0";"2350";"12";"2015";"0";"";"";"1247545";"";"";"";"2864";"5862036";"https://www.camara.leg.br/cota-parlamentar/documentos/publ/2864/2015/5862036.pdf"
"SDD";"";"";"";"2015";"NA";"";"55";"13";"FORNECIMENTO DE ALIMENTAÇÃO DO PARLAMENTAR";"0";"";"BAR E RESTAURANTE DO ALEMÃO DE BRASÍLIA LTDA";"148.833.290/0015-2";"4897";"0";"2015-12-15T00:00:00";"2100";"0";"2100";"12";"2015";"0";"";"";"1253603";"";"";"";"2864";"5877621";"https://www.camara.leg.br/cota-parlamentar/documentos/publ/2864/2015/5877621.pdf"
"SDD";"";"";"";"2015";"NA";"";"55";"13";"FORNECIMENTO DE ALIMENTAÇÃO DO PARLAMENTAR";"0";"";"BAR E RESTAURANTE DO ALEMÃO DE BRASÍLIA LTDA";"148.833.290/0015-2";"4916";"0";"2015-12-16T00:00:00";"1770.63";"0";"1770.63";"12";"2015";"0";"";"";"1253603";"";"";"";"2864";"5880434";"https://www.camara.leg.br/cota-parlamentar/documentos/publ/2864/2015/5880434.pdf"
"SDD";"";"";"";"2015";"NA";"";"55";"13";"FORNECIMENTO DE ALIMENTAÇÃO DO PARLAMENTAR";"0";"";"Biscoitos Caseiros";"046.448.200/0017-7";"3259";"0";"2015-04-28T00:00:00";"113.2";"0";"113.2";"4";"2015";"0";"";"";"1187995";"";"";"";"2864";"5670884";"https://www.camara.leg.br/cota-parlamentar/documentos/publ/2864/2015/5670884.pdf"
"SDD";"";"";"";"2015";"NA";"";"55";"13";"FORNECIMENTO DE ALIMENTAÇÃO DO PARLAMENTAR";"0";"";"Biscoitos Caseiros";"046.448.200/0017-7";"3294";"0";"2015-05-05T00:00:00";"114.04";"0";"114.04";"5";"2015";"0";"";"";"1188578";"";"";"";"2864";"5672613";"https://www.camara.leg.br/cota-parlamentar/documentos/publ/2864/2015/5672613.pdf"
"SDD";"";"";"";"2015";"NA";"";"55";"13";"FORNECIMENTO DE ALIMENTAÇÃO DO PARLAMENTAR";"0";"";"FABRICA DOS BOLOS";"181.201.500/0010-2";"0708";"0";"2015-06-01T00:00:00";"12";"0";"12";"6";"2015";"0";"";"";"1200246";"";"";"";"2864";"5700423";"https://www.camara.leg.br/cota-parlamentar/documentos/publ/2864/2015/5700423.pdf"
"SDD";"";"";"";"2015";"NA";"";"55";"13";"FORNECIMENTO DE ALIMENTAÇÃO DO PARLAMENTAR";"0";"";"FABRICA DOS BOLOS";"181.201.500/0010-2";"0711";"0";"2015-06-10T00:00:00";"12";"0";"12";"6";"2015";"0";"";"";"1200246";"";"";"";"2864";"5707856";"https://www.camara.leg.br/cota-parlamentar/documentos/publ/2864/2015/5707856.pdf"
"SDD";"";"";"";"2015";"NA";"";"55";"13";"FORNECIMENTO DE ALIMENTAÇÃO DO PARLAMENTAR";"0";"";"G E G PANIFICAÇÃO LTDA";"055.895.680/0010-3";"113";"0";"2015-04-23T00:00:00";"210";"0";"210";"4";"2015";"0";"";"";"1187999";"";"";"";"2864";"5671049";"https://www.camara.leg.br/cota-parlamentar/documentos/publ/2864/2015/5671049.pdf"
"SDD";"";"";"";"2015";"NA";"";"55";"13";"FORNECIMENTO DE ALIMENTAÇÃO DO PARLAMENTAR";"0";"";"IBS - INDÚSTRIA E COMÉRCIO VAREJISTA DE SALGADOS LTDA";"215.500.560/0019-0";"2146";"0";"2015-08-18T00:00:00";"473.3";"0";"473.3";"8";"2015";"0";"";"";"1219004";"";"";"";"2864";"5767545";"https://www.camara.leg.br/cota-parlamentar/documentos/publ/2864/2015/5767545.pdf"
"SDD";"";"";"";"2015";"NA";"";"55";"13";"FORNECIMENTO DE ALIMENTAÇÃO DO PARLAMENTAR";"0";"";"POP FESTAS E LANCHES FINOS LTDA ME";"379.786.810/0033-9";"2241";"0";"2015-05-12T00:00:00";"280.44";"0";"280.44";"5";"2015";"0";"";"";"1191140";"";"";"";"2864";"5679885";"https://www.camara.leg.br/cota-parlamentar/documentos/publ/2864/2015/5679885.pdf"
"SDD";"";"";"";"2015";"NA";"";"55";"13";"FORNECIMENTO DE ALIMENTAÇÃO DO PARLAMENTAR";"0";"";"POP FESTAS E LANCHES FINOS LTDA ME";"379.786.810/0033-9";"2243";"0";"2015-05-19T00:00:00";"261.5";"0";"261.5";"5";"2015";"0";"";"";"1193748";"";"";"";"2864";"5687935";"https://www.camara.leg.br/cota-parlamentar/documentos/publ/2864/2015/5687935.pdf"
"SDD";"";"";"";"2015";"NA";"";"55";"13";"FORNECIMENTO DE ALIMENTAÇÃO DO PARLAMENTAR";"0";"";"SABOR GLACÊ CONFEITARIA LTDA";"078.102.580/0010-0";"17694";"0";"2015-08-19T00:00:00";"241";"0";"241";"8";"2015";"0";"";"";"1219000";"";"";"";"2864";"5767544";"https://www.camara.leg.br/cota-parlamentar/documentos/publ/2864/2015/5767544.pdf"
"SDD";"";"";"";"2015";"NA";"";"55";"13";"FORNECIMENTO DE ALIMENTAÇÃO DO PARLAMENTAR";"0";"";"SABOR GLACÊ CONFEITARIA LTDA";"078.102.580/0010-0";"17750";"0";"2015-10-06T00:00:00";"119";"0";"119";"10";"2015";"0";"";"";"1231782";"";"";"";"2864";"5810644";"https://www.camara.leg.br/cota-parlamentar/documentos/publ/2864/2015/5810644.pdf"
"SDD";"";"";"";"2015";"NA";"";"55";"13";"FORNECIMENTO DE ALIMENTAÇÃO DO PARLAMENTAR";"0";"";"SABOR GLACÊ CONFEITARIA LTDA";"078.102.580/0010-0";"17751";"0";"2015-10-06T00:00:00";"62";"0";"62";"10";"2015";"0";"";"";"1231782";"";"";"";"2864";"5810649";"https://www.camara.leg.br/cota-parlamentar/documentos/publ/2864/2015/5810649.pdf"
"SDD";"";"";"";"2015";"NA";"";"55";"13";"FORNECIMENTO DE ALIMENTAÇÃO DO PARLAMENTAR";"0";"";"SABOR GLACÊ CONFEITARIA LTDA";"078.102.580/0010-0";"17755";"0";"2015-10-13T00:00:00";"173";"0";"173";"10";"2015";"0";"";"";"1236023";"";"";"";"2864";"5824439";"https://www.camara.leg.br/cota-parlamentar/documentos/publ/2864/2015/5824439.pdf"
"SDD";"";"";"";"2015";"NA";"";"55";"13";"FORNECIMENTO DE ALIMENTAÇÃO DO PARLAMENTAR";"0";"";"SABOR GLACÊ CONFEITARIA LTDA";"078.102.580/0010-0";"17761";"0";"2015-10-21T00:00:00";"124";"0";"124";"10";"2015";"0";"";"";"1236023";"";"";"";"2864";"5824440";"https://www.camara.leg.br/cota-parlamentar/documentos/publ/2864/2015/5824440.pdf"
"SDD";"";"";"";"2015";"NA";"";"55";"13";"FORNECIMENTO DE ALIMENTAÇÃO DO PARLAMENTAR";"0";"";"SABOR GLACÊ CONFEITARIA LTDA";"078.102.580/0010-0";"17764";"0";"2015-10-27T00:00:00";"190";"0";"190";"10";"2015";"0";"";"";"1238967";"";"";"";"2864";"5828973";"https://www.camara.leg.br/cota-parlamentar/documentos/publ/2864/2015/5828973.pdf"
"SDD";"";"";"";"2015";"NA";"";"55";"13";"FORNECIMENTO DE ALIMENTAÇÃO DO PARLAMENTAR";"0";"";"SABOR GLACÊ CONFEITARIA LTDA";"078.102.580/0010-0";"17767";"0";"2015-11-05T00:00:00";"392";"0";"392";"11";"2015";"0";"";"";"1243025";"";"";"";"2864";"5843647";"https://www.camara.leg.br/cota-parlamentar/documentos/publ/2864/2015/5843647.pdf"
"SDD";"";"";"";"2015";"NA";"";"55";"13";"FORNECIMENTO DE ALIMENTAÇÃO DO PARLAMENTAR";"0";"";"SABOR GLACÊ CONFEITARIA LTDA";"078.102.580/0010-0";"17775";"0";"2015-11-10T00:00:00";"183";"0";"183";"11";"2015";"0";"";"";"1243024";"";"";"";"2864";"5842052";"https://www.camara.leg.br/cota-parlamentar/documentos/publ/2864/2015/5842052.pdf"
"SDD";"";"";"";"2015";"NA";"";"55";"13";"FORNECIMENTO DE ALIMENTAÇÃO DO PARLAMENTAR";"0";"";"SABOR GLACÊ CONFEITARIA LTDA";"078.102.580/0010-0";"17776";"0";"2015-11-11T00:00:00";"206";"0";"206";"11";"2015";"0";"";"";"1243024";"";"";"";"2864";"5846971";"https://www.camara.leg.br/cota-parlamentar/documentos/publ/2864/2015/5846971.pdf"
"SDD";"";"";"";"2015";"NA";"";"55";"13";"FORNECIMENTO DE ALIMENTAÇÃO DO PARLAMENTAR";"0";"";"SABOR GLACÊ CONFEITARIA LTDA";"078.102.580/0010-0";"17780";"0";"2015-11-17T00:00:00";"188";"0";"188";"11";"2015";"0";"";"";"1245761";"";"";"";"2864";"5855993";"https://www.camara.leg.br/cota-parlamentar/documentos/publ/2864/2015/5855993.pdf"
"SDD";"";"";"";"2015";"NA";"";"55";"13";"FORNECIMENTO DE ALIMENTAÇÃO DO PARLAMENTAR";"0";"";"SABOR GLACÊ CONFEITARIA LTDA";"078.102.580/0010-0";"17781";"0";"2015-11-24T00:00:00";"190";"0";"190";"11";"2015";"0";"";"";"1245761";"";"";"";"2864";"5855990";"https://www.camara.leg.br/cota-parlamentar/documentos/publ/2864/2015/5855990.pdf"
"SDD";"";"";"";"2015";"NA";"";"55";"13";"FORNECIMENTO DE ALIMENTAÇÃO DO PARLAMENTAR";"0";"";"SABOR GLACÊ CONFEITARIA LTDA";"078.102.580/0010-0";"17788";"0";"2015-12-01T00:00:00";"190";"0";"190";"12";"2015";"0";"";"";"1247078";"";"";"";"2864";"5860778";"https://www.camara.leg.br/cota-parlamentar/documentos/publ/2864/2015/5860778.pdf"
"SDD";"";"";"";"2015";"NA";"";"55";"13";"FORNECIMENTO DE ALIMENTAÇÃO DO PARLAMENTAR";"0";"";"SABOR GLACÊ CONFEITARIA LTDA";"078.102.580/0010-0";"17799";"0";"2015-12-08T00:00:00";"188";"0";"188";"12";"2015";"0";"";"";"1250800";"";"";"";"2864";"5872061";"https://www.camara.leg.br/cota-parlamentar/documentos/publ/2864/2015/5872061.pdf"
"SDD";"";"";"";"2015";"NA";"";"55";"13";"FORNECIMENTO DE ALIMENTAÇÃO DO PARLAMENTAR";"0";"";"SABOR GLACÊ CONFEITARIA LTDA";"078.102.580/0010-0";"17805";"0";"2015-12-16T00:00:00";"187.25";"0";"187.25";"12";"2015";"0";"";"";"1253602";"";"";"";"2864";"5880430";"https://www.camara.leg.br/cota-parlamentar/documentos/publ/2864/2015/5880430.pdf"
"SDD";"";"";"";"2015";"NA";"";"55";"13";"FORNECIMENTO DE ALIMENTAÇÃO DO PARLAMENTAR";"0";"";"SENAC";"334.691.720/0067-2";"0768";"0";"2015-09-01T00:00:00";"58";"0";"58";"9";"2015";"0";"";"";"1221941";"";"";"";"2864";"5778104";"https://www.camara.leg.br/cota-parlamentar/documentos/publ/2864/2015/5778104.pdf"
"SDD";"";"";"";"2015";"NA";"";"55";"13";"FORNECIMENTO DE ALIMENTAÇÃO DO PARLAMENTAR";"0";"";"SENAC";"334.691.720/0067-2";"0775";"0";"2015-09-29T00:00:00";"58";"0";"58";"9";"2015";"0";"";"";"1229621";"";"";"";"2864";"5803542";"https://www.camara.leg.br/cota-parlamentar/documentos/publ/2864/2015/5803542.pdf"
"SDD";"";"";"";"2015";"NA";"";"55";"13";"FORNECIMENTO DE ALIMENTAÇÃO DO PARLAMENTAR";"0";"";"SENAC";"334.691.720/0067-2";"0780";"0";"2015-10-27T00:00:00";"58";"0";"58";"10";"2015";"0";"";"";"1238967";"";"";"";"2864";"5828980";"https://www.camara.leg.br/cota-parlamentar/documentos/publ/2864/2015/5828980.pdf"
"SDD";"";"";"";"2015";"NA";"";"55";"13";"FORNECIMENTO DE ALIMENTAÇÃO DO PARLAMENTAR";"0";"";"SENAC - COMP. ADM. CAM. DEP. ANEXO IV 10º ANDAR";"334.691.720/0164-4";"101";"0";"2015-03-16T00:00:00";"1751.4";"0";"1751.4";"3";"2015";"0";"";"";"1175199";"";"";"";"2864";"5628588";"https://www.camara.leg.br/cota-parlamentar/documentos/publ/2864/2015/5628588.pdf"
"SDD";"";"";"";"2015";"NA";"";"55";"13";"FORNECIMENTO DE ALIMENTAÇÃO DO PARLAMENTAR";"0";"";"SENAC - serviço de Nacional de aprendizagem comercial";"334.691.720/0067-2";"0781";"0";"2015-11-03T00:00:00";"58";"0";"58";"11";"2015";"0";"";"";"1238970";"";"";"";"2864";"5834406";"https://www.camara.leg.br/cota-parlamentar/documentos/publ/2864/2015/5834406.pdf"
"SDD";"";"";"";"2015";"NA";"";"55";"13";"FORNECIMENTO DE ALIMENTAÇÃO DO PARLAMENTAR";"0";"";"SENAC - SERVIÇO NACIONAL DE APRENDIZAGEM COMERCIAL";"334.691.720/0067-2";"0782";"0";"2015-11-10T00:00:00";"58";"0";"58";"11";"2015";"0";"";"";"1243024";"";"";"";"2864";"5842048";"https://www.camara.leg.br/cota-parlamentar/documentos/publ/2864/2015/5842048.pdf"
"SDD";"";"";"";"2015";"NA";"";"55";"13";"FORNECIMENTO DE ALIMENTAÇÃO DO PARLAMENTAR";"0";"";"SERV. NAC. DE APRENDIZAGEM COMERCIAL - SENAC";"334.691.720/0067-2";"0670";"0";"2015-03-10T00:00:00";"121";"0";"121";"3";"2015";"0";"";"";"1174117";"";"";"";"2864";"5624898";"https://www.camara.leg.br/cota-parlamentar/documentos/publ/2864/2015/5624898.pdf"
"SDD";"";"";"";"2015";"NA";"";"55";"13";"FORNECIMENTO DE ALIMENTAÇÃO DO PARLAMENTAR";"0";"";"SERV. NAC. DE APRENDIZAGEM COMERCIAL - SENAC";"334.691.720/0067-2";"0672";"0";"2015-03-11T00:00:00";"160";"0";"160";"3";"2015";"0";"";"";"1174117";"";"";"";"2864";"5625850";"https://www.camara.leg.br/cota-parlamentar/documentos/publ/2864/2015/5625850.pdf"
"SDD";"";"";"";"2015";"NA";"";"55";"13";"FORNECIMENTO DE ALIMENTAÇÃO DO PARLAMENTAR";"0";"";"SERV. NAC. DE APRENDIZAGEM COMERCIAL - SENAC";"334.691.720/0067-2";"0673";"0";"2015-03-17T00:00:00";"109";"0";"109";"3";"2015";"0";"";"";"1175477";"";"";"";"2864";"5630277";"https://www.camara.leg.br/cota-parlamentar/documentos/publ/2864/2015/5630277.pdf"
"SDD";"";"";"";"2015";"NA";"";"55";"13";"FORNECIMENTO DE ALIMENTAÇÃO DO PARLAMENTAR";"0";"";"SERV. NAC. DE APRENDIZAGEM COMERCIAL - SENAC";"334.691.720/0067-2";"0754";"0";"2015-05-05T00:00:00";"87";"0";"87";"5";"2015";"0";"";"";"1188578";"";"";"";"2864";"5672602";"https://www.camara.leg.br/cota-parlamentar/documentos/publ/2864/2015/5672602.pdf"
"SDD";"";"";"";"2015";"NA";"";"55";"13";"FORNECIMENTO DE ALIMENTAÇÃO DO PARLAMENTAR";"0";"";"SERV. NAC. DE APRENDIZAGEM COMERCIAL - SENAC";"334.691.720/0067-2";"0755";"0";"2015-05-12T00:00:00";"81.2";"0";"81.2";"5";"2015";"0";"";"";"1191148";"";"";"";"2864";"5679910";"https://www.camara.leg.br/cota-parlamentar/documentos/publ/2864/2015/5679910.pdf"
"SDD";"";"";"";"2015";"NA";"";"55";"13";"FORNECIMENTO DE ALIMENTAÇÃO DO PARLAMENTAR";"0";"";"SERV. NAC. DE APRENDIZAGEM COMERCIAL - SENAC";"334.691.720/0067-2";"0756";"0";"2015-05-19T00:00:00";"63.8";"0";"63.8";"5";"2015";"0";"";"";"1193749";"";"";"";"2864";"5687929";"https://www.camara.leg.br/cota-parlamentar/documentos/publ/2864/2015/5687929.pdf"
"SDD";"";"";"";"2015";"NA";"";"55";"13";"FORNECIMENTO DE ALIMENTAÇÃO DO PARLAMENTAR";"0";"";"SERV. NAC. DE APRENDIZAGEM COMERCIAL - SENAC";"334.691.720/0067-2";"0757";"0";"2015-05-26T00:00:00";"228.6";"0";"228.6";"5";"2015";"0";"";"";"1195113";"";"";"";"2864";"5692516";"https://www.camara.leg.br/cota-parlamentar/documentos/publ/2864/2015/5692516.pdf"
"SDD";"";"";"";"2015";"NA";"";"55";"13";"FORNECIMENTO DE ALIMENTAÇÃO DO PARLAMENTAR";"0";"";"SERV. NAC. DE APRENDIZAGEM COMERCIAL - SENAC";"334.691.720/0067-2";"0758";"0";"2015-05-26T00:00:00";"13.8";"0";"13.8";"5";"2015";"0";"";"";"1195115";"";"";"";"2864";"5692520";"https://www.camara.leg.br/cota-parlamentar/documentos/publ/2864/2015/5692520.pdf"
"SDD";"";"";"";"2015";"NA";"";"55";"13";"FORNECIMENTO DE ALIMENTAÇÃO DO PARLAMENTAR";"0";"";"SERV. NAC. DE APRENDIZAGEM COMERCIAL - SENAC";"334.691.720/0067-2";"110610";"0";"2015-03-03T00:00:00";"100";"0";"100";"3";"2015";"0";"";"";"1171047";"";"";"";"2864";"5616723";"https://www.camara.leg.br/cota-parlamentar/documentos/publ/2864/2015/5616723.pdf"
"SDD";"";"";"";"2015";"NA";"";"55";"13";"FORNECIMENTO DE ALIMENTAÇÃO DO PARLAMENTAR";"0";"";"SERV. NAC. DE APRENDIZAGEM COMERCIAL - SENAC";"334.691.720/0067-2";"117927";"0";"2015-03-30T00:00:00";"128";"0";"128";"3";"2015";"0";"";"";"1178832";"";"";"";"2864";"5641602";"https://www.camara.leg.br/cota-parlamentar/documentos/publ/2864/2015/5641602.pdf"
"SDD";"";"";"";"2015";"NA";"";"55";"13";"FORNECIMENTO DE ALIMENTAÇÃO DO PARLAMENTAR";"0";"";"SERV. NAC. DE APRENDIZAGEM COMERCIAL - SENAC";"334.691.720/0067-2";"2";"0";"2015-04-28T00:00:00";"75";"0";"75";"4";"2015";"0";"";"";"1187995";"";"";"";"2864";"5670925";"https://www.camara.leg.br/cota-parlamentar/documentos/publ/2864/2015/5670925.pdf"
"SDD";"";"";"";"2015";"NA";"";"55";"13";"FORNECIMENTO DE ALIMENTAÇÃO DO PARLAMENTAR";"0";"";"SERVICO NAC. DE APRENDIZAGEM COMERCIAL - SENAC";"334.691.720/0067-2";"0777";"0";"2015-10-06T00:00:00";"76.8";"0";"76.8";"10";"2015";"0";"";"";"1231782";"";"";"";"2864";"5810637";"https://www.camara.leg.br/cota-parlamentar/documentos/publ/2864/2015/5810637.pdf"
"SDD";"";"";"";"2015";"NA";"";"55";"13";"FORNECIMENTO DE ALIMENTAÇÃO DO PARLAMENTAR";"0";"";"SERVICO NAC. DE APRENDIZAGEM COMERCIAL - SENAC";"334.691.720/0067-2";"0778";"0";"2015-10-13T00:00:00";"58";"0";"58";"10";"2015";"0";"";"";"1236023";"";"";"";"2864";"5824445";"https://www.camara.leg.br/cota-parlamentar/documentos/publ/2864/2015/5824445.pdf"
"SDD";"";"";"";"2015";"NA";"";"55";"13";"FORNECIMENTO DE ALIMENTAÇÃO DO PARLAMENTAR";"0";"";"SERVICO NAC. DE APRENDIZAGEM COMERCIAL - SENAC";"334.691.720/0067-2";"0779";"0";"2015-10-20T00:00:00";"58";"0";"58";"10";"2015";"0";"";"";"1236023";"";"";"";"2864";"5824444";"https://www.camara.leg.br/cota-parlamentar/documentos/publ/2864/2015/5824444.pdf"
"SDD";"";"";"";"2015";"NA";"";"55";"13";"FORNECIMENTO DE ALIMENTAÇÃO DO PARLAMENTAR";"0";"";"SERVIÇO NACIONAL DE APRENDIZAGEM  COMERCIAL - SENAC";"334.691.720/0067-2";"0769";"0";"2015-08-04T00:00:00";"86.2";"0";"86.2";"8";"2015";"0";"";"";"1216948";"";"";"";"2864";"5760659";"https://www.camara.leg.br/cota-parlamentar/documentos/publ/2864/2015/5760659.pdf"
"SDD";"";"";"";"2015";"NA";"";"55";"13";"FORNECIMENTO DE ALIMENTAÇÃO DO PARLAMENTAR";"0";"";"SERVIÇO NACIONAL DE APRENDIZAGEM  COMERCIAL - SENAC";"334.691.720/0067-2";"0771";"0";"2015-08-11T00:00:00";"86.2";"0";"86.2";"8";"2015";"0";"";"";"1216948";"";"";"";"2864";"5760663";"https://www.camara.leg.br/cota-parlamentar/documentos/publ/2864/2015/5760663.pdf"
"SDD";"";"";"";"2015";"NA";"";"55";"13";"FORNECIMENTO DE ALIMENTAÇÃO DO PARLAMENTAR";"0";"";"SERVIÇO NACIONAL DE APRENDIZAGEM  COMERCIAL - SENAC";"334.691.720/0067-2";"0772";"0";"2015-08-25T00:00:00";"58";"0";"58";"8";"2015";"0";"";"";"1219915";"";"";"";"2864";"5771031";"https://www.camara.leg.br/cota-parlamentar/documentos/publ/2864/2015/5771031.pdf"
"SDD";"";"";"";"2015";"NA";"";"55";"13";"FORNECIMENTO DE ALIMENTAÇÃO DO PARLAMENTAR";"0";"";"SERVIÇO NACIONAL DE APRENDIZAGEM COMERCIAL - SENAC";"334.691.720/0067-2";"0759";"0";"2015-06-01T00:00:00";"58";"0";"58";"6";"2015";"0";"";"";"1200246";"";"";"";"2864";"5700427";"https://www.camara.leg.br/cota-parlamentar/documentos/publ/2864/2015/5700427.pdf"
"SDD";"";"";"";"2015";"NA";"";"55";"13";"FORNECIMENTO DE ALIMENTAÇÃO DO PARLAMENTAR";"0";"";"SERVIÇO NACIONAL DE APRENDIZAGEM COMERCIAL - SENAC";"334.691.720/0067-2";"0760";"0";"2015-06-10T00:00:00";"69.6";"0";"69.6";"6";"2015";"0";"";"";"1200246";"";"";"";"2864";"5707849";"https://www.camara.leg.br/cota-parlamentar/documentos/publ/2864/2015/5707849.pdf"
"SDD";"";"";"";"2015";"NA";"";"55";"13";"FORNECIMENTO DE ALIMENTAÇÃO DO PARLAMENTAR";"0";"";"SERVIÇO NACIONAL DE APRENDIZAGEM COMERCIAL - SENAC";"334.691.720/0067-2";"0761";"0";"2015-06-16T00:00:00";"75.4";"0";"75.4";"6";"2015";"0";"";"";"1207531";"";"";"";"2864";"5711185";"https://www.camara.leg.br/cota-parlamentar/documentos/publ/2864/2015/5711185.pdf"
"SDD";"";"";"";"2015";"NA";"";"55";"13";"FORNECIMENTO DE ALIMENTAÇÃO DO PARLAMENTAR";"0";"";"SERVIÇO NACIONAL DE APRENDIZAGEM COMERCIAL - SENAC";"334.691.720/0067-2";"0764";"0";"2015-06-30T00:00:00";"108.3";"0";"108.3";"6";"2015";"0";"";"";"1207531";"";"";"";"2864";"5730224";"https://www.camara.leg.br/cota-parlamentar/documentos/publ/2864/2015/5730224.pdf"
"SDD";"";"";"";"2015";"NA";"";"55";"13";"FORNECIMENTO DE ALIMENTAÇÃO DO PARLAMENTAR";"0";"";"SERVIÇO NACIONAL DE APRENDIZAGEM COMERCIAL - SENAC";"334.691.720/0067-2";"0765";"0";"2015-07-07T00:00:00";"81.5";"0";"81.5";"7";"2015";"0";"";"";"1207532";"";"";"";"2864";"5730226";"https://www.camara.leg.br/cota-parlamentar/documentos/publ/2864/2015/5730226.pdf"
"SDD";"";"";"";"2015";"NA";"";"55";"13";"FORNECIMENTO DE ALIMENTAÇÃO DO PARLAMENTAR";"0";"";"SERVIÇO NACIONAL DE APRENDIZAGEM COMERCIAL - SENAC";"334.691.720/0067-2";"0773";"0";"2015-09-15T00:00:00";"58";"0";"58";"9";"2015";"0";"";"";"1229621";"";"";"";"2864";"5795721";"https://www.camara.leg.br/cota-parlamentar/documentos/publ/2864/2015/5795721.pdf"
"SDD";"";"";"";"2015";"NA";"";"55";"13";"FORNECIMENTO DE ALIMENTAÇÃO DO PARLAMENTAR";"0";"";"SERVIÇO NACIONAL DE APRENDIZAGEM COMERCIAL - SENAC";"334.691.720/0067-2";"0774";"0";"2015-09-22T00:00:00";"58";"0";"58";"9";"2015";"0";"";"";"1229621";"";"";"";"2864";"5797138";"https://www.camara.leg.br/cota-parlamentar/documentos/publ/2864/2015/5797138.pdf"
"SDD";"";"";"";"2015";"NA";"";"55";"13";"FORNECIMENTO DE ALIMENTAÇÃO DO PARLAMENTAR";"0";"";"SERVIÇO NACIONAL DE APRENDIZAGEM COMERCIAL - SENAC";"334.691.720/0067-2";"0788";"0";"2015-12-08T00:00:00";"58";"0";"58";"12";"2015";"0";"";"";"1250800";"";"";"";"2864";"5872063";"https://www.camara.leg.br/cota-parlamentar/documentos/publ/2864/2015/5872063.pdf"
"SDD";"";"";"";"2015";"NA";"";"55";"13";"FORNECIMENTO DE ALIMENTAÇÃO DO PARLAMENTAR";"0";"";"SERVICO NACIONAL DE APRENDIZAGEM COMERCIAL SENAC";"334.691.720/0067-2";"0783";"0";"2015-11-17T00:00:00";"58";"0";"58";"11";"2015";"0";"";"";"1245761";"";"";"";"2864";"5856003";"https://www.camara.leg.br/cota-parlamentar/documentos/publ/2864/2015/5856003.pdf"
"SDD";"";"";"";"2015";"NA";"";"55";"13";"FORNECIMENTO DE ALIMENTAÇÃO DO PARLAMENTAR";"0";"";"SERVICO NACIONAL DE APRENDIZAGEM COMERCIAL SENAC";"334.691.720/0067-2";"0784";"0";"2015-11-24T00:00:00";"58";"0";"58";"11";"2015";"0";"";"";"1245761";"";"";"";"2864";"5855999";"https://www.camara.leg.br/cota-parlamentar/documentos/publ/2864/2015/5855999.pdf"
"SDD";"";"";"";"2015";"NA";"";"55";"13";"FORNECIMENTO DE ALIMENTAÇÃO DO PARLAMENTAR";"0";"";"SERVICO NACIONAL DE APRENDIZAGEM COMERCIAL SENAC";"334.691.720/0067-2";"0787";"0";"2015-12-01T00:00:00";"58";"0";"58";"12";"2015";"0";"";"";"1247078";"";"";"";"2864";"5860784";"https://www.camara.leg.br/cota-parlamentar/documentos/publ/2864/2015/5860784.pdf"
"SDD";"";"";"";"2015";"NA";"";"55";"13";"FORNECIMENTO DE ALIMENTAÇÃO DO PARLAMENTAR";"0";"";"TORTERIA DI LORENZA";"083.426.530/0016-0";"02305";"0";"2015-06-01T00:00:00";"159.25";"0";"159.25";"6";"2015";"0";"";"";"1200246";"";"";"";"2864";"5700430";"https://www.camara.leg.br/cota-parlamentar/documentos/publ/2864/2015/5700430.pdf"
"SDD";"";"";"";"2015";"NA";"";"55";"13";"FORNECIMENTO DE ALIMENTAÇÃO DO PARLAMENTAR";"0";"";"TORTERIA DI LORENZA";"083.426.530/0016-0";"02306";"0";"2015-06-01T00:00:00";"21.9";"0";"21.9";"6";"2015";"0";"";"";"1200246";"";"";"";"2864";"5700434";"https://www.camara.leg.br/cota-parlamentar/documentos/publ/2864/2015/5700434.pdf"
"SDD";"";"";"";"2015";"NA";"";"55";"13";"FORNECIMENTO DE ALIMENTAÇÃO DO PARLAMENTAR";"0";"";"TORTERIA DI LORENZA";"083.426.530/0016-0";"02307";"0";"2015-06-10T00:00:00";"172.05";"0";"172.05";"6";"2015";"0";"";"";"1200246";"";"";"";"2864";"5707862";"https://www.camara.leg.br/cota-parlamentar/documentos/publ/2864/2015/5707862.pdf"
"SDD";"";"";"";"2015";"NA";"";"55";"13";"FORNECIMENTO DE ALIMENTAÇÃO DO PARLAMENTAR";"0";"";"TORTERIA DI LORENZA";"083.426.530/0016-0";"02309";"0";"2015-06-16T00:00:00";"122.6";"0";"122.6";"6";"2015";"0";"";"";"1207531";"";"";"";"2864";"5711190";"https://www.camara.leg.br/cota-parlamentar/documentos/publ/2864/2015/5711190.pdf"
"SDD";"";"";"";"2015";"NA";"";"55";"13";"FORNECIMENTO DE ALIMENTAÇÃO DO PARLAMENTAR";"0";"";"TORTERIA DI LORENZA";"083.426.530/0016-0";"02313";"0";"2015-06-30T00:00:00";"104.9";"0";"104.9";"6";"2015";"0";"";"";"1207531";"";"";"";"2864";"5730214";"https://www.camara.leg.br/cota-parlamentar/documentos/publ/2864/2015/5730214.pdf"
"SDD";"";"";"";"2015";"NA";"";"55";"13";"FORNECIMENTO DE ALIMENTAÇÃO DO PARLAMENTAR";"0";"";"TORTERIA DI LORENZA";"083.426.530/0016-0";"02314";"0";"2015-07-07T00:00:00";"120";"0";"120";"7";"2015";"0";"";"";"1207532";"";"";"";"2864";"5731023";"https://www.camara.leg.br/cota-parlamentar/documentos/publ/2864/2015/5731023.pdf"
"SDD";"";"";"";"2015";"NA";"";"55";"13";"FORNECIMENTO DE ALIMENTAÇÃO DO PARLAMENTAR";"0";"";"TORTERIA DI LORENZA";"083.426.530/0016-0";"02317";"0";"2015-08-04T00:00:00";"143.7";"0";"143.7";"8";"2015";"0";"";"";"1216948";"";"";"";"2864";"5760650";"https://www.camara.leg.br/cota-parlamentar/documentos/publ/2864/2015/5760650.pdf"
"SDD";"";"";"";"2015";"NA";"";"55";"13";"FORNECIMENTO DE ALIMENTAÇÃO DO PARLAMENTAR";"0";"";"TORTERIA DI LORENZA";"083.426.530/0016-0";"02320";"0";"2015-08-11T00:00:00";"131.7";"0";"131.7";"8";"2015";"0";"";"";"1216948";"";"";"";"2864";"5760654";"https://www.camara.leg.br/cota-parlamentar/documentos/publ/2864/2015/5760654.pdf"
"SDD";"";"";"";"2015";"NA";"";"55";"13";"FORNECIMENTO DE ALIMENTAÇÃO DO PARLAMENTAR";"0";"";"TORTERIA DI LORENZA";"083.426.530/0016-0";"02323";"0";"2015-08-25T00:00:00";"100.5";"0";"100.5";"8";"2015";"0";"";"";"1219915";"";"";"";"2864";"5771023";"https://www.camara.leg.br/cota-parlamentar/documentos/publ/2864/2015/5771023.pdf"
"SDD";"";"";"";"2015";"NA";"";"55";"13";"FORNECIMENTO DE ALIMENTAÇÃO DO PARLAMENTAR";"0";"";"TORTERIA DI LORENZA";"083.426.530/0016-0";"02324";"0";"2015-09-01T00:00:00";"96";"0";"96";"9";"2015";"0";"";"";"1221941";"";"";"";"2864";"5778099";"https://www.camara.leg.br/cota-parlamentar/documentos/publ/2864/2015/5778099.pdf"
"SDD";"";"";"";"2015";"NA";"";"55";"13";"FORNECIMENTO DE ALIMENTAÇÃO DO PARLAMENTAR";"0";"";"TORTERIA DI LORENZA";"083.426.530/0016-0";"02325";"0";"2015-09-01T00:00:00";"30.5";"0";"30.5";"9";"2015";"0";"";"";"1221941";"";"";"";"2864";"5778096";"https://www.camara.leg.br/cota-parlamentar/documentos/publ/2864/2015/5778096.pdf"
"SDD";"";"";"";"2015";"NA";"";"55";"13";"FORNECIMENTO DE ALIMENTAÇÃO DO PARLAMENTAR";"0";"";"TORTERIA DI LORENZA";"083.426.530/0016-0";"02327";"0";"2015-09-15T00:00:00";"108.2";"0";"108.2";"9";"2015";"0";"";"";"1229621";"";"";"";"2864";"5795722";"https://www.camara.leg.br/cota-parlamentar/documentos/publ/2864/2015/5795722.pdf"
"SDD";"";"";"";"2015";"NA";"";"55";"13";"FORNECIMENTO DE ALIMENTAÇÃO DO PARLAMENTAR";"0";"";"TORTERIA DI LORENZA";"083.426.530/0016-0";"02330";"0";"2015-09-22T00:00:00";"100";"0";"100";"9";"2015";"0";"";"";"1229621";"";"";"";"2864";"5797124";"https://www.camara.leg.br/cota-parlamentar/documentos/publ/2864/2015/5797124.pdf"
"SDD";"";"";"";"2015";"NA";"";"55";"13";"FORNECIMENTO DE ALIMENTAÇÃO DO PARLAMENTAR";"0";"";"TORTERIA DI LORENZA";"083.426.530/0016-0";"02332";"0";"2015-09-29T00:00:00";"105.2";"0";"105.2";"9";"2015";"0";"";"";"1229621";"";"";"";"2864";"5803538";"https://www.camara.leg.br/cota-parlamentar/documentos/publ/2864/2015/5803538.pdf"
"SDD";"";"";"";"2015";"NA";"";"55";"13";"FORNECIMENTO DE ALIMENTAÇÃO DO PARLAMENTAR";"0";"";"TORTERIA DI LORENZA";"083.426.530/0016-0";"02335";"0";"2015-10-20T00:00:00";"41";"0";"41";"10";"2015";"0";"";"";"1236023";"";"";"";"2864";"5824443";"https://www.camara.leg.br/cota-parlamentar/documentos/publ/2864/2015/5824443.pdf"
"SDD";"";"";"";"2015";"NA";"";"55";"13";"FORNECIMENTO DE ALIMENTAÇÃO DO PARLAMENTAR";"0";"";"WMS COMÉRCIO DE ARTIGOS DE PAPELARIA LTDA-ME";"121.328.540/0010-0";"02126";"0";"2015-10-21T00:00:00";"249";"0";"249";"10";"2015";"0";"";"";"1238967";"";"";"";"2864";"5828986";"https://www.camara.leg.br/cota-parlamentar/documentos/publ/2864/2015/5828986.pdf"
"SDD";"";"";"";"2015";"NA";"";"55";"122";"SERVIÇO DE TÁXI, PEDÁGIO E ESTACIONAMENTO";"0";"";"Associação dos Taxistas da Bahia";"967.386.530/0014-1";"S/N";"1";"2015-04-27T00:00:00";"28";"0";"28";"4";"2015";"0";"";"";"1188348";"";"";"";"2864";"5672046";"https://www.camara.leg.br/cota-parlamentar/documentos/publ/2864/2015/5672046.pdf"
"SDD";"";"";"";"2015";"NA";"";"55";"122";"SERVIÇO DE TÁXI, PEDÁGIO E ESTACIONAMENTO";"0";"";"EMPRESA BRASILEIRA DE ESTACIONAMENTO LTDA";"022.128.200/0220-5";"115456";"0";"2015-05-15T00:00:00";"8";"0";"8";"5";"2015";"0";"";"";"1193754";"";"";"";"2864";"5687960";"https://www.camara.leg.br/cota-parlamentar/documentos/publ/2864/2015/5687960.pdf"
"SDD";"";"";"";"2015";"NA";"";"55";"122";"SERVIÇO DE TÁXI, PEDÁGIO E ESTACIONAMENTO";"0";"";"SINPETAXI";"000.317.080/0010-0";"S/N";"1";"2015-02-02T00:00:00";"36";"0";"36";"2";"2015";"0";"";"";"1170525";"";"";"";"2864";"5615275";"https://www.camara.leg.br/cota-parlamentar/documentos/publ/2864/2015/5615275.pdf"
"SDD";"";"";"";"2015";"NA";"";"55";"122";"SERVIÇO DE TÁXI, PEDÁGIO E ESTACIONAMENTO";"0";"";"SINPETAXI";"000.317.080/0010-0";"S/N";"1";"2015-02-22T00:00:00";"39";"0";"39";"2";"2015";"0";"";"";"1178827";"";"";"";"2864";"5640599";"https://www.camara.leg.br/cota-parlamentar/documentos/publ/2864/2015/5640599.pdf"
"SDD";"";"";"";"2015";"NA";"";"55";"122";"SERVIÇO DE TÁXI, PEDÁGIO E ESTACIONAMENTO";"0";"";"SINPETAXI";"000.317.080/0010-0";"S/N";"1";"2015-03-30T00:00:00";"12";"0";"12";"3";"2015";"0";"";"";"1178827";"";"";"";"2864";"5641579";"https://www.camara.leg.br/cota-parlamentar/documentos/publ/2864/2015/5641579.pdf"
"SDD";"";"";"";"2015";"NA";"";"55";"122";"SERVIÇO DE TÁXI, PEDÁGIO E ESTACIONAMENTO";"0";"";"SINPETAXI";"000.317.080/0010-0";"S/N";"1";"2015-03-30T00:00:00";"14";"0";"14";"3";"2015";"0";"";"";"1178827";"";"";"";"2864";"5641588";"https://www.camara.leg.br/cota-parlamentar/documentos/publ/2864/2015/5641588.pdf"
"SDD";"";"";"";"2015";"NA";"";"55";"122";"SERVIÇO DE TÁXI, PEDÁGIO E ESTACIONAMENTO";"0";"";"SINPETAXI";"000.317.080/0010-0";"S/N";"1";"2015-04-16T00:00:00";"40";"0";"40";"4";"2015";"0";"";"";"1188348";"";"";"";"2864";"5672054";"https://www.camara.leg.br/cota-parlamentar/documentos/publ/2864/2015/5672054.pdf"
"SDD";"";"";"";"2015";"NA";"";"55";"122";"SERVIÇO DE TÁXI, PEDÁGIO E ESTACIONAMENTO";"0";"";"SINPETAXI";"000.317.080/0010-0";"S/N";"1";"2015-04-26T00:00:00";"30";"0";"30";"4";"2015";"0";"";"";"1188348";"";"";"";"2864";"5672051";"https://www.camara.leg.br/cota-parlamentar/documentos/publ/2864/2015/5672051.pdf"
"SDD";"";"";"";"2015";"NA";"";"55";"122";"SERVIÇO DE TÁXI, PEDÁGIO E ESTACIONAMENTO";"0";"";"SINPETAXI";"000.317.080/0010-0";"S/N";"1";"2015-09-02T00:00:00";"15";"0";"15";"9";"2015";"0";"";"";"1227683";"";"";"";"2864";"5796495";"https://www.camara.leg.br/cota-parlamentar/documentos/publ/2864/2015/5796495.pdf"
"SDD";"";"";"";"2015";"NA";"";"55";"122";"SERVIÇO DE TÁXI, PEDÁGIO E ESTACIONAMENTO";"0";"";"SINPETAXI";"000.317.080/0010-0";"SN";"1";"2015-09-02T00:00:00";"12";"0";"12";"9";"2015";"0";"";"";"1227692";"";"";"";"2864";"5797188";"https://www.camara.leg.br/cota-parlamentar/documentos/publ/2864/2015/5797188.pdf"
"SDD";"";"";"";"2015";"NA";"";"55";"122";"SERVIÇO DE TÁXI, PEDÁGIO E ESTACIONAMENTO";"0";"";"SINTAXI - DF";"074.241.090/0010-3";"S/N";"1";"2015-10-29T00:00:00";"35";"0";"35";"10";"2015";"0";"";"";"1241568";"";"";"";"2864";"5842040";"https://www.camara.leg.br/cota-parlamentar/documentos/publ/2864/2015/5842040.pdf"
"SDD";"";"";"";"2015";"NA";"";"55";"122";"SERVIÇO DE TÁXI, PEDÁGIO E ESTACIONAMENTO";"0";"";"Táxi Alvorada Ltda";"379.902.980/0013-4";"S/N";"1";"2015-04-01T00:00:00";"34";"0";"34";"4";"2015";"0";"";"";"1188348";"";"";"";"2864";"5672060";"https://www.camara.leg.br/cota-parlamentar/documentos/publ/2864/2015/5672060.pdf"
"JAIRO ATAÍDE";"";"3151";"533";"2011";"MG";"DEM";"54";"1";"MANUTENÇÃO DE ESCRITÓRIO DE APOIO À ATIVIDADE PARLAMENTAR";"0";"";"CEMIG DISTRIBUIÇAO S.A.";"069.811.800/0011-6";"001562795";"0";"2015-01-13T00:00:00";"13.19";"0.25";"12.94";"1";"2015";"0";"";"";"1169573";"";"";"";"1969";"5611810";"https://www.camara.leg.br/cota-parlamentar/documentos/publ/1969/2015/5611810.pdf"
"JAIRO ATAÍDE";"";"3151";"533";"2011";"MG";"DEM";"54";"1";"MANUTENÇÃO DE ESCRITÓRIO DE APOIO À ATIVIDADE PARLAMENTAR";"0";"";"CEMIG DISTRIBUIÇAO S.A.";"069.811.800/0011-6";"001562796";"0";"2015-01-13T00:00:00";"90.43";"1.3";"89.13";"1";"2015";"0";"";"";"1163724";"";"";"";"1969";"5591461";"https://www.camara.leg.br/cota-parlamentar/documentos/publ/1969/2015/5591461.pdf"
"JAIRO ATAÍDE";"";"3151";"533";"2011";"MG";"DEM";"54";"1";"MANUTENÇÃO DE ESCRITÓRIO DE APOIO À ATIVIDADE PARLAMENTAR";"0";"";"COPASA";"172.811.060/0010-3";"00115027414617";"0";"2015-01-14T00:00:00";"57.8";"0.99";"56.81";"1";"2015";"0";"";"";"1163724";"";"";"";"1969";"5591446";"https://www.camara.leg.br/cota-parlamentar/documentos/publ/1969/2015/5591446.pdf"
"JAIRO ATAÍDE";"";"3151";"533";"2011";"MG";"DEM";"54";"3";"COMBUSTÍVEIS E LUBRIFICANTES.";"1";"Veículos Automotores";"CASCOL COMBUSTÍVEIS PARA VEÍCULOS LTDA.";"003.065.970/0630-8";"014297";"0";"2015-01-30T00:00:00";"162.84";"0";"162.84";"1";"2015";"0";"";"";"1169573";"";"";"";"1969";"5611848";"https://www.camara.leg.br/cota-parlamentar/documentos/publ/1969/2015/5611848.pdf"
"JAIRO ATAÍDE";"";"3151";"533";"2011";"MG";"DEM";"54";"3";"COMBUSTÍVEIS E LUBRIFICANTES.";"1";"Veículos Automotores";"J P DERIVADOS DE PETROLEO LTDA";"029.984.140/0018-7";"041748";"0";"2015-01-29T00:00:00";"100.01";"0";"100.01";"1";"2015";"0";"";"";"1169573";"";"";"";"1969";"5611851";"https://www.camara.leg.br/cota-parlamentar/documentos/publ/1969/2015/5611851.pdf"
"JAIRO ATAÍDE";"";"3151";"533";"2011";"MG";"DEM";"54";"3";"COMBUSTÍVEIS E LUBRIFICANTES.";"1";"Veículos Automotores";"POSTO REM LTDA";"417.052.110/0010-7";"471379";"0";"2015-01-28T00:00:00";"210.51";"0";"210.51";"1";"2015";"0";"";"";"1169574";"";"";"";"1969";"5611844";"https://www.camara.leg.br/cota-parlamentar/documentos/publ/1969/2015/5611844.pdf"
"JAIRO ATAÍDE";"";"3151";"533";"2011";"MG";"DEM";"54";"4";"CONSULTORIAS, PESQUISAS E TRABALHOS TÉCNICOS.";"0";"";"MENEZES - CONSULTORES E ADVOGADOS ASSOCIADOS";"072.683.080/0016-1";"201500000000192";"0";"2015-02-05T00:00:00";"9500";"0";"9500";"1";"2015";"0";"";"";"1169574";"";"";"";"1969";"5611920";"https://www.camara.leg.br/cota-parlamentar/documentos/publ/1969/2015/5611920.pdf"
"JAIRO ATAÍDE";"";"3151";"533";"2011";"MG";"DEM";"54";"5";"DIVULGAÇÃO DA ATIVIDADE PARLAMENTAR.";"0";"";"ZOOM PRODUTORA LTDA";"028.539.450/0018-1";"201500000000037";"0";"2015-01-30T00:00:00";"9000";"0";"9000";"1";"2015";"0";"";"";"1169574";"";"";"";"1969";"5611918";"https://www.camara.leg.br/cota-parlamentar/documentos/publ/1969/2015/5611918.pdf"
"JAIRO ATAÍDE";"";"3151";"533";"2011";"MG";"DEM";"54";"8";"SERVIÇO DE SEGURANÇA PRESTADO POR EMPRESA ESPECIALIZADA.";"0";"";"PROTEL";"429.396.450/0013-4";"201500000024718";"0";"2015-01-07T00:00:00";"243";"0";"243";"1";"2015";"0";"";"";"1163725";"";"";"";"1969";"5591429";"https://www.camara.leg.br/cota-parlamentar/documentos/publ/1969/2015/5591429.pdf"
"JAIRO ATAÍDE";"";"3151";"533";"2011";"MG";"DEM";"54";"13";"FORNECIMENTO DE ALIMENTAÇÃO DO PARLAMENTAR";"0";"";"ARCOS DOURADOS COM. DE ALIM. LTDA";"425.916.511/3752-1";"767434";"0";"2015-01-17T00:00:00";"44";"0";"44";"1";"2015";"0";"";"";"1163724";"";"";"";"1969";"5591400";"https://www.camara.leg.br/cota-parlamentar/documentos/publ/1969/2015/5591400.pdf"
"JAIRO ATAÍDE";"";"3151";"533";"2011";"MG";"DEM";"54";"13";"FORNECIMENTO DE ALIMENTAÇÃO DO PARLAMENTAR";"0";"";"ARCOS DOURADOS COMERC. DE ALIMENTOS LTDA";"425.916.510/0499-8";"012255";"0";"2015-01-30T00:00:00";"47.5";"0";"47.5";"1";"2015";"0";"";"";"1169573";"";"";"";"1969";"5611889";"https://www.camara.leg.br/cota-parlamentar/documentos/publ/1969/2015/5611889.pdf"
"JAIRO ATAÍDE";"";"3151";"533";"2011";"MG";"DEM";"54";"13";"FORNECIMENTO DE ALIMENTAÇÃO DO PARLAMENTAR";"0";"";"F&L EMPREENDIMENTOS COMERCIAIS LTDA";"108.415.470/0157-9";"030449";"0";"2015-01-30T00:00:00";"10.2";"0";"10.2";"1";"2015";"0";"";"";"1169573";"";"";"";"1969";"5611858";"https://www.camara.leg.br/cota-parlamentar/documentos/publ/1969/2015/5611858.pdf"
"JAIRO ATAÍDE";"";"3151";"533";"2011";"MG";"DEM";"54";"13";"FORNECIMENTO DE ALIMENTAÇÃO DO PARLAMENTAR";"0";"";"HM  ALIMENTOS E BEBIDAS EIRELI - ME";"203.540.100/0013-2";"075614";"0";"2015-01-16T00:00:00";"16.4";"0";"16.4";"1";"2015";"0";"";"";"1163724";"";"";"";"1969";"5591408";"https://www.camara.leg.br/cota-parlamentar/documentos/publ/1969/2015/5591408.pdf"
"JAIRO ATAÍDE";"";"3151";"533";"2011";"MG";"DEM";"54";"13";"FORNECIMENTO DE ALIMENTAÇÃO DO PARLAMENTAR";"0";"";"SERV. NAC. DE APRENDIZAGEM COMERCIAL - SENAC";"334.691.720/0164-4";"080592";"0";"2015-01-28T00:00:00";"86.5";"0";"86.5";"1";"2015";"0";"";"";"1169573";"";"";"";"1969";"5611882";"https://www.camara.leg.br/cota-parlamentar/documentos/publ/1969/2015/5611882.pdf"
"JAIRO ATAÍDE";"";"3151";"533";"2011";"MG";"DEM";"54";"13";"FORNECIMENTO DE ALIMENTAÇÃO DO PARLAMENTAR";"0";"";"SERV. NAC. DE APRENDIZAGEM COMERCIAL - SENAC";"334.691.720/0164-4";"091911";"0";"2015-01-29T00:00:00";"64";"0";"64";"1";"2015";"0";"";"";"1169573";"";"";"";"1969";"5611868";"https://www.camara.leg.br/cota-parlamentar/documentos/publ/1969/2015/5611868.pdf"
"JAIRO ATAÍDE";"";"3151";"533";"2011";"MG";"DEM";"54";"122";"SERVIÇO DE TÁXI, PEDÁGIO E ESTACIONAMENTO";"0";"";"COOPERFINS RÁDIO TÁXI";"067.947.830/0010-9";"438370";"1";"2015-01-16T00:00:00";"100";"0";"100";"1";"2015";"0";"";"";"1163724";"";"";"";"1969";"5591394";"https://www.camara.leg.br/cota-parlamentar/documentos/publ/1969/2015/5591394.pdf"
"JOSEPH BANDEIRA";"";"4929";"565";"2011";"BA";"PSB";"54";"9";"PASSAGEM AÉREA - REEMBOLSO";"0";"";"AVIANCA";"025.758.290/0014-8";"12472414112176";"0";"2015-01-01T00:00:00";"896.95";"0";"896.95";"1";"2015";"0";"";"PETROLINA/SALVADOR/SALVADOR/BRASÍLIA";"1161364";"";"";"";"1970";"5583741";"https://www.camara.leg.br/cota-parlamentar/documentos/publ/1970/2015/5583741.pdf"
"JOSEPH BANDEIRA";"";"4929";"565";"2011";"BA";"PSB";"54";"9";"PASSAGEM AÉREA - REEMBOLSO";"0";"";"AVIANCA";"025.758.290/0014-8";"2472411899699";"0";"2015-01-02T00:00:00";"332.1";"0";"332.1";"1";"2015";"0";"";"SALVADOR/PETROLINA";"1160550";"";"";"";"1970";"5581135";"https://www.camara.leg.br/cota-parlamentar/documentos/publ/1970/2015/5581135.pdf"
"JOSEPH BANDEIRA";"";"4929";"565";"2011";"BA";"PSB";"54";"9";"PASSAGEM AÉREA - REEMBOLSO";"0";"";"TAM";"020.128.620/0016-0";"95721028790090";"0";"2015-01-02T00:00:00";"580.63";"0";"580.63";"1";"2015";"0";"";"BRASILIA/SALVADOR";"1160588";"";"";"";"1970";"5581245";"https://www.camara.leg.br/cota-parlamentar/documentos/publ/1970/2015/5581245.pdf"
"SILVIO COSTA";"";"4930";"160";"2011";"PE";"AVANTE";"54";"1";"MANUTENÇÃO DE ESCRITÓRIO DE APOIO À ATIVIDADE PARLAMENTAR";"0";"";"AM Comércio Ltda";"090.881.430/0017-1";"579";"0";"2015-01-26T00:00:00";"3231";"0";"3231";"1";"2015";"0";"";"";"1163988";"";"";"";"1973";"5591703";"https://www.camara.leg.br/cota-parlamentar/documentos/publ/1973/2015/5591703.pdf"
"SILVIO COSTA";"";"4930";"160";"2011";"PE";"AVANTE";"54";"1";"MANUTENÇÃO DE ESCRITÓRIO DE APOIO À ATIVIDADE PARLAMENTAR";"0";"";"ANTONIO CARLOS BRITO MACIEL";"004.933.334/87  -";"01/2015";"1";"2015-01-22T00:00:00";"1785";"0";"1785";"1";"2015";"0";"";"";"1163765";"";"";"";"1973";"5591694";"https://www.camara.leg.br/cota-parlamentar/documentos/publ/1973/2015/5591694.pdf"
"SILVIO COSTA";"";"4930";"160";"2011";"PE";"AVANTE";"54";"1";"MANUTENÇÃO DE ESCRITÓRIO DE APOIO À ATIVIDADE PARLAMENTAR";"0";"";"CELPE GRUPO NEOENERGIA";"108.359.320/0010-8";"003010257";"0";"2015-01-27T00:00:00";"310.54";"0";"310.54";"1";"2015";"0";"";"";"1168320";"";"";"";"1973";"5607636";"https://www.camara.leg.br/cota-parlamentar/documentos/publ/1973/2015/5607636.pdf"
"SILVIO COSTA";"";"4930";"160";"2011";"PE";"AVANTE";"54";"3";"COMBUSTÍVEIS E LUBRIFICANTES.";"1";"Veículos Automotores";"POSTO S SEBASTIÃO LTDA";"111.881.330/0015-0";"1623";"0";"2015-01-26T00:00:00";"4493";"0";"4493";"1";"2015";"0";"";"";"1163765";"";"";"";"1973";"5591658";"https://www.camara.leg.br/cota-parlamentar/documentos/publ/1973/2015/5591658.pdf"
"SILVIO COSTA";"";"4930";"160";"2011";"PE";"AVANTE";"54";"4";"CONSULTORIAS, PESQUISAS E TRABALHOS TÉCNICOS.";"0";"";"PONTES E CASANOVA ADVOGADOS ASSOCIADOS";"092.802.790/0018-9";"0228";"0";"2015-01-21T00:00:00";"10000";"0";"10000";"1";"2015";"0";"";"";"1163321";"";"";"";"1973";"5590281";"https://www.camara.leg.br/cota-parlamentar/documentos/publ/1973/2015/5590281.pdf"
"SILVIO COSTA";"";"4930";"160";"2011";"PE";"AVANTE";"54";"10";"TELEFONIA";"0";"";"TELEMAR NORTE LESTE S/A";"330.001.180/0017-9";"00000111493";"0";"2015-02-01T00:00:00";"281.49";"17.65";"263.84";"1";"2015";"0";"";"";"1171958";"";"";"";"1973";"5619305";"https://www.camara.leg.br/cota-parlamentar/documentos/publ/1973/2015/5619305.pdf"
"SILVIO COSTA";"";"4930";"160";"2011";"PE";"AVANTE";"54";"120";"LOCAÇÃO OU FRETAMENTO DE VEÍCULOS AUTOMOTORES";"0";"";"BARRETO SANTOS LTDA.";"049.496.800/0014-5";"00784";"1";"2014-11-25T00:00:00";"3400";"0";"3400";"1";"2015";"0";"";"";"1163813";"";"";"";"1973";"5591812";"https://www.camara.leg.br/cota-parlamentar/documentos/publ/1973/2015/5591812.pdf"
"SILVIO COSTA";"";"4930";"160";"2015";"PE";"AVANTE";"55";"1";"MANUTENÇÃO DE ESCRITÓRIO DE APOIO À ATIVIDADE PARLAMENTAR";"0";"";"ANTONIO CARLOS BRITO MACIEL";"004.933.334/87  -";"0012/2015";"1";"2015-12-21T00:00:00";"1875";"0";"1875";"12";"2015";"0";"";"";"1254973";"";"";"";"1973";"5885179";"https://www.camara.leg.br/cota-parlamentar/documentos/publ/1973/2015/5885179.pdf"
"SILVIO COSTA";"";"4930";"160";"2015";"PE";"AVANTE";"55";"1";"MANUTENÇÃO DE ESCRITÓRIO DE APOIO À ATIVIDADE PARLAMENTAR";"0";"";"ANTONIO CARLOS BRITO MACIEL";"004.933.334/87  -";"008/2015";"1";"2015-08-25T00:00:00";"1875";"0";"1875";"8";"2015";"0";"";"";"1221111";"";"";"";"1973";"5774919";"https://www.camara.leg.br/cota-parlamentar/documentos/publ/1973/2015/5774919.pdf"
"SILVIO COSTA";"";"4930";"160";"2015";"PE";"AVANTE";"55";"1";"MANUTENÇÃO DE ESCRITÓRIO DE APOIO À ATIVIDADE PARLAMENTAR";"0";"";"ANTONIO CARLOS BRITO MACIEL";"004.933.334/87  -";"010/2015";"1";"2015-10-23T00:00:00";"1875";"0";"1875";"10";"2015";"0";"";"";"1237146";"";"";"";"1973";"5828273";"https://www.camara.leg.br/cota-parlamentar/documentos/publ/1973/2015/5828273.pdf"
"SILVIO COSTA";"";"4930";"160";"2015";"PE";"AVANTE";"55";"1";"MANUTENÇÃO DE ESCRITÓRIO DE APOIO À ATIVIDADE PARLAMENTAR";"0";"";"ANTONIO CARLOS BRITO MACIEL";"004.933.334/87  -";"011/2015";"1";"2015-11-23T00:00:00";"1875";"0";"1875";"11";"2015";"0";"";"";"1248090";"";"";"";"1973";"5863594";"https://www.camara.leg.br/cota-parlamentar/documentos/publ/1973/2015/5863594.pdf"
"SILVIO COSTA";"";"4930";"160";"2015";"PE";"AVANTE";"55";"1";"MANUTENÇÃO DE ESCRITÓRIO DE APOIO À ATIVIDADE PARLAMENTAR";"0";"";"ANTONIO CARLOS BRITO MACIEL";"004.933.334/87  -";"05/2015";"1";"2015-05-25T00:00:00";"1875";"0";"1875";"5";"2015";"0";"";"";"1195886";"";"";"";"1973";"5694826";"https://www.camara.leg.br/cota-parlamentar/documentos/publ/1973/2015/5694826.pdf"
"SILVIO COSTA";"";"4930";"160";"2015";"PE";"AVANTE";"55";"1";"MANUTENÇÃO DE ESCRITÓRIO DE APOIO À ATIVIDADE PARLAMENTAR";"0";"";"ANTONIO CARLOS BRITO MACIEL";"004.933.334/87  -";"s.n";"1";"2015-03-26T00:00:00";"1785";"0";"1785";"3";"2015";"0";"";"";"1179352";"";"";"";"1973";"5643199";"https://www.camara.leg.br/cota-parlamentar/documentos/publ/1973/2015/5643199.pdf"
"SILVIO COSTA";"";"4930";"160";"2015";"PE";"AVANTE";"55";"1";"MANUTENÇÃO DE ESCRITÓRIO DE APOIO À ATIVIDADE PARLAMENTAR";"0";"";"ANTONIO CARLOS BRITO MACIEL";"004.933.334/87  -";"s/n";"1";"2015-06-25T00:00:00";"1875";"0";"1875";"6";"2015";"0";"";"";"1204749";"";"";"";"1973";"5722233";"https://www.camara.leg.br/cota-parlamentar/documentos/publ/1973/2015/5722233.pdf"
"SILVIO COSTA";"";"4930";"160";"2015";"PE";"AVANTE";"55";"1";"MANUTENÇÃO DE ESCRITÓRIO DE APOIO À ATIVIDADE PARLAMENTAR";"0";"";"ANTONIO CARLOS BRITO MACIEL";"004.933.334/87  -";"s/n";"1";"2015-07-25T00:00:00";"1875";"0";"1875";"7";"2015";"0";"";"";"1212103";"";"";"";"1973";"5745439";"https://www.camara.leg.br/cota-parlamentar/documentos/publ/1973/2015/5745439.pdf"
"SILVIO COSTA";"";"4930";"160";"2015";"PE";"AVANTE";"55";"1";"MANUTENÇÃO DE ESCRITÓRIO DE APOIO À ATIVIDADE PARLAMENTAR";"0";"";"ANTONIO CARLOS BRITO MACIEL";"004.933.334/87  -";"s/n";"1";"2015-09-25T00:00:00";"1875";"0";"1875";"9";"2015";"0";"";"";"1233098";"";"";"";"1973";"5814597";"https://www.camara.leg.br/cota-parlamentar/documentos/publ/1973/2015/5814597.pdf"
"SILVIO COSTA";"";"4930";"160";"2015";"PE";"AVANTE";"55";"1";"MANUTENÇÃO DE ESCRITÓRIO DE APOIO À ATIVIDADE PARLAMENTAR";"0";"";"ANTONIO CARLOS BRITO MACIEL.";"004.933.334/87  -";"004/2015";"1";"2015-04-17T00:00:00";"1785";"0";"1785";"4";"2015";"0";"";"";"1187541";"";"";"";"1973";"5668989";"https://www.camara.leg.br/cota-parlamentar/documentos/publ/1973/2015/5668989.pdf"
"SILVIO COSTA";"";"4930";"160";"2015";"PE";"AVANTE";"55";"1";"MANUTENÇÃO DE ESCRITÓRIO DE APOIO À ATIVIDADE PARLAMENTAR";"0";"";"CELPE GRUPO NEOENERGIA";"108.359.320/0010-8";"003081971";"0";"2015-07-27T00:00:00";"377.92";"0";"377.92";"7";"2015";"0";"";"";"1212103";"";"";"";"1973";"5745410";"https://www.camara.leg.br/cota-parlamentar/documentos/publ/1973/2015/5745410.pdf"
"SILVIO COSTA";"";"4930";"160";"2015";"PE";"AVANTE";"55";"1";"MANUTENÇÃO DE ESCRITÓRIO DE APOIO À ATIVIDADE PARLAMENTAR";"0";"";"CELPE GRUPO NEOENERGIA";"108.359.320/0010-8";"003088356";"0";"2015-03-26T00:00:00";"271.75";"0";"271.75";"3";"2015";"0";"";"";"1179352";"";"";"";"1973";"5643224";"https://www.camara.leg.br/cota-parlamentar/documentos/publ/1973/2015/5643224.pdf"
"SILVIO COSTA";"";"4930";"160";"2015";"PE";"AVANTE";"55";"1";"MANUTENÇÃO DE ESCRITÓRIO DE APOIO À ATIVIDADE PARLAMENTAR";"0";"";"CELPE GRUPO NEOENERGIA";"108.359.320/0010-8";"003102479";"0";"2015-10-27T00:00:00";"354.63";"0";"354.63";"10";"2015";"0";"";"";"1240494";"";"";"";"1973";"5838767";"https://www.camara.leg.br/cota-parlamentar/documentos/publ/1973/2015/5838767.pdf"
"SILVIO COSTA";"";"4930";"160";"2015";"PE";"AVANTE";"55";"1";"MANUTENÇÃO DE ESCRITÓRIO DE APOIO À ATIVIDADE PARLAMENTAR";"0";"";"CELPE GRUPO NEOENERGIA";"108.359.320/0010-8";"003142238";"0";"2015-02-25T00:00:00";"252.82";"0";"252.82";"2";"2015";"0";"";"";"1171961";"";"";"";"1973";"5619288";"https://www.camara.leg.br/cota-parlamentar/documentos/publ/1973/2015/5619288.pdf"
"SILVIO COSTA";"";"4930";"160";"2015";"PE";"AVANTE";"55";"1";"MANUTENÇÃO DE ESCRITÓRIO DE APOIO À ATIVIDADE PARLAMENTAR";"0";"";"CELPE GRUPO NEOENERGIA";"108.359.320/0010-8";"003155141";"0";"2015-11-25T00:00:00";"273.26";"0";"273.26";"11";"2015";"0";"";"";"1248089";"";"";"";"1973";"5863637";"https://www.camara.leg.br/cota-parlamentar/documentos/publ/1973/2015/5863637.pdf"
"SILVIO COSTA";"";"4930";"160";"2015";"PE";"AVANTE";"55";"1";"MANUTENÇÃO DE ESCRITÓRIO DE APOIO À ATIVIDADE PARLAMENTAR";"0";"";"CELPE GRUPO NEOENERGIA";"108.359.320/0010-8";"003196971";"0";"2015-05-27T00:00:00";"420.02";"0";"420.02";"5";"2015";"0";"";"";"1204751";"";"";"";"1973";"5722271";"https://www.camara.leg.br/cota-parlamentar/documentos/publ/1973/2015/5722271.pdf"
"SILVIO COSTA";"";"4930";"160";"2015";"PE";"AVANTE";"55";"1";"MANUTENÇÃO DE ESCRITÓRIO DE APOIO À ATIVIDADE PARLAMENTAR";"0";"";"CELPE GRUPO NEOENERGIA";"108.359.320/0010-8";"003202522";"0";"2015-09-25T00:00:00";"320.84";"0";"320.84";"9";"2015";"0";"";"";"1229620";"";"";"";"1973";"5803517";"https://www.camara.leg.br/cota-parlamentar/documentos/publ/1973/2015/5803517.pdf"
"SILVIO COSTA";"";"4930";"160";"2015";"PE";"AVANTE";"55";"1";"MANUTENÇÃO DE ESCRITÓRIO DE APOIO À ATIVIDADE PARLAMENTAR";"0";"";"CELPE GRUPO NEOENERGIA";"108.359.320/0010-8";"003234356";"0";"2015-12-26T00:00:00";"355.35";"0";"355.35";"12";"2015";"0";"";"";"1261281";"";"";"";"1973";"5905925";"https://www.camara.leg.br/cota-parlamentar/documentos/publ/1973/2016/5905925.pdf"
"SILVIO COSTA";"";"4930";"160";"2015";"PE";"AVANTE";"55";"1";"MANUTENÇÃO DE ESCRITÓRIO DE APOIO À ATIVIDADE PARLAMENTAR";"0";"";"CELPE GRUPO NEOENERGIA.";"108.359.320/0010-8";"003063439";"0";"2015-04-27T00:00:00";"308.27";"0";"308.27";"4";"2015";"0";"";"";"1187541";"";"";"";"1973";"5668635";"https://www.camara.leg.br/cota-parlamentar/documentos/publ/1973/2015/5668635.pdf"
"SILVIO COSTA";"";"4930";"160";"2015";"PE";"AVANTE";"55";"1";"MANUTENÇÃO DE ESCRITÓRIO DE APOIO À ATIVIDADE PARLAMENTAR";"0";"";"COND EDF JADAN OFFICE CENTER";"410.548.670/0010-7";"1111508021";"1";"2015-10-27T00:00:00";"811.89";"0";"811.89";"11";"2015";"0";"";"";"1240496";"";"";"";"1973";"5838763";"https://www.camara.leg.br/cota-parlamentar/documentos/publ/1973/2015/5838763.pdf"
"SILVIO COSTA";"";"4930";"160";"2015";"PE";"AVANTE";"55";"1";"MANUTENÇÃO DE ESCRITÓRIO DE APOIO À ATIVIDADE PARLAMENTAR";"0";"";"COND EDF JADAN OFFICE CENTER";"410.548.670/0010-7";"2.287";"1";"2015-02-21T00:00:00";"811.89";"0";"811.89";"3";"2015";"0";"";"";"1171963";"";"";"";"1973";"5619333";"https://www.camara.leg.br/cota-parlamentar/documentos/publ/1973/2015/5619333.pdf"
"SILVIO COSTA";"";"4930";"160";"2015";"PE";"AVANTE";"55";"1";"MANUTENÇÃO DE ESCRITÓRIO DE APOIO À ATIVIDADE PARLAMENTAR";"0";"";"COND EDF JADAN OFFICE CENTER";"410.548.670/0010-7";"2263";"1";"2015-02-06T00:00:00";"811.89";"0";"811.89";"2";"2015";"0";"";"";"1168319";"";"";"";"1973";"5607580";"https://www.camara.leg.br/cota-parlamentar/documentos/publ/1973/2015/5607580.pdf"
"SILVIO COSTA";"";"4930";"160";"2015";"PE";"AVANTE";"55";"1";"MANUTENÇÃO DE ESCRITÓRIO DE APOIO À ATIVIDADE PARLAMENTAR";"0";"";"COND EDF JADAN OFFICE CENTER";"410.548.670/0010-7";"2311";"1";"2015-03-21T00:00:00";"811.89";"0";"811.89";"4";"2015";"0";"";"";"1180282";"";"";"";"1973";"5646447";"https://www.camara.leg.br/cota-parlamentar/documentos/publ/1973/2015/5646447.pdf"
"SILVIO COSTA";"";"4930";"160";"2015";"PE";"AVANTE";"55";"1";"MANUTENÇÃO DE ESCRITÓRIO DE APOIO À ATIVIDADE PARLAMENTAR";"0";"";"COND EDF JADAN OFFICE CENTER";"410.548.670/0010-7";"2335";"1";"2015-04-17T00:00:00";"811.89";"0";"811.89";"5";"2015";"0";"";"";"1204756";"";"";"";"1973";"5722341";"https://www.camara.leg.br/cota-parlamentar/documentos/publ/1973/2015/5722341.pdf"
"SILVIO COSTA";"";"4930";"160";"2015";"PE";"AVANTE";"55";"1";"MANUTENÇÃO DE ESCRITÓRIO DE APOIO À ATIVIDADE PARLAMENTAR";"0";"";"COND EDF JADAN OFFICE CENTER";"410.548.670/0010-7";"2359";"1";"2015-05-21T00:00:00";"811.89";"0";"811.89";"6";"2015";"0";"";"";"1199315";"";"";"";"1973";"5705211";"https://www.camara.leg.br/cota-parlamentar/documentos/publ/1973/2015/5705211.pdf"
"SILVIO COSTA";"";"4930";"160";"2015";"PE";"AVANTE";"55";"1";"MANUTENÇÃO DE ESCRITÓRIO DE APOIO À ATIVIDADE PARLAMENTAR";"0";"";"COND EDF JADAN OFFICE CENTER";"410.548.670/0010-7";"2383";"1";"2015-06-17T00:00:00";"811.89";"0";"811.89";"7";"2015";"0";"";"";"1205503";"";"";"";"1973";"5724673";"https://www.camara.leg.br/cota-parlamentar/documentos/publ/1973/2015/5724673.pdf"
"SILVIO COSTA";"";"4930";"160";"2015";"PE";"AVANTE";"55";"1";"MANUTENÇÃO DE ESCRITÓRIO DE APOIO À ATIVIDADE PARLAMENTAR";"0";"";"COND EDF JADAN OFFICE CENTER";"410.548.670/0010-7";"2407";"1";"2015-07-21T00:00:00";"811.89";"0";"811.89";"8";"2015";"0";"";"";"1221111";"";"";"";"1973";"5774908";"https://www.camara.leg.br/cota-parlamentar/documentos/publ/1973/2015/5774908.pdf"
"SILVIO COSTA";"";"4930";"160";"2015";"PE";"AVANTE";"55";"1";"MANUTENÇÃO DE ESCRITÓRIO DE APOIO À ATIVIDADE PARLAMENTAR";"0";"";"COND EDF JADAN OFFICE CENTER";"410.548.670/0010-7";"2431";"1";"2015-08-20T00:00:00";"811.89";"0";"811.89";"9";"2015";"0";"";"";"1222079";"";"";"";"1973";"5778448";"https://www.camara.leg.br/cota-parlamentar/documentos/publ/1973/2015/5778448.pdf"
"SILVIO COSTA";"";"4930";"160";"2015";"PE";"AVANTE";"55";"1";"MANUTENÇÃO DE ESCRITÓRIO DE APOIO À ATIVIDADE PARLAMENTAR";"0";"";"COND EDF JADAN OFFICE CENTER";"410.548.670/0010-7";"2455";"1";"2015-09-24T00:00:00";"811.89";"0";"811.89";"10";"2015";"0";"";"";"1231178";"";"";"";"1973";"5808737";"https://www.camara.leg.br/cota-parlamentar/documentos/publ/1973/2015/5808737.pdf"
"SILVIO COSTA";"";"4930";"160";"2015";"PE";"AVANTE";"55";"1";"MANUTENÇÃO DE ESCRITÓRIO DE APOIO À ATIVIDADE PARLAMENTAR";"0";"";"OFFICE PAPER COMERCIO E SERVIÇOS LTDA";"141.416.020/0017-3";"000000372";"0";"2015-09-23T00:00:00";"3231";"0";"3231";"9";"2015";"0";"";"";"1229138";"";"";"";"1973";"5801933";"https://www.camara.leg.br/cota-parlamentar/documentos/publ/1973/2015/5801933.pdf"
"SILVIO COSTA";"";"4930";"160";"2015";"PE";"AVANTE";"55";"1";"MANUTENÇÃO DE ESCRITÓRIO DE APOIO À ATIVIDADE PARLAMENTAR";"0";"";"OFFICE PAPER COMERCIO E SERVIÇOS LTDA";"141.416.020/0017-3";"000000383";"0";"2015-11-24T00:00:00";"3231";"0";"3231";"11";"2015";"0";"";"";"1248090";"";"";"";"1973";"5863657";"https://www.camara.leg.br/cota-parlamentar/documentos/publ/1973/2015/5863657.pdf"
"SILVIO COSTA";"";"4930";"160";"2015";"PE";"AVANTE";"55";"1";"MANUTENÇÃO DE ESCRITÓRIO DE APOIO À ATIVIDADE PARLAMENTAR";"0";"";"OFFICE PAPER COMERCIO E SERVIÇOS LTDA";"141.416.020/0017-3";"302";"0";"2015-02-20T00:00:00";"3231";"0";"3231";"2";"2015";"0";"";"";"1168731";"";"";"";"1973";"5609104";"https://www.camara.leg.br/cota-parlamentar/documentos/publ/1973/2015/5609104.pdf"
"SILVIO COSTA";"";"4930";"160";"2015";"PE";"AVANTE";"55";"1";"MANUTENÇÃO DE ESCRITÓRIO DE APOIO À ATIVIDADE PARLAMENTAR";"0";"";"OFFICE PAPER COMERCIO E SERVIÇOS LTDA";"141.416.020/0017-3";"320";"0";"2015-03-24T00:00:00";"3231";"0";"3231";"3";"2015";"0";"";"";"1179352";"";"";"";"1973";"5643206";"https://www.camara.leg.br/cota-parlamentar/documentos/publ/1973/2015/5643206.pdf"
"SILVIO COSTA";"";"4930";"160";"2015";"PE";"AVANTE";"55";"1";"MANUTENÇÃO DE ESCRITÓRIO DE APOIO À ATIVIDADE PARLAMENTAR";"0";"";"OFFICE PAPER COMERCIO E SERVIÇOS LTDA";"141.416.020/0017-3";"341";"0";"2015-05-25T00:00:00";"3231";"0";"3231";"5";"2015";"0";"";"";"1195886";"";"";"";"1973";"5694839";"https://www.camara.leg.br/cota-parlamentar/documentos/publ/1973/2015/5694839.pdf"
"SILVIO COSTA";"";"4930";"160";"2015";"PE";"AVANTE";"55";"1";"MANUTENÇÃO DE ESCRITÓRIO DE APOIO À ATIVIDADE PARLAMENTAR";"0";"";"OFFICE PAPER COMERCIO E SERVIÇOS LTDA";"141.416.020/0017-3";"353";"0";"2015-06-25T00:00:00";"3231";"0";"3231";"6";"2015";"0";"";"";"1204749";"";"";"";"1973";"5722259";"https://www.camara.leg.br/cota-parlamentar/documentos/publ/1973/2015/5722259.pdf"
"SILVIO COSTA";"";"4930";"160";"2015";"PE";"AVANTE";"55";"1";"MANUTENÇÃO DE ESCRITÓRIO DE APOIO À ATIVIDADE PARLAMENTAR";"0";"";"OFFICE PAPER COMERCIO E SERVIÇOS LTDA";"141.416.020/0017-3";"357";"0";"2015-07-23T00:00:00";"3231";"0";"3231";"7";"2015";"0";"";"";"1212103";"";"";"";"1973";"5745444";"https://www.camara.leg.br/cota-parlamentar/documentos/publ/1973/2015/5745444.pdf"
"SILVIO COSTA";"";"4930";"160";"2015";"PE";"AVANTE";"55";"1";"MANUTENÇÃO DE ESCRITÓRIO DE APOIO À ATIVIDADE PARLAMENTAR";"0";"";"OFFICE PAPER COMERCIO E SERVIÇOS LTDA";"141.416.020/0017-3";"364";"0";"2015-08-25T00:00:00";"3231";"0";"3231";"8";"2015";"0";"";"";"1221111";"";"";"";"1973";"5774968";"https://www.camara.leg.br/cota-parlamentar/documentos/publ/1973/2015/5774968.pdf"
"SILVIO COSTA";"";"4930";"160";"2015";"PE";"AVANTE";"55";"1";"MANUTENÇÃO DE ESCRITÓRIO DE APOIO À ATIVIDADE PARLAMENTAR";"0";"";"OFFICE PAPER COMERCIO E SERVIÇOS LTDA";"141.416.020/0017-3";"379";"0";"2015-10-23T00:00:00";"3231";"0";"3231";"10";"2015";"0";"";"";"1240494";"";"";"";"1973";"5838772";"https://www.camara.leg.br/cota-parlamentar/documentos/publ/1973/2015/5838772.pdf"
"SILVIO COSTA";"";"4930";"160";"2015";"PE";"AVANTE";"55";"1";"MANUTENÇÃO DE ESCRITÓRIO DE APOIO À ATIVIDADE PARLAMENTAR";"0";"";"OFFICE PAPER COMERCIO E SERVIÇOS LTDA";"141.416.020/0017-3";"390";"0";"2015-12-21T00:00:00";"3231";"1";"3230";"12";"2015";"0";"";"";"1254973";"";"";"";"1973";"5885171";"https://www.camara.leg.br/cota-parlamentar/documentos/publ/1973/2015/5885171.pdf"
"SILVIO COSTA";"";"4930";"160";"2015";"PE";"AVANTE";"55";"1";"MANUTENÇÃO DE ESCRITÓRIO DE APOIO À ATIVIDADE PARLAMENTAR";"0";"";"OFFICE PAPER COMERCIO E SERVIÇOS LTDA.";"141.416.020/0017-3";"330";"0";"2015-04-27T00:00:00";"3231";"0";"3231";"4";"2015";"0";"";"";"1187541";"";"";"";"1973";"5668644";"https://www.camara.leg.br/cota-parlamentar/documentos/publ/1973/2015/5668644.pdf"
"SILVIO COSTA";"";"4930";"160";"2015";"PE";"AVANTE";"55";"3";"COMBUSTÍVEIS E LUBRIFICANTES.";"1";"Veículos Automotores";"POSTO S SEBASTIÃO LTDA";"111.881.330/0015-0";"000001957";"0";"2015-11-24T00:00:00";"4418";"0";"4418";"11";"2015";"0";"";"";"1248090";"";"";"";"1973";"5863664";"https://www.camara.leg.br/cota-parlamentar/documentos/publ/1973/2015/5863664.pdf"
"SILVIO COSTA";"";"4930";"160";"2015";"PE";"AVANTE";"55";"3";"COMBUSTÍVEIS E LUBRIFICANTES.";"1";"Veículos Automotores";"POSTO S SEBASTIÃO LTDA";"111.881.330/0015-0";"1652";"0";"2015-02-20T00:00:00";"4437";"0";"4437";"2";"2015";"0";"";"";"1168319";"";"";"";"1973";"5607596";"https://www.camara.leg.br/cota-parlamentar/documentos/publ/1973/2015/5607596.pdf"
"SILVIO COSTA";"";"4930";"160";"2015";"PE";"AVANTE";"55";"3";"COMBUSTÍVEIS E LUBRIFICANTES.";"1";"Veículos Automotores";"POSTO S SEBASTIÃO LTDA";"111.881.330/0015-0";"1685";"0";"2015-03-24T00:00:00";"4398";"0";"4398";"3";"2015";"0";"";"";"1179352";"";"";"";"1973";"5643186";"https://www.camara.leg.br/cota-parlamentar/documentos/publ/1973/2015/5643186.pdf"
"SILVIO COSTA";"";"4930";"160";"2015";"PE";"AVANTE";"55";"3";"COMBUSTÍVEIS E LUBRIFICANTES.";"1";"Veículos Automotores";"POSTO S SEBASTIÃO LTDA";"111.881.330/0015-0";"1757";"0";"2015-05-25T00:00:00";"4420";"0";"4420";"5";"2015";"0";"";"";"1196139";"";"";"";"1973";"5695008";"https://www.camara.leg.br/cota-parlamentar/documentos/publ/1973/2015/5695008.pdf"
"SILVIO COSTA";"";"4930";"160";"2015";"PE";"AVANTE";"55";"3";"COMBUSTÍVEIS E LUBRIFICANTES.";"1";"Veículos Automotores";"POSTO S SEBASTIÃO LTDA";"111.881.330/0015-0";"1793";"0";"2015-06-25T00:00:00";"4491";"0";"4491";"6";"2015";"0";"";"";"1204749";"";"";"";"1973";"5722250";"https://www.camara.leg.br/cota-parlamentar/documentos/publ/1973/2015/5722250.pdf"
"SILVIO COSTA";"";"4930";"160";"2015";"PE";"AVANTE";"55";"3";"COMBUSTÍVEIS E LUBRIFICANTES.";"1";"Veículos Automotores";"POSTO S SEBASTIÃO LTDA";"111.881.330/0015-0";"1826";"0";"2015-07-23T00:00:00";"4412";"0";"4412";"7";"2015";"0";"";"";"1211999";"";"";"";"1973";"5744835";"https://www.camara.leg.br/cota-parlamentar/documentos/publ/1973/2015/5744835.pdf"
"SILVIO COSTA";"";"4930";"160";"2015";"PE";"AVANTE";"55";"3";"COMBUSTÍVEIS E LUBRIFICANTES.";"1";"Veículos Automotores";"POSTO S SEBASTIÃO LTDA";"111.881.330/0015-0";"1866";"0";"2015-08-25T00:00:00";"4413";"0";"4413";"8";"2015";"0";"";"";"1221111";"";"";"";"1973";"5774961";"https://www.camara.leg.br/cota-parlamentar/documentos/publ/1973/2015/5774961.pdf"
"SILVIO COSTA";"";"4930";"160";"2015";"PE";"AVANTE";"55";"3";"COMBUSTÍVEIS E LUBRIFICANTES.";"1";"Veículos Automotores";"POSTO S SEBASTIÃO LTDA";"111.881.330/0015-0";"1896";"0";"2015-09-24T00:00:00";"4450";"0";"4450";"9";"2015";"0";"";"";"1229138";"";"";"";"1973";"5801814";"https://www.camara.leg.br/cota-parlamentar/documentos/publ/1973/2015/5801814.pdf"
"SILVIO COSTA";"";"4930";"160";"2015";"PE";"AVANTE";"55";"3";"COMBUSTÍVEIS E LUBRIFICANTES.";"1";"Veículos Automotores";"POSTO S SEBASTIÃO LTDA";"111.881.330/0015-0";"1927";"0";"2015-10-23T00:00:00";"4455";"0";"4455";"10";"2015";"0";"";"";"1237146";"";"";"";"1973";"5828293";"https://www.camara.leg.br/cota-parlamentar/documentos/publ/1973/2015/5828293.pdf"
"SILVIO COSTA";"";"4930";"160";"2015";"PE";"AVANTE";"55";"3";"COMBUSTÍVEIS E LUBRIFICANTES.";"1";"Veículos Automotores";"POSTO S SEBASTIÃO LTDA";"111.881.330/0015-0";"1993";"0";"2015-12-22T00:00:00";"4430";"0";"4430";"12";"2015";"0";"";"";"1254973";"";"";"";"1973";"5885170";"https://www.camara.leg.br/cota-parlamentar/documentos/publ/1973/2015/5885170.pdf"
"SILVIO COSTA";"";"4930";"160";"2015";"PE";"AVANTE";"55";"3";"COMBUSTÍVEIS E LUBRIFICANTES.";"1";"Veículos Automotores";"POSTO S SEBASTIÃO LTDA.";"111.881.330/0015-0";"1718";"0";"2015-04-25T00:00:00";"4417";"0";"4417";"4";"2015";"0";"";"";"1187541";"";"";"";"1973";"5668961";"https://www.camara.leg.br/cota-parlamentar/documentos/publ/1973/2015/5668961.pdf"
"SILVIO COSTA";"";"4930";"160";"2015";"PE";"AVANTE";"55";"4";"CONSULTORIAS, PESQUISAS E TRABALHOS TÉCNICOS.";"0";"";"PLURAL PESQUISAS & MARKETING LTDA";"079.064.680/0019-9";"000000041";"0";"2015-11-10T00:00:00";"13200";"0";"13200";"9";"2015";"0";"";"";"1243140";"";"";"";"1973";"5847550";"https://www.camara.leg.br/cota-parlamentar/documentos/publ/1973/2015/5847550.pdf"
"SILVIO COSTA";"";"4930";"160";"2015";"PE";"AVANTE";"55";"4";"CONSULTORIAS, PESQUISAS E TRABALHOS TÉCNICOS.";"0";"";"PONTES E CASANOVA ADVOGADOS ASSOCIADOS";"092.802.790/0018-9";"0229";"0";"2015-02-26T00:00:00";"8000";"0";"8000";"2";"2015";"0";"";"";"1170478";"";"";"";"1973";"5615107";"https://www.camara.leg.br/cota-parlamentar/documentos/publ/1973/2015/5615107.pdf"
"SILVIO COSTA";"";"4930";"160";"2015";"PE";"AVANTE";"55";"4";"CONSULTORIAS, PESQUISAS E TRABALHOS TÉCNICOS.";"0";"";"PONTES E CASANOVA ADVOGADOS ASSOCIADOS";"092.802.790/0018-9";"0230";"0";"2015-03-27T00:00:00";"8000";"0";"8000";"3";"2015";"0";"";"";"1179352";"";"";"";"1973";"5643216";"https://www.camara.leg.br/cota-parlamentar/documentos/publ/1973/2015/5643216.pdf"
"SILVIO COSTA";"";"4930";"160";"2015";"PE";"AVANTE";"55";"4";"CONSULTORIAS, PESQUISAS E TRABALHOS TÉCNICOS.";"0";"";"PONTES E CASANOVA ADVOGADOS ASSOCIADOS";"092.802.790/0018-9";"0233";"0";"2015-05-25T00:00:00";"10000";"0";"10000";"5";"2015";"0";"";"";"1195886";"";"";"";"1973";"5694832";"https://www.camara.leg.br/cota-parlamentar/documentos/publ/1973/2015/5694832.pdf"
"SILVIO COSTA";"";"4930";"160";"2015";"PE";"AVANTE";"55";"4";"CONSULTORIAS, PESQUISAS E TRABALHOS TÉCNICOS.";"0";"";"PONTES E CASANOVA ADVOGADOS ASSOCIADOS";"092.802.790/0018-9";"0238";"0";"2015-06-25T00:00:00";"10000";"0";"10000";"6";"2015";"0";"";"";"1204749";"";"";"";"1973";"5722221";"https://www.camara.leg.br/cota-parlamentar/documentos/publ/1973/2015/5722221.pdf"
"SILVIO COSTA";"";"4930";"160";"2015";"PE";"AVANTE";"55";"4";"CONSULTORIAS, PESQUISAS E TRABALHOS TÉCNICOS.";"0";"";"PONTES E CASANOVA ADVOGADOS ASSOCIADOS";"092.802.790/0018-9";"0240";"0";"2015-07-23T00:00:00";"10000";"0";"10000";"7";"2015";"0";"";"";"1211999";"";"";"";"1973";"5744834";"https://www.camara.leg.br/cota-parlamentar/documentos/publ/1973/2015/5744834.pdf"
"SILVIO COSTA";"";"4930";"160";"2015";"PE";"AVANTE";"55";"4";"CONSULTORIAS, PESQUISAS E TRABALHOS TÉCNICOS.";"0";"";"PONTES E CASANOVA ADVOGADOS ASSOCIADOS";"092.802.790/0018-9";"0241";"0";"2015-08-25T00:00:00";"10000";"0";"10000";"8";"2015";"0";"";"";"1221111";"";"";"";"1973";"5774977";"https://www.camara.leg.br/cota-parlamentar/documentos/publ/1973/2015/5774977.pdf"
"SILVIO COSTA";"";"4930";"160";"2015";"PE";"AVANTE";"55";"4";"CONSULTORIAS, PESQUISAS E TRABALHOS TÉCNICOS.";"0";"";"PONTES E CASANOVA ADVOGADOS ASSOCIADOS";"092.802.790/0018-9";"0243";"0";"2015-09-28T00:00:00";"10000";"0";"10000";"9";"2015";"0";"";"";"1231177";"";"";"";"1973";"5808729";"https://www.camara.leg.br/cota-parlamentar/documentos/publ/1973/2015/5808729.pdf"
"SILVIO COSTA";"";"4930";"160";"2015";"PE";"AVANTE";"55";"4";"CONSULTORIAS, PESQUISAS E TRABALHOS TÉCNICOS.";"0";"";"PONTES E CASANOVA ADVOGADOS ASSOCIADOS";"092.802.790/0018-9";"0246";"0";"2015-10-26T00:00:00";"10000";"0";"10000";"10";"2015";"0";"";"";"1237146";"";"";"";"1973";"5828279";"https://www.camara.leg.br/cota-parlamentar/documentos/publ/1973/2015/5828279.pdf"
"SILVIO COSTA";"";"4930";"160";"2015";"PE";"AVANTE";"55";"4";"CONSULTORIAS, PESQUISAS E TRABALHOS TÉCNICOS.";"0";"";"PONTES E CASANOVA ADVOGADOS ASSOCIADOS";"092.802.790/0018-9";"0250";"0";"2015-11-26T00:00:00";"10000";"0";"10000";"11";"2015";"0";"";"";"1248090";"";"";"";"1973";"5863584";"https://www.camara.leg.br/cota-parlamentar/documentos/publ/1973/2015/5863584.pdf"
"SILVIO COSTA";"";"4930";"160";"2015";"PE";"AVANTE";"55";"4";"CONSULTORIAS, PESQUISAS E TRABALHOS TÉCNICOS.";"0";"";"PONTES E CASANOVA ADVOGADOS ASSOCIADOS";"092.802.790/0018-9";"0253";"0";"2015-12-22T00:00:00";"10000";"0";"10000";"12";"2015";"0";"";"";"1254973";"";"";"";"1973";"5885156";"https://www.camara.leg.br/cota-parlamentar/documentos/publ/1973/2015/5885156.pdf"
"SILVIO COSTA";"";"4930";"160";"2015";"PE";"AVANTE";"55";"4";"CONSULTORIAS, PESQUISAS E TRABALHOS TÉCNICOS.";"0";"";"PONTES E CASANOVA ADVOGADOS ASSOCIADOS.";"092.802.790/0018-9";"0232";"0";"2015-04-27T00:00:00";"10000";"0";"10000";"4";"2015";"0";"";"";"1187541";"";"";"";"1973";"5668971";"https://www.camara.leg.br/cota-parlamentar/documentos/publ/1973/2015/5668971.pdf"
"SILVIO COSTA";"";"4930";"160";"2015";"PE";"AVANTE";"55";"10";"TELEFONIA";"0";"";"OI TELEMAR NORTE LESTE S/A";"330.001.180/0149-3";"00000104896";"0";"2015-05-01T00:00:00";"238.42";"6.04";"232.38";"5";"2015";"0";"";"";"1196139";"";"";"";"1973";"5695679";"https://www.camara.leg.br/cota-parlamentar/documentos/publ/1973/2015/5695679.pdf"
"SILVIO COSTA";"";"4930";"160";"2015";"PE";"AVANTE";"55";"10";"TELEFONIA";"0";"";"TELEMAR NORTE LESTE S/A";"330.001.180/0017-9";"00000090946";"0";"2016-01-01T00:00:00";"245.83";"8.19";"237.64";"12";"2015";"0";"";"";"1261136";"";"";"";"1973";"5905581";"https://www.camara.leg.br/cota-parlamentar/documentos/publ/1973/2016/5905581.pdf"
"SILVIO COSTA";"";"4930";"160";"2015";"PE";"AVANTE";"55";"10";"TELEFONIA";"0";"";"TELEMAR NORTE LESTE S/A";"330.001.180/0017-9";"00000092371";"0";"2015-12-01T00:00:00";"243.28";"6.74";"236.54";"11";"2015";"0";"";"";"1254975";"";"";"";"1973";"5885181";"https://www.camara.leg.br/cota-parlamentar/documentos/publ/1973/2015/5885181.pdf"
"SILVIO COSTA";"";"4930";"160";"2015";"PE";"AVANTE";"55";"10";"TELEFONIA";"0";"";"TELEMAR NORTE LESTE S/A";"330.001.180/0017-9";"00000094015";"0";"2015-11-01T00:00:00";"273.38";"0";"273.38";"10";"2015";"0";"";"";"1254974";"";"";"";"1973";"5885180";"https://www.camara.leg.br/cota-parlamentar/documentos/publ/1973/2015/5885180.pdf"
"SILVIO COSTA";"";"4930";"160";"2015";"PE";"AVANTE";"55";"10";"TELEFONIA";"0";"";"TELEMAR NORTE LESTE S/A";"330.001.180/0017-9";"00000099404";"0";"2015-10-01T00:00:00";"242.79";"15.64";"227.15";"9";"2015";"0";"";"";"1240493";"";"";"";"1973";"5838742";"https://www.camara.leg.br/cota-parlamentar/documentos/publ/1973/2015/5838742.pdf"
"SILVIO COSTA";"";"4930";"160";"2015";"PE";"AVANTE";"55";"10";"TELEFONIA";"0";"";"TELEMAR NORTE LESTE S/A";"330.001.180/0017-9";"00000099730";"0";"2015-09-01T00:00:00";"217.17";"0";"217.17";"8";"2015";"0";"";"";"1229623";"";"";"";"1973";"5803525";"https://www.camara.leg.br/cota-parlamentar/documentos/publ/1973/2015/5803525.pdf"
"SILVIO COSTA";"";"4930";"160";"2015";"PE";"AVANTE";"55";"10";"TELEFONIA";"0";"";"TELEMAR NORTE LESTE S/A";"330.001.180/0017-9";"00000102489";"0";"2015-07-01T00:00:00";"241.89";"12.01";"229.88";"6";"2015";"0";"";"";"1212102";"";"";"";"1973";"5745457";"https://www.camara.leg.br/cota-parlamentar/documentos/publ/1973/2015/5745457.pdf"
"SILVIO COSTA";"";"4930";"160";"2015";"PE";"AVANTE";"55";"10";"TELEFONIA";"0";"";"TELEMAR NORTE LESTE S/A";"330.001.180/0017-9";"00000103334";"0";"2015-08-01T00:00:00";"312.87";"6.84";"306.03";"7";"2015";"0";"";"";"1221110";"";"";"";"1973";"5774981";"https://www.camara.leg.br/cota-parlamentar/documentos/publ/1973/2015/5774981.pdf"
"SILVIO COSTA";"";"4930";"160";"2015";"PE";"AVANTE";"55";"10";"TELEFONIA";"0";"";"TELEMAR NORTE LESTE S/A";"330.001.180/0017-9";"00000105750";"0";"2015-06-01T00:00:00";"180.06";"7.96";"172.1";"5";"2015";"0";"";"";"1204750";"";"";"";"1973";"5722280";"https://www.camara.leg.br/cota-parlamentar/documentos/publ/1973/2015/5722280.pdf"
"SILVIO COSTA";"";"4930";"160";"2015";"PE";"AVANTE";"55";"10";"TELEFONIA";"0";"";"TELEMAR NORTE LESTE S/A";"330.001.180/0017-9";"00000149068";"0";"2015-03-01T00:00:00";"201.89";"0";"201.89";"2";"2015";"0";"";"";"1179349";"";"";"";"1973";"5643256";"https://www.camara.leg.br/cota-parlamentar/documentos/publ/1973/2015/5643256.pdf"
"SILVIO COSTA";"";"4930";"160";"2015";"PE";"AVANTE";"55";"10";"TELEFONIA";"0";"";"TIM CELULAR S.A";"042.060.500/0824-6";"000007065-AB";"0";"2015-02-07T00:00:00";"815.1";"21.27";"793.83";"2";"2015";"0";"";"";"1174527";"";"";"";"1973";"5627044";"https://www.camara.leg.br/cota-parlamentar/documentos/publ/1973/2015/5627044.pdf"
"SILVIO COSTA";"";"4930";"160";"2015";"PE";"AVANTE";"55";"10";"TELEFONIA";"0";"";"TIM CELULAR S.A";"042.060.500/0824-6";"000007813-AB";"0";"2015-03-07T00:00:00";"576.57";"21.24";"555.33";"3";"2015";"0";"";"";"1184692";"";"";"";"1973";"5660135";"https://www.camara.leg.br/cota-parlamentar/documentos/publ/1973/2015/5660135.pdf"
"SILVIO COSTA";"";"4930";"160";"2015";"PE";"AVANTE";"55";"10";"TELEFONIA";"0";"";"TIM CELULAR S.A.";"042.060.500/0018-0";"000005984-AB";"0";"2015-09-07T00:00:00";"596.69";"19.34";"577.35";"9";"2015";"0";"";"";"1240490";"";"";"";"1973";"5838753";"https://www.camara.leg.br/cota-parlamentar/documentos/publ/1973/2015/5838753.pdf"
"SILVIO COSTA";"";"4930";"160";"2015";"PE";"AVANTE";"55";"10";"TELEFONIA";"0";"";"TIM CELULAR S.A.";"042.060.500/0018-0";"000006408-AB";"0";"2015-10-07T00:00:00";"523.37";"23.22";"500.15";"10";"2015";"0";"";"";"1240494";"";"";"";"1973";"5838757";"https://www.camara.leg.br/cota-parlamentar/documentos/publ/1973/2015/5838757.pdf"
"SILVIO COSTA";"";"4930";"160";"2015";"PE";"AVANTE";"55";"10";"TELEFONIA";"0";"";"TIM CELULAR S.A.";"042.060.500/0018-0";"000006726-AB";"0";"2015-11-07T00:00:00";"546.67";"21.55";"525.12";"11";"2015";"0";"";"";"1250359";"";"";"";"1973";"5870742";"https://www.camara.leg.br/cota-parlamentar/documentos/publ/1973/2015/5870742.pdf"
"SILVIO COSTA";"";"4930";"160";"2015";"PE";"AVANTE";"55";"10";"TELEFONIA";"0";"";"TIM CELULAR S.A.";"042.060.500/0018-0";"000006877-AB";"0";"2015-07-07T00:00:00";"531.27";"19.39";"511.88";"7";"2015";"0";"";"";"1221110";"";"";"";"1973";"5774903";"https://www.camara.leg.br/cota-parlamentar/documentos/publ/1973/2015/5774903.pdf"
"SILVIO COSTA";"";"4930";"160";"2015";"PE";"AVANTE";"55";"10";"TELEFONIA";"0";"";"TIM CELULAR S.A.";"042.060.500/0018-0";"000007024-AB";"0";"2015-06-07T00:00:00";"580.31";"21.26";"559.05";"6";"2015";"0";"";"";"1221109";"";"";"";"1973";"5774901";"https://www.camara.leg.br/cota-parlamentar/documentos/publ/1973/2015/5774901.pdf"
"SILVIO COSTA";"";"4930";"160";"2015";"PE";"AVANTE";"55";"10";"TELEFONIA";"0";"";"TIM CELULAR S.A.";"042.060.500/0018-0";"000007140-AB";"0";"2015-08-07T00:00:00";"646.14";"20.16";"625.98";"8";"2015";"0";"";"";"1229624";"";"";"";"1973";"5803535";"https://www.camara.leg.br/cota-parlamentar/documentos/publ/1973/2015/5803535.pdf"
"SILVIO COSTA";"";"4930";"160";"2015";"PE";"AVANTE";"55";"120";"LOCAÇÃO OU FRETAMENTO DE VEÍCULOS AUTOMOTORES";"0";"";"BARRETO SANTOS LTDA";"049.496.800/0014-5";"00818";"1";"2015-03-24T00:00:00";"3400";"0";"3400";"3";"2015";"0";"";"";"1189546";"";"";"";"1973";"5646416";"https://www.camara.leg.br/cota-parlamentar/documentos/publ/1973/2015/5646416.pdf"
"SILVIO COSTA";"";"4930";"160";"2015";"PE";"AVANTE";"55";"120";"LOCAÇÃO OU FRETAMENTO DE VEÍCULOS AUTOMOTORES";"0";"";"BARRETO SANTOS LTDA.";"049.496.800/0014-5";"001007";"1";"2015-12-23T00:00:00";"3400";"0";"3400";"12";"2015";"0";"";"";"1261137";"";"";"";"1973";"5905349";"https://www.camara.leg.br/cota-parlamentar/documentos/publ/1973/2016/5905349.pdf"
"SILVIO COSTA";"";"4930";"160";"2015";"PE";"AVANTE";"55";"120";"LOCAÇÃO OU FRETAMENTO DE VEÍCULOS AUTOMOTORES";"0";"";"BARRETO SANTOS LTDA.";"049.496.800/0014-5";"00843";"1";"2015-04-27T00:00:00";"3400";"0";"3400";"4";"2015";"0";"";"";"1187541";"";"";"";"1973";"5669324";"https://www.camara.leg.br/cota-parlamentar/documentos/publ/1973/2015/5669324.pdf"
"SILVIO COSTA";"";"4930";"160";"2015";"PE";"AVANTE";"55";"120";"LOCAÇÃO OU FRETAMENTO DE VEÍCULOS AUTOMOTORES";"0";"";"BARRETO SANTOS LTDA.";"049.496.800/0014-5";"00863";"1";"2015-05-26T00:00:00";"3400";"0";"3400";"5";"2015";"0";"";"";"1196139";"";"";"";"1973";"5695669";"https://www.camara.leg.br/cota-parlamentar/documentos/publ/1973/2015/5695669.pdf"
"SILVIO COSTA";"";"4930";"160";"2015";"PE";"AVANTE";"55";"120";"LOCAÇÃO OU FRETAMENTO DE VEÍCULOS AUTOMOTORES";"0";"";"BARRETO SANTOS LTDA.";"049.496.800/0014-5";"00878";"1";"2015-06-25T00:00:00";"3400";"0";"3400";"6";"2015";"0";"";"";"1207766";"";"";"";"1973";"5731662";"https://www.camara.leg.br/cota-parlamentar/documentos/publ/1973/2015/5731662.pdf"
"SILVIO COSTA";"";"4930";"160";"2015";"PE";"AVANTE";"55";"120";"LOCAÇÃO OU FRETAMENTO DE VEÍCULOS AUTOMOTORES";"0";"";"BARRETO SANTOS LTDA.";"049.496.800/0014-5";"00899";"1";"2015-07-22T00:00:00";"3400";"0";"3400";"7";"2015";"0";"";"";"1211999";"";"";"";"1973";"5744920";"https://www.camara.leg.br/cota-parlamentar/documentos/publ/1973/2015/5744920.pdf"
"SILVIO COSTA";"";"4930";"160";"2015";"PE";"AVANTE";"55";"120";"LOCAÇÃO OU FRETAMENTO DE VEÍCULOS AUTOMOTORES";"0";"";"BARRETO SANTOS LTDA.";"049.496.800/0014-5";"00919";"1";"2015-08-21T00:00:00";"3400";"0";"3400";"8";"2015";"0";"";"";"1221111";"";"";"";"1973";"5774986";"https://www.camara.leg.br/cota-parlamentar/documentos/publ/1973/2015/5774986.pdf"
"SILVIO COSTA";"";"4930";"160";"2015";"PE";"AVANTE";"55";"120";"LOCAÇÃO OU FRETAMENTO DE VEÍCULOS AUTOMOTORES";"0";"";"BARRETO SANTOS LTDA.";"049.496.800/0014-5";"00940";"1";"2015-09-22T00:00:00";"3400";"0";"3400";"9";"2015";"0";"";"";"1229597";"";"";"";"1973";"5803482";"https://www.camara.leg.br/cota-parlamentar/documentos/publ/1973/2015/5803482.pdf"
"SILVIO COSTA";"";"4930";"160";"2015";"PE";"AVANTE";"55";"120";"LOCAÇÃO OU FRETAMENTO DE VEÍCULOS AUTOMOTORES";"0";"";"BARRETO SANTOS LTDA.";"049.496.800/0014-5";"00961";"1";"2015-10-21T00:00:00";"3400";"0";"3400";"10";"2015";"0";"";"";"1237146";"";"";"";"1973";"5828389";"https://www.camara.leg.br/cota-parlamentar/documentos/publ/1973/2015/5828389.pdf"
"SILVIO COSTA";"";"4930";"160";"2015";"PE";"AVANTE";"55";"120";"LOCAÇÃO OU FRETAMENTO DE VEÍCULOS AUTOMOTORES";"0";"";"BARRETO SANTOS LTDA.";"049.496.800/0014-5";"00982";"1";"2015-11-16T00:00:00";"3400";"0";"3400";"11";"2015";"0";"";"";"1248090";"";"";"";"1973";"5863719";"https://www.camara.leg.br/cota-parlamentar/documentos/publ/1973/2015/5863719.pdf"
"SILVIO COSTA";"";"4930";"160";"2015";"PE";"AVANTE";"55";"120";"LOCAÇÃO OU FRETAMENTO DE VEÍCULOS AUTOMOTORES";"0";"";"GLOBO LOCADORA DE VEICULOS LTDA";"016.119.840/0010-0";"00000108";"0";"2015-02-27T00:00:00";"6600";"0";"6600";"2";"2015";"0";"";"";"1174517";"";"";"";"1973";"5627015";"https://www.camara.leg.br/cota-parlamentar/documentos/publ/1973/2015/5627015.pdf"
"SILVIO COSTA";"";"4930";"160";"2015";"PE";"AVANTE";"55";"120";"LOCAÇÃO OU FRETAMENTO DE VEÍCULOS AUTOMOTORES";"0";"";"GLOBO LOCADORA DE VEICULOS LTDA";"016.119.840/0010-0";"00000112";"0";"2015-03-25T00:00:00";"6573.2";"0";"6573.2";"3";"2015";"0";"";"";"1179352";"";"";"";"1973";"5642569";"https://www.camara.leg.br/cota-parlamentar/documentos/publ/1973/2015/5642569.pdf"
"SILVIO COSTA";"";"4930";"160";"2015";"PE";"AVANTE";"55";"120";"LOCAÇÃO OU FRETAMENTO DE VEÍCULOS AUTOMOTORES";"0";"";"GLOBO LOCADORA DE VEICULOS LTDA";"016.119.840/0010-0";"00000119";"0";"2015-05-25T00:00:00";"6556";"0";"6556";"5";"2015";"0";"";"";"1195886";"";"";"";"1973";"5694861";"https://www.camara.leg.br/cota-parlamentar/documentos/publ/1973/2015/5694861.pdf"
"SILVIO COSTA";"";"4930";"160";"2015";"PE";"AVANTE";"55";"120";"LOCAÇÃO OU FRETAMENTO DE VEÍCULOS AUTOMOTORES";"0";"";"GLOBO LOCADORA DE VEICULOS LTDA";"016.119.840/0010-0";"00000123";"0";"2015-06-25T00:00:00";"6532.2";"0";"6532.2";"6";"2015";"0";"";"";"1204749";"";"";"";"1973";"5722400";"https://www.camara.leg.br/cota-parlamentar/documentos/publ/1973/2015/5722400.pdf"
"SILVIO COSTA";"";"4930";"160";"2015";"PE";"AVANTE";"55";"120";"LOCAÇÃO OU FRETAMENTO DE VEÍCULOS AUTOMOTORES";"0";"";"GLOBO LOCADORA DE VEICULOS LTDA";"016.119.840/0010-0";"00000128";"0";"2015-07-23T00:00:00";"6529.7";"0";"6529.7";"7";"2015";"0";"";"";"1211999";"";"";"";"1973";"5744891";"https://www.camara.leg.br/cota-parlamentar/documentos/publ/1973/2015/5744891.pdf"
"SILVIO COSTA";"";"4930";"160";"2015";"PE";"AVANTE";"55";"120";"LOCAÇÃO OU FRETAMENTO DE VEÍCULOS AUTOMOTORES";"0";"";"GLOBO LOCADORA DE VEICULOS LTDA";"016.119.840/0010-0";"00000133";"0";"2015-08-25T00:00:00";"6211.6";"0";"6211.6";"8";"2015";"0";"";"";"1222073";"";"";"";"1973";"5778557";"https://www.camara.leg.br/cota-parlamentar/documentos/publ/1973/2015/5778557.pdf"
"SILVIO COSTA";"";"4930";"160";"2015";"PE";"AVANTE";"55";"120";"LOCAÇÃO OU FRETAMENTO DE VEÍCULOS AUTOMOTORES";"0";"";"GLOBO LOCADORA DE VEICULOS LTDA";"016.119.840/0010-0";"00000137";"0";"2015-09-23T00:00:00";"6487.9";"0";"6487.9";"9";"2015";"0";"";"";"1229138";"";"";"";"1973";"5801963";"https://www.camara.leg.br/cota-parlamentar/documentos/publ/1973/2015/5801963.pdf"
"SILVIO COSTA";"";"4930";"160";"2015";"PE";"AVANTE";"55";"120";"LOCAÇÃO OU FRETAMENTO DE VEÍCULOS AUTOMOTORES";"0";"";"GLOBO LOCADORA DE VEICULOS LTDA";"016.119.840/0010-0";"00000142";"0";"2015-10-26T00:00:00";"6556.3";"0";"6556.3";"10";"2015";"0";"";"";"1237146";"";"";"";"1973";"5828404";"https://www.camara.leg.br/cota-parlamentar/documentos/publ/1973/2015/5828404.pdf"
"SILVIO COSTA";"";"4930";"160";"2015";"PE";"AVANTE";"55";"120";"LOCAÇÃO OU FRETAMENTO DE VEÍCULOS AUTOMOTORES";"0";"";"GLOBO LOCADORA DE VEICULOS LTDA";"016.119.840/0010-0";"00000145";"0";"2015-11-25T00:00:00";"6523.9";"0";"6523.9";"11";"2015";"0";"";"";"1248090";"";"";"";"1973";"5863756";"https://www.camara.leg.br/cota-parlamentar/documentos/publ/1973/2015/5863756.pdf"
"SILVIO COSTA";"";"4930";"160";"2015";"PE";"AVANTE";"55";"120";"LOCAÇÃO OU FRETAMENTO DE VEÍCULOS AUTOMOTORES";"0";"";"GLOBO LOCADORA DE VEICULOS LTDA";"016.119.840/0010-0";"00000154";"0";"2016-01-25T00:00:00";"6600";"0";"6600";"12";"2015";"0";"";"";"1261137";"";"";"";"1973";"5905409";"https://www.camara.leg.br/cota-parlamentar/documentos/publ/1973/2016/5905409.pdf"
"SILVIO COSTA";"";"4930";"160";"2015";"PE";"AVANTE";"55";"120";"LOCAÇÃO OU FRETAMENTO DE VEÍCULOS AUTOMOTORES";"0";"";"GLOBO LOCADORA DE VEICULOS LTDA.";"016.119.840/0010-0";"00000115";"0";"2015-04-27T00:00:00";"6509.6";"0";"6509.6";"4";"2015";"0";"";"";"1187541";"";"";"";"1973";"5669293";"https://www.camara.leg.br/cota-parlamentar/documentos/publ/1973/2015/5669293.pdf"
"IZALCI LUCAS";"";"4931";"408";"2011";"DF";"PSDB";"54";"1";"MANUTENÇÃO DE ESCRITÓRIO DE APOIO À ATIVIDADE PARLAMENTAR";"0";"";"CEB";"075.226.690/0019-2";"000282277";"0";"2015-01-10T00:00:00";"93.22";"0";"93.22";"1";"2015";"0";"";"";"1164583";"";"";"";"1974";"5594260";"https://www.camara.leg.br/cota-parlamentar/documentos/publ/1974/2015/5594260.pdf"
"IZALCI LUCAS";"";"4931";"408";"2011";"DF";"PSDB";"54";"1";"MANUTENÇÃO DE ESCRITÓRIO DE APOIO À ATIVIDADE PARLAMENTAR";"0";"";"CEB";"075.226.690/0019-2";"000282280";"0";"2015-01-10T00:00:00";"12.79";"0";"12.79";"1";"2015";"0";"";"";"1164583";"";"";"";"1974";"5594259";"https://www.camara.leg.br/cota-parlamentar/documentos/publ/1974/2015/5594259.pdf"
"IZALCI LUCAS";"";"4931";"408";"2011";"DF";"PSDB";"54";"1";"MANUTENÇÃO DE ESCRITÓRIO DE APOIO À ATIVIDADE PARLAMENTAR";"0";"";"CEB";"075.226.690/0019-2";"000282281";"0";"2015-01-10T00:00:00";"55.71";"0";"55.71";"1";"2015";"0";"";"";"1164583";"";"";"";"1974";"5594263";"https://www.camara.leg.br/cota-parlamentar/documentos/publ/1974/2015/5594263.pdf"
"IZALCI LUCAS";"";"4931";"408";"2011";"DF";"PSDB";"54";"1";"MANUTENÇÃO DE ESCRITÓRIO DE APOIO À ATIVIDADE PARLAMENTAR";"0";"";"CONDOMINIO DO CONJUNTO BARACAT.";"264.456.190/0010-1";"025";"1";"2014-12-08T00:00:00";"182.64";"0";"182.64";"1";"2015";"0";"";"";"1162143";"";"";"";"1974";"5586421";"https://www.camara.leg.br/cota-parlamentar/documentos/publ/1974/2015/5586421.pdf"
"IZALCI LUCAS";"";"4931";"408";"2011";"DF";"PSDB";"54";"1";"MANUTENÇÃO DE ESCRITÓRIO DE APOIO À ATIVIDADE PARLAMENTAR";"0";"";"CONDOMINIO DO ED ELDORADO";"012.637.890/0013-6";"21456";"1";"2015-01-08T00:00:00";"507.68";"0";"507.68";"1";"2015";"0";"";"";"1162144";"";"";"";"1974";"5586424";"https://www.camara.leg.br/cota-parlamentar/documentos/publ/1974/2015/5586424.pdf"
"IZALCI LUCAS";"";"4931";"408";"2011";"DF";"PSDB";"54";"1";"MANUTENÇÃO DE ESCRITÓRIO DE APOIO À ATIVIDADE PARLAMENTAR";"0";"";"CONDOMINIO DO ED ELDORADO";"012.637.890/0013-6";"21472";"1";"2015-01-08T00:00:00";"706.31";"0";"706.31";"1";"2015";"0";"";"";"1162144";"";"";"";"1974";"5586427";"https://www.camara.leg.br/cota-parlamentar/documentos/publ/1974/2015/5586427.pdf"
"IZALCI LUCAS";"";"4931";"408";"2011";"DF";"PSDB";"54";"1";"MANUTENÇÃO DE ESCRITÓRIO DE APOIO À ATIVIDADE PARLAMENTAR";"0";"";"CONDOMINIO DO ED ELDORADO";"012.637.890/0013-6";"21473";"1";"2015-01-08T00:00:00";"504.83";"0";"504.83";"1";"2015";"0";"";"";"1162144";"";"";"";"1974";"5586431";"https://www.camara.leg.br/cota-parlamentar/documentos/publ/1974/2015/5586431.pdf"
"IZALCI LUCAS";"";"4931";"408";"2011";"DF";"PSDB";"54";"1";"MANUTENÇÃO DE ESCRITÓRIO DE APOIO À ATIVIDADE PARLAMENTAR";"0";"";"CONST E IMOBILIARIA ALDEIA LTDA";"004.867.460/0015-7";"51970";"1";"2015-02-05T00:00:00";"700.98";"0";"700.98";"1";"2015";"0";"";"";"1166337";"";"";"";"1974";"5600913";"https://www.camara.leg.br/cota-parlamentar/documentos/publ/1974/2015/5600913.pdf"
"IZALCI LUCAS";"";"4931";"408";"2011";"DF";"PSDB";"54";"1";"MANUTENÇÃO DE ESCRITÓRIO DE APOIO À ATIVIDADE PARLAMENTAR";"0";"";"CORRETA NEGOCIOS IMOBILIARIOS";"006.638.720/0013-0";"82010";"1";"2015-01-07T00:00:00";"708";"0";"708";"1";"2015";"0";"";"";"1165552";"";"";"";"1974";"5597595";"https://www.camara.leg.br/cota-parlamentar/documentos/publ/1974/2015/5597595.pdf"
"IZALCI LUCAS";"";"4931";"408";"2011";"DF";"PSDB";"54";"1";"MANUTENÇÃO DE ESCRITÓRIO DE APOIO À ATIVIDADE PARLAMENTAR";"0";"";"CORRETA NEGOCIOS IMOBILIARIOS";"006.638.720/0013-0";"82017";"1";"2015-01-07T00:00:00";"740";"0";"740";"1";"2015";"0";"";"";"1165552";"";"";"";"1974";"5597598";"https://www.camara.leg.br/cota-parlamentar/documentos/publ/1974/2015/5597598.pdf"
"IZALCI LUCAS";"";"4931";"408";"2011";"DF";"PSDB";"54";"1";"MANUTENÇÃO DE ESCRITÓRIO DE APOIO À ATIVIDADE PARLAMENTAR";"0";"";"OI MÓVEL S.A";"054.239.630/0011-1";"8624";"0";"2015-01-06T00:00:00";"353.03";"0";"353.03";"1";"2015";"0";"";"";"1162144";"";"";"";"1974";"5586413";"https://www.camara.leg.br/cota-parlamentar/documentos/publ/1974/2015/5586413.pdf"
"IZALCI LUCAS";"";"4931";"408";"2011";"DF";"PSDB";"54";"10";"TELEFONIA";"0";"";"OI S.A";"765.357.640/3269-0";"000049836";"0";"2015-01-01T00:00:00";"797.92";"0";"797.92";"1";"2015";"0";"";"";"1162408";"";"";"";"1974";"5587288";"https://www.camara.leg.br/cota-parlamentar/documentos/publ/1974/2015/5587288.pdf"
"IZALCI LUCAS";"";"4931";"408";"2011";"DF";"PSDB";"54";"120";"LOCAÇÃO OU FRETAMENTO DE VEÍCULOS AUTOMOTORES";"0";"";"DIRECTCAR LOCADORA LTDA";"040.710.100/0017-9";"216";"0";"2015-02-03T00:00:00";"7250";"0";"7250";"1";"2015";"0";"";"";"1166915";"";"";"";"1974";"5602615";"https://www.camara.leg.br/cota-parlamentar/documentos/publ/1974/2015/5602615.pdf"
"IZALCI LUCAS";"";"4931";"408";"2015";"DF";"PSDB";"55";"1";"MANUTENÇÃO DE ESCRITÓRIO DE APOIO À ATIVIDADE PARLAMENTAR";"0";"";"CEB";"075.226.690/0019-2";"000000002028";"0";"2015-10-06T00:00:00";"92.71";"0";"92.71";"10";"2015";"0";"";"";"1235112";"";"";"";"1974";"5821384";"https://www.camara.leg.br/cota-parlamentar/documentos/publ/1974/2015/5821384.pdf"
"IZALCI LUCAS";"";"4931";"408";"2015";"DF";"PSDB";"55";"1";"MANUTENÇÃO DE ESCRITÓRIO DE APOIO À ATIVIDADE PARLAMENTAR";"0";"";"CEB";"075.226.690/0019-2";"000000002032";"0";"2015-10-06T00:00:00";"78.22";"0";"78.22";"10";"2015";"0";"";"";"1235112";"";"";"";"1974";"5821387";"https://www.camara.leg.br/cota-parlamentar/documentos/publ/1974/2015/5821387.pdf"
"IZALCI LUCAS";"";"4931";"408";"2015";"DF";"PSDB";"55";"1";"MANUTENÇÃO DE ESCRITÓRIO DE APOIO À ATIVIDADE PARLAMENTAR";"0";"";"CEB";"075.226.690/0019-2";"000283455";"0";"2015-02-07T00:00:00";"84.15";"0";"84.15";"2";"2015";"0";"";"";"1168787";"";"";"";"1974";"5609261";"https://www.camara.leg.br/cota-parlamentar/documentos/publ/1974/2015/5609261.pdf"
"IZALCI LUCAS";"";"4931";"408";"2015";"DF";"PSDB";"55";"1";"MANUTENÇÃO DE ESCRITÓRIO DE APOIO À ATIVIDADE PARLAMENTAR";"0";"";"CEB";"075.226.690/0019-2";"000283458";"0";"2015-02-07T00:00:00";"13.73";"0";"13.73";"2";"2015";"0";"";"";"1168787";"";"";"";"1974";"5609255";"https://www.camara.leg.br/cota-parlamentar/documentos/publ/1974/2015/5609255.pdf"
"IZALCI LUCAS";"";"4931";"408";"2015";"DF";"PSDB";"55";"1";"MANUTENÇÃO DE ESCRITÓRIO DE APOIO À ATIVIDADE PARLAMENTAR";"0";"";"CEB";"075.226.690/0019-2";"000283459";"0";"2015-02-07T00:00:00";"89.49";"0";"89.49";"2";"2015";"0";"";"";"1168787";"";"";"";"1974";"5609248";"https://www.camara.leg.br/cota-parlamentar/documentos/publ/1974/2015/5609248.pdf"
"IZALCI LUCAS";"";"4931";"408";"2015";"DF";"PSDB";"55";"1";"MANUTENÇÃO DE ESCRITÓRIO DE APOIO À ATIVIDADE PARLAMENTAR";"0";"";"CEB";"075.226.690/0019-2";"000284152";"0";"2015-03-10T00:00:00";"79.7";"0";"79.7";"3";"2015";"0";"";"";"1178403";"";"";"";"1974";"5640195";"https://www.camara.leg.br/cota-parlamentar/documentos/publ/1974/2015/5640195.pdf"
"IZALCI LUCAS";"";"4931";"408";"2015";"DF";"PSDB";"55";"1";"MANUTENÇÃO DE ESCRITÓRIO DE APOIO À ATIVIDADE PARLAMENTAR";"0";"";"CEB";"075.226.690/0019-2";"000284155";"0";"2015-03-10T00:00:00";"14.7";"0";"14.7";"3";"2015";"0";"";"";"1178403";"";"";"";"1974";"5640192";"https://www.camara.leg.br/cota-parlamentar/documentos/publ/1974/2015/5640192.pdf"
"IZALCI LUCAS";"";"4931";"408";"2015";"DF";"PSDB";"55";"1";"MANUTENÇÃO DE ESCRITÓRIO DE APOIO À ATIVIDADE PARLAMENTAR";"0";"";"CEB";"075.226.690/0019-2";"000284156";"0";"2015-03-10T00:00:00";"46.29";"0";"46.29";"3";"2015";"0";"";"";"1178403";"";"";"";"1974";"5640201";"https://www.camara.leg.br/cota-parlamentar/documentos/publ/1974/2015/5640201.pdf"
"IZALCI LUCAS";"";"4931";"408";"2015";"DF";"PSDB";"55";"1";"MANUTENÇÃO DE ESCRITÓRIO DE APOIO À ATIVIDADE PARLAMENTAR";"0";"";"CEB";"075.226.690/0019-2";"00028501";"0";"2015-04-09T00:00:00";"48.75";"0";"48.75";"4";"2015";"0";"";"";"1187946";"";"";"";"1974";"5670899";"https://www.camara.leg.br/cota-parlamentar/documentos/publ/1974/2015/5670899.pdf"
"IZALCI LUCAS";"";"4931";"408";"2015";"DF";"PSDB";"55";"1";"MANUTENÇÃO DE ESCRITÓRIO DE APOIO À ATIVIDADE PARLAMENTAR";"0";"";"CEB";"075.226.690/0019-2";"000285013";"0";"2015-04-09T00:00:00";"79.4";"0";"79.4";"4";"2015";"0";"";"";"1187685";"";"";"";"1974";"5669711";"https://www.camara.leg.br/cota-parlamentar/documentos/publ/1974/2015/5669711.pdf"
"IZALCI LUCAS";"";"4931";"408";"2015";"DF";"PSDB";"55";"1";"MANUTENÇÃO DE ESCRITÓRIO DE APOIO À ATIVIDADE PARLAMENTAR";"0";"";"CEB";"075.226.690/0019-2";"000285016";"0";"2015-04-09T00:00:00";"16.88";"0";"16.88";"4";"2015";"0";"";"";"1187937";"";"";"";"1974";"5670891";"https://www.camara.leg.br/cota-parlamentar/documentos/publ/1974/2015/5670891.pdf"
"IZALCI LUCAS";"";"4931";"408";"2015";"DF";"PSDB";"55";"1";"MANUTENÇÃO DE ESCRITÓRIO DE APOIO À ATIVIDADE PARLAMENTAR";"0";"";"CEB";"075.226.690/0019-2";"000285645";"0";"2015-05-11T00:00:00";"84.67";"0";"84.67";"5";"2015";"0";"";"";"1194794";"";"";"";"1974";"5691492";"https://www.camara.leg.br/cota-parlamentar/documentos/publ/1974/2015/5691492.pdf"
"IZALCI LUCAS";"";"4931";"408";"2015";"DF";"PSDB";"55";"1";"MANUTENÇÃO DE ESCRITÓRIO DE APOIO À ATIVIDADE PARLAMENTAR";"0";"";"CEB";"075.226.690/0019-2";"000285649";"0";"2015-05-11T00:00:00";"72.3";"1.4";"70.9";"5";"2015";"0";"";"";"1194794";"";"";"";"1974";"5691490";"https://www.camara.leg.br/cota-parlamentar/documentos/publ/1974/2015/5691490.pdf"
"IZALCI LUCAS";"";"4931";"408";"2015";"DF";"PSDB";"55";"1";"MANUTENÇÃO DE ESCRITÓRIO DE APOIO À ATIVIDADE PARLAMENTAR";"0";"";"CEB";"075.226.690/0019-2";"000286348";"0";"2015-07-09T00:00:00";"95.26";"2.52";"92.74";"7";"2015";"0";"";"";"1211125";"";"";"";"1974";"5741335";"https://www.camara.leg.br/cota-parlamentar/documentos/publ/1974/2015/5741335.pdf"
"IZALCI LUCAS";"";"4931";"408";"2015";"DF";"PSDB";"55";"1";"MANUTENÇÃO DE ESCRITÓRIO DE APOIO À ATIVIDADE PARLAMENTAR";"0";"";"CEB";"075.226.690/0019-2";"000286351";"0";"2015-07-09T00:00:00";"17.59";"0.09";"17.5";"7";"2015";"0";"";"";"1211125";"";"";"";"1974";"5741331";"https://www.camara.leg.br/cota-parlamentar/documentos/publ/1974/2015/5741331.pdf"
"IZALCI LUCAS";"";"4931";"408";"2015";"DF";"PSDB";"55";"1";"MANUTENÇÃO DE ESCRITÓRIO DE APOIO À ATIVIDADE PARLAMENTAR";"0";"";"CEB";"075.226.690/0019-2";"000286352";"0";"2015-07-09T00:00:00";"66.02";"1.7";"64.32";"7";"2015";"0";"";"";"1211125";"";"";"";"1974";"5741326";"https://www.camara.leg.br/cota-parlamentar/documentos/publ/1974/2015/5741326.pdf"
"IZALCI LUCAS";"";"4931";"408";"2015";"DF";"PSDB";"55";"1";"MANUTENÇÃO DE ESCRITÓRIO DE APOIO À ATIVIDADE PARLAMENTAR";"0";"";"CEB";"075.226.690/0019-2";"000288680";"0";"2015-08-10T00:00:00";"17.09";"0";"17.09";"8";"2015";"0";"";"";"1220093";"";"";"";"1974";"5771713";"https://www.camara.leg.br/cota-parlamentar/documentos/publ/1974/2015/5771713.pdf"
"IZALCI LUCAS";"";"4931";"408";"2015";"DF";"PSDB";"55";"1";"MANUTENÇÃO DE ESCRITÓRIO DE APOIO À ATIVIDADE PARLAMENTAR";"0";"";"CEB";"075.226.690/0019-2";"000288681";"0";"2015-08-10T00:00:00";"72.47";"0";"72.47";"8";"2015";"0";"";"";"1220093";"";"";"";"1974";"5771730";"https://www.camara.leg.br/cota-parlamentar/documentos/publ/1974/2015/5771730.pdf"
"IZALCI LUCAS";"";"4931";"408";"2015";"DF";"PSDB";"55";"1";"MANUTENÇÃO DE ESCRITÓRIO DE APOIO À ATIVIDADE PARLAMENTAR";"0";"";"CEB";"075.226.690/0019-2";"00028877";"0";"2015-08-10T00:00:00";"86.29";"0";"86.29";"8";"2015";"0";"";"";"1220093";"";"";"";"1974";"5771720";"https://www.camara.leg.br/cota-parlamentar/documentos/publ/1974/2015/5771720.pdf"
"IZALCI LUCAS";"";"4931";"408";"2015";"DF";"PSDB";"55";"1";"MANUTENÇÃO DE ESCRITÓRIO DE APOIO À ATIVIDADE PARLAMENTAR";"0";"";"CEB";"075.226.690/0019-2";"000289517";"0";"2015-09-09T00:00:00";"92.52";"0";"92.52";"9";"2015";"0";"";"";"1228975";"";"";"";"1974";"5801220";"https://www.camara.leg.br/cota-parlamentar/documentos/publ/1974/2015/5801220.pdf"
"IZALCI LUCAS";"";"4931";"408";"2015";"DF";"PSDB";"55";"1";"MANUTENÇÃO DE ESCRITÓRIO DE APOIO À ATIVIDADE PARLAMENTAR";"0";"";"CEB";"075.226.690/0019-2";"000289520";"0";"2015-09-09T00:00:00";"18.31";"0";"18.31";"9";"2015";"0";"";"";"1228975";"";"";"";"1974";"5801216";"https://www.camara.leg.br/cota-parlamentar/documentos/publ/1974/2015/5801216.pdf"
"IZALCI LUCAS";"";"4931";"408";"2015";"DF";"PSDB";"55";"1";"MANUTENÇÃO DE ESCRITÓRIO DE APOIO À ATIVIDADE PARLAMENTAR";"0";"";"CEB";"075.226.690/0019-2";"000289521";"0";"2015-09-09T00:00:00";"79.4";"0";"79.4";"9";"2015";"0";"";"";"1228975";"";"";"";"1974";"5801210";"https://www.camara.leg.br/cota-parlamentar/documentos/publ/1974/2015/5801210.pdf"
"IZALCI LUCAS";"";"4931";"408";"2015";"DF";"PSDB";"55";"1";"MANUTENÇÃO DE ESCRITÓRIO DE APOIO À ATIVIDADE PARLAMENTAR";"0";"";"CEB";"075.226.690/0019-2";"000289932";"0";"2015-10-08T00:00:00";"19.93";"0";"19.93";"10";"2015";"0";"";"";"1237111";"";"";"";"1974";"5828329";"https://www.camara.leg.br/cota-parlamentar/documentos/publ/1974/2015/5828329.pdf"
"IZALCI LUCAS";"";"4931";"408";"2015";"DF";"PSDB";"55";"1";"MANUTENÇÃO DE ESCRITÓRIO DE APOIO À ATIVIDADE PARLAMENTAR";"0";"";"CEB";"075.226.690/0019-2";"000290555";"0";"2015-11-10T00:00:00";"48";"0.13";"47.87";"11";"2015";"0";"";"";"1244148";"";"";"";"1974";"5850617";"https://www.camara.leg.br/cota-parlamentar/documentos/publ/1974/2015/5850617.pdf"
"IZALCI LUCAS";"";"4931";"408";"2015";"DF";"PSDB";"55";"1";"MANUTENÇÃO DE ESCRITÓRIO DE APOIO À ATIVIDADE PARLAMENTAR";"0";"";"CEB";"075.226.690/0019-2";"11756861";"0";"2015-05-11T00:00:00";"17.06";"0.11";"16.95";"5";"2015";"0";"";"";"1194794";"";"";"";"1974";"5691493";"https://www.camara.leg.br/cota-parlamentar/documentos/publ/1974/2015/5691493.pdf"
"IZALCI LUCAS";"";"4931";"408";"2015";"DF";"PSDB";"55";"1";"MANUTENÇÃO DE ESCRITÓRIO DE APOIO À ATIVIDADE PARLAMENTAR";"0";"";"CEB";"075.226.690/0019-2";"11756861";"0";"2015-06-10T00:00:00";"17.18";"0";"17.18";"6";"2015";"0";"";"";"1203847";"";"";"";"1974";"5719083";"https://www.camara.leg.br/cota-parlamentar/documentos/publ/1974/2015/5719083.pdf"
"IZALCI LUCAS";"";"4931";"408";"2015";"DF";"PSDB";"55";"1";"MANUTENÇÃO DE ESCRITÓRIO DE APOIO À ATIVIDADE PARLAMENTAR";"0";"";"CEB";"075.226.690/0019-2";"11833416";"0";"2015-06-10T00:00:00";"68.29";"0";"68.29";"6";"2015";"0";"";"";"1203847";"";"";"";"1974";"5719097";"https://www.camara.leg.br/cota-parlamentar/documentos/publ/1974/2015/5719097.pdf"
"IZALCI LUCAS";"";"4931";"408";"2015";"DF";"PSDB";"55";"1";"MANUTENÇÃO DE ESCRITÓRIO DE APOIO À ATIVIDADE PARLAMENTAR";"0";"";"CEB";"075.226.690/0019-2";"13011367";"0";"2015-06-10T00:00:00";"93.81";"0";"93.81";"6";"2015";"0";"";"";"1203847";"";"";"";"1974";"5719091";"https://www.camara.leg.br/cota-parlamentar/documentos/publ/1974/2015/5719091.pdf"
"IZALCI LUCAS";"";"4931";"408";"2015";"DF";"PSDB";"55";"1";"MANUTENÇÃO DE ESCRITÓRIO DE APOIO À ATIVIDADE PARLAMENTAR";"0";"";"COMÉRCIO DE ARTIGOS DE PAPELARIA LTDA-ME";"121.328.540/0010-0";"01957";"0";"2015-07-07T00:00:00";"675.5";"0";"675.5";"7";"2015";"0";"";"";"1209124";"";"";"";"1974";"5735654";"https://www.camara.leg.br/cota-parlamentar/documentos/publ/1974/2015/5735654.pdf"
"IZALCI LUCAS";"";"4931";"408";"2015";"DF";"PSDB";"55";"1";"MANUTENÇÃO DE ESCRITÓRIO DE APOIO À ATIVIDADE PARLAMENTAR";"0";"";"CONDOMINIO DO CONJUNTO BARACAT.";"264.456.190/0010-1";"025";"1";"2015-01-12T00:00:00";"182.64";"0";"182.64";"2";"2015";"0";"";"";"1166998";"";"";"";"1974";"5602839";"https://www.camara.leg.br/cota-parlamentar/documentos/publ/1974/2015/5602839.pdf"
"IZALCI LUCAS";"";"4931";"408";"2015";"DF";"PSDB";"55";"1";"MANUTENÇÃO DE ESCRITÓRIO DE APOIO À ATIVIDADE PARLAMENTAR";"0";"";"CONDOMINIO DO CONJUNTO BARACAT.";"264.456.190/0010-1";"025";"1";"2015-02-13T00:00:00";"136.98";"0";"136.98";"2";"2015";"0";"";"";"1174912";"";"";"";"1974";"5628566";"https://www.camara.leg.br/cota-parlamentar/documentos/publ/1974/2015/5628566.pdf"
"IZALCI LUCAS";"";"4931";"408";"2015";"DF";"PSDB";"55";"1";"MANUTENÇÃO DE ESCRITÓRIO DE APOIO À ATIVIDADE PARLAMENTAR";"0";"";"CONDOMINIO DO CONJUNTO BARACAT.";"264.456.190/0010-1";"025";"1";"2015-03-04T00:00:00";"136.98";"0";"136.98";"4";"2015";"0";"";"";"1182470";"";"";"";"1974";"5652565";"https://www.camara.leg.br/cota-parlamentar/documentos/publ/1974/2015/5652565.pdf"
"IZALCI LUCAS";"";"4931";"408";"2015";"DF";"PSDB";"55";"1";"MANUTENÇÃO DE ESCRITÓRIO DE APOIO À ATIVIDADE PARLAMENTAR";"0";"";"CONDOMINIO DO CONJUNTO BARACAT.";"264.456.190/0010-1";"025";"1";"2015-04-08T00:00:00";"182.64";"0";"182.64";"5";"2015";"0";"";"";"1192474";"";"";"";"1974";"5683646";"https://www.camara.leg.br/cota-parlamentar/documentos/publ/1974/2015/5683646.pdf"
"IZALCI LUCAS";"";"4931";"408";"2015";"DF";"PSDB";"55";"1";"MANUTENÇÃO DE ESCRITÓRIO DE APOIO À ATIVIDADE PARLAMENTAR";"0";"";"CONDOMINIO DO CONJUNTO BARACAT.";"264.456.190/0010-1";"025";"1";"2015-05-14T00:00:00";"136.98";"0";"136.98";"6";"2015";"0";"";"";"1200497";"";"";"";"1974";"5708433";"https://www.camara.leg.br/cota-parlamentar/documentos/publ/1974/2015/5708433.pdf"
"IZALCI LUCAS";"";"4931";"408";"2015";"DF";"PSDB";"55";"1";"MANUTENÇÃO DE ESCRITÓRIO DE APOIO À ATIVIDADE PARLAMENTAR";"0";"";"CONDOMINIO DO CONJUNTO BARACAT.";"264.456.190/0010-1";"025";"1";"2015-07-07T00:00:00";"136.9";"0";"136.9";"8";"2015";"0";"";"";"1217515";"";"";"";"1974";"5762316";"https://www.camara.leg.br/cota-parlamentar/documentos/publ/1974/2015/5762316.pdf"
"IZALCI LUCAS";"";"4931";"408";"2015";"DF";"PSDB";"55";"1";"MANUTENÇÃO DE ESCRITÓRIO DE APOIO À ATIVIDADE PARLAMENTAR";"0";"";"CONDOMINIO DO CONJUNTO BARACAT.";"264.456.190/0010-1";"025";"1";"2015-10-05T00:00:00";"136.98";"0";"136.98";"11";"2015";"0";"";"";"1244144";"";"";"";"1974";"5850585";"https://www.camara.leg.br/cota-parlamentar/documentos/publ/1974/2015/5850585.pdf"
"IZALCI LUCAS";"";"4931";"408";"2015";"DF";"PSDB";"55";"1";"MANUTENÇÃO DE ESCRITÓRIO DE APOIO À ATIVIDADE PARLAMENTAR";"0";"";"CONDOMINIO DO CONJUNTO BARACAT.";"264.456.190/0010-1";"025";"1";"2015-11-17T00:00:00";"136.98";"0";"136.98";"12";"2015";"0";"";"";"1251380";"";"";"";"1974";"5874049";"https://www.camara.leg.br/cota-parlamentar/documentos/publ/1974/2015/5874049.pdf"
"IZALCI LUCAS";"";"4931";"408";"2015";"DF";"PSDB";"55";"1";"MANUTENÇÃO DE ESCRITÓRIO DE APOIO À ATIVIDADE PARLAMENTAR";"0";"";"CONDOMINIO DO CONJUNTO BARACAT.";"264.456.190/0010-1";"503772";"1";"2015-08-07T00:00:00";"136.98";"0";"136.98";"9";"2015";"0";"";"";"1225234";"";"";"";"1974";"5788510";"https://www.camara.leg.br/cota-parlamentar/documentos/publ/1974/2015/5788510.pdf"
"IZALCI LUCAS";"";"4931";"408";"2015";"DF";"PSDB";"55";"1";"MANUTENÇÃO DE ESCRITÓRIO DE APOIO À ATIVIDADE PARLAMENTAR";"0";"";"CONDOMINIO DO CONJUNTO BARACAT.";"264.456.190/0010-1";"505538";"1";"2015-09-10T00:00:00";"136.98";"0";"136.98";"10";"2015";"0";"";"";"1235112";"";"";"";"1974";"5821383";"https://www.camara.leg.br/cota-parlamentar/documentos/publ/1974/2015/5821383.pdf"
"IZALCI LUCAS";"";"4931";"408";"2015";"DF";"PSDB";"55";"1";"MANUTENÇÃO DE ESCRITÓRIO DE APOIO À ATIVIDADE PARLAMENTAR";"0";"";"CONDOMINIO DO CONJUNTO BARACAT.";"264.456.190/0010-1";"s/n";"1";"2015-06-09T00:00:00";"182.64";"0";"182.64";"7";"2015";"0";"";"";"1209123";"";"";"";"1974";"5735678";"https://www.camara.leg.br/cota-parlamentar/documentos/publ/1974/2015/5735678.pdf"
"IZALCI LUCAS";"";"4931";"408";"2015";"DF";"PSDB";"55";"1";"MANUTENÇÃO DE ESCRITÓRIO DE APOIO À ATIVIDADE PARLAMENTAR";"0";"";"CONDOMINIO DO ED ELDORADO";"012.637.890/0013-6";"16554";"1";"2015-11-04T00:00:00";"791.25";"0";"791.25";"11";"2015";"0";"";"";"1244149";"";"";"";"1974";"5850591";"https://www.camara.leg.br/cota-parlamentar/documentos/publ/1974/2015/5850591.pdf"
"IZALCI LUCAS";"";"4931";"408";"2015";"DF";"PSDB";"55";"1";"MANUTENÇÃO DE ESCRITÓRIO DE APOIO À ATIVIDADE PARLAMENTAR";"0";"";"CONDOMINIO DO ED ELDORADO";"012.637.890/0013-6";"16692";"1";"2015-11-25T00:00:00";"791.25";"0";"791.25";"12";"2015";"0";"";"";"1251381";"";"";"";"1974";"5874051";"https://www.camara.leg.br/cota-parlamentar/documentos/publ/1974/2015/5874051.pdf"
"IZALCI LUCAS";"";"4931";"408";"2015";"DF";"PSDB";"55";"1";"MANUTENÇÃO DE ESCRITÓRIO DE APOIO À ATIVIDADE PARLAMENTAR";"0";"";"CONDOMINIO DO ED ELDORADO";"012.637.890/0013-6";"21594";"1";"2015-01-20T00:00:00";"507.68";"0";"507.68";"2";"2015";"0";"";"";"1166999";"";"";"";"1974";"5602846";"https://www.camara.leg.br/cota-parlamentar/documentos/publ/1974/2015/5602846.pdf"
"IZALCI LUCAS";"";"4931";"408";"2015";"DF";"PSDB";"55";"1";"MANUTENÇÃO DE ESCRITÓRIO DE APOIO À ATIVIDADE PARLAMENTAR";"0";"";"CONDOMINIO DO ED ELDORADO";"012.637.890/0013-6";"21610";"1";"2015-01-20T00:00:00";"706.31";"0";"706.31";"2";"2015";"0";"";"";"1166999";"";"";"";"1974";"5602857";"https://www.camara.leg.br/cota-parlamentar/documentos/publ/1974/2015/5602857.pdf"
"IZALCI LUCAS";"";"4931";"408";"2015";"DF";"PSDB";"55";"1";"MANUTENÇÃO DE ESCRITÓRIO DE APOIO À ATIVIDADE PARLAMENTAR";"0";"";"CONDOMINIO DO ED ELDORADO";"012.637.890/0013-6";"21611";"0";"2015-01-20T00:00:00";"504.83";"0";"504.83";"2";"2015";"0";"";"";"1166999";"";"";"";"1974";"5602851";"https://www.camara.leg.br/cota-parlamentar/documentos/publ/1974/2015/5602851.pdf"
"IZALCI LUCAS";"";"4931";"408";"2015";"DF";"PSDB";"55";"1";"MANUTENÇÃO DE ESCRITÓRIO DE APOIO À ATIVIDADE PARLAMENTAR";"0";"";"CONDOMINIO DO ED ELDORADO";"012.637.890/0013-6";"21732";"1";"2015-03-10T00:00:00";"507.68";"0";"507.68";"3";"2015";"0";"";"";"1174914";"";"";"";"1974";"5628573";"https://www.camara.leg.br/cota-parlamentar/documentos/publ/1974/2015/5628573.pdf"
"IZALCI LUCAS";"";"4931";"408";"2015";"DF";"PSDB";"55";"1";"MANUTENÇÃO DE ESCRITÓRIO DE APOIO À ATIVIDADE PARLAMENTAR";"0";"";"CONDOMINIO DO ED ELDORADO";"012.637.890/0013-6";"21748";"1";"2015-03-10T00:00:00";"706.31";"0";"706.31";"3";"2015";"0";"";"";"1174914";"";"";"";"1974";"5628577";"https://www.camara.leg.br/cota-parlamentar/documentos/publ/1974/2015/5628577.pdf"
"IZALCI LUCAS";"";"4931";"408";"2015";"DF";"PSDB";"55";"1";"MANUTENÇÃO DE ESCRITÓRIO DE APOIO À ATIVIDADE PARLAMENTAR";"0";"";"CONDOMINIO DO ED ELDORADO";"012.637.890/0013-6";"21749";"1";"2015-03-10T00:00:00";"504.83";"0";"504.83";"3";"2015";"0";"";"";"1174914";"";"";"";"1974";"5628569";"https://www.camara.leg.br/cota-parlamentar/documentos/publ/1974/2015/5628569.pdf"
"IZALCI LUCAS";"";"4931";"408";"2015";"DF";"PSDB";"55";"1";"MANUTENÇÃO DE ESCRITÓRIO DE APOIO À ATIVIDADE PARLAMENTAR";"0";"";"CONDOMINIO DO ED ELDORADO";"012.637.890/0013-6";"21870";"1";"2015-03-30T00:00:00";"568.73";"0";"568.73";"4";"2015";"0";"";"";"1182471";"";"";"";"1974";"5652555";"https://www.camara.leg.br/cota-parlamentar/documentos/publ/1974/2015/5652555.pdf"
"IZALCI LUCAS";"";"4931";"408";"2015";"DF";"PSDB";"55";"1";"MANUTENÇÃO DE ESCRITÓRIO DE APOIO À ATIVIDADE PARLAMENTAR";"0";"";"CONDOMINIO DO ED ELDORADO";"012.637.890/0013-6";"21886";"1";"2015-03-30T00:00:00";"791.25";"0";"791.25";"4";"2015";"0";"";"";"1182471";"";"";"";"1974";"5652558";"https://www.camara.leg.br/cota-parlamentar/documentos/publ/1974/2015/5652558.pdf"
"IZALCI LUCAS";"";"4931";"408";"2015";"DF";"PSDB";"55";"1";"MANUTENÇÃO DE ESCRITÓRIO DE APOIO À ATIVIDADE PARLAMENTAR";"0";"";"CONDOMINIO DO ED ELDORADO";"012.637.890/0013-6";"21887";"1";"2015-03-30T00:00:00";"565.54";"0";"565.54";"4";"2015";"0";"";"";"1182471";"";"";"";"1974";"5652560";"https://www.camara.leg.br/cota-parlamentar/documentos/publ/1974/2015/5652560.pdf"
"IZALCI LUCAS";"";"4931";"408";"2015";"DF";"PSDB";"55";"1";"MANUTENÇÃO DE ESCRITÓRIO DE APOIO À ATIVIDADE PARLAMENTAR";"0";"";"CONDOMINIO DO ED ELDORADO";"012.637.890/0013-6";"22041";"1";"2015-04-29T00:00:00";"568.73";"0";"568.73";"5";"2015";"0";"";"";"1192625";"";"";"";"1974";"5684137";"https://www.camara.leg.br/cota-parlamentar/documentos/publ/1974/2015/5684137.pdf"
"IZALCI LUCAS";"";"4931";"408";"2015";"DF";"PSDB";"55";"1";"MANUTENÇÃO DE ESCRITÓRIO DE APOIO À ATIVIDADE PARLAMENTAR";"0";"";"CONDOMINIO DO ED ELDORADO";"012.637.890/0013-6";"22057";"1";"2015-04-29T00:00:00";"791.25";"0";"791.25";"5";"2015";"0";"";"";"1192475";"";"";"";"1974";"5683630";"https://www.camara.leg.br/cota-parlamentar/documentos/publ/1974/2015/5683630.pdf"
"IZALCI LUCAS";"";"4931";"408";"2015";"DF";"PSDB";"55";"1";"MANUTENÇÃO DE ESCRITÓRIO DE APOIO À ATIVIDADE PARLAMENTAR";"0";"";"CONDOMINIO DO ED ELDORADO";"012.637.890/0013-6";"22058";"1";"2015-04-29T00:00:00";"565.54";"0";"565.54";"5";"2015";"0";"";"";"1192475";"";"";"";"1974";"5683634";"https://www.camara.leg.br/cota-parlamentar/documentos/publ/1974/2015/5683634.pdf"
"IZALCI LUCAS";"";"4931";"408";"2015";"DF";"PSDB";"55";"1";"MANUTENÇÃO DE ESCRITÓRIO DE APOIO À ATIVIDADE PARLAMENTAR";"0";"";"CONDOMINIO DO ED ELDORADO";"012.637.890/0013-6";"22179";"1";"2015-05-28T00:00:00";"568.73";"0";"568.73";"6";"2015";"0";"";"";"1200498";"";"";"";"1974";"5708408";"https://www.camara.leg.br/cota-parlamentar/documentos/publ/1974/2015/5708408.pdf"
"IZALCI LUCAS";"";"4931";"408";"2015";"DF";"PSDB";"55";"1";"MANUTENÇÃO DE ESCRITÓRIO DE APOIO À ATIVIDADE PARLAMENTAR";"0";"";"CONDOMINIO DO ED ELDORADO";"012.637.890/0013-6";"22195";"1";"2015-05-28T00:00:00";"791.25";"0";"791.25";"6";"2015";"0";"";"";"1200498";"";"";"";"1974";"5708402";"https://www.camara.leg.br/cota-parlamentar/documentos/publ/1974/2015/5708402.pdf"
"IZALCI LUCAS";"";"4931";"408";"2015";"DF";"PSDB";"55";"1";"MANUTENÇÃO DE ESCRITÓRIO DE APOIO À ATIVIDADE PARLAMENTAR";"0";"";"CONDOMINIO DO ED ELDORADO";"012.637.890/0013-6";"22196";"1";"2015-05-28T00:00:00";"565.54";"0";"565.54";"6";"2015";"0";"";"";"1200498";"";"";"";"1974";"5708412";"https://www.camara.leg.br/cota-parlamentar/documentos/publ/1974/2015/5708412.pdf"
"IZALCI LUCAS";"";"4931";"408";"2015";"DF";"PSDB";"55";"1";"MANUTENÇÃO DE ESCRITÓRIO DE APOIO À ATIVIDADE PARLAMENTAR";"0";"";"CONDOMINIO DO ED ELDORADO";"012.637.890/0013-6";"22317";"1";"2015-06-26T00:00:00";"568.73";"0";"568.73";"7";"2015";"0";"";"";"1209124";"";"";"";"1974";"5735659";"https://www.camara.leg.br/cota-parlamentar/documentos/publ/1974/2015/5735659.pdf"
"IZALCI LUCAS";"";"4931";"408";"2015";"DF";"PSDB";"55";"1";"MANUTENÇÃO DE ESCRITÓRIO DE APOIO À ATIVIDADE PARLAMENTAR";"0";"";"CONDOMINIO DO ED ELDORADO";"012.637.890/0013-6";"22333";"1";"2015-06-26T00:00:00";"791.25";"0";"791.25";"7";"2015";"0";"";"";"1209124";"";"";"";"1974";"5735669";"https://www.camara.leg.br/cota-parlamentar/documentos/publ/1974/2015/5735669.pdf"
"IZALCI LUCAS";"";"4931";"408";"2015";"DF";"PSDB";"55";"1";"MANUTENÇÃO DE ESCRITÓRIO DE APOIO À ATIVIDADE PARLAMENTAR";"0";"";"CONDOMINIO DO ED ELDORADO";"012.637.890/0013-6";"22334";"1";"2015-06-26T00:00:00";"565.54";"0";"565.54";"7";"2015";"0";"";"";"1209124";"";"";"";"1974";"5735662";"https://www.camara.leg.br/cota-parlamentar/documentos/publ/1974/2015/5735662.pdf"
"IZALCI LUCAS";"";"4931";"408";"2015";"DF";"PSDB";"55";"1";"MANUTENÇÃO DE ESCRITÓRIO DE APOIO À ATIVIDADE PARLAMENTAR";"0";"";"CONDOMINIO DO ED ELDORADO";"012.637.890/0013-6";"22455";"1";"2015-07-21T00:00:00";"568.73";"0";"568.73";"8";"2015";"0";"";"";"1215560";"";"";"";"1974";"5756478";"https://www.camara.leg.br/cota-parlamentar/documentos/publ/1974/2015/5756478.pdf"
"IZALCI LUCAS";"";"4931";"408";"2015";"DF";"PSDB";"55";"1";"MANUTENÇÃO DE ESCRITÓRIO DE APOIO À ATIVIDADE PARLAMENTAR";"0";"";"CONDOMINIO DO ED ELDORADO";"012.637.890/0013-6";"22471";"1";"2015-07-21T00:00:00";"791.25";"0";"791.25";"8";"2015";"0";"";"";"1215560";"";"";"";"1974";"5756485";"https://www.camara.leg.br/cota-parlamentar/documentos/publ/1974/2015/5756485.pdf"
"IZALCI LUCAS";"";"4931";"408";"2015";"DF";"PSDB";"55";"1";"MANUTENÇÃO DE ESCRITÓRIO DE APOIO À ATIVIDADE PARLAMENTAR";"0";"";"CONDOMINIO DO ED ELDORADO";"012.637.890/0013-6";"22472";"1";"2015-07-21T00:00:00";"565.54";"0";"565.54";"8";"2015";"0";"";"";"1215560";"";"";"";"1974";"5756483";"https://www.camara.leg.br/cota-parlamentar/documentos/publ/1974/2015/5756483.pdf"
"IZALCI LUCAS";"";"4931";"408";"2015";"DF";"PSDB";"55";"1";"MANUTENÇÃO DE ESCRITÓRIO DE APOIO À ATIVIDADE PARLAMENTAR";"0";"";"CONDOMINIO DO ED ELDORADO";"012.637.890/0013-6";"22593";"1";"2015-08-28T00:00:00";"568.73";"0";"568.73";"9";"2015";"0";"";"";"1225235";"";"";"";"1974";"5788506";"https://www.camara.leg.br/cota-parlamentar/documentos/publ/1974/2015/5788506.pdf"
"IZALCI LUCAS";"";"4931";"408";"2015";"DF";"PSDB";"55";"1";"MANUTENÇÃO DE ESCRITÓRIO DE APOIO À ATIVIDADE PARLAMENTAR";"0";"";"CONDOMINIO DO ED ELDORADO";"012.637.890/0013-6";"22609";"1";"2015-08-28T00:00:00";"791.25";"0";"791.25";"9";"2015";"0";"";"";"1225235";"";"";"";"1974";"5788507";"https://www.camara.leg.br/cota-parlamentar/documentos/publ/1974/2015/5788507.pdf"
"IZALCI LUCAS";"";"4931";"408";"2015";"DF";"PSDB";"55";"1";"MANUTENÇÃO DE ESCRITÓRIO DE APOIO À ATIVIDADE PARLAMENTAR";"0";"";"CONDOMINIO DO ED ELDORADO";"012.637.890/0013-6";"22610";"1";"2015-08-28T00:00:00";"565.54";"0";"565.54";"9";"2015";"0";"";"";"1225235";"";"";"";"1974";"5788504";"https://www.camara.leg.br/cota-parlamentar/documentos/publ/1974/2015/5788504.pdf"
"IZALCI LUCAS";"";"4931";"408";"2015";"DF";"PSDB";"55";"1";"MANUTENÇÃO DE ESCRITÓRIO DE APOIO À ATIVIDADE PARLAMENTAR";"0";"";"CONDOMINIO DO ED ELDORADO";"012.637.890/0013-6";"22747";"1";"2015-09-28T00:00:00";"791.25";"0";"791.25";"10";"2015";"0";"";"";"1235113";"";"";"";"1974";"5821382";"https://www.camara.leg.br/cota-parlamentar/documentos/publ/1974/2015/5821382.pdf"
"IZALCI LUCAS";"";"4931";"408";"2015";"DF";"PSDB";"55";"1";"MANUTENÇÃO DE ESCRITÓRIO DE APOIO À ATIVIDADE PARLAMENTAR";"0";"";"CONST E IMOBILIARIA ALDEIA LTDA";"004.867.460/0015-7";"07802/06";"1";"2015-04-17T00:00:00";"700";"0";"700";"4";"2015";"0";"";"";"1190421";"";"";"";"1974";"5677499";"https://www.camara.leg.br/cota-parlamentar/documentos/publ/1974/2015/5677499.pdf"
"IZALCI LUCAS";"";"4931";"408";"2015";"DF";"PSDB";"55";"1";"MANUTENÇÃO DE ESCRITÓRIO DE APOIO À ATIVIDADE PARLAMENTAR";"0";"";"CONST E IMOBILIARIA ALDEIA LTDA";"004.867.460/0015-7";"07802/06";"1";"2015-05-21T00:00:00";"700.98";"0";"700.98";"5";"2015";"0";"";"";"1200606";"";"";"";"1974";"5708788";"https://www.camara.leg.br/cota-parlamentar/documentos/publ/1974/2015/5708788.pdf"
"IZALCI LUCAS";"";"4931";"408";"2015";"DF";"PSDB";"55";"1";"MANUTENÇÃO DE ESCRITÓRIO DE APOIO À ATIVIDADE PARLAMENTAR";"0";"";"CONST E IMOBILIARIA ALDEIA LTDA";"004.867.460/0015-7";"07802/06";"1";"2015-07-20T00:00:00";"729.72";"0";"729.72";"7";"2015";"0";"";"";"1214412";"";"";"";"1974";"5752692";"https://www.camara.leg.br/cota-parlamentar/documentos/publ/1974/2015/5752692.pdf"
"IZALCI LUCAS";"";"4931";"408";"2015";"DF";"PSDB";"55";"1";"MANUTENÇÃO DE ESCRITÓRIO DE APOIO À ATIVIDADE PARLAMENTAR";"0";"";"CONST E IMOBILIARIA ALDEIA LTDA";"004.867.460/0015-7";"07802/06";"1";"2015-08-21T00:00:00";"729.72";"0";"729.72";"8";"2015";"0";"";"";"1224030";"";"";"";"1974";"5784793";"https://www.camara.leg.br/cota-parlamentar/documentos/publ/1974/2015/5784793.pdf"
"IZALCI LUCAS";"";"4931";"408";"2015";"DF";"PSDB";"55";"1";"MANUTENÇÃO DE ESCRITÓRIO DE APOIO À ATIVIDADE PARLAMENTAR";"0";"";"CONST E IMOBILIARIA ALDEIA LTDA";"004.867.460/0015-7";"07802/06";"1";"2015-09-21T00:00:00";"584.5";"0";"584.5";"9";"2015";"0";"";"";"1233324";"";"";"";"1974";"5815274";"https://www.camara.leg.br/cota-parlamentar/documentos/publ/1974/2015/5815274.pdf"
"IZALCI LUCAS";"";"4931";"408";"2015";"DF";"PSDB";"55";"1";"MANUTENÇÃO DE ESCRITÓRIO DE APOIO À ATIVIDADE PARLAMENTAR";"0";"";"CONST E IMOBILIARIA ALDEIA LTDA";"004.867.460/0015-7";"0780206";"1";"2015-06-22T00:00:00";"729.72";"0";"729.72";"6";"2015";"0";"";"";"1206889";"";"";"";"1974";"5729180";"https://www.camara.leg.br/cota-parlamentar/documentos/publ/1974/2015/5729180.pdf"
"IZALCI LUCAS";"";"4931";"408";"2015";"DF";"PSDB";"55";"1";"MANUTENÇÃO DE ESCRITÓRIO DE APOIO À ATIVIDADE PARLAMENTAR";"0";"";"CONST E IMOBILIARIA ALDEIA LTDA";"004.867.460/0015-7";"51972";"1";"2015-04-08T00:00:00";"700.98";"0";"700.98";"3";"2015";"0";"";"";"1182293";"";"";"";"1974";"5652090";"https://www.camara.leg.br/cota-parlamentar/documentos/publ/1974/2015/5652090.pdf"
"IZALCI LUCAS";"";"4931";"408";"2015";"DF";"PSDB";"55";"1";"MANUTENÇÃO DE ESCRITÓRIO DE APOIO À ATIVIDADE PARLAMENTAR";"0";"";"CORRETA NEGOCIOS IMOBILIARIOS";"004.859.610/0013-3";"32938";"1";"2015-06-02T00:00:00";"708";"0";"708";"5";"2015";"0";"";"";"1198030";"";"";"";"1974";"5701403";"https://www.camara.leg.br/cota-parlamentar/documentos/publ/1974/2015/5701403.pdf"
"IZALCI LUCAS";"";"4931";"408";"2015";"DF";"PSDB";"55";"1";"MANUTENÇÃO DE ESCRITÓRIO DE APOIO À ATIVIDADE PARLAMENTAR";"0";"";"CORRETA NEGOCIOS IMOBILIARIOS";"004.859.610/0013-3";"34874";"1";"2015-06-01T00:00:00";"1019";"250";"769";"5";"2015";"0";"";"";"1198030";"";"";"";"1974";"5701408";"https://www.camara.leg.br/cota-parlamentar/documentos/publ/1974/2015/5701408.pdf"
"IZALCI LUCAS";"";"4931";"408";"2015";"DF";"PSDB";"55";"1";"MANUTENÇÃO DE ESCRITÓRIO DE APOIO À ATIVIDADE PARLAMENTAR";"0";"";"CORRETA NEGOCIOS IMOBILIARIOS";"006.638.720/0013-0";"32936";"1";"2015-04-07T00:00:00";"708";"0";"708";"3";"2015";"0";"";"";"1182293";"";"";"";"1974";"5652085";"https://www.camara.leg.br/cota-parlamentar/documentos/publ/1974/2015/5652085.pdf"
"IZALCI LUCAS";"";"4931";"408";"2015";"DF";"PSDB";"55";"1";"MANUTENÇÃO DE ESCRITÓRIO DE APOIO À ATIVIDADE PARLAMENTAR";"0";"";"CORRETA NEGOCIOS IMOBILIARIOS";"006.638.720/0013-0";"34872";"1";"2015-04-07T00:00:00";"769";"0";"769";"3";"2015";"0";"";"";"1182293";"";"";"";"1974";"5652072";"https://www.camara.leg.br/cota-parlamentar/documentos/publ/1974/2015/5652072.pdf"
"IZALCI LUCAS";"";"4931";"408";"2015";"DF";"PSDB";"55";"1";"MANUTENÇÃO DE ESCRITÓRIO DE APOIO À ATIVIDADE PARLAMENTAR";"0";"";"CORRETA NEGOCIOS IMOBILIARIOS";"006.638.720/0013-0";"34880";"1";"2015-12-07T00:00:00";"769";"0";"769";"11";"2015";"0";"";"";"1251374";"";"";"";"1974";"5874036";"https://www.camara.leg.br/cota-parlamentar/documentos/publ/1974/2015/5874036.pdf"
"IZALCI LUCAS";"";"4931";"408";"2015";"DF";"PSDB";"55";"1";"MANUTENÇÃO DE ESCRITÓRIO DE APOIO À ATIVIDADE PARLAMENTAR";"0";"";"CORRETA NEGOCIOS IMOBILIARIOS";"006.638.720/0013-0";"82.010";"1";"2015-02-12T00:00:00";"708";"0";"708";"2";"2015";"0";"";"";"1170627";"";"";"";"1974";"5615559";"https://www.camara.leg.br/cota-parlamentar/documentos/publ/1974/2015/5615559.pdf"
"IZALCI LUCAS";"";"4931";"408";"2015";"DF";"PSDB";"55";"1";"MANUTENÇÃO DE ESCRITÓRIO DE APOIO À ATIVIDADE PARLAMENTAR";"0";"";"CORRETA NEGOCIOS IMOBILIARIOS";"006.638.720/0013-0";"82.017";"1";"2015-02-12T00:00:00";"769";"0";"769";"2";"2015";"0";"";"";"1170627";"";"";"";"1974";"5615558";"https://www.camara.leg.br/cota-parlamentar/documentos/publ/1974/2015/5615558.pdf"
"IZALCI LUCAS";"";"4931";"408";"2015";"DF";"PSDB";"55";"1";"MANUTENÇÃO DE ESCRITÓRIO DE APOIO À ATIVIDADE PARLAMENTAR";"0";"";"CORRETA NEGOCIOS IMOBILIARIOS";"006.638.720/0013-0";"82010";"1";"2015-04-08T00:00:00";"708";"0";"708";"4";"2015";"0";"";"";"1190420";"";"";"";"1974";"5671019";"https://www.camara.leg.br/cota-parlamentar/documentos/publ/1974/2015/5671019.pdf"
"IZALCI LUCAS";"";"4931";"408";"2015";"DF";"PSDB";"55";"1";"MANUTENÇÃO DE ESCRITÓRIO DE APOIO À ATIVIDADE PARLAMENTAR";"0";"";"CORRETA NEGOCIOS IMOBILIARIOS";"006.638.720/0013-0";"82010";"1";"2015-06-16T00:00:00";"708";"0";"708";"6";"2015";"0";"";"";"1206454";"";"";"";"1974";"5727479";"https://www.camara.leg.br/cota-parlamentar/documentos/publ/1974/2015/5727479.pdf"
"IZALCI LUCAS";"";"4931";"408";"2015";"DF";"PSDB";"55";"1";"MANUTENÇÃO DE ESCRITÓRIO DE APOIO À ATIVIDADE PARLAMENTAR";"0";"";"CORRETA NEGOCIOS IMOBILIARIOS";"006.638.720/0013-0";"82010";"1";"2015-07-15T00:00:00";"708";"0";"708";"7";"2015";"0";"";"";"1212600";"";"";"";"1974";"5747361";"https://www.camara.leg.br/cota-parlamentar/documentos/publ/1974/2015/5747361.pdf"
"IZALCI LUCAS";"";"4931";"408";"2015";"DF";"PSDB";"55";"1";"MANUTENÇÃO DE ESCRITÓRIO DE APOIO À ATIVIDADE PARLAMENTAR";"0";"";"CORRETA NEGOCIOS IMOBILIARIOS";"006.638.720/0013-0";"82010";"1";"2015-08-17T00:00:00";"757";"0";"757";"8";"2015";"0";"";"";"1223105";"";"";"";"1974";"5781511";"https://www.camara.leg.br/cota-parlamentar/documentos/publ/1974/2015/5781511.pdf"
"IZALCI LUCAS";"";"4931";"408";"2015";"DF";"PSDB";"55";"1";"MANUTENÇÃO DE ESCRITÓRIO DE APOIO À ATIVIDADE PARLAMENTAR";"0";"";"CORRETA NEGOCIOS IMOBILIARIOS";"006.638.720/0013-0";"82010";"1";"2015-09-17T00:00:00";"757";"0";"757";"9";"2015";"0";"";"";"1230957";"";"";"";"1974";"5807761";"https://www.camara.leg.br/cota-parlamentar/documentos/publ/1974/2015/5807761.pdf"
"IZALCI LUCAS";"";"4931";"408";"2015";"DF";"PSDB";"55";"1";"MANUTENÇÃO DE ESCRITÓRIO DE APOIO À ATIVIDADE PARLAMENTAR";"0";"";"CORRETA NEGOCIOS IMOBILIARIOS";"006.638.720/0013-0";"82017";"1";"2015-04-08T00:00:00";"769";"0";"769";"4";"2015";"0";"";"";"1190420";"";"";"";"1974";"5671014";"https://www.camara.leg.br/cota-parlamentar/documentos/publ/1974/2015/5671014.pdf"
"IZALCI LUCAS";"";"4931";"408";"2015";"DF";"PSDB";"55";"1";"MANUTENÇÃO DE ESCRITÓRIO DE APOIO À ATIVIDADE PARLAMENTAR";"0";"";"CORRETA NEGOCIOS IMOBILIARIOS";"006.638.720/0013-0";"82017";"1";"2015-06-16T00:00:00";"769";"0";"769";"6";"2015";"0";"";"";"1206454";"";"";"";"1974";"5727486";"https://www.camara.leg.br/cota-parlamentar/documentos/publ/1974/2015/5727486.pdf"
"IZALCI LUCAS";"";"4931";"408";"2015";"DF";"PSDB";"55";"1";"MANUTENÇÃO DE ESCRITÓRIO DE APOIO À ATIVIDADE PARLAMENTAR";"0";"";"CORRETA NEGOCIOS IMOBILIARIOS";"006.638.720/0013-0";"82017";"1";"2015-07-15T00:00:00";"769";"0";"769";"7";"2015";"0";"";"";"1212600";"";"";"";"1974";"5747354";"https://www.camara.leg.br/cota-parlamentar/documentos/publ/1974/2015/5747354.pdf"
"IZALCI LUCAS";"";"4931";"408";"2015";"DF";"PSDB";"55";"1";"MANUTENÇÃO DE ESCRITÓRIO DE APOIO À ATIVIDADE PARLAMENTAR";"0";"";"CORRETA NEGOCIOS IMOBILIARIOS";"006.638.720/0013-0";"82017";"1";"2015-08-17T00:00:00";"769";"0";"769";"8";"2015";"0";"";"";"1223105";"";"";"";"1974";"5781500";"https://www.camara.leg.br/cota-parlamentar/documentos/publ/1974/2015/5781500.pdf"
"IZALCI LUCAS";"";"4931";"408";"2015";"DF";"PSDB";"55";"1";"MANUTENÇÃO DE ESCRITÓRIO DE APOIO À ATIVIDADE PARLAMENTAR";"0";"";"CORRETA NEGOCIOS IMOBILIARIOS";"006.638.720/0013-0";"82017";"1";"2015-09-17T00:00:00";"769";"0";"769";"9";"2015";"0";"";"";"1230957";"";"";"";"1974";"5807758";"https://www.camara.leg.br/cota-parlamentar/documentos/publ/1974/2015/5807758.pdf"
"IZALCI LUCAS";"";"4931";"408";"2015";"DF";"PSDB";"55";"1";"MANUTENÇÃO DE ESCRITÓRIO DE APOIO À ATIVIDADE PARLAMENTAR";"0";"";"CORRETA NEGOCIOS IMOBILIARIOS";"006.638.720/0013-0";"82017";"1";"2015-10-15T00:00:00";"769";"0";"769";"10";"2015";"0";"";"";"1240564";"";"";"";"1974";"5839018";"https://www.camara.leg.br/cota-parlamentar/documentos/publ/1974/2015/5839018.pdf"
"IZALCI LUCAS";"";"4931";"408";"2015";"DF";"PSDB";"55";"1";"MANUTENÇÃO DE ESCRITÓRIO DE APOIO À ATIVIDADE PARLAMENTAR";"0";"";"DORIVAN MATIAS TELES";"051.907.031/34  -";"S/NR";"1";"2015-02-10T00:00:00";"330";"0";"330";"2";"2015";"0";"";"";"1182292";"";"";"";"1974";"5652114";"https://www.camara.leg.br/cota-parlamentar/documentos/publ/1974/2015/5652114.pdf"
"IZALCI LUCAS";"";"4931";"408";"2015";"DF";"PSDB";"55";"1";"MANUTENÇÃO DE ESCRITÓRIO DE APOIO À ATIVIDADE PARLAMENTAR";"0";"";"DORIVAN MATIAS TELES";"051.907.031/34  -";"S/NR";"1";"2015-03-10T00:00:00";"330";"0";"330";"3";"2015";"0";"";"";"1182293";"";"";"";"1974";"5652100";"https://www.camara.leg.br/cota-parlamentar/documentos/publ/1974/2015/5652100.pdf"
"IZALCI LUCAS";"";"4931";"408";"2015";"DF";"PSDB";"55";"1";"MANUTENÇÃO DE ESCRITÓRIO DE APOIO À ATIVIDADE PARLAMENTAR";"0";"";"DORIVAN MATIAS TELES";"051.907.031/34  -";"S/NR";"1";"2015-04-10T00:00:00";"330";"0";"330";"4";"2015";"0";"";"";"1192473";"";"";"";"1974";"5683675";"https://www.camara.leg.br/cota-parlamentar/documentos/publ/1974/2015/5683675.pdf"
"IZALCI LUCAS";"";"4931";"408";"2015";"DF";"PSDB";"55";"1";"MANUTENÇÃO DE ESCRITÓRIO DE APOIO À ATIVIDADE PARLAMENTAR";"0";"";"DORIVAN MATIAS TELES";"051.907.031/34  -";"s/nr";"1";"2015-05-10T00:00:00";"360";"0";"360";"5";"2015";"0";"";"";"1200501";"";"";"";"1974";"5708439";"https://www.camara.leg.br/cota-parlamentar/documentos/publ/1974/2015/5708439.pdf"
"IZALCI LUCAS";"";"4931";"408";"2015";"DF";"PSDB";"55";"1";"MANUTENÇÃO DE ESCRITÓRIO DE APOIO À ATIVIDADE PARLAMENTAR";"0";"";"DORIVAN MATIAS TELES";"051.907.031/34  -";"s/nr";"1";"2015-06-10T00:00:00";"360";"0";"360";"6";"2015";"0";"";"";"1206454";"";"";"";"1974";"5727494";"https://www.camara.leg.br/cota-parlamentar/documentos/publ/1974/2015/5727494.pdf"
"IZALCI LUCAS";"";"4931";"408";"2015";"DF";"PSDB";"55";"1";"MANUTENÇÃO DE ESCRITÓRIO DE APOIO À ATIVIDADE PARLAMENTAR";"0";"";"DORIVAN MATIAS TELES";"051.907.031/34  -";"s/nr";"1";"2015-07-10T00:00:00";"360";"0";"360";"7";"2015";"0";"";"";"1217514";"";"";"";"1974";"5762325";"https://www.camara.leg.br/cota-parlamentar/documentos/publ/1974/2015/5762325.pdf"
"IZALCI LUCAS";"";"4931";"408";"2015";"DF";"PSDB";"55";"1";"MANUTENÇÃO DE ESCRITÓRIO DE APOIO À ATIVIDADE PARLAMENTAR";"0";"";"DORIVAN MATIAS TELES";"051.907.031/34  -";"s/nr";"1";"2015-08-10T00:00:00";"360";"0";"360";"8";"2015";"0";"";"";"1223105";"";"";"";"1974";"5781515";"https://www.camara.leg.br/cota-parlamentar/documentos/publ/1974/2015/5781515.pdf"
"IZALCI LUCAS";"";"4931";"408";"2015";"DF";"PSDB";"55";"1";"MANUTENÇÃO DE ESCRITÓRIO DE APOIO À ATIVIDADE PARLAMENTAR";"0";"";"DORIVAN MATIAS TELES";"051.907.031/34  -";"s/nr";"1";"2015-09-10T00:00:00";"360";"0";"360";"9";"2015";"0";"";"";"1235111";"";"";"";"1974";"5821378";"https://www.camara.leg.br/cota-parlamentar/documentos/publ/1974/2015/5821378.pdf"
"IZALCI LUCAS";"";"4931";"408";"2015";"DF";"PSDB";"55";"1";"MANUTENÇÃO DE ESCRITÓRIO DE APOIO À ATIVIDADE PARLAMENTAR";"0";"";"DORIVAN MATIAS TELES";"051.907.031/34  -";"s/nr";"1";"2015-10-10T00:00:00";"360";"0";"360";"10";"2015";"0";"";"";"1244145";"";"";"";"1974";"5850609";"https://www.camara.leg.br/cota-parlamentar/documentos/publ/1974/2015/5850609.pdf"
"IZALCI LUCAS";"";"4931";"408";"2015";"DF";"PSDB";"55";"1";"MANUTENÇÃO DE ESCRITÓRIO DE APOIO À ATIVIDADE PARLAMENTAR";"0";"";"DORIVAN MATIAS TELES";"051.907.031/34  -";"s/nr";"1";"2015-11-10T00:00:00";"360";"0";"360";"11";"2015";"0";"";"";"1251374";"";"";"";"1974";"5874042";"https://www.camara.leg.br/cota-parlamentar/documentos/publ/1974/2015/5874042.pdf"
"IZALCI LUCAS";"";"4931";"408";"2015";"DF";"PSDB";"55";"1";"MANUTENÇÃO DE ESCRITÓRIO DE APOIO À ATIVIDADE PARLAMENTAR";"0";"";"OI MÓVEL S.A.";"054.239.630/0011-1";"19127";"0";"2015-09-06T00:00:00";"383.65";"0";"383.65";"9";"2015";"0";"";"";"1228976";"";"";"";"1974";"5801236";"https://www.camara.leg.br/cota-parlamentar/documentos/publ/1974/2015/5801236.pdf"
"IZALCI LUCAS";"";"4931";"408";"2015";"DF";"PSDB";"55";"1";"MANUTENÇÃO DE ESCRITÓRIO DE APOIO À ATIVIDADE PARLAMENTAR";"0";"";"OI S.A.";"765.357.640/0014-3";"000046468";"0";"2015-07-01T00:00:00";"954.74";"43.29";"911.45";"7";"2015";"0";"";"";"1210557";"";"";"";"1974";"5739792";"https://www.camara.leg.br/cota-parlamentar/documentos/publ/1974/2015/5739792.pdf"
"IZALCI LUCAS";"";"4931";"408";"2015";"DF";"PSDB";"55";"1";"MANUTENÇÃO DE ESCRITÓRIO DE APOIO À ATIVIDADE PARLAMENTAR";"0";"";"SECRETARIA DE ESTADO DE FAZENDA DO DISTRITO FEDERAL";"003.946.010/0012-6";"06709907";"1";"2015-05-25T00:00:00";"1067.59";"0";"1067.59";"5";"2015";"0";"";"";"1200604";"";"";"";"1974";"5708779";"https://www.camara.leg.br/cota-parlamentar/documentos/publ/1974/2015/5708779.pdf"
"IZALCI LUCAS";"";"4931";"408";"2015";"DF";"PSDB";"55";"1";"MANUTENÇÃO DE ESCRITÓRIO DE APOIO À ATIVIDADE PARLAMENTAR";"0";"";"SECRETARIA DE ESTADO DE FAZENDA DO DISTRITO FEDERAL";"003.946.010/0012-6";"06710069";"1";"2015-05-25T00:00:00";"1288.42";"0";"1288.42";"5";"2015";"0";"";"";"1200604";"";"";"";"1974";"5708782";"https://www.camara.leg.br/cota-parlamentar/documentos/publ/1974/2015/5708782.pdf"
"IZALCI LUCAS";"";"4931";"408";"2015";"DF";"PSDB";"55";"1";"MANUTENÇÃO DE ESCRITÓRIO DE APOIO À ATIVIDADE PARLAMENTAR";"0";"";"SECRETARIA DE ESTADO DE FAZENDA DO DISTRITO FEDERAL";"003.946.010/0012-6";"06710077";"1";"2015-05-25T00:00:00";"1064.44";"0";"1064.44";"5";"2015";"0";"";"";"1200604";"";"";"";"1974";"5708774";"https://www.camara.leg.br/cota-parlamentar/documentos/publ/1974/2015/5708774.pdf"
"IZALCI LUCAS";"";"4931";"408";"2015";"DF";"PSDB";"55";"1";"MANUTENÇÃO DE ESCRITÓRIO DE APOIO À ATIVIDADE PARLAMENTAR";"0";"";"WMS Comércio de Artigos de Papelaria LTDA";"121.328.540/0010-0";"01834";"0";"2015-05-06T00:00:00";"598";"0";"598";"5";"2015";"0";"";"";"1192475";"";"";"";"1974";"5683655";"https://www.camara.leg.br/cota-parlamentar/documentos/publ/1974/2015/5683655.pdf"
"IZALCI LUCAS";"";"4931";"408";"2015";"DF";"PSDB";"55";"1";"MANUTENÇÃO DE ESCRITÓRIO DE APOIO À ATIVIDADE PARLAMENTAR";"0";"";"WMS Comércio de Artigos de Papelaria LTDA";"121.328.540/0010-0";"01861";"0";"2015-05-19T00:00:00";"259.8";"0";"259.8";"5";"2015";"0";"";"";"1194494";"";"";"";"1974";"5690185";"https://www.camara.leg.br/cota-parlamentar/documentos/publ/1974/2015/5690185.pdf"
"IZALCI LUCAS";"";"4931";"408";"2015";"DF";"PSDB";"55";"1";"MANUTENÇÃO DE ESCRITÓRIO DE APOIO À ATIVIDADE PARLAMENTAR";"0";"";"WMS Comércio de Artigos de Papelaria LTDA";"121.328.540/0010-0";"1632";"0";"2015-02-10T00:00:00";"402.9";"0";"402.9";"2";"2015";"0";"";"";"1167902";"";"";"";"1974";"5605649";"https://www.camara.leg.br/cota-parlamentar/documentos/publ/1974/2015/5605649.pdf"
"IZALCI LUCAS";"";"4931";"408";"2015";"DF";"PSDB";"55";"1";"MANUTENÇÃO DE ESCRITÓRIO DE APOIO À ATIVIDADE PARLAMENTAR";"0";"";"WMS Comércio de Artigos de Papelaria LTDA";"121.328.540/0010-0";"1651";"0";"2015-02-19T00:00:00";"348.5";"0";"348.5";"2";"2015";"0";"";"";"1168788";"";"";"";"1974";"5609228";"https://www.camara.leg.br/cota-parlamentar/documentos/publ/1974/2015/5609228.pdf"
"IZALCI LUCAS";"";"4931";"408";"2015";"DF";"PSDB";"55";"1";"MANUTENÇÃO DE ESCRITÓRIO DE APOIO À ATIVIDADE PARLAMENTAR";"0";"";"WMS Comércio de Artigos de Papelaria LTDA";"121.328.540/0010-0";"1767";"0";"2015-03-25T00:00:00";"380";"0";"380";"3";"2015";"0";"";"";"1178404";"";"";"";"1974";"5640191";"https://www.camara.leg.br/cota-parlamentar/documentos/publ/1974/2015/5640191.pdf"
"IZALCI LUCAS";"";"4931";"408";"2015";"DF";"PSDB";"55";"1";"MANUTENÇÃO DE ESCRITÓRIO DE APOIO À ATIVIDADE PARLAMENTAR";"0";"";"WMS COMÉRCIO DE ARTIGOS DE PAPELARIA LTDA-ME";"121.328.540/0010-0";"02010";"0";"2015-08-12T00:00:00";"567";"0";"567";"8";"2015";"0";"";"";"1217539";"";"";"";"1974";"5762419";"https://www.camara.leg.br/cota-parlamentar/documentos/publ/1974/2015/5762419.pdf"
"IZALCI LUCAS";"";"4931";"408";"2015";"DF";"PSDB";"55";"1";"MANUTENÇÃO DE ESCRITÓRIO DE APOIO À ATIVIDADE PARLAMENTAR";"0";"";"WMS COMÉRCIO DE ARTIGOS DE PAPELARIA LTDA-ME";"121.328.540/0010-0";"02105";"0";"2015-10-06T00:00:00";"539";"0";"539";"10";"2015";"0";"";"";"1233325";"";"";"";"1974";"5815266";"https://www.camara.leg.br/cota-parlamentar/documentos/publ/1974/2015/5815266.pdf"
"IZALCI LUCAS";"";"4931";"408";"2015";"DF";"PSDB";"55";"3";"COMBUSTÍVEIS E LUBRIFICANTES.";"1";"Veículos Automotores";"CASCOL COMBUSTIVEIS PARA VEICULOS LTDA";"003.065.970/0010-5";"031241";"0";"2015-06-10T00:00:00";"3600";"0";"3600";"6";"2015";"0";"";"";"1200498";"";"";"";"1974";"5708394";"https://www.camara.leg.br/cota-parlamentar/documentos/publ/1974/2015/5708394.pdf"
"IZALCI LUCAS";"";"4931";"408";"2015";"DF";"PSDB";"55";"3";"COMBUSTÍVEIS E LUBRIFICANTES.";"1";"Veículos Automotores";"CASCOL COMBUSTIVEIS PARA VEICULOS LTDA";"003.065.970/0010-5";"27070";"0";"2015-02-06T00:00:00";"3600";"0";"3600";"2";"2015";"0";"";"";"1166338";"";"";"";"1974";"5600898";"https://www.camara.leg.br/cota-parlamentar/documentos/publ/1974/2015/5600898.pdf"
"IZALCI LUCAS";"";"4931";"408";"2015";"DF";"PSDB";"55";"3";"COMBUSTÍVEIS E LUBRIFICANTES.";"1";"Veículos Automotores";"CASCOL COMBUSTIVEIS PARA VEICULOS LTDA";"003.065.970/0010-5";"28115";"0";"2015-03-11T00:00:00";"3210";"0";"3210";"3";"2015";"0";"";"";"1174493";"";"";"";"1974";"5626941";"https://www.camara.leg.br/cota-parlamentar/documentos/publ/1974/2015/5626941.pdf"
"IZALCI LUCAS";"";"4931";"408";"2015";"DF";"PSDB";"55";"3";"COMBUSTÍVEIS E LUBRIFICANTES.";"1";"Veículos Automotores";"CASCOL COMBUSTIVEIS PARA VEICULOS LTDA";"003.065.970/0010-5";"29670";"0";"2015-04-28T00:00:00";"3600";"0";"3600";"4";"2015";"0";"";"";"1187686";"";"";"";"1974";"5669715";"https://www.camara.leg.br/cota-parlamentar/documentos/publ/1974/2015/5669715.pdf"
"IZALCI LUCAS";"";"4931";"408";"2015";"DF";"PSDB";"55";"3";"COMBUSTÍVEIS E LUBRIFICANTES.";"1";"Veículos Automotores";"CASCOL COMBUSTIVEIS PARA VEICULOS LTDA";"003.065.970/0010-5";"33404";"0";"2015-08-13T00:00:00";"3600";"0";"3600";"8";"2015";"0";"";"";"1217516";"";"";"";"1974";"5762309";"https://www.camara.leg.br/cota-parlamentar/documentos/publ/1974/2015/5762309.pdf"
"IZALCI LUCAS";"";"4931";"408";"2015";"DF";"PSDB";"55";"3";"COMBUSTÍVEIS E LUBRIFICANTES.";"1";"Veículos Automotores";"CASCOL COMBUSTIVEIS PARA VEICULOS LTDA";"003.065.970/0010-5";"34949";"0";"2015-09-25T00:00:00";"3600";"0";"3600";"9";"2015";"0";"";"";"1230902";"";"";"";"1974";"5807578";"https://www.camara.leg.br/cota-parlamentar/documentos/publ/1974/2015/5807578.pdf"
"IZALCI LUCAS";"";"4931";"408";"2015";"DF";"PSDB";"55";"4";"CONSULTORIAS, PESQUISAS E TRABALHOS TÉCNICOS.";"0";"";"BARBOSA CARNEIRO ADVOGADOS ASSOCIADOS S/S";"091.564.630/0011-1";"126";"0";"2015-02-02T00:00:00";"17500";"0";"17500";"2";"2015";"0";"";"";"1165552";"";"";"";"1974";"5597590";"https://www.camara.leg.br/cota-parlamentar/documentos/publ/1974/2015/5597590.pdf"
"IZALCI LUCAS";"";"4931";"408";"2015";"DF";"PSDB";"55";"4";"CONSULTORIAS, PESQUISAS E TRABALHOS TÉCNICOS.";"0";"";"BARBOSA CARNEIRO ADVOGADOS ASSOCIADOS S/S";"091.564.630/0011-1";"127";"0";"2015-03-10T00:00:00";"25600";"0";"25600";"3";"2015";"0";"";"";"1174494";"";"";"";"1974";"5626933";"https://www.camara.leg.br/cota-parlamentar/documentos/publ/1974/2015/5626933.pdf"
"IZALCI LUCAS";"";"4931";"408";"2015";"DF";"PSDB";"55";"4";"CONSULTORIAS, PESQUISAS E TRABALHOS TÉCNICOS.";"0";"";"BARBOSA CARNEIRO ADVOGADOS ASSOCIADOS S/S";"091.564.630/0011-1";"128";"0";"2015-06-16T00:00:00";"19500";"0";"19500";"6";"2015";"0";"";"";"1202415";"";"";"";"1974";"5714257";"https://www.camara.leg.br/cota-parlamentar/documentos/publ/1974/2015/5714257.pdf"
"IZALCI LUCAS";"";"4931";"408";"2015";"DF";"PSDB";"55";"4";"CONSULTORIAS, PESQUISAS E TRABALHOS TÉCNICOS.";"0";"";"BARBOSA CARNEIRO ADVOGADOS ASSOCIADOS S/S";"091.564.630/0011-1";"129";"0";"2015-07-07T00:00:00";"16600";"0";"16600";"6";"2015";"0";"";"";"1209122";"";"";"";"1974";"5735684";"https://www.camara.leg.br/cota-parlamentar/documentos/publ/1974/2015/5735684.pdf"
"IZALCI LUCAS";"";"4931";"408";"2015";"DF";"PSDB";"55";"4";"CONSULTORIAS, PESQUISAS E TRABALHOS TÉCNICOS.";"0";"";"BARBOSA CARNEIRO ADVOGADOS ASSOCIADOS S/S";"091.564.630/0011-1";"130";"0";"2015-08-25T00:00:00";"21500";"0";"21500";"8";"2015";"0";"";"";"1220094";"";"";"";"1974";"5771695";"https://www.camara.leg.br/cota-parlamentar/documentos/publ/1974/2015/5771695.pdf"
"IZALCI LUCAS";"";"4931";"408";"2015";"DF";"PSDB";"55";"4";"CONSULTORIAS, PESQUISAS E TRABALHOS TÉCNICOS.";"0";"";"BARBOSA CARNEIRO ADVOGADOS ASSOCIADOS S/S";"091.564.630/0011-1";"131";"0";"2015-09-21T00:00:00";"12700";"0";"12700";"9";"2015";"0";"";"";"1230902";"";"";"";"1974";"5807558";"https://www.camara.leg.br/cota-parlamentar/documentos/publ/1974/2015/5807558.pdf"
"IZALCI LUCAS";"";"4931";"408";"2015";"DF";"PSDB";"55";"4";"CONSULTORIAS, PESQUISAS E TRABALHOS TÉCNICOS.";"0";"";"BARBOSA CARNEIRO ADVOGADOS ASSOCIADOS S/S";"091.564.630/0011-1";"132";"0";"2015-10-28T00:00:00";"19500";"0";"19500";"10";"2015";"0";"";"";"1240329";"";"";"";"1974";"5838275";"https://www.camara.leg.br/cota-parlamentar/documentos/publ/1974/2015/5838275.pdf"
"IZALCI LUCAS";"";"4931";"408";"2015";"DF";"PSDB";"55";"4";"CONSULTORIAS, PESQUISAS E TRABALHOS TÉCNICOS.";"0";"";"BARBOSA CARNEIRO ADVOGADOS ASSOCIADOS S/S";"091.564.630/0011-1";"133";"0";"2015-12-07T00:00:00";"19500";"0";"19500";"12";"2015";"0";"";"";"1251374";"";"";"";"1974";"5874039";"https://www.camara.leg.br/cota-parlamentar/documentos/publ/1974/2015/5874039.pdf"
"IZALCI LUCAS";"";"4931";"408";"2015";"DF";"PSDB";"55";"5";"DIVULGAÇÃO DA ATIVIDADE PARLAMENTAR.";"0";"";"HC PAPELARIA LTDA";"173.974.790/0014-4";"0530";"0";"2015-12-20T00:00:00";"31850";"0";"28905";"12";"2015";"1";"";"";"1254434";"";"";"";"1974";"5883473";"https://www.camara.leg.br/cota-parlamentar/documentos/publ/1974/2015/5883473.pdf"
"IZALCI LUCAS";"";"4931";"408";"2015";"DF";"PSDB";"55";"10";"TELEFONIA";"0";"";"OI MÓVEL S.A.";"054.239.630/0011-1";"1154";"0";"2015-05-06T00:00:00";"584.5";"8.8";"575.7";"5";"2015";"0";"";"";"1194494";"";"";"";"1974";"5690187";"https://www.camara.leg.br/cota-parlamentar/documentos/publ/1974/2015/5690187.pdf"
"IZALCI LUCAS";"";"4931";"408";"2015";"DF";"PSDB";"55";"10";"TELEFONIA";"0";"";"OI MÓVEL S.A.";"054.239.630/0011-1";"1300";"0";"2015-08-06T00:00:00";"462.79";"0";"462.79";"8";"2015";"0";"";"";"1220094";"";"";"";"1974";"5771685";"https://www.camara.leg.br/cota-parlamentar/documentos/publ/1974/2015/5771685.pdf"
"IZALCI LUCAS";"";"4931";"408";"2015";"DF";"PSDB";"55";"10";"TELEFONIA";"0";"";"OI MÓVEL S.A.";"054.239.630/0011-1";"1453";"0";"2015-07-06T00:00:00";"383.65";"0";"383.65";"7";"2015";"0";"";"";"1211126";"";"";"";"1974";"5741344";"https://www.camara.leg.br/cota-parlamentar/documentos/publ/1974/2015/5741344.pdf"
"IZALCI LUCAS";"";"4931";"408";"2015";"DF";"PSDB";"55";"10";"TELEFONIA";"0";"";"OI MÓVEL S.A.";"054.239.630/0011-1";"2374";"0";"2015-11-06T00:00:00";"690.16";"0";"690.16";"11";"2015";"0";"";"";"1244149";"";"";"";"1974";"5850639";"https://www.camara.leg.br/cota-parlamentar/documentos/publ/1974/2015/5850639.pdf"
"IZALCI LUCAS";"";"4931";"408";"2015";"DF";"PSDB";"55";"10";"TELEFONIA";"0";"";"OI MÓVEL S.A.";"054.239.630/0011-1";"4114";"0";"2015-06-06T00:00:00";"405.09";"11.69";"393.4";"6";"2015";"0";"";"";"1202416";"";"";"";"1974";"5714269";"https://www.camara.leg.br/cota-parlamentar/documentos/publ/1974/2015/5714269.pdf"
"IZALCI LUCAS";"";"4931";"408";"2015";"DF";"PSDB";"55";"10";"TELEFONIA";"0";"";"OI MÓVEL S.A.";"054.239.630/0011-1";"8819";"0";"2015-02-06T00:00:00";"353.03";"0";"353.03";"2";"2015";"0";"";"";"1168788";"";"";"";"1974";"5609239";"https://www.camara.leg.br/cota-parlamentar/documentos/publ/1974/2015/5609239.pdf"
"IZALCI LUCAS";"";"4931";"408";"2015";"DF";"PSDB";"55";"10";"TELEFONIA";"0";"";"OI MÓVEL S.A.";"054.239.630/0011-1";"8988";"0";"2015-03-06T00:00:00";"400.46";"7.16";"393.3";"3";"2015";"0";"";"";"1175094";"";"";"";"1974";"5629209";"https://www.camara.leg.br/cota-parlamentar/documentos/publ/1974/2015/5629209.pdf"
"IZALCI LUCAS";"";"4931";"408";"2015";"DF";"PSDB";"55";"10";"TELEFONIA";"0";"";"OI MÓVEL S.A.";"054.239.630/0011-1";"9414";"0";"2015-04-06T00:00:00";"383.65";"0";"383.65";"4";"2015";"0";"";"";"1187938";"";"";"";"1974";"5670886";"https://www.camara.leg.br/cota-parlamentar/documentos/publ/1974/2015/5670886.pdf"
"IZALCI LUCAS";"";"4931";"408";"2015";"DF";"PSDB";"55";"10";"TELEFONIA";"0";"";"OI S.A";"765.357.640/3269-0";"000045390";"0";"2015-09-01T00:00:00";"861.04";"17.23";"843.81";"9";"2015";"0";"";"";"1228976";"";"";"";"1974";"5801227";"https://www.camara.leg.br/cota-parlamentar/documentos/publ/1974/2015/5801227.pdf"
"IZALCI LUCAS";"";"4931";"408";"2015";"DF";"PSDB";"55";"10";"TELEFONIA";"0";"";"OI S.A.";"765.357.640/0014-3";"000000872";"0";"2015-02-01T00:00:00";"5.01";"0";"5.01";"2";"2015";"0";"";"";"1167901";"";"";"";"1974";"5605652";"https://www.camara.leg.br/cota-parlamentar/documentos/publ/1974/2015/5605652.pdf"
"IZALCI LUCAS";"";"4931";"408";"2015";"DF";"PSDB";"55";"10";"TELEFONIA";"0";"";"OI S.A.";"765.357.640/0014-3";"000043610";"0";"2015-11-01T00:00:00";"432.53";"0";"432.53";"11";"2015";"0";"";"";"1244149";"";"";"";"1974";"5850625";"https://www.camara.leg.br/cota-parlamentar/documentos/publ/1974/2015/5850625.pdf"
"IZALCI LUCAS";"";"4931";"408";"2015";"DF";"PSDB";"55";"10";"TELEFONIA";"0";"";"OI S.A.";"765.357.640/0014-3";"000044509";"0";"2015-10-01T00:00:00";"1017.39";"19.19";"998.2";"10";"2015";"0";"";"";"1244145";"";"";"";"1974";"5850633";"https://www.camara.leg.br/cota-parlamentar/documentos/publ/1974/2015/5850633.pdf"
"IZALCI LUCAS";"";"4931";"408";"2015";"DF";"PSDB";"55";"10";"TELEFONIA";"0";"";"OI S.A.";"765.357.640/0014-3";"000045660";"0";"2015-08-01T00:00:00";"783.51";"0";"783.51";"8";"2015";"0";"";"";"1220094";"";"";"";"1974";"5770324";"https://www.camara.leg.br/cota-parlamentar/documentos/publ/1974/2015/5770324.pdf"
"IZALCI LUCAS";"";"4931";"408";"2015";"DF";"PSDB";"55";"10";"TELEFONIA";"0";"";"OI S.A.";"765.357.640/0014-3";"000046983";"0";"2015-06-01T00:00:00";"1123.02";"0";"1123.02";"6";"2015";"0";"";"";"1202416";"";"";"";"1974";"5714295";"https://www.camara.leg.br/cota-parlamentar/documentos/publ/1974/2015/5714295.pdf"
