"txNomeParlamentar";"cpf";"ideCadastro";"nuCarteiraParlamentar";"nuLegislatura";"sgUF";"sgPartido";"codLegislatura";"numSubCota";"txtDescricao";"numEspecificacaoSubCota";"txtDescricaoEspecificacao";"txtFornecedor";"txtCNPJCPF";"txtNumero";"indTipoDocumento";"datEmissao";"vlrDocumento";"vlrGlosa";"vlrLiquido";"numMes";"numAno";"numParcela";"txtPassageiro";"txtTrecho";"numLote";"numRessarcimento";"datPagamentoRestituicao";"vlrRestituicao";"nuDeputadoId";"ideDocumento";"urlDocumento"
"AVANTE";"";"";"";"2019";"NA";"";"56";"13";"FORNECIMENTO DE ALIMENTAÇÃO DO PARLAMENTAR";"0";"";"BAR E RESTAURANTE TIA ZELIA LTDA ME";"124.952.400/0019-3";"33";"0";"2021-10-27T00:00:00";"526";"0";"526";"10";"2021";"0";"";"";"1804721";"";"";"";"3175";"7279467";"https://www.camara.leg.br/cota-parlamentar/documentos/publ/3175/2021/7279467.pdf"
"CIDADANIA";"";"";"";"2019";"NA";"";"56";"13";"FORNECIMENTO DE ALIMENTAÇÃO DO PARLAMENTAR";"0";"";"ARTESANAL SERVICOS DE ALIMENTACAO E BUFFET EIRELI";"228.362.100/0015-7";"104";"4";"2021-03-04T00:00:00";"999.96";"0";"999.96";"3";"2021";"0";"";"";"1751471";"";"";"";"3453";"7165735";"https://www.camara.leg.br/cota-parlamentar/nota-fiscal-eletronica?ideDocumentoFiscal=7165735"
"CIDADANIA";"";"";"";"2019";"NA";"";"56";"13";"FORNECIMENTO DE ALIMENTAÇÃO DO PARLAMENTAR";"0";"";"ARTESANAL SERVICOS DE ALIMENTACAO E BUFFET EIRELI";"228.362.100/0015-7";"111";"4";"2021-03-11T00:00:00";"999.96";"0";"999.96";"3";"2021";"0";"";"";"1752542";"";"";"";"3453";"7167891";"https://www.camara.leg.br/cota-parlamentar/nota-fiscal-eletronica?ideDocumentoFiscal=7167891"
"CIDADANIA";"";"";"";"2019";"NA";"";"56";"13";"FORNECIMENTO DE ALIMENTAÇÃO DO PARLAMENTAR";"0";"";"ARTESANAL SERVICOS DE ALIMENTACAO E BUFFET EIRELI";"228.362.100/0015-7";"116";"4";"2021-03-17T00:00:00";"999.96";"0";"999.96";"3";"2021";"0";"";"";"1753004";"";"";"";"3453";"7168798";"https://www.camara.leg.br/cota-parlamentar/nota-fiscal-eletronica?ideDocumentoFiscal=7168798"
"CIDADANIA";"";"";"";"2019";"NA";"";"56";"13";"FORNECIMENTO DE ALIMENTAÇÃO DO PARLAMENTAR";"0";"";"ARTESANAL SERVICOS DE ALIMENTACAO E BUFFET EIRELI";"228.362.100/0015-7";"130";"4";"2021-04-12T00:00:00";"999.96";"0";"999.96";"4";"2021";"0";"";"";"1758032";"";"";"";"3453";"7178054";"https://www.camara.leg.br/cota-parlamentar/nota-fiscal-eletronica?ideDocumentoFiscal=7178054"
"CIDADANIA";"";"";"";"2019";"NA";"";"56";"13";"FORNECIMENTO DE ALIMENTAÇÃO DO PARLAMENTAR";"0";"";"ARTESANAL SERVICOS DE ALIMENTACAO E BUFFET EIRELI";"228.362.100/0015-7";"134";"4";"2021-04-15T00:00:00";"360";"0";"360";"4";"2021";"0";"";"";"1760213";"";"";"";"3453";"7183245";"https://www.camara.leg.br/cota-parlamentar/nota-fiscal-eletronica?ideDocumentoFiscal=7183245"
"CIDADANIA";"";"";"";"2019";"NA";"";"56";"13";"FORNECIMENTO DE ALIMENTAÇÃO DO PARLAMENTAR";"0";"";"ARTESANAL SERVICOS DE ALIMENTACAO E BUFFET EIRELI";"228.362.100/0015-7";"139";"4";"2021-04-29T00:00:00";"999.96";"0";"999.96";"4";"2021";"0";"";"";"1760969";"";"";"";"3453";"7184951";"https://www.camara.leg.br/cota-parlamentar/nota-fiscal-eletronica?ideDocumentoFiscal=7184951"
"CIDADANIA";"";"";"";"2019";"NA";"";"56";"13";"FORNECIMENTO DE ALIMENTAÇÃO DO PARLAMENTAR";"0";"";"ARTESANAL SERVICOS DE ALIMENTACAO E BUFFET EIRELI";"228.362.100/0015-7";"144";"4";"2021-05-05T00:00:00";"999.96";"0";"999.96";"5";"2021";"0";"";"";"1762360";"";"";"";"3453";"7187857";"https://www.camara.leg.br/cota-parlamentar/nota-fiscal-eletronica?ideDocumentoFiscal=7187857"
"CIDADANIA";"";"";"";"2019";"NA";"";"56";"13";"FORNECIMENTO DE ALIMENTAÇÃO DO PARLAMENTAR";"0";"";"ARTESANAL SERVICOS DE ALIMENTACAO E BUFFET EIRELI";"228.362.100/0015-7";"147";"4";"2021-05-12T00:00:00";"999.9";"0";"999.9";"5";"2021";"0";"";"";"1763975";"";"";"";"3453";"7191301";"https://www.camara.leg.br/cota-parlamentar/nota-fiscal-eletronica?ideDocumentoFiscal=7191301"
"CIDADANIA";"";"";"";"2019";"NA";"";"56";"13";"FORNECIMENTO DE ALIMENTAÇÃO DO PARLAMENTAR";"0";"";"ARTESANAL SERVICOS DE ALIMENTACAO E BUFFET EIRELI";"228.362.100/0015-7";"155";"4";"2021-05-20T00:00:00";"999.9";"0";"999.9";"5";"2021";"0";"";"";"1766163";"";"";"";"3453";"7196264";"https://www.camara.leg.br/cota-parlamentar/nota-fiscal-eletronica?ideDocumentoFiscal=7196264"
"CIDADANIA";"";"";"";"2019";"NA";"";"56";"13";"FORNECIMENTO DE ALIMENTAÇÃO DO PARLAMENTAR";"0";"";"ARTESANAL SERVICOS DE ALIMENTACAO E BUFFET EIRELI";"228.362.100/0015-7";"163";"4";"2021-05-26T00:00:00";"999.9";"0";"999.9";"5";"2021";"0";"";"";"1767606";"";"";"";"3453";"7199334";"https://www.camara.leg.br/cota-parlamentar/nota-fiscal-eletronica?ideDocumentoFiscal=7199334"
"CIDADANIA";"";"";"";"2019";"NA";"";"56";"13";"FORNECIMENTO DE ALIMENTAÇÃO DO PARLAMENTAR";"0";"";"ARTESANAL SERVICOS DE ALIMENTACAO E BUFFET EIRELI";"228.362.100/0015-7";"171";"4";"2021-06-02T00:00:00";"336";"0";"336";"6";"2021";"0";"";"";"1769197";"";"";"";"3453";"7202691";"https://www.camara.leg.br/cota-parlamentar/nota-fiscal-eletronica?ideDocumentoFiscal=7202691"
"CIDADANIA";"";"";"";"2019";"NA";"";"56";"13";"FORNECIMENTO DE ALIMENTAÇÃO DO PARLAMENTAR";"0";"";"ARTESANAL SERVICOS DE ALIMENTACAO E BUFFET EIRELI";"228.362.100/0015-7";"182";"4";"2021-06-09T00:00:00";"999.9";"0";"999.9";"6";"2021";"0";"";"";"1770520";"";"";"";"3453";"7205318";"https://www.camara.leg.br/cota-parlamentar/nota-fiscal-eletronica?ideDocumentoFiscal=7205318"
"CIDADANIA";"";"";"";"2019";"NA";"";"56";"13";"FORNECIMENTO DE ALIMENTAÇÃO DO PARLAMENTAR";"0";"";"ARTESANAL SERVICOS DE ALIMENTACAO E BUFFET EIRELI";"228.362.100/0015-7";"187";"4";"2021-06-16T00:00:00";"999.9";"0";"999.9";"6";"2021";"0";"";"";"1771868";"";"";"";"3453";"7208396";"https://www.camara.leg.br/cota-parlamentar/nota-fiscal-eletronica?ideDocumentoFiscal=7208396"
"CIDADANIA";"";"";"";"2019";"NA";"";"56";"13";"FORNECIMENTO DE ALIMENTAÇÃO DO PARLAMENTAR";"0";"";"ARTESANAL SERVICOS DE ALIMENTACAO E BUFFET EIRELI";"228.362.100/0015-7";"196";"4";"2021-06-23T00:00:00";"999.9";"0";"999.9";"6";"2021";"0";"";"";"1774091";"";"";"";"3453";"7212014";"https://www.camara.leg.br/cota-parlamentar/nota-fiscal-eletronica?ideDocumentoFiscal=7212014"
"CIDADANIA";"";"";"";"2019";"NA";"";"56";"13";"FORNECIMENTO DE ALIMENTAÇÃO DO PARLAMENTAR";"0";"";"ARTESANAL SERVICOS DE ALIMENTACAO E BUFFET EIRELI";"228.362.100/0015-7";"205";"4";"2021-06-30T00:00:00";"999.9";"0";"999.9";"6";"2021";"0";"";"";"1775568";"";"";"";"3453";"7215265";"https://www.camara.leg.br/cota-parlamentar/nota-fiscal-eletronica?ideDocumentoFiscal=7215265"
"CIDADANIA";"";"";"";"2019";"NA";"";"56";"13";"FORNECIMENTO DE ALIMENTAÇÃO DO PARLAMENTAR";"0";"";"ARTESANAL SERVICOS DE ALIMENTACAO E BUFFET EIRELI";"228.362.100/0015-7";"213";"4";"2021-07-07T00:00:00";"720";"0";"720";"7";"2021";"0";"";"";"1779394";"";"";"";"3453";"7223049";"https://www.camara.leg.br/cota-parlamentar/nota-fiscal-eletronica?ideDocumentoFiscal=7223049"
"CIDADANIA";"";"";"";"2019";"NA";"";"56";"13";"FORNECIMENTO DE ALIMENTAÇÃO DO PARLAMENTAR";"0";"";"ARTESANAL SERVICOS DE ALIMENTACAO E BUFFET EIRELI";"228.362.100/0015-7";"226";"4";"2021-07-14T00:00:00";"990";"0";"990";"7";"2021";"0";"";"";"1779841";"";"";"";"3453";"7223978";"https://www.camara.leg.br/cota-parlamentar/nota-fiscal-eletronica?ideDocumentoFiscal=7223978"
"CIDADANIA";"";"";"";"2019";"NA";"";"56";"13";"FORNECIMENTO DE ALIMENTAÇÃO DO PARLAMENTAR";"0";"";"ARTESANAL SERVICOS DE ALIMENTACAO E BUFFET EIRELI";"228.362.100/0015-7";"245";"4";"2021-08-04T00:00:00";"990";"0";"990";"8";"2021";"0";"";"";"1784326";"";"";"";"3453";"7234198";"https://www.camara.leg.br/cota-parlamentar/nota-fiscal-eletronica?ideDocumentoFiscal=7234198"
"CIDADANIA";"";"";"";"2019";"NA";"";"56";"13";"FORNECIMENTO DE ALIMENTAÇÃO DO PARLAMENTAR";"0";"";"ARTESANAL SERVICOS DE ALIMENTACAO E BUFFET EIRELI";"228.362.100/0015-7";"260";"4";"2021-08-11T00:00:00";"999.9";"0";"999.9";"8";"2021";"0";"";"";"1788215";"";"";"";"3453";"7242644";"https://www.camara.leg.br/cota-parlamentar/nota-fiscal-eletronica?ideDocumentoFiscal=7242644"
"CIDADANIA";"";"";"";"2019";"NA";"";"56";"13";"FORNECIMENTO DE ALIMENTAÇÃO DO PARLAMENTAR";"0";"";"ARTESANAL SERVICOS DE ALIMENTACAO E BUFFET EIRELI";"228.362.100/0015-7";"272";"4";"2021-08-18T00:00:00";"999.9";"0";"999.9";"8";"2021";"0";"";"";"1788215";"";"";"";"3453";"7242655";"https://www.camara.leg.br/cota-parlamentar/nota-fiscal-eletronica?ideDocumentoFiscal=7242655"
"CIDADANIA";"";"";"";"2019";"NA";"";"56";"13";"FORNECIMENTO DE ALIMENTAÇÃO DO PARLAMENTAR";"0";"";"ARTESANAL SERVICOS DE ALIMENTACAO E BUFFET EIRELI";"228.362.100/0015-7";"283";"4";"2021-08-25T00:00:00";"360";"0";"360";"8";"2021";"0";"";"";"1789069";"";"";"";"3453";"7244574";"https://www.camara.leg.br/cota-parlamentar/nota-fiscal-eletronica?ideDocumentoFiscal=7244574"
"CIDADANIA";"";"";"";"2019";"NA";"";"56";"13";"FORNECIMENTO DE ALIMENTAÇÃO DO PARLAMENTAR";"0";"";"ARTESANAL SERVICOS DE ALIMENTACAO E BUFFET EIRELI";"228.362.100/0015-7";"343";"4";"2021-09-29T00:00:00";"840";"0";"840";"9";"2021";"0";"";"";"1799419";"";"";"";"3453";"7267216";"https://www.camara.leg.br/cota-parlamentar/nota-fiscal-eletronica?ideDocumentoFiscal=7267216"
"CIDADANIA";"";"";"";"2019";"NA";"";"56";"13";"FORNECIMENTO DE ALIMENTAÇÃO DO PARLAMENTAR";"0";"";"ARTESANAL SERVICOS DE ALIMENTACAO E BUFFET EIRELI";"228.362.100/0015-7";"354";"4";"2021-10-07T00:00:00";"840";"0";"840";"10";"2021";"0";"";"";"1799426";"";"";"";"3453";"7267226";"https://www.camara.leg.br/cota-parlamentar/nota-fiscal-eletronica?ideDocumentoFiscal=7267226"
"CIDADANIA";"";"";"";"2019";"NA";"";"56";"13";"FORNECIMENTO DE ALIMENTAÇÃO DO PARLAMENTAR";"0";"";"ARTESANAL SERVICOS DE ALIMENTACAO E BUFFET EIRELI";"228.362.100/0015-7";"361";"4";"2021-10-15T00:00:00";"420";"0";"420";"10";"2021";"0";"";"";"1800956";"";"";"";"3453";"7270764";"https://www.camara.leg.br/cota-parlamentar/nota-fiscal-eletronica?ideDocumentoFiscal=7270764"
"CIDADANIA";"";"";"";"2019";"NA";"";"56";"13";"FORNECIMENTO DE ALIMENTAÇÃO DO PARLAMENTAR";"0";"";"ARTESANAL SERVICOS DE ALIMENTACAO E BUFFET EIRELI";"228.362.100/0015-7";"375";"4";"2021-10-20T00:00:00";"840";"0";"840";"10";"2021";"0";"";"";"1802027";"";"";"";"3453";"7273199";"https://www.camara.leg.br/cota-parlamentar/nota-fiscal-eletronica?ideDocumentoFiscal=7273199"
"CIDADANIA";"";"";"";"2019";"NA";"";"56";"13";"FORNECIMENTO DE ALIMENTAÇÃO DO PARLAMENTAR";"0";"";"ARTESANAL SERVICOS DE ALIMENTACAO E BUFFET EIRELI";"228.362.100/0015-7";"387";"4";"2021-10-28T00:00:00";"980";"0";"980";"10";"2021";"0";"";"";"1805140";"";"";"";"3453";"7280245";"https://www.camara.leg.br/cota-parlamentar/nota-fiscal-eletronica?ideDocumentoFiscal=7280245"
"CIDADANIA";"";"";"";"2019";"NA";"";"56";"13";"FORNECIMENTO DE ALIMENTAÇÃO DO PARLAMENTAR";"0";"";"ARTESANAL SERVICOS DE ALIMENTACAO E BUFFET EIRELI";"228.362.100/0015-7";"398";"4";"2021-11-04T00:00:00";"490";"0";"490";"11";"2021";"0";"";"";"1805518";"";"";"";"3453";"7280997";"https://www.camara.leg.br/cota-parlamentar/nota-fiscal-eletronica?ideDocumentoFiscal=7280997"
"CIDADANIA";"";"";"";"2019";"NA";"";"56";"13";"FORNECIMENTO DE ALIMENTAÇÃO DO PARLAMENTAR";"0";"";"ARTESANAL SERVICOS DE ALIMENTACAO E BUFFET EIRELI";"228.362.100/0015-7";"411";"4";"2021-11-10T00:00:00";"490";"0";"490";"11";"2021";"0";"";"";"1808004";"";"";"";"3453";"7286594";"https://www.camara.leg.br/cota-parlamentar/nota-fiscal-eletronica?ideDocumentoFiscal=7286594"
"CIDADANIA";"";"";"";"2019";"NA";"";"56";"13";"FORNECIMENTO DE ALIMENTAÇÃO DO PARLAMENTAR";"0";"";"ARTESANAL SERVICOS DE ALIMENTACAO E BUFFET EIRELI";"228.362.100/0015-7";"442";"4";"2021-11-25T00:00:00";"1400";"0";"1400";"11";"2021";"0";"";"";"1810963";"";"";"";"3453";"7293328";"https://www.camara.leg.br/cota-parlamentar/nota-fiscal-eletronica?ideDocumentoFiscal=7293328"
"CIDADANIA";"";"";"";"2019";"NA";"";"56";"13";"FORNECIMENTO DE ALIMENTAÇÃO DO PARLAMENTAR";"0";"";"ARTESANAL SERVICOS DE ALIMENTACAO E BUFFET EIRELI";"228.362.100/0015-7";"461";"4";"2021-12-01T00:00:00";"1260";"0";"1260";"12";"2021";"0";"";"";"1812676";"";"";"";"3453";"7297264";"https://www.camara.leg.br/cota-parlamentar/nota-fiscal-eletronica?ideDocumentoFiscal=7297264"
"CIDADANIA";"";"";"";"2019";"NA";"";"56";"13";"FORNECIMENTO DE ALIMENTAÇÃO DO PARLAMENTAR";"0";"";"ARTESANAL SERVICOS DE ALIMENTACAO E BUFFET EIRELI";"228.362.100/0015-7";"470";"4";"2021-12-13T00:00:00";"980";"0";"980";"12";"2021";"0";"";"";"1816136";"";"";"";"3453";"7304455";"https://www.camara.leg.br/cota-parlamentar/nota-fiscal-eletronica?ideDocumentoFiscal=7304455"
"CIDADANIA";"";"";"";"2019";"NA";"";"56";"13";"FORNECIMENTO DE ALIMENTAÇÃO DO PARLAMENTAR";"0";"";"ARTESANAL SERVICOS DE ALIMENTACAO E BUFFET EIRELI";"228.362.100/0015-7";"499";"4";"2021-12-28T00:00:00";"980";"0";"980";"12";"2021";"0";"";"";"1819360";"";"";"";"3453";"7311595";"https://www.camara.leg.br/cota-parlamentar/nota-fiscal-eletronica?ideDocumentoFiscal=7311595"
"CIDADANIA";"";"";"";"2019";"NA";"";"56";"13";"FORNECIMENTO DE ALIMENTAÇÃO DO PARLAMENTAR";"0";"";"ARTESANAL SERVICOS DE ALIMENTACAO E BUFFET EIRELI";"228.362.100/0015-7";"95";"4";"2021-03-01T00:00:00";"645";"0";"645";"3";"2021";"0";"";"";"1751471";"";"";"";"3453";"7165698";"https://www.camara.leg.br/cota-parlamentar/nota-fiscal-eletronica?ideDocumentoFiscal=7165698"
"CIDADANIA";"";"";"";"2019";"NA";"";"56";"13";"FORNECIMENTO DE ALIMENTAÇÃO DO PARLAMENTAR";"0";"";"GMG OMERCIO DE ALIMENTOS LTDA";"133.603.400/0017-5";"4147";"4";"2021-09-01T00:00:00";"262";"9";"253";"9";"2021";"0";"";"";"1790981";"";"";"";"3453";"7248706";"https://www.camara.leg.br/cota-parlamentar/nota-fiscal-eletronica?ideDocumentoFiscal=7248706"
"CIDADANIA";"";"";"";"2019";"NA";"";"56";"13";"FORNECIMENTO DE ALIMENTAÇÃO DO PARLAMENTAR";"0";"";"NAPOLITANA COMERCIO DE ALIMENTOS LTDA";"118.693.450/0010-0";"74262";"4";"2021-09-15T00:00:00";"276.9";"19";"257.9";"9";"2021";"0";"";"";"1793951";"";"";"";"3453";"7255097";"https://www.camara.leg.br/cota-parlamentar/nota-fiscal-eletronica?ideDocumentoFiscal=7255097"
"CIDADANIA";"";"";"";"2019";"NA";"";"56";"13";"FORNECIMENTO DE ALIMENTAÇÃO DO PARLAMENTAR";"0";"";"NAPOLITANA COMERCIO DE ALIMENTOS LTDA";"118.693.450/0010-0";"74581";"4";"2021-09-22T00:00:00";"284.9";"19";"265.9";"9";"2021";"0";"";"";"1796133";"";"";"";"3453";"7260086";"https://www.camara.leg.br/cota-parlamentar/nota-fiscal-eletronica?ideDocumentoFiscal=7260086"
"DEM";"";"";"";"2019";"NA";"";"56";"1";"MANUTENÇÃO DE ESCRITÓRIO DE APOIO À ATIVIDADE PARLAMENTAR";"0";"";"EMIDIO SOUTO PEREIRA - EPP";"133.457.280/0010-5";"996";"4";"2021-12-10T00:00:00";"7300.1";"0";"7300.1";"12";"2021";"0";"";"";"1815502";"";"";"";"2713";"7302970";"https://www.camara.leg.br/cota-parlamentar/nota-fiscal-eletronica?ideDocumentoFiscal=7302970"
"DEM";"";"";"";"2019";"NA";"";"56";"4";"CONSULTORIAS, PESQUISAS E TRABALHOS TÉCNICOS.";"0";"";"LINEAR COMUNICACAO LTDA - EPP";"109.472.430/0019-5";"3024";"4";"2021-03-29T00:00:00";"1527.28";"0";"1527.28";"3";"2021";"0";"";"";"1755036";"";"";"";"2713";"7172863";"https://www.camara.leg.br/cota-parlamentar/nota-fiscal-eletronica?ideDocumentoFiscal=7172863"
"DEM";"";"";"";"2019";"NA";"";"56";"4";"CONSULTORIAS, PESQUISAS E TRABALHOS TÉCNICOS.";"0";"";"LINEAR COMUNICACAO LTDA - EPP";"109.472.430/0019-5";"3160";"4";"2021-07-27T00:00:00";"1527.28";"0";"1527.28";"7";"2021";"0";"";"";"1783168";"";"";"";"2713";"7231702";"https://www.camara.leg.br/cota-parlamentar/nota-fiscal-eletronica?ideDocumentoFiscal=7231702"
"DEM";"";"";"";"2019";"NA";"";"56";"4";"CONSULTORIAS, PESQUISAS E TRABALHOS TÉCNICOS.";"0";"";"LINEAR COMUNICACAO LTDA - EPP";"109.472.430/0019-5";"3197";"4";"2021-08-30T00:00:00";"1527.28";"0";"1527.28";"8";"2021";"0";"";"";"1790121";"";"";"";"2713";"7247000";"https://www.camara.leg.br/cota-parlamentar/nota-fiscal-eletronica?ideDocumentoFiscal=7247000"
"DEM";"";"";"";"2019";"NA";"";"56";"4";"CONSULTORIAS, PESQUISAS E TRABALHOS TÉCNICOS.";"0";"";"LINEAR COMUNICACAO LTDA - EPP";"109.472.430/0019-5";"3305";"4";"2021-11-26T00:00:00";"1527.28";"0";"1527.28";"11";"2021";"0";"";"";"1812215";"";"";"";"2713";"7296312";"https://www.camara.leg.br/cota-parlamentar/nota-fiscal-eletronica?ideDocumentoFiscal=7296312"
"DEM";"";"";"";"2019";"NA";"";"56";"5";"DIVULGAÇÃO DA ATIVIDADE PARLAMENTAR.";"0";"";"LINEAR COMUNICACAO LTDA - EPP";"109.472.430/0019-5";"2962";"4";"2021-01-27T00:00:00";"1527.28";"0";"1527.28";"1";"2021";"0";"";"";"1740975";"";"";"";"2713";"7145395";"https://www.camara.leg.br/cota-parlamentar/nota-fiscal-eletronica?ideDocumentoFiscal=7145395"
"DEM";"";"";"";"2019";"NA";"";"56";"5";"DIVULGAÇÃO DA ATIVIDADE PARLAMENTAR.";"0";"";"LINEAR COMUNICACAO LTDA - EPP";"109.472.430/0019-5";"3001";"4";"2021-03-01T00:00:00";"1527.28";"0";"1527.28";"2";"2021";"0";"";"";"1748041";"";"";"";"2713";"7159958";"https://www.camara.leg.br/cota-parlamentar/nota-fiscal-eletronica?ideDocumentoFiscal=7159958"
"DEM";"";"";"";"2019";"NA";"";"56";"5";"DIVULGAÇÃO DA ATIVIDADE PARLAMENTAR.";"0";"";"LINEAR COMUNICACAO LTDA - EPP";"109.472.430/0019-5";"3090";"4";"2021-05-27T00:00:00";"1527.28";"0";"1527.28";"5";"2021";"0";"";"";"1768192";"";"";"";"2713";"7200572";"https://www.camara.leg.br/cota-parlamentar/nota-fiscal-eletronica?ideDocumentoFiscal=7200572"
"DEM";"";"";"";"2019";"NA";"";"56";"5";"DIVULGAÇÃO DA ATIVIDADE PARLAMENTAR.";"0";"";"LINEAR COMUNICACAO LTDA - EPP";"109.472.430/0019-5";"3232";"4";"2021-09-27T00:00:00";"1527.28";"0";"1527.28";"9";"2021";"0";"";"";"1796080";"";"";"";"2713";"7259955";"https://www.camara.leg.br/cota-parlamentar/nota-fiscal-eletronica?ideDocumentoFiscal=7259955"
"DEM";"";"";"";"2019";"NA";"";"56";"5";"DIVULGAÇÃO DA ATIVIDADE PARLAMENTAR.";"0";"";"LINEAR COMUNICACAO LTDA - EPP";"109.472.430/0019-5";"3344";"4";"2021-12-27T00:00:00";"1527.28";"0";"156.9";"12";"2021";"1";"";"";"1819708";"";"";"";"2713";"7312376";"https://www.camara.leg.br/cota-parlamentar/nota-fiscal-eletronica?ideDocumentoFiscal=7312376"
"DEM";"";"";"";"2019";"NA";"";"56";"12";"ASSINATURA DE PUBLICAÇÕES";"0";"";"AGENCIA ESTADO";"626.529.610/0013-8";"00764787";"0";"2021-11-24T00:00:00";"329.03";"0";"329.03";"11";"2021";"0";"";"";"1814822";"";"";"";"2713";"7301623";"https://www.camara.leg.br/cota-parlamentar/documentos/publ/2713/2021/7301623.pdf"
"DEM";"";"";"";"2019";"NA";"";"56";"12";"ASSINATURA DE PUBLICAÇÕES";"0";"";"AGENCIA ESTADO";"626.529.610/0013-8";"00765660";"0";"2021-12-02T00:00:00";"600";"0";"600";"12";"2021";"0";"";"";"1819481";"";"";"";"2713";"7311860";"https://www.camara.leg.br/cota-parlamentar/documentos/publ/2713/2021/7311860.pdf"
"DEM";"";"";"";"2019";"NA";"";"56";"12";"ASSINATURA DE PUBLICAÇÕES";"0";"";"AGENCIA ESTADO S.A";"626.529.610/0013-8";"00764781";"0";"2021-11-24T00:00:00";"600";"0";"600";"11";"2021";"0";"";"";"1814820";"";"";"";"2713";"7301611";"https://www.camara.leg.br/cota-parlamentar/documentos/publ/2713/2021/7301611.pdf"
"DEM";"";"";"";"2019";"NA";"";"56";"12";"ASSINATURA DE PUBLICAÇÕES";"0";"";"LINEAR COMUNICACAO LTDA - EPP";"109.472.430/0019-5";"3052";"4";"2021-04-26T00:00:00";"1527.28";"0";"1527.28";"4";"2021";"0";"";"";"1760653";"";"";"";"2713";"7184241";"https://www.camara.leg.br/cota-parlamentar/nota-fiscal-eletronica?ideDocumentoFiscal=7184241"
"DEM";"";"";"";"2019";"NA";"";"56";"12";"ASSINATURA DE PUBLICAÇÕES";"0";"";"LINEAR COMUNICACAO LTDA - EPP";"109.472.430/0019-5";"3127";"4";"2021-06-28T00:00:00";"1527.28";"0";"1527.28";"6";"2021";"0";"";"";"1775229";"";"";"";"2713";"7214526";"https://www.camara.leg.br/cota-parlamentar/nota-fiscal-eletronica?ideDocumentoFiscal=7214526"
"DEM";"";"";"";"2019";"NA";"";"56";"12";"ASSINATURA DE PUBLICAÇÕES";"0";"";"LINEAR COMUNICACAO LTDA - EPP";"109.472.430/0019-5";"3268";"4";"2021-10-27T00:00:00";"1527.28";"0";"1527.28";"10";"2021";"0";"";"";"1803630";"";"";"";"2713";"7276868";"https://www.camara.leg.br/cota-parlamentar/nota-fiscal-eletronica?ideDocumentoFiscal=7276868"
"DEM";"";"";"";"2019";"NA";"";"56";"13";"FORNECIMENTO DE ALIMENTAÇÃO DO PARLAMENTAR";"0";"";"ARTESANAL SERVICOS DE ALIMENTACAO E BUFFET EIRELI";"228.362.100/0015-7";"100";"4";"2021-03-04T00:00:00";"500";"0";"500";"3";"2021";"0";"";"";"1751377";"";"";"";"2713";"7165537";"https://www.camara.leg.br/cota-parlamentar/nota-fiscal-eletronica?ideDocumentoFiscal=7165537"
"DEM";"";"";"";"2019";"NA";"";"56";"13";"FORNECIMENTO DE ALIMENTAÇÃO DO PARLAMENTAR";"0";"";"ARTESANAL SERVICOS DE ALIMENTACAO E BUFFET EIRELI";"228.362.100/0015-7";"101";"4";"2021-03-04T00:00:00";"500";"0";"500";"3";"2021";"0";"";"";"1751376";"";"";"";"2713";"7165536";"https://www.camara.leg.br/cota-parlamentar/nota-fiscal-eletronica?ideDocumentoFiscal=7165536"
"DEM";"";"";"";"2019";"NA";"";"56";"13";"FORNECIMENTO DE ALIMENTAÇÃO DO PARLAMENTAR";"0";"";"ARTESANAL SERVICOS DE ALIMENTACAO E BUFFET EIRELI";"228.362.100/0015-7";"129";"4";"2021-04-08T00:00:00";"480";"0";"480";"4";"2021";"0";"";"";"1758121";"";"";"";"2713";"7178854";"https://www.camara.leg.br/cota-parlamentar/nota-fiscal-eletronica?ideDocumentoFiscal=7178854"
"DEM";"";"";"";"2019";"NA";"";"56";"13";"FORNECIMENTO DE ALIMENTAÇÃO DO PARLAMENTAR";"0";"";"ARTESANAL SERVICOS DE ALIMENTACAO E BUFFET EIRELI";"228.362.100/0015-7";"131";"4";"2021-04-14T00:00:00";"440";"0";"440";"4";"2021";"0";"";"";"1758123";"";"";"";"2713";"7178860";"https://www.camara.leg.br/cota-parlamentar/nota-fiscal-eletronica?ideDocumentoFiscal=7178860"
"DEM";"";"";"";"2019";"NA";"";"56";"13";"FORNECIMENTO DE ALIMENTAÇÃO DO PARLAMENTAR";"0";"";"ARTESANAL SERVICOS DE ALIMENTACAO E BUFFET EIRELI";"228.362.100/0015-7";"137";"4";"2021-04-29T00:00:00";"680";"0";"680";"4";"2021";"0";"";"";"1762344";"";"";"";"2713";"7187827";"https://www.camara.leg.br/cota-parlamentar/nota-fiscal-eletronica?ideDocumentoFiscal=7187827"
"DEM";"";"";"";"2019";"NA";"";"56";"13";"FORNECIMENTO DE ALIMENTAÇÃO DO PARLAMENTAR";"0";"";"ARTESANAL SERVICOS DE ALIMENTACAO E BUFFET EIRELI";"228.362.100/0015-7";"141";"4";"2021-05-05T00:00:00";"480";"0";"480";"5";"2021";"0";"";"";"1762362";"";"";"";"2713";"7187858";"https://www.camara.leg.br/cota-parlamentar/nota-fiscal-eletronica?ideDocumentoFiscal=7187858"
"DEM";"";"";"";"2019";"NA";"";"56";"13";"FORNECIMENTO DE ALIMENTAÇÃO DO PARLAMENTAR";"0";"";"ARTESANAL SERVICOS DE ALIMENTACAO E BUFFET EIRELI";"228.362.100/0015-7";"142";"4";"2021-05-05T00:00:00";"480";"0";"480";"5";"2021";"0";"";"";"1762363";"";"";"";"2713";"7187860";"https://www.camara.leg.br/cota-parlamentar/nota-fiscal-eletronica?ideDocumentoFiscal=7187860"
"DEM";"";"";"";"2019";"NA";"";"56";"13";"FORNECIMENTO DE ALIMENTAÇÃO DO PARLAMENTAR";"0";"";"ARTESANAL SERVICOS DE ALIMENTACAO E BUFFET EIRELI";"228.362.100/0015-7";"148";"4";"2021-05-12T00:00:00";"900";"0";"900";"5";"2021";"0";"";"";"1764052";"";"";"";"2713";"7191477";"https://www.camara.leg.br/cota-parlamentar/nota-fiscal-eletronica?ideDocumentoFiscal=7191477"
"DEM";"";"";"";"2019";"NA";"";"56";"13";"FORNECIMENTO DE ALIMENTAÇÃO DO PARLAMENTAR";"0";"";"ARTESANAL SERVICOS DE ALIMENTACAO E BUFFET EIRELI";"228.362.100/0015-7";"149";"4";"2021-05-12T00:00:00";"960";"0";"960";"5";"2021";"0";"";"";"1764056";"";"";"";"2713";"7191471";"https://www.camara.leg.br/cota-parlamentar/nota-fiscal-eletronica?ideDocumentoFiscal=7191471"
"DEM";"";"";"";"2019";"NA";"";"56";"13";"FORNECIMENTO DE ALIMENTAÇÃO DO PARLAMENTAR";"0";"";"ARTESANAL SERVICOS DE ALIMENTACAO E BUFFET EIRELI";"228.362.100/0015-7";"152";"4";"2021-05-20T00:00:00";"600";"0";"600";"5";"2021";"0";"";"";"1766588";"";"";"";"2713";"7197205";"https://www.camara.leg.br/cota-parlamentar/nota-fiscal-eletronica?ideDocumentoFiscal=7197205"
"DEM";"";"";"";"2019";"NA";"";"56";"13";"FORNECIMENTO DE ALIMENTAÇÃO DO PARLAMENTAR";"0";"";"ARTESANAL SERVICOS DE ALIMENTACAO E BUFFET EIRELI";"228.362.100/0015-7";"153";"4";"2021-05-20T00:00:00";"600";"0";"600";"5";"2021";"0";"";"";"1766595";"";"";"";"2713";"7197240";"https://www.camara.leg.br/cota-parlamentar/nota-fiscal-eletronica?ideDocumentoFiscal=7197240"
"DEM";"";"";"";"2019";"NA";"";"56";"13";"FORNECIMENTO DE ALIMENTAÇÃO DO PARLAMENTAR";"0";"";"ARTESANAL SERVICOS DE ALIMENTACAO E BUFFET EIRELI";"228.362.100/0015-7";"160";"4";"2021-05-26T00:00:00";"600";"0";"600";"5";"2021";"0";"";"";"1767128";"";"";"";"2713";"7198371";"https://www.camara.leg.br/cota-parlamentar/nota-fiscal-eletronica?ideDocumentoFiscal=7198371"
"DEM";"";"";"";"2019";"NA";"";"56";"13";"FORNECIMENTO DE ALIMENTAÇÃO DO PARLAMENTAR";"0";"";"ARTESANAL SERVICOS DE ALIMENTACAO E BUFFET EIRELI";"228.362.100/0015-7";"161";"4";"2021-05-26T00:00:00";"1080";"0";"1080";"5";"2021";"0";"";"";"1767131";"";"";"";"2713";"7198373";"https://www.camara.leg.br/cota-parlamentar/nota-fiscal-eletronica?ideDocumentoFiscal=7198373"
"DEM";"";"";"";"2019";"NA";"";"56";"13";"FORNECIMENTO DE ALIMENTAÇÃO DO PARLAMENTAR";"0";"";"ARTESANAL SERVICOS DE ALIMENTACAO E BUFFET EIRELI";"228.362.100/0015-7";"168";"4";"2021-06-02T00:00:00";"480";"0";"480";"6";"2021";"0";"";"";"1768780";"";"";"";"2713";"7201755";"https://www.camara.leg.br/cota-parlamentar/nota-fiscal-eletronica?ideDocumentoFiscal=7201755"
"DEM";"";"";"";"2019";"NA";"";"56";"13";"FORNECIMENTO DE ALIMENTAÇÃO DO PARLAMENTAR";"0";"";"ARTESANAL SERVICOS DE ALIMENTACAO E BUFFET EIRELI";"228.362.100/0015-7";"172";"4";"2021-06-02T00:00:00";"480";"0";"480";"6";"2021";"0";"";"";"1768782";"";"";"";"2713";"7201763";"https://www.camara.leg.br/cota-parlamentar/nota-fiscal-eletronica?ideDocumentoFiscal=7201763"
"DEM";"";"";"";"2019";"NA";"";"56";"13";"FORNECIMENTO DE ALIMENTAÇÃO DO PARLAMENTAR";"0";"";"ARTESANAL SERVICOS DE ALIMENTACAO E BUFFET EIRELI";"228.362.100/0015-7";"174";"4";"2021-06-09T00:00:00";"480";"0";"480";"6";"2021";"0";"";"";"1770373";"";"";"";"2713";"7205015";"https://www.camara.leg.br/cota-parlamentar/nota-fiscal-eletronica?ideDocumentoFiscal=7205015"
"DEM";"";"";"";"2019";"NA";"";"56";"13";"FORNECIMENTO DE ALIMENTAÇÃO DO PARLAMENTAR";"0";"";"ARTESANAL SERVICOS DE ALIMENTACAO E BUFFET EIRELI";"228.362.100/0015-7";"175";"4";"2021-06-09T00:00:00";"600";"0";"600";"6";"2021";"0";"";"";"1770378";"";"";"";"2713";"7205023";"https://www.camara.leg.br/cota-parlamentar/nota-fiscal-eletronica?ideDocumentoFiscal=7205023"
"DEM";"";"";"";"2019";"NA";"";"56";"13";"FORNECIMENTO DE ALIMENTAÇÃO DO PARLAMENTAR";"0";"";"ARTESANAL SERVICOS DE ALIMENTACAO E BUFFET EIRELI";"228.362.100/0015-7";"183";"4";"2021-06-16T00:00:00";"480";"0";"480";"6";"2021";"0";"";"";"1771915";"";"";"";"2713";"7208499";"https://www.camara.leg.br/cota-parlamentar/nota-fiscal-eletronica?ideDocumentoFiscal=7208499"
"DEM";"";"";"";"2019";"NA";"";"56";"13";"FORNECIMENTO DE ALIMENTAÇÃO DO PARLAMENTAR";"0";"";"ARTESANAL SERVICOS DE ALIMENTACAO E BUFFET EIRELI";"228.362.100/0015-7";"184";"4";"2021-06-16T00:00:00";"480";"0";"480";"6";"2021";"0";"";"";"1771916";"";"";"";"2713";"7208503";"https://www.camara.leg.br/cota-parlamentar/nota-fiscal-eletronica?ideDocumentoFiscal=7208503"
"DEM";"";"";"";"2019";"NA";"";"56";"13";"FORNECIMENTO DE ALIMENTAÇÃO DO PARLAMENTAR";"0";"";"ARTESANAL SERVICOS DE ALIMENTACAO E BUFFET EIRELI";"228.362.100/0015-7";"193";"4";"2021-06-23T00:00:00";"600";"0";"600";"6";"2021";"0";"";"";"1774242";"";"";"";"2713";"7212337";"https://www.camara.leg.br/cota-parlamentar/nota-fiscal-eletronica?ideDocumentoFiscal=7212337"
"DEM";"";"";"";"2019";"NA";"";"56";"13";"FORNECIMENTO DE ALIMENTAÇÃO DO PARLAMENTAR";"0";"";"ARTESANAL SERVICOS DE ALIMENTACAO E BUFFET EIRELI";"228.362.100/0015-7";"194";"4";"2021-06-23T00:00:00";"600";"0";"600";"6";"2021";"0";"";"";"1774263";"";"";"";"2713";"7212370";"https://www.camara.leg.br/cota-parlamentar/nota-fiscal-eletronica?ideDocumentoFiscal=7212370"
"DEM";"";"";"";"2019";"NA";"";"56";"13";"FORNECIMENTO DE ALIMENTAÇÃO DO PARLAMENTAR";"0";"";"ARTESANAL SERVICOS DE ALIMENTACAO E BUFFET EIRELI";"228.362.100/0015-7";"202";"4";"2021-06-30T00:00:00";"480";"0";"480";"6";"2021";"0";"";"";"1775731";"";"";"";"2713";"7215630";"https://www.camara.leg.br/cota-parlamentar/nota-fiscal-eletronica?ideDocumentoFiscal=7215630"
"DEM";"";"";"";"2019";"NA";"";"56";"13";"FORNECIMENTO DE ALIMENTAÇÃO DO PARLAMENTAR";"0";"";"ARTESANAL SERVICOS DE ALIMENTACAO E BUFFET EIRELI";"228.362.100/0015-7";"203";"4";"2021-06-30T00:00:00";"480";"0";"480";"6";"2021";"0";"";"";"1775736";"";"";"";"2713";"7215637";"https://www.camara.leg.br/cota-parlamentar/nota-fiscal-eletronica?ideDocumentoFiscal=7215637"
"DEM";"";"";"";"2019";"NA";"";"56";"13";"FORNECIMENTO DE ALIMENTAÇÃO DO PARLAMENTAR";"0";"";"ARTESANAL SERVICOS DE ALIMENTACAO E BUFFET EIRELI";"228.362.100/0015-7";"210";"4";"2021-07-07T00:00:00";"600";"0";"600";"7";"2021";"0";"";"";"1777933";"";"";"";"2713";"7219999";"https://www.camara.leg.br/cota-parlamentar/nota-fiscal-eletronica?ideDocumentoFiscal=7219999"
"DEM";"";"";"";"2019";"NA";"";"56";"13";"FORNECIMENTO DE ALIMENTAÇÃO DO PARLAMENTAR";"0";"";"ARTESANAL SERVICOS DE ALIMENTACAO E BUFFET EIRELI";"228.362.100/0015-7";"211";"4";"2021-07-07T00:00:00";"480";"0";"480";"7";"2021";"0";"";"";"1777938";"";"";"";"2713";"7220006";"https://www.camara.leg.br/cota-parlamentar/nota-fiscal-eletronica?ideDocumentoFiscal=7220006"
"DEM";"";"";"";"2019";"NA";"";"56";"13";"FORNECIMENTO DE ALIMENTAÇÃO DO PARLAMENTAR";"0";"";"ARTESANAL SERVICOS DE ALIMENTACAO E BUFFET EIRELI";"228.362.100/0015-7";"223";"4";"2021-07-14T00:00:00";"480";"0";"480";"7";"2021";"0";"";"";"1779679";"";"";"";"2713";"7223616";"https://www.camara.leg.br/cota-parlamentar/nota-fiscal-eletronica?ideDocumentoFiscal=7223616"
"DEM";"";"";"";"2019";"NA";"";"56";"13";"FORNECIMENTO DE ALIMENTAÇÃO DO PARLAMENTAR";"0";"";"ARTESANAL SERVICOS DE ALIMENTACAO E BUFFET EIRELI";"228.362.100/0015-7";"224";"4";"2021-07-14T00:00:00";"480";"0";"480";"7";"2021";"0";"";"";"1779683";"";"";"";"2713";"7223620";"https://www.camara.leg.br/cota-parlamentar/nota-fiscal-eletronica?ideDocumentoFiscal=7223620"
"DEM";"";"";"";"2019";"NA";"";"56";"13";"FORNECIMENTO DE ALIMENTAÇÃO DO PARLAMENTAR";"0";"";"ARTESANAL SERVICOS DE ALIMENTACAO E BUFFET EIRELI";"228.362.100/0015-7";"241";"4";"2021-08-04T00:00:00";"480";"0";"480";"8";"2021";"0";"";"";"1785218";"";"";"";"2713";"7236018";"https://www.camara.leg.br/cota-parlamentar/nota-fiscal-eletronica?ideDocumentoFiscal=7236018"
"DEM";"";"";"";"2019";"NA";"";"56";"13";"FORNECIMENTO DE ALIMENTAÇÃO DO PARLAMENTAR";"0";"";"ARTESANAL SERVICOS DE ALIMENTACAO E BUFFET EIRELI";"228.362.100/0015-7";"242";"4";"2021-08-04T00:00:00";"480";"0";"480";"8";"2021";"0";"";"";"1785224";"";"";"";"2713";"7236027";"https://www.camara.leg.br/cota-parlamentar/nota-fiscal-eletronica?ideDocumentoFiscal=7236027"
"DEM";"";"";"";"2019";"NA";"";"56";"13";"FORNECIMENTO DE ALIMENTAÇÃO DO PARLAMENTAR";"0";"";"ARTESANAL SERVICOS DE ALIMENTACAO E BUFFET EIRELI";"228.362.100/0015-7";"251";"4";"2021-08-11T00:00:00";"480";"0";"480";"8";"2021";"0";"";"";"1785750";"";"";"";"2713";"7237278";"https://www.camara.leg.br/cota-parlamentar/nota-fiscal-eletronica?ideDocumentoFiscal=7237278"
"DEM";"";"";"";"2019";"NA";"";"56";"13";"FORNECIMENTO DE ALIMENTAÇÃO DO PARLAMENTAR";"0";"";"ARTESANAL SERVICOS DE ALIMENTACAO E BUFFET EIRELI";"228.362.100/0015-7";"252";"4";"2021-08-11T00:00:00";"480";"0";"480";"8";"2021";"0";"";"";"1785754";"";"";"";"2713";"7237289";"https://www.camara.leg.br/cota-parlamentar/nota-fiscal-eletronica?ideDocumentoFiscal=7237289"
"DEM";"";"";"";"2019";"NA";"";"56";"13";"FORNECIMENTO DE ALIMENTAÇÃO DO PARLAMENTAR";"0";"";"ARTESANAL SERVICOS DE ALIMENTACAO E BUFFET EIRELI";"228.362.100/0015-7";"268";"4";"2021-08-18T00:00:00";"480";"0";"480";"8";"2021";"0";"";"";"1787383";"";"";"";"2713";"7240769";"https://www.camara.leg.br/cota-parlamentar/nota-fiscal-eletronica?ideDocumentoFiscal=7240769"
"DEM";"";"";"";"2019";"NA";"";"56";"13";"FORNECIMENTO DE ALIMENTAÇÃO DO PARLAMENTAR";"0";"";"ARTESANAL SERVICOS DE ALIMENTACAO E BUFFET EIRELI";"228.362.100/0015-7";"269";"4";"2021-08-18T00:00:00";"480";"0";"480";"8";"2021";"0";"";"";"1787386";"";"";"";"2713";"7240803";"https://www.camara.leg.br/cota-parlamentar/nota-fiscal-eletronica?ideDocumentoFiscal=7240803"
"DEM";"";"";"";"2019";"NA";"";"56";"13";"FORNECIMENTO DE ALIMENTAÇÃO DO PARLAMENTAR";"0";"";"ARTESANAL SERVICOS DE ALIMENTACAO E BUFFET EIRELI";"228.362.100/0015-7";"279";"4";"2021-08-25T00:00:00";"560";"0";"560";"8";"2021";"0";"";"";"1790107";"";"";"";"2713";"7246983";"https://www.camara.leg.br/cota-parlamentar/nota-fiscal-eletronica?ideDocumentoFiscal=7246983"
"DEM";"";"";"";"2019";"NA";"";"56";"13";"FORNECIMENTO DE ALIMENTAÇÃO DO PARLAMENTAR";"0";"";"ARTESANAL SERVICOS DE ALIMENTACAO E BUFFET EIRELI";"228.362.100/0015-7";"280";"4";"2021-08-25T00:00:00";"480";"0";"480";"8";"2021";"0";"";"";"1790115";"";"";"";"2713";"7246991";"https://www.camara.leg.br/cota-parlamentar/nota-fiscal-eletronica?ideDocumentoFiscal=7246991"
"DEM";"";"";"";"2019";"NA";"";"56";"13";"FORNECIMENTO DE ALIMENTAÇÃO DO PARLAMENTAR";"0";"";"ARTESANAL SERVICOS DE ALIMENTACAO E BUFFET EIRELI";"228.362.100/0015-7";"292";"4";"2021-09-01T00:00:00";"560";"0";"560";"8";"2021";"0";"";"";"1790557";"";"";"";"2713";"7247910";"https://www.camara.leg.br/cota-parlamentar/nota-fiscal-eletronica?ideDocumentoFiscal=7247910"
"DEM";"";"";"";"2019";"NA";"";"56";"13";"FORNECIMENTO DE ALIMENTAÇÃO DO PARLAMENTAR";"0";"";"ARTESANAL SERVICOS DE ALIMENTACAO E BUFFET EIRELI";"228.362.100/0015-7";"293";"4";"2021-09-01T00:00:00";"480";"0";"480";"9";"2021";"0";"";"";"1790562";"";"";"";"2713";"7247917";"https://www.camara.leg.br/cota-parlamentar/nota-fiscal-eletronica?ideDocumentoFiscal=7247917"
"DEM";"";"";"";"2019";"NA";"";"56";"13";"FORNECIMENTO DE ALIMENTAÇÃO DO PARLAMENTAR";"0";"";"ARTESANAL SERVICOS DE ALIMENTACAO E BUFFET EIRELI";"228.362.100/0015-7";"305";"4";"2021-09-15T00:00:00";"480";"0";"480";"9";"2021";"0";"";"";"1793836";"";"";"";"2713";"7254858";"https://www.camara.leg.br/cota-parlamentar/nota-fiscal-eletronica?ideDocumentoFiscal=7254858"
"DEM";"";"";"";"2019";"NA";"";"56";"13";"FORNECIMENTO DE ALIMENTAÇÃO DO PARLAMENTAR";"0";"";"ARTESANAL SERVICOS DE ALIMENTACAO E BUFFET EIRELI";"228.362.100/0015-7";"306";"4";"2021-09-15T00:00:00";"480";"0";"480";"9";"2021";"0";"";"";"1793840";"";"";"";"2713";"7254863";"https://www.camara.leg.br/cota-parlamentar/nota-fiscal-eletronica?ideDocumentoFiscal=7254863"
"DEM";"";"";"";"2019";"NA";"";"56";"13";"FORNECIMENTO DE ALIMENTAÇÃO DO PARLAMENTAR";"0";"";"ARTESANAL SERVICOS DE ALIMENTACAO E BUFFET EIRELI";"228.362.100/0015-7";"329";"4";"2021-09-23T00:00:00";"900";"0";"900";"9";"2021";"0";"";"";"1796072";"";"";"";"2713";"7259924";"https://www.camara.leg.br/cota-parlamentar/nota-fiscal-eletronica?ideDocumentoFiscal=7259924"
"DEM";"";"";"";"2019";"NA";"";"56";"13";"FORNECIMENTO DE ALIMENTAÇÃO DO PARLAMENTAR";"0";"";"ARTESANAL SERVICOS DE ALIMENTACAO E BUFFET EIRELI";"228.362.100/0015-7";"330";"4";"2021-09-23T00:00:00";"1350";"0";"1350";"9";"2021";"0";"";"";"1796074";"";"";"";"2713";"7259933";"https://www.camara.leg.br/cota-parlamentar/nota-fiscal-eletronica?ideDocumentoFiscal=7259933"
"DEM";"";"";"";"2019";"NA";"";"56";"13";"FORNECIMENTO DE ALIMENTAÇÃO DO PARLAMENTAR";"0";"";"ARTESANAL SERVICOS DE ALIMENTACAO E BUFFET EIRELI";"228.362.100/0015-7";"334";"4";"2021-09-29T00:00:00";"480";"0";"480";"9";"2021";"0";"";"";"1798308";"";"";"";"2713";"7264974";"https://www.camara.leg.br/cota-parlamentar/nota-fiscal-eletronica?ideDocumentoFiscal=7264974"
"DEM";"";"";"";"2019";"NA";"";"56";"13";"FORNECIMENTO DE ALIMENTAÇÃO DO PARLAMENTAR";"0";"";"ARTESANAL SERVICOS DE ALIMENTACAO E BUFFET EIRELI";"228.362.100/0015-7";"335";"4";"2021-09-29T00:00:00";"1125";"0";"1125";"9";"2021";"0";"";"";"1798311";"";"";"";"2713";"7264981";"https://www.camara.leg.br/cota-parlamentar/nota-fiscal-eletronica?ideDocumentoFiscal=7264981"
"DEM";"";"";"";"2019";"NA";"";"56";"13";"FORNECIMENTO DE ALIMENTAÇÃO DO PARLAMENTAR";"0";"";"ARTESANAL SERVICOS DE ALIMENTACAO E BUFFET EIRELI";"228.362.100/0015-7";"336";"4";"2021-09-29T00:00:00";"700";"0";"700";"9";"2021";"0";"";"";"1798313";"";"";"";"2713";"7264990";"https://www.camara.leg.br/cota-parlamentar/nota-fiscal-eletronica?ideDocumentoFiscal=7264990"
"DEM";"";"";"";"2019";"NA";"";"56";"13";"FORNECIMENTO DE ALIMENTAÇÃO DO PARLAMENTAR";"0";"";"ARTESANAL SERVICOS DE ALIMENTACAO E BUFFET EIRELI";"228.362.100/0015-7";"345";"4";"2021-10-07T00:00:00";"1455";"0";"1455";"10";"2021";"0";"";"";"1800162";"";"";"";"2713";"7268969";"https://www.camara.leg.br/cota-parlamentar/nota-fiscal-eletronica?ideDocumentoFiscal=7268969"
"DEM";"";"";"";"2019";"NA";"";"56";"13";"FORNECIMENTO DE ALIMENTAÇÃO DO PARLAMENTAR";"0";"";"ARTESANAL SERVICOS DE ALIMENTACAO E BUFFET EIRELI";"228.362.100/0015-7";"356";"4";"2021-10-07T00:00:00";"1524.9";"0";"1524.9";"10";"2021";"0";"";"";"1800164";"";"";"";"2713";"7268978";"https://www.camara.leg.br/cota-parlamentar/nota-fiscal-eletronica?ideDocumentoFiscal=7268978"
"DEM";"";"";"";"2019";"NA";"";"56";"13";"FORNECIMENTO DE ALIMENTAÇÃO DO PARLAMENTAR";"0";"";"ARTESANAL SERVICOS DE ALIMENTACAO E BUFFET EIRELI";"228.362.100/0015-7";"360";"4";"2021-10-15T00:00:00";"175";"0";"175";"10";"2021";"0";"";"";"1801449";"";"";"";"2713";"7271944";"https://www.camara.leg.br/cota-parlamentar/nota-fiscal-eletronica?ideDocumentoFiscal=7271944"
"DEM";"";"";"";"2019";"NA";"";"56";"13";"FORNECIMENTO DE ALIMENTAÇÃO DO PARLAMENTAR";"0";"";"ARTESANAL SERVICOS DE ALIMENTACAO E BUFFET EIRELI";"228.362.100/0015-7";"367";"4";"2021-10-20T00:00:00";"1500";"0";"1500";"10";"2021";"0";"";"";"1802057";"";"";"";"2713";"7273238";"https://www.camara.leg.br/cota-parlamentar/nota-fiscal-eletronica?ideDocumentoFiscal=7273238"
"DEM";"";"";"";"2019";"NA";"";"56";"13";"FORNECIMENTO DE ALIMENTAÇÃO DO PARLAMENTAR";"0";"";"ARTESANAL SERVICOS DE ALIMENTACAO E BUFFET EIRELI";"228.362.100/0015-7";"368";"4";"2021-10-20T00:00:00";"1650";"0";"1650";"10";"2021";"0";"";"";"1802067";"";"";"";"2713";"7273254";"https://www.camara.leg.br/cota-parlamentar/nota-fiscal-eletronica?ideDocumentoFiscal=7273254"
"DEM";"";"";"";"2019";"NA";"";"56";"13";"FORNECIMENTO DE ALIMENTAÇÃO DO PARLAMENTAR";"0";"";"ARTESANAL SERVICOS DE ALIMENTACAO E BUFFET EIRELI";"228.362.100/0015-7";"378";"4";"2021-10-28T00:00:00";"1749.88";"0";"1749.88";"10";"2021";"0";"";"";"1806168";"";"";"";"2713";"7282471";"https://www.camara.leg.br/cota-parlamentar/nota-fiscal-eletronica?ideDocumentoFiscal=7282471"
"DEM";"";"";"";"2019";"NA";"";"56";"13";"FORNECIMENTO DE ALIMENTAÇÃO DO PARLAMENTAR";"0";"";"ARTESANAL SERVICOS DE ALIMENTACAO E BUFFET EIRELI";"228.362.100/0015-7";"379";"4";"2021-10-28T00:00:00";"1419.88";"0";"1419.88";"10";"2021";"0";"";"";"1806164";"";"";"";"2713";"7282463";"https://www.camara.leg.br/cota-parlamentar/nota-fiscal-eletronica?ideDocumentoFiscal=7282463"
"DEM";"";"";"";"2019";"NA";"";"56";"13";"FORNECIMENTO DE ALIMENTAÇÃO DO PARLAMENTAR";"0";"";"ARTESANAL SERVICOS DE ALIMENTACAO E BUFFET EIRELI";"228.362.100/0015-7";"393";"4";"2021-11-04T00:00:00";"480";"0";"480";"11";"2021";"0";"";"";"1806172";"";"";"";"2713";"7282479";"https://www.camara.leg.br/cota-parlamentar/nota-fiscal-eletronica?ideDocumentoFiscal=7282479"
"DEM";"";"";"";"2019";"NA";"";"56";"13";"FORNECIMENTO DE ALIMENTAÇÃO DO PARLAMENTAR";"0";"";"ARTESANAL SERVICOS DE ALIMENTACAO E BUFFET EIRELI";"228.362.100/0015-7";"403";"4";"2021-11-10T00:00:00";"700";"0";"700";"11";"2021";"0";"";"";"1807716";"";"";"";"2713";"7285942";"https://www.camara.leg.br/cota-parlamentar/nota-fiscal-eletronica?ideDocumentoFiscal=7285942"
"DEM";"";"";"";"2019";"NA";"";"56";"13";"FORNECIMENTO DE ALIMENTAÇÃO DO PARLAMENTAR";"0";"";"ARTESANAL SERVICOS DE ALIMENTACAO E BUFFET EIRELI";"228.362.100/0015-7";"404";"4";"2021-11-10T00:00:00";"2500";"0";"2500";"11";"2021";"0";"";"";"1807724";"";"";"";"2713";"7285954";"https://www.camara.leg.br/cota-parlamentar/nota-fiscal-eletronica?ideDocumentoFiscal=7285954"
"DEM";"";"";"";"2019";"NA";"";"56";"13";"FORNECIMENTO DE ALIMENTAÇÃO DO PARLAMENTAR";"0";"";"ARTESANAL SERVICOS DE ALIMENTACAO E BUFFET EIRELI";"228.362.100/0015-7";"405";"4";"2021-11-10T00:00:00";"1100";"0";"1100";"11";"2021";"0";"";"";"1807730";"";"";"";"2713";"7285955";"https://www.camara.leg.br/cota-parlamentar/nota-fiscal-eletronica?ideDocumentoFiscal=7285955"
"DEM";"";"";"";"2019";"NA";"";"56";"13";"FORNECIMENTO DE ALIMENTAÇÃO DO PARLAMENTAR";"0";"";"ARTESANAL SERVICOS DE ALIMENTACAO E BUFFET EIRELI";"228.362.100/0015-7";"424";"4";"2021-11-18T00:00:00";"600";"0";"600";"11";"2021";"0";"";"";"1810190";"";"";"";"2713";"7291715";"https://www.camara.leg.br/cota-parlamentar/nota-fiscal-eletronica?ideDocumentoFiscal=7291715"
"DEM";"";"";"";"2019";"NA";"";"56";"13";"FORNECIMENTO DE ALIMENTAÇÃO DO PARLAMENTAR";"0";"";"ARTESANAL SERVICOS DE ALIMENTACAO E BUFFET EIRELI";"228.362.100/0015-7";"425";"4";"2021-11-18T00:00:00";"800";"0";"800";"11";"2021";"0";"";"";"1810195";"";"";"";"2713";"7291728";"https://www.camara.leg.br/cota-parlamentar/nota-fiscal-eletronica?ideDocumentoFiscal=7291728"
"DEM";"";"";"";"2019";"NA";"";"56";"13";"FORNECIMENTO DE ALIMENTAÇÃO DO PARLAMENTAR";"0";"";"ARTESANAL SERVICOS DE ALIMENTACAO E BUFFET EIRELI";"228.362.100/0015-7";"437";"4";"2021-11-25T00:00:00";"600";"0";"600";"11";"2021";"0";"";"";"1811070";"";"";"";"2713";"7293594";"https://www.camara.leg.br/cota-parlamentar/nota-fiscal-eletronica?ideDocumentoFiscal=7293594"
"DEM";"";"";"";"2019";"NA";"";"56";"13";"FORNECIMENTO DE ALIMENTAÇÃO DO PARLAMENTAR";"0";"";"ARTESANAL SERVICOS DE ALIMENTACAO E BUFFET EIRELI";"228.362.100/0015-7";"438";"4";"2021-11-25T00:00:00";"900";"0";"900";"11";"2021";"0";"";"";"1811073";"";"";"";"2713";"7293600";"https://www.camara.leg.br/cota-parlamentar/nota-fiscal-eletronica?ideDocumentoFiscal=7293600"
"DEM";"";"";"";"2019";"NA";"";"56";"13";"FORNECIMENTO DE ALIMENTAÇÃO DO PARLAMENTAR";"0";"";"ARTESANAL SERVICOS DE ALIMENTACAO E BUFFET EIRELI";"228.362.100/0015-7";"456";"4";"2021-12-01T00:00:00";"600";"0";"600";"11";"2021";"0";"";"";"1812612";"";"";"";"2713";"7297141";"https://www.camara.leg.br/cota-parlamentar/nota-fiscal-eletronica?ideDocumentoFiscal=7297141"
"DEM";"";"";"";"2019";"NA";"";"56";"13";"FORNECIMENTO DE ALIMENTAÇÃO DO PARLAMENTAR";"0";"";"ARTESANAL SERVICOS DE ALIMENTACAO E BUFFET EIRELI";"228.362.100/0015-7";"466";"4";"2021-12-13T00:00:00";"600";"0";"600";"12";"2021";"0";"";"";"1816532";"";"";"";"2713";"7305479";"https://www.camara.leg.br/cota-parlamentar/nota-fiscal-eletronica?ideDocumentoFiscal=7305479"
"DEM";"";"";"";"2019";"NA";"";"56";"13";"FORNECIMENTO DE ALIMENTAÇÃO DO PARLAMENTAR";"0";"";"ARTESANAL SERVICOS DE ALIMENTACAO E BUFFET EIRELI";"228.362.100/0015-7";"467";"4";"2021-12-13T00:00:00";"600";"0";"600";"12";"2021";"0";"";"";"1816536";"";"";"";"2713";"7305487";"https://www.camara.leg.br/cota-parlamentar/nota-fiscal-eletronica?ideDocumentoFiscal=7305487"
"DEM";"";"";"";"2019";"NA";"";"56";"13";"FORNECIMENTO DE ALIMENTAÇÃO DO PARLAMENTAR";"0";"";"ARTESANAL SERVICOS DE ALIMENTACAO E BUFFET EIRELI";"228.362.100/0015-7";"480";"4";"2021-12-15T00:00:00";"600";"0";"600";"12";"2021";"0";"";"";"1817148";"";"";"";"2713";"7306800";"https://www.camara.leg.br/cota-parlamentar/nota-fiscal-eletronica?ideDocumentoFiscal=7306800"
"DEM";"";"";"";"2019";"NA";"";"56";"13";"FORNECIMENTO DE ALIMENTAÇÃO DO PARLAMENTAR";"0";"";"ARTESANAL SERVICOS DE ALIMENTACAO E BUFFET EIRELI";"228.362.100/0015-7";"90";"4";"2021-02-10T00:00:00";"250";"0";"250";"2";"2021";"0";"";"";"1745283";"";"";"";"2713";"7154055";"https://www.camara.leg.br/cota-parlamentar/nota-fiscal-eletronica?ideDocumentoFiscal=7154055"
"DEM";"";"";"";"2019";"NA";"";"56";"13";"FORNECIMENTO DE ALIMENTAÇÃO DO PARLAMENTAR";"0";"";"ARTESANAL SERVICOS DE ALIMENTACAO E BUFFET EIRELI";"228.362.100/0015-7";"92";"4";"2021-02-23T00:00:00";"1320";"0";"1320";"2";"2021";"0";"";"";"1747129";"";"";"";"2713";"7157980";"https://www.camara.leg.br/cota-parlamentar/nota-fiscal-eletronica?ideDocumentoFiscal=7157980"
"DEM";"";"";"";"2019";"NA";"";"56";"13";"FORNECIMENTO DE ALIMENTAÇÃO DO PARLAMENTAR";"0";"";"FRANCISCO RESTAURANTE LTDA";"027.035.100/0015-0";"13260";"4";"2021-11-17T00:00:00";"188.6";"10";"178.6";"11";"2021";"0";"";"";"1808838";"";"";"";"2713";"7288634";"https://www.camara.leg.br/cota-parlamentar/nota-fiscal-eletronica?ideDocumentoFiscal=7288634"
"DEM";"";"";"";"2019";"NA";"";"56";"13";"FORNECIMENTO DE ALIMENTAÇÃO DO PARLAMENTAR";"0";"";"MULT COMERCIO DE PRODUTOS ALIMENTICIOS LTDA";"356.315.240/0016-5";"99373";"4";"2021-11-11T00:00:00";"772.5";"8";"764.5";"11";"2021";"0";"";"";"1808556";"";"";"";"2713";"7288056";"https://www.camara.leg.br/cota-parlamentar/nota-fiscal-eletronica?ideDocumentoFiscal=7288056"
"DEM";"";"";"";"2019";"NA";"";"56";"13";"FORNECIMENTO DE ALIMENTAÇÃO DO PARLAMENTAR";"0";"";"R.E.M. BISCOITOS CASEIROS LTDA";"012.175.080/0010-9";"205629";"4";"2021-02-09T00:00:00";"200.16";"0";"200.16";"2";"2021";"0";"";"";"1745278";"";"";"";"2713";"7154048";"https://www.camara.leg.br/cota-parlamentar/nota-fiscal-eletronica?ideDocumentoFiscal=7154048"
"DEM";"";"";"";"2019";"NA";"";"56";"13";"FORNECIMENTO DE ALIMENTAÇÃO DO PARLAMENTAR";"0";"";"R.E.M. BISCOITOS CASEIROS LTDA";"012.175.080/0010-9";"62621";"4";"2021-02-02T00:00:00";"122.43";"0";"122.43";"2";"2021";"0";"";"";"1743148";"";"";"";"2713";"7149854";"https://www.camara.leg.br/cota-parlamentar/nota-fiscal-eletronica?ideDocumentoFiscal=7149854"
"DEM";"";"";"";"2019";"NA";"";"56";"13";"FORNECIMENTO DE ALIMENTAÇÃO DO PARLAMENTAR";"0";"";"SHOIO COMERCIO DE ALIMENTOS LTDA";"281.202.680/0018-6";"31017";"4";"2021-02-01T00:00:00";"1440.11";"0";"1440.11";"1";"2021";"0";"";"";"1742833";"";"";"";"2713";"7149182";"https://www.camara.leg.br/cota-parlamentar/nota-fiscal-eletronica?ideDocumentoFiscal=7149182"
"DEM";"";"";"";"2019";"NA";"";"56";"13";"FORNECIMENTO DE ALIMENTAÇÃO DO PARLAMENTAR";"0";"";"THE PLANT COMERCIO DE ALIMENTOS LTDA";"328.764.310/0010-2";"69331";"4";"2021-02-02T00:00:00";"64.89";"6.99";"57.9";"2";"2021";"0";"";"";"1743135";"";"";"";"2713";"7149812";"https://www.camara.leg.br/cota-parlamentar/nota-fiscal-eletronica?ideDocumentoFiscal=7149812"
"DEM";"";"";"";"2019";"NA";"";"56";"13";"FORNECIMENTO DE ALIMENTAÇÃO DO PARLAMENTAR";"0";"";"THE PLANT COMERCIO DE ALIMENTOS LTDA";"328.764.310/0010-2";"85727";"4";"2021-06-09T00:00:00";"60.89";"6.99";"53.9";"6";"2021";"0";"";"";"1770427";"";"";"";"2713";"7205118";"https://www.camara.leg.br/cota-parlamentar/nota-fiscal-eletronica?ideDocumentoFiscal=7205118"
"DEM";"";"";"";"2019";"NA";"";"56";"13";"FORNECIMENTO DE ALIMENTAÇÃO DO PARLAMENTAR";"0";"";"THE PLANT COMERCIO DE ALIMENTOS LTDA";"328.764.310/0010-2";"87666";"4";"2021-06-23T00:00:00";"74.89";"6.99";"67.9";"6";"2021";"0";"";"";"1774257";"";"";"";"2713";"7212276";"https://www.camara.leg.br/cota-parlamentar/nota-fiscal-eletronica?ideDocumentoFiscal=7212276"
"LIDERANÇA DO PSDB";"";"";"";"2019";"NA";"";"56";"3";"COMBUSTÍVEIS E LUBRIFICANTES.";"1";"Veículos Automotores";"AUTO SHOPPING DERIVADOS DE PETROLEO LTDA";"370.633.280/0130-9";"159862";"4";"2021-05-19T00:00:00";"259.32";"0";"259.32";"5";"2021";"0";"";"";"1765384";"";"";"";"2442";"7194560";"https://www.camara.leg.br/cota-parlamentar/nota-fiscal-eletronica?ideDocumentoFiscal=7194560"
"LIDERANÇA DO PSDB";"";"";"";"2019";"NA";"";"56";"3";"COMBUSTÍVEIS E LUBRIFICANTES.";"1";"Veículos Automotores";"AUTO SHOPPING DERIVADOS DE PETROLEO LTDA";"370.633.280/0130-9";"163089";"4";"2021-06-08T00:00:00";"301.38";"0";"301.38";"6";"2021";"0";"";"";"1769563";"";"";"";"2442";"7203464";"https://www.camara.leg.br/cota-parlamentar/nota-fiscal-eletronica?ideDocumentoFiscal=7203464"
"LIDERANÇA DO PSDB";"";"";"";"2019";"NA";"";"56";"3";"COMBUSTÍVEIS E LUBRIFICANTES.";"1";"Veículos Automotores";"AUTO SHOPPING DERIVADOS DE PETROLEO LTDA";"370.633.280/0130-9";"168823";"4";"2021-07-12T00:00:00";"278.54";"0";"278.54";"7";"2021";"0";"";"";"1779269";"";"";"";"2442";"7222831";"https://www.camara.leg.br/cota-parlamentar/nota-fiscal-eletronica?ideDocumentoFiscal=7222831"
"LIDERANÇA DO PSDB";"";"";"";"2019";"NA";"";"56";"3";"COMBUSTÍVEIS E LUBRIFICANTES.";"1";"Veículos Automotores";"AUTO SHOPPING DERIVADOS DE PETROLEO LTDA";"370.633.280/0130-9";"185322";"4";"2021-10-05T00:00:00";"229.67";"0";"229.67";"10";"2021";"0";"";"";"1797969";"";"";"";"2442";"7264374";"https://www.camara.leg.br/cota-parlamentar/nota-fiscal-eletronica?ideDocumentoFiscal=7264374"
"LIDERANÇA DO PSDB";"";"";"";"2019";"NA";"";"56";"3";"COMBUSTÍVEIS E LUBRIFICANTES.";"1";"Veículos Automotores";"AUTO SHOPPING DERIVADOS DE PETROLEO LTDA.";"370.633.280/0130-9";"187795";"4";"2021-10-19T00:00:00";"247";"0";"247";"10";"2021";"0";"";"";"1801180";"";"";"";"2442";"7271304";"https://www.camara.leg.br/cota-parlamentar/nota-fiscal-eletronica?ideDocumentoFiscal=7271304"
"LIDERANÇA DO PSDB";"";"";"";"2019";"NA";"";"56";"3";"COMBUSTÍVEIS E LUBRIFICANTES.";"1";"Veículos Automotores";"AUTO SHOPPING DERIVADOS DE PETROLEO LTDA.";"370.633.280/0130-9";"189236";"4";"2021-10-26T00:00:00";"160.33";"0";"160.33";"10";"2021";"0";"";"";"1802864";"";"";"";"2442";"7275232";"https://www.camara.leg.br/cota-parlamentar/nota-fiscal-eletronica?ideDocumentoFiscal=7275232"
"LIDERANÇA DO PSDB";"";"";"";"2019";"NA";"";"56";"3";"COMBUSTÍVEIS E LUBRIFICANTES.";"1";"Veículos Automotores";"AUTO SHOPPING DERIVADOS DE PETROLEO LTDA.";"370.633.280/0130-9";"191399";"4";"2021-11-08T00:00:00";"330.77";"0";"330.77";"11";"2021";"0";"";"";"1806214";"";"";"";"2442";"7282602";"https://www.camara.leg.br/cota-parlamentar/nota-fiscal-eletronica?ideDocumentoFiscal=7282602"
"LIDERANÇA DO PSDB";"";"";"";"2019";"NA";"";"56";"3";"COMBUSTÍVEIS E LUBRIFICANTES.";"1";"Veículos Automotores";"AUTO SHOPPING DERIVADOS DE PETROLEO LTDA.";"370.633.280/0130-9";"193879";"4";"2021-11-22T00:00:00";"340.87";"0";"340.87";"11";"2021";"0";"";"";"1809770";"";"";"";"2442";"7290753";"https://www.camara.leg.br/cota-parlamentar/nota-fiscal-eletronica?ideDocumentoFiscal=7290753"
"LIDERANÇA DO PSDB";"";"";"";"2019";"NA";"";"56";"5";"DIVULGAÇÃO DA ATIVIDADE PARLAMENTAR.";"0";"";"CONTENT ASSESSORIA LTDA";"276.912.900/0011-3";"1013";"0";"2021-06-30T00:00:00";"998";"0";"998";"6";"2021";"0";"";"";"1775836";"";"";"";"2442";"7215808";"https://www.camara.leg.br/cota-parlamentar/documentos/publ/2442/2021/7215808.pdf"
"LIDERANÇA DO PSDB";"";"";"";"2019";"NA";"";"56";"5";"DIVULGAÇÃO DA ATIVIDADE PARLAMENTAR.";"0";"";"CONTENT ASSESSORIA LTDA";"276.912.900/0011-3";"1301";"0";"2021-12-30T00:00:00";"998";"0";"998";"12";"2021";"0";"";"";"1822627";"";"";"";"2442";"7318364";"https://www.camara.leg.br/cota-parlamentar/documentos/publ/2442/2022/7318364.pdf"
"LIDERANÇA DO PSDB";"";"";"";"2019";"NA";"";"56";"5";"DIVULGAÇÃO DA ATIVIDADE PARLAMENTAR.";"0";"";"CONTENT ASSESSORIA LTDA";"276.912.900/0011-3";"899";"0";"2021-02-26T00:00:00";"998";"0";"998";"2";"2021";"0";"";"";"1758144";"";"";"";"2442";"7178922";"https://www.camara.leg.br/cota-parlamentar/documentos/publ/2442/2021/7178922.pdf"
"LIDERANÇA DO PSDB";"";"";"";"2019";"NA";"";"56";"5";"DIVULGAÇÃO DA ATIVIDADE PARLAMENTAR.";"0";"";"CONTENT ASSESSORIA LTDA";"276.912.900/0011-3";"970";"0";"2021-05-31T00:00:00";"998";"0";"998";"5";"2021";"0";"";"";"1768362";"";"";"";"2442";"7200933";"https://www.camara.leg.br/cota-parlamentar/documentos/publ/2442/2021/7200933.pdf"
"LIDERANÇA DO PSDB";"";"";"";"2019";"NA";"";"56";"5";"DIVULGAÇÃO DA ATIVIDADE PARLAMENTAR.";"0";"";"CONTENT ASSESSORIA LTDA - ME";"276.912.900/0011-3";"1058";"0";"2021-07-30T00:00:00";"998";"0";"998";"7";"2021";"0";"";"";"1783221";"";"";"";"2442";"7231851";"https://www.camara.leg.br/cota-parlamentar/documentos/publ/2442/2021/7231851.pdf"
"LIDERANÇA DO PSDB";"";"";"";"2019";"NA";"";"56";"5";"DIVULGAÇÃO DA ATIVIDADE PARLAMENTAR.";"0";"";"CONTENT ASSESSORIA LTDA - ME";"276.912.900/0011-3";"1109";"0";"2021-08-31T00:00:00";"998";"0";"998";"8";"2021";"0";"";"";"1790597";"";"";"";"2442";"7247988";"https://www.camara.leg.br/cota-parlamentar/documentos/publ/2442/2021/7247988.pdf"
"LIDERANÇA DO PSDB";"";"";"";"2019";"NA";"";"56";"5";"DIVULGAÇÃO DA ATIVIDADE PARLAMENTAR.";"0";"";"CONTENT ASSESSORIA LTDA - ME";"276.912.900/0011-3";"1154";"0";"2021-09-30T00:00:00";"998";"0";"998";"9";"2021";"0";"";"";"1800305";"";"";"";"2442";"7269250";"https://www.camara.leg.br/cota-parlamentar/documentos/publ/2442/2021/7269250.pdf"
"LIDERANÇA DO PSDB";"";"";"";"2019";"NA";"";"56";"5";"DIVULGAÇÃO DA ATIVIDADE PARLAMENTAR.";"0";"";"CONTENT ASSESSORIA LTDA - ME";"276.912.900/0011-3";"1200";"0";"2021-10-29T00:00:00";"998";"0";"998";"10";"2021";"0";"";"";"1804776";"";"";"";"2442";"7279540";"https://www.camara.leg.br/cota-parlamentar/documentos/publ/2442/2021/7279540.pdf"
"LIDERANÇA DO PSDB";"";"";"";"2019";"NA";"";"56";"5";"DIVULGAÇÃO DA ATIVIDADE PARLAMENTAR.";"0";"";"CONTENT ASSESSORIA LTDA - ME";"276.912.900/0011-3";"1246";"0";"2021-11-30T00:00:00";"998";"0";"998";"11";"2021";"0";"";"";"1811983";"";"";"";"2442";"7295804";"https://www.camara.leg.br/cota-parlamentar/documentos/publ/2442/2021/7295804.pdf"
"LIDERANÇA DO PSDB";"";"";"";"2019";"NA";"";"56";"5";"DIVULGAÇÃO DA ATIVIDADE PARLAMENTAR.";"0";"";"CONTENT ASSESSORIA LTDA - ME";"276.912.900/0011-3";"774";"0";"2021-01-05T00:00:00";"3882.89";"0";"3882.89";"1";"2021";"0";"";"";"1740458";"";"";"";"2442";"7144306";"https://www.camara.leg.br/cota-parlamentar/documentos/publ/2442/2021/7144306.pdf"
"LIDERANÇA DO PSDB";"";"";"";"2019";"NA";"";"56";"5";"DIVULGAÇÃO DA ATIVIDADE PARLAMENTAR.";"0";"";"CONTENT ASSESSORIA LTDA - ME";"276.912.900/0011-3";"900";"0";"2021-03-30T00:00:00";"998";"0";"998";"3";"2021";"0";"";"";"1758148";"";"";"";"2442";"7178928";"https://www.camara.leg.br/cota-parlamentar/documentos/publ/2442/2021/7178928.pdf"
"LIDERANÇA DO PSDB";"";"";"";"2019";"NA";"";"56";"5";"DIVULGAÇÃO DA ATIVIDADE PARLAMENTAR.";"0";"";"CONTENT ASSESSORIA LTDA - ME";"276.912.900/0011-3";"926";"0";"2021-04-30T00:00:00";"998";"0";"998";"4";"2021";"0";"";"";"1763379";"";"";"";"2442";"7190008";"https://www.camara.leg.br/cota-parlamentar/documentos/publ/2442/2021/7190008.pdf"
"LIDERANÇA DO PSDB";"";"";"";"2019";"NA";"";"56";"5";"DIVULGAÇÃO DA ATIVIDADE PARLAMENTAR.";"0";"";"LOCAWEB SERVICOS DE INTERNET S.A.";"023.518.770/0015-2";"05408850";"1";"2021-12-13T00:00:00";"422.71";"0";"422.71";"12";"2021";"0";"";"";"1817246";"";"";"";"2442";"7306964";"https://www.camara.leg.br/cota-parlamentar/documentos/publ/2442/2021/7306964.pdf"
"LIDERANÇA DO PSDB";"";"";"";"2019";"NA";"";"56";"13";"FORNECIMENTO DE ALIMENTAÇÃO DO PARLAMENTAR";"0";"";"AFC ALIMENTOS LTDA";"045.384.540/0017-1";"1013";"4";"2021-12-16T00:00:00";"448";"0";"448";"12";"2021";"0";"";"";"1817729";"";"";"";"2442";"7307936";"https://www.camara.leg.br/cota-parlamentar/nota-fiscal-eletronica?ideDocumentoFiscal=7307936"
"LIDERANÇA DO PSDB";"";"";"";"2019";"NA";"";"56";"13";"FORNECIMENTO DE ALIMENTAÇÃO DO PARLAMENTAR";"0";"";"AFC ALIMENTOS LTDA";"045.384.540/0017-1";"42282";"4";"2021-02-26T00:00:00";"204.25";"0";"204.25";"2";"2021";"0";"";"";"1761678";"";"";"";"2442";"7186604";"https://www.camara.leg.br/cota-parlamentar/nota-fiscal-eletronica?ideDocumentoFiscal=7186604"
"LIDERANÇA DO PSDB";"";"";"";"2019";"NA";"";"56";"13";"FORNECIMENTO DE ALIMENTAÇÃO DO PARLAMENTAR";"0";"";"ARTESANAL SERVICOS DE ALIMENTACAO E BUFFET EIRELI";"228.362.100/0015-7";"0000209";"4";"2021-07-06T00:00:00";"550";"0";"550";"7";"2021";"0";"";"";"1777436";"";"";"";"2442";"7218844";"https://www.camara.leg.br/cota-parlamentar/nota-fiscal-eletronica?ideDocumentoFiscal=7218844"
"LIDERANÇA DO PSDB";"";"";"";"2019";"NA";"";"56";"13";"FORNECIMENTO DE ALIMENTAÇÃO DO PARLAMENTAR";"0";"";"ARTESANAL SERVICOS DE ALIMENTACAO E BUFFET EIRELI";"228.362.100/0015-7";"167";"4";"2021-05-26T00:00:00";"990";"0";"990";"5";"2021";"0";"";"";"1766994";"";"";"";"2442";"7198106";"https://www.camara.leg.br/cota-parlamentar/nota-fiscal-eletronica?ideDocumentoFiscal=7198106"
"LIDERANÇA DO PSDB";"";"";"";"2019";"NA";"";"56";"13";"FORNECIMENTO DE ALIMENTAÇÃO DO PARLAMENTAR";"0";"";"ARTESANAL SERVICOS DE ALIMENTACAO E BUFFET EIRELI";"228.362.100/0015-7";"173";"4";"2021-06-08T00:00:00";"550";"0";"550";"6";"2021";"0";"";"";"1769871";"";"";"";"2442";"7204033";"https://www.camara.leg.br/cota-parlamentar/nota-fiscal-eletronica?ideDocumentoFiscal=7204033"
"LIDERANÇA DO PSDB";"";"";"";"2019";"NA";"";"56";"13";"FORNECIMENTO DE ALIMENTAÇÃO DO PARLAMENTAR";"0";"";"ARTESANAL SERVICOS DE ALIMENTACAO E BUFFET EIRELI";"228.362.100/0015-7";"189";"4";"2021-06-16T00:00:00";"550";"0";"550";"6";"2021";"0";"";"";"1771830";"";"";"";"2442";"7208265";"https://www.camara.leg.br/cota-parlamentar/nota-fiscal-eletronica?ideDocumentoFiscal=7208265"
"LIDERANÇA DO PSDB";"";"";"";"2019";"NA";"";"56";"13";"FORNECIMENTO DE ALIMENTAÇÃO DO PARLAMENTAR";"0";"";"ARTESANAL SERVICOS DE ALIMENTACAO E BUFFET EIRELI";"228.362.100/0015-7";"191";"4";"2021-06-22T00:00:00";"550";"0";"550";"6";"2021";"0";"";"";"1773881";"";"";"";"2442";"7211539";"https://www.camara.leg.br/cota-parlamentar/nota-fiscal-eletronica?ideDocumentoFiscal=7211539"
"LIDERANÇA DO PSDB";"";"";"";"2019";"NA";"";"56";"13";"FORNECIMENTO DE ALIMENTAÇÃO DO PARLAMENTAR";"0";"";"ARTESANAL SERVICOS DE ALIMENTACAO E BUFFET EIRELI";"228.362.100/0015-7";"200";"4";"2021-06-29T00:00:00";"550";"0";"550";"6";"2021";"0";"";"";"1775223";"";"";"";"2442";"7214532";"https://www.camara.leg.br/cota-parlamentar/nota-fiscal-eletronica?ideDocumentoFiscal=7214532"
"LIDERANÇA DO PSDB";"";"";"";"2019";"NA";"";"56";"13";"FORNECIMENTO DE ALIMENTAÇÃO DO PARLAMENTAR";"0";"";"ARTESANAL SERVICOS DE ALIMENTACAO E BUFFET EIRELI";"228.362.100/0015-7";"221";"4";"2021-07-13T00:00:00";"550";"0";"550";"7";"2021";"0";"";"";"1779268";"";"";"";"2442";"7222826";"https://www.camara.leg.br/cota-parlamentar/nota-fiscal-eletronica?ideDocumentoFiscal=7222826"
"LIDERANÇA DO PSDB";"";"";"";"2019";"NA";"";"56";"13";"FORNECIMENTO DE ALIMENTAÇÃO DO PARLAMENTAR";"0";"";"ARTESANAL SERVICOS DE ALIMENTACAO E BUFFET EIRELI";"228.362.100/0015-7";"240";"4";"2021-08-04T00:00:00";"550";"0";"550";"8";"2021";"0";"";"";"1783600";"";"";"";"2442";"7232707";"https://www.camara.leg.br/cota-parlamentar/nota-fiscal-eletronica?ideDocumentoFiscal=7232707"
"LIDERANÇA DO PSDB";"";"";"";"2019";"NA";"";"56";"13";"FORNECIMENTO DE ALIMENTAÇÃO DO PARLAMENTAR";"0";"";"ARTESANAL SERVICOS DE ALIMENTACAO E BUFFET EIRELI";"228.362.100/0015-7";"250";"4";"2021-08-11T00:00:00";"550";"0";"550";"8";"2021";"0";"";"";"1785571";"";"";"";"2442";"7236910";"https://www.camara.leg.br/cota-parlamentar/nota-fiscal-eletronica?ideDocumentoFiscal=7236910"
"LIDERANÇA DO PSDB";"";"";"";"2019";"NA";"";"56";"13";"FORNECIMENTO DE ALIMENTAÇÃO DO PARLAMENTAR";"0";"";"ARTESANAL SERVICOS DE ALIMENTACAO E BUFFET EIRELI";"228.362.100/0015-7";"267";"4";"2021-08-17T00:00:00";"550";"0";"550";"8";"2021";"0";"";"";"1786858";"";"";"";"2442";"7239556";"https://www.camara.leg.br/cota-parlamentar/nota-fiscal-eletronica?ideDocumentoFiscal=7239556"
"LIDERANÇA DO PSDB";"";"";"";"2019";"NA";"";"56";"13";"FORNECIMENTO DE ALIMENTAÇÃO DO PARLAMENTAR";"0";"";"ARTESANAL SERVICOS DE ALIMENTACAO E BUFFET EIRELI";"228.362.100/0015-7";"277";"4";"2021-08-24T00:00:00";"825";"0";"825";"8";"2021";"0";"";"";"1788298";"";"";"";"2442";"7242943";"https://www.camara.leg.br/cota-parlamentar/nota-fiscal-eletronica?ideDocumentoFiscal=7242943"
"LIDERANÇA DO PSDB";"";"";"";"2019";"NA";"";"56";"13";"FORNECIMENTO DE ALIMENTAÇÃO DO PARLAMENTAR";"0";"";"ARTESANAL SERVICOS DE ALIMENTACAO E BUFFET EIRELI";"228.362.100/0015-7";"291";"4";"2021-08-31T00:00:00";"1100";"0";"1100";"8";"2021";"0";"";"";"1789917";"";"";"";"2442";"7246503";"https://www.camara.leg.br/cota-parlamentar/nota-fiscal-eletronica?ideDocumentoFiscal=7246503"
"LIDERANÇA DO PSDB";"";"";"";"2019";"NA";"";"56";"13";"FORNECIMENTO DE ALIMENTAÇÃO DO PARLAMENTAR";"0";"";"ARTESANAL SERVICOS DE ALIMENTACAO E BUFFET EIRELI";"228.362.100/0015-7";"302";"4";"2021-09-14T00:00:00";"1100";"0";"1100";"9";"2021";"0";"";"";"1793281";"";"";"";"2442";"7253706";"https://www.camara.leg.br/cota-parlamentar/nota-fiscal-eletronica?ideDocumentoFiscal=7253706"
"LIDERANÇA DO PSDB";"";"";"";"2019";"NA";"";"56";"13";"FORNECIMENTO DE ALIMENTAÇÃO DO PARLAMENTAR";"0";"";"ARTESANAL SERVICOS DE ALIMENTACAO E BUFFET EIRELI";"228.362.100/0015-7";"319";"0";"2021-09-21T00:00:00";"1100";"0";"1100";"9";"2021";"0";"";"";"1795217";"";"";"";"2442";"7257920";"https://www.camara.leg.br/cota-parlamentar/documentos/publ/2442/2021/7257920.pdf"
"LIDERANÇA DO PSDB";"";"";"";"2019";"NA";"";"56";"13";"FORNECIMENTO DE ALIMENTAÇÃO DO PARLAMENTAR";"0";"";"ARTESANAL SERVICOS DE ALIMENTACAO E BUFFET EIRELI";"228.362.100/0015-7";"333";"0";"2021-09-28T00:00:00";"1450";"0";"1450";"9";"2021";"0";"";"";"1796518";"";"";"";"2442";"7261041";"https://www.camara.leg.br/cota-parlamentar/documentos/publ/2442/2021/7261041.pdf"
"LIDERANÇA DO PSDB";"";"";"";"2019";"NA";"";"56";"13";"FORNECIMENTO DE ALIMENTAÇÃO DO PARLAMENTAR";"0";"";"ARTESANAL SERVICOS DE ALIMENTACAO E BUFFET EIRELI";"228.362.100/0015-7";"344";"4";"2021-10-05T00:00:00";"1100";"0";"1100";"10";"2021";"0";"";"";"1798612";"";"";"";"2442";"7265582";"https://www.camara.leg.br/cota-parlamentar/nota-fiscal-eletronica?ideDocumentoFiscal=7265582"
"LIDERANÇA DO PSDB";"";"";"";"2019";"NA";"";"56";"13";"FORNECIMENTO DE ALIMENTAÇÃO DO PARLAMENTAR";"0";"";"ARTESANAL SERVICOS DE ALIMENTACAO E BUFFET EIRELI";"228.362.100/0015-7";"377";"4";"2021-10-19T00:00:00";"1100";"0";"1100";"10";"2021";"0";"";"";"1802029";"";"";"";"2442";"7273208";"https://www.camara.leg.br/cota-parlamentar/nota-fiscal-eletronica?ideDocumentoFiscal=7273208"
"LIDERANÇA DO PSDB";"";"";"";"2019";"NA";"";"56";"13";"FORNECIMENTO DE ALIMENTAÇÃO DO PARLAMENTAR";"0";"";"ARTESANAL SERVICOS DE ALIMENTACAO E BUFFET EIRELI";"228.362.100/0015-7";"392";"0";"2021-11-03T00:00:00";"1100";"0";"1100";"11";"2021";"0";"";"";"1804672";"";"";"";"2442";"7279398";"https://www.camara.leg.br/cota-parlamentar/documentos/publ/2442/2021/7279398.pdf"
"LIDERANÇA DO PSDB";"";"";"";"2019";"NA";"";"56";"13";"FORNECIMENTO DE ALIMENTAÇÃO DO PARLAMENTAR";"0";"";"ARTESANAL SERVICOS DE ALIMENTACAO E BUFFET EIRELI";"228.362.100/0015-7";"400";"4";"2021-11-09T00:00:00";"1100";"0";"1100";"11";"2021";"0";"";"";"1806646";"";"";"";"2442";"7283571";"https://www.camara.leg.br/cota-parlamentar/nota-fiscal-eletronica?ideDocumentoFiscal=7283571"
"LIDERANÇA DO PSDB";"";"";"";"2019";"NA";"";"56";"13";"FORNECIMENTO DE ALIMENTAÇÃO DO PARLAMENTAR";"0";"";"ARTESANAL SERVICOS DE ALIMENTACAO E BUFFET EIRELI";"228.362.100/0015-7";"422";"4";"2021-11-17T00:00:00";"1400";"0";"1400";"11";"2021";"0";"";"";"1808935";"";"";"";"2442";"7288860";"https://www.camara.leg.br/cota-parlamentar/nota-fiscal-eletronica?ideDocumentoFiscal=7288860"
"LIDERANÇA DO PSDB";"";"";"";"2019";"NA";"";"56";"13";"FORNECIMENTO DE ALIMENTAÇÃO DO PARLAMENTAR";"0";"";"ARTESANAL SERVICOS DE ALIMENTACAO E BUFFET EIRELI";"228.362.100/0015-7";"434";"4";"2021-11-23T00:00:00";"1100";"0";"1100";"11";"2021";"0";"";"";"1809871";"";"";"";"2442";"7290977";"https://www.camara.leg.br/cota-parlamentar/nota-fiscal-eletronica?ideDocumentoFiscal=7290977"
"LIDERANÇA DO PSDB";"";"";"";"2019";"NA";"";"56";"13";"FORNECIMENTO DE ALIMENTAÇÃO DO PARLAMENTAR";"0";"";"ARTESANAL SERVICOS DE ALIMENTACAO E BUFFET EIRELI";"228.362.100/0015-7";"436";"4";"2021-11-23T00:00:00";"1400";"0";"1400";"11";"2021";"0";"";"";"1810178";"";"";"";"2442";"7291674";"https://www.camara.leg.br/cota-parlamentar/nota-fiscal-eletronica?ideDocumentoFiscal=7291674"
"LIDERANÇA DO PSDB";"";"";"";"2019";"NA";"";"56";"13";"FORNECIMENTO DE ALIMENTAÇÃO DO PARLAMENTAR";"0";"";"ARTESANAL SERVICOS DE ALIMENTACAO E BUFFET EIRELI";"228.362.100/0015-7";"450";"4";"2021-11-29T00:00:00";"1880";"0";"1880";"11";"2021";"0";"";"";"1812729";"";"";"";"2442";"7297358";"https://www.camara.leg.br/cota-parlamentar/nota-fiscal-eletronica?ideDocumentoFiscal=7297358"
"LIDERANÇA DO PSDB";"";"";"";"2019";"NA";"";"56";"13";"FORNECIMENTO DE ALIMENTAÇÃO DO PARLAMENTAR";"0";"";"ARTESANAL SERVICOS DE ALIMENTACAO E BUFFET EIRELI";"228.362.100/0015-7";"451";"4";"2021-11-30T00:00:00";"1880";"0";"1880";"11";"2021";"0";"";"";"1812729";"";"";"";"2442";"7297371";"https://www.camara.leg.br/cota-parlamentar/nota-fiscal-eletronica?ideDocumentoFiscal=7297371"
"LIDERANÇA DO PSDB";"";"";"";"2019";"NA";"";"56";"13";"FORNECIMENTO DE ALIMENTAÇÃO DO PARLAMENTAR";"0";"";"ARTESANAL SERVICOS DE ALIMENTACAO E BUFFET EIRELI";"228.362.100/0015-7";"452";"4";"2021-12-01T00:00:00";"1880";"0";"1880";"12";"2021";"0";"";"";"1812730";"";"";"";"2442";"7297379";"https://www.camara.leg.br/cota-parlamentar/nota-fiscal-eletronica?ideDocumentoFiscal=7297379"
"LIDERANÇA DO PSDB";"";"";"";"2019";"NA";"";"56";"13";"FORNECIMENTO DE ALIMENTAÇÃO DO PARLAMENTAR";"0";"";"ARTESANAL SERVICOS DE ALIMENTACAO E BUFFET EIRELI";"228.362.100/0015-7";"477";"4";"2021-12-14T00:00:00";"1400";"0";"1400";"12";"2021";"0";"";"";"1816728";"";"";"";"2442";"7305837";"https://www.camara.leg.br/cota-parlamentar/nota-fiscal-eletronica?ideDocumentoFiscal=7305837"
"LIDERANÇA DO PSDB";"";"";"";"2019";"NA";"";"56";"13";"FORNECIMENTO DE ALIMENTAÇÃO DO PARLAMENTAR";"0";"";"ARTESANAL SERVICOS DE ALIMENTACAO E BUFFET EIRELI";"228.362.100/0015-7";"479";"4";"2021-12-14T00:00:00";"1400";"0";"1400";"12";"2021";"0";"";"";"1816728";"";"";"";"2442";"7305844";"https://www.camara.leg.br/cota-parlamentar/nota-fiscal-eletronica?ideDocumentoFiscal=7305844"
"LIDERANÇA DO PSDB";"";"";"";"2019";"NA";"";"56";"13";"FORNECIMENTO DE ALIMENTAÇÃO DO PARLAMENTAR";"0";"";"MAB PIZZAIOLO PIZZARIA RESTAURANTE E COMERCIO DE";"427.927.500/0019-3";"589";"4";"2021-09-08T00:00:00";"325.8";"0";"325.8";"9";"2021";"0";"";"";"1793896";"";"";"";"2442";"7254974";"https://www.camara.leg.br/cota-parlamentar/nota-fiscal-eletronica?ideDocumentoFiscal=7254974"
"LIDERANÇA DO PSDB";"";"";"";"2019";"NA";"";"56";"13";"FORNECIMENTO DE ALIMENTAÇÃO DO PARLAMENTAR";"0";"";"MARINA DE OLIVEIRA BARBOSA QUITUTERIA";"187.164.620/0017-5";"4619";"4";"2021-08-18T00:00:00";"800";"0";"800";"8";"2021";"0";"";"";"1787351";"";"";"";"2442";"7240749";"https://www.camara.leg.br/cota-parlamentar/nota-fiscal-eletronica?ideDocumentoFiscal=7240749"
"LIDERANÇA DO PSDB";"";"";"";"2019";"NA";"";"56";"13";"FORNECIMENTO DE ALIMENTAÇÃO DO PARLAMENTAR";"0";"";"MARINA DE OLIVEIRA BARBOSA QUITUTERIA - ME";"187.164.620/0017-5";"4601";"4";"2021-05-26T00:00:00";"400";"0";"400";"5";"2021";"0";"";"";"1767088";"";"";"";"2442";"7198282";"https://www.camara.leg.br/cota-parlamentar/nota-fiscal-eletronica?ideDocumentoFiscal=7198282"
"LIDERANÇA DO PSDB";"";"";"";"2019";"NA";"";"56";"13";"FORNECIMENTO DE ALIMENTAÇÃO DO PARLAMENTAR";"0";"";"MARINA DE OLIVEIRA BARBOSA QUITUTERIA - ME";"187.164.620/0017-5";"4606";"4";"2021-06-09T00:00:00";"400";"0";"400";"6";"2021";"0";"";"";"1770384";"";"";"";"2442";"7205042";"https://www.camara.leg.br/cota-parlamentar/nota-fiscal-eletronica?ideDocumentoFiscal=7205042"
"LIDERANÇA DO PSDB";"";"";"";"2019";"NA";"";"56";"13";"FORNECIMENTO DE ALIMENTAÇÃO DO PARLAMENTAR";"0";"";"MARINA DE OLIVEIRA BARBOSA QUITUTERIA - ME";"187.164.620/0017-5";"4608";"4";"2021-06-16T00:00:00";"400";"0";"400";"6";"2021";"0";"";"";"1771904";"";"";"";"2442";"7208456";"https://www.camara.leg.br/cota-parlamentar/nota-fiscal-eletronica?ideDocumentoFiscal=7208456"
"LIDERANÇA DO PSDB";"";"";"";"2019";"NA";"";"56";"13";"FORNECIMENTO DE ALIMENTAÇÃO DO PARLAMENTAR";"0";"";"MARINA DE OLIVEIRA BARBOSA QUITUTERIA - ME";"187.164.620/0017-5";"4609";"4";"2021-06-23T00:00:00";"400";"0";"400";"6";"2021";"0";"";"";"1774295";"";"";"";"2442";"7212443";"https://www.camara.leg.br/cota-parlamentar/nota-fiscal-eletronica?ideDocumentoFiscal=7212443"
"LIDERANÇA DO PSDB";"";"";"";"2019";"NA";"";"56";"13";"FORNECIMENTO DE ALIMENTAÇÃO DO PARLAMENTAR";"0";"";"MARINA DE OLIVEIRA BARBOSA QUITUTERIA - ME";"187.164.620/0017-5";"4610";"4";"2021-06-30T00:00:00";"400";"0";"400";"6";"2021";"0";"";"";"1775715";"";"";"";"2442";"7215593";"https://www.camara.leg.br/cota-parlamentar/nota-fiscal-eletronica?ideDocumentoFiscal=7215593"
"LIDERANÇA DO PSDB";"";"";"";"2019";"NA";"";"56";"13";"FORNECIMENTO DE ALIMENTAÇÃO DO PARLAMENTAR";"0";"";"MARINA DE OLIVEIRA BARBOSA QUITUTERIA - ME";"187.164.620/0017-5";"4611";"4";"2021-07-07T00:00:00";"480";"0";"480";"6";"2021";"0";"";"";"1777874";"";"";"";"2442";"7219869";"https://www.camara.leg.br/cota-parlamentar/nota-fiscal-eletronica?ideDocumentoFiscal=7219869"
"LIDERANÇA DO PSDB";"";"";"";"2019";"NA";"";"56";"13";"FORNECIMENTO DE ALIMENTAÇÃO DO PARLAMENTAR";"0";"";"MARINA DE OLIVEIRA BARBOSA QUITUTERIA - ME";"187.164.620/0017-5";"4613";"4";"2021-07-14T00:00:00";"400";"0";"400";"7";"2021";"0";"";"";"1779652";"";"";"";"2442";"7223590";"https://www.camara.leg.br/cota-parlamentar/nota-fiscal-eletronica?ideDocumentoFiscal=7223590"
"LIDERANÇA DO PSDB";"";"";"";"2019";"NA";"";"56";"13";"FORNECIMENTO DE ALIMENTAÇÃO DO PARLAMENTAR";"0";"";"MARINA DE OLIVEIRA BARBOSA QUITUTERIA - ME";"187.164.620/0017-5";"4617";"4";"2021-08-04T00:00:00";"400";"0";"400";"8";"2021";"0";"";"";"1783849";"";"";"";"2442";"7233284";"https://www.camara.leg.br/cota-parlamentar/nota-fiscal-eletronica?ideDocumentoFiscal=7233284"
"LIDERANÇA DO PSDB";"";"";"";"2019";"NA";"";"56";"13";"FORNECIMENTO DE ALIMENTAÇÃO DO PARLAMENTAR";"0";"";"MARINA DE OLIVEIRA BARBOSA QUITUTERIA - ME";"187.164.620/0017-5";"4618";"4";"2021-08-11T00:00:00";"400";"0";"400";"8";"2021";"0";"";"";"1785819";"";"";"";"2442";"7237383";"https://www.camara.leg.br/cota-parlamentar/nota-fiscal-eletronica?ideDocumentoFiscal=7237383"
"LIDERANÇA DO PSDB";"";"";"";"2019";"NA";"";"56";"13";"FORNECIMENTO DE ALIMENTAÇÃO DO PARLAMENTAR";"0";"";"MARINA DE OLIVEIRA BARBOSA QUITUTERIA - ME";"187.164.620/0017-5";"4621";"4";"2021-08-25T00:00:00";"600";"0";"600";"8";"2021";"0";"";"";"1788833";"";"";"";"2442";"7244150";"https://www.camara.leg.br/cota-parlamentar/nota-fiscal-eletronica?ideDocumentoFiscal=7244150"
"LIDERANÇA DO PSDB";"";"";"";"2019";"NA";"";"56";"13";"FORNECIMENTO DE ALIMENTAÇÃO DO PARLAMENTAR";"0";"";"MARINA DE OLIVEIRA BARBOSA QUITUTERIA - ME";"187.164.620/0017-5";"4623";"4";"2021-09-01T00:00:00";"800";"0";"800";"9";"2021";"0";"";"";"1790617";"";"";"";"2442";"7248029";"https://www.camara.leg.br/cota-parlamentar/nota-fiscal-eletronica?ideDocumentoFiscal=7248029"
"LIDERANÇA DO PSDB";"";"";"";"2019";"NA";"";"56";"13";"FORNECIMENTO DE ALIMENTAÇÃO DO PARLAMENTAR";"0";"";"MARINA DE OLIVEIRA BARBOSA QUITUTERIA - ME";"187.164.620/0017-5";"4624";"4";"2021-09-15T00:00:00";"740";"0";"740";"9";"2021";"0";"";"";"1793893";"";"";"";"2442";"7254968";"https://www.camara.leg.br/cota-parlamentar/nota-fiscal-eletronica?ideDocumentoFiscal=7254968"
"LIDERANÇA DO PSDB";"";"";"";"2019";"NA";"";"56";"13";"FORNECIMENTO DE ALIMENTAÇÃO DO PARLAMENTAR";"0";"";"MARINA DE OLIVEIRA BARBOSA QUITUTERIA - ME";"187.164.620/0017-5";"4626";"0";"2021-09-22T00:00:00";"800";"0";"800";"9";"2021";"0";"";"";"1795353";"";"";"";"2442";"7258249";"https://www.camara.leg.br/cota-parlamentar/documentos/publ/2442/2021/7258249.pdf"
"LIDERANÇA DO PSDB";"";"";"";"2019";"NA";"";"56";"13";"FORNECIMENTO DE ALIMENTAÇÃO DO PARLAMENTAR";"0";"";"MARINA DE OLIVEIRA BARBOSA QUITUTERIA - ME";"187.164.620/0017-5";"4627";"0";"2021-09-29T00:00:00";"800";"0";"800";"9";"2021";"0";"";"";"1796890";"";"";"";"2442";"7261935";"https://www.camara.leg.br/cota-parlamentar/documentos/publ/2442/2021/7261935.pdf"
"LIDERANÇA DO PSDB";"";"";"";"2019";"NA";"";"56";"13";"FORNECIMENTO DE ALIMENTAÇÃO DO PARLAMENTAR";"0";"";"MARINA DE OLIVEIRA BARBOSA QUITUTERIA - ME";"187.164.620/0017-5";"4628";"4";"2021-10-06T00:00:00";"800";"0";"800";"10";"2021";"0";"";"";"1799053";"";"";"";"2442";"7266550";"https://www.camara.leg.br/cota-parlamentar/nota-fiscal-eletronica?ideDocumentoFiscal=7266550"
"LIDERANÇA DO PSDB";"";"";"";"2019";"NA";"";"56";"13";"FORNECIMENTO DE ALIMENTAÇÃO DO PARLAMENTAR";"0";"";"MARINA DE OLIVEIRA BARBOSA QUITUTERIA - ME";"187.164.620/0017-5";"4629";"4";"2021-10-13T00:00:00";"400";"0";"400";"10";"2021";"0";"";"";"1800294";"";"";"";"2442";"7269235";"https://www.camara.leg.br/cota-parlamentar/nota-fiscal-eletronica?ideDocumentoFiscal=7269235"
"LIDERANÇA DO PSDB";"";"";"";"2019";"NA";"";"56";"13";"FORNECIMENTO DE ALIMENTAÇÃO DO PARLAMENTAR";"0";"";"MARINA DE OLIVEIRA BARBOSA QUITUTERIA - ME";"187.164.620/0017-5";"4630";"4";"2021-10-20T00:00:00";"800";"0";"800";"10";"2021";"0";"";"";"1801999";"";"";"";"2442";"7273138";"https://www.camara.leg.br/cota-parlamentar/nota-fiscal-eletronica?ideDocumentoFiscal=7273138"
"LIDERANÇA DO PSDB";"";"";"";"2019";"NA";"";"56";"13";"FORNECIMENTO DE ALIMENTAÇÃO DO PARLAMENTAR";"0";"";"MARINA DE OLIVEIRA BARBOSA QUITUTERIA - ME";"187.164.620/0017-5";"4632";"4";"2021-10-27T00:00:00";"800";"0";"800";"10";"2021";"0";"";"";"1803672";"";"";"";"2442";"7276990";"https://www.camara.leg.br/cota-parlamentar/nota-fiscal-eletronica?ideDocumentoFiscal=7276990"
"LIDERANÇA DO PSDB";"";"";"";"2019";"NA";"";"56";"13";"FORNECIMENTO DE ALIMENTAÇÃO DO PARLAMENTAR";"0";"";"MARINA DE OLIVEIRA BARBOSA QUITUTERIA - ME";"187.164.620/0017-5";"4633";"0";"2021-11-03T00:00:00";"800";"0";"800";"11";"2021";"0";"";"";"1804930";"";"";"";"2442";"7279809";"https://www.camara.leg.br/cota-parlamentar/documentos/publ/2442/2021/7279809.pdf"
"LIDERANÇA DO PSDB";"";"";"";"2019";"NA";"";"56";"13";"FORNECIMENTO DE ALIMENTAÇÃO DO PARLAMENTAR";"0";"";"MARINA DE OLIVEIRA BARBOSA QUITUTERIA - ME";"187.164.620/0017-5";"4635";"4";"2021-11-08T00:00:00";"800";"0";"800";"11";"2021";"0";"";"";"1806308";"";"";"";"2442";"7282792";"https://www.camara.leg.br/cota-parlamentar/nota-fiscal-eletronica?ideDocumentoFiscal=7282792"
"LIDERANÇA DO PSDB";"";"";"";"2019";"NA";"";"56";"13";"FORNECIMENTO DE ALIMENTAÇÃO DO PARLAMENTAR";"0";"";"MARINA DE OLIVEIRA BARBOSA QUITUTERIA - ME";"187.164.620/0017-5";"4636";"4";"2021-11-16T00:00:00";"800";"0";"800";"11";"2021";"0";"";"";"1808435";"";"";"";"2442";"7287775";"https://www.camara.leg.br/cota-parlamentar/nota-fiscal-eletronica?ideDocumentoFiscal=7287775"
"LIDERANÇA DO PSDB";"";"";"";"2019";"NA";"";"56";"13";"FORNECIMENTO DE ALIMENTAÇÃO DO PARLAMENTAR";"0";"";"MAYUU SUSHI SUDOESTE RESTAURANTE LTDA";"359.337.840/0019-5";"24709";"4";"2021-05-19T00:00:00";"868.6";"6";"862.6";"5";"2021";"0";"";"";"1765662";"";"";"";"2442";"7195124";"https://www.camara.leg.br/cota-parlamentar/nota-fiscal-eletronica?ideDocumentoFiscal=7195124"
"LIDERANÇA DO PSDB";"";"";"";"2019";"NA";"";"56";"13";"FORNECIMENTO DE ALIMENTAÇÃO DO PARLAMENTAR";"0";"";"PIZZAIOLO PIZZARIA E RESTAURANTE LTDA";"003.675.160/0017-9";"54836";"4";"2021-05-11T00:00:00";"446.4";"4";"442.4";"5";"2021";"0";"";"";"1764915";"";"";"";"2442";"7193498";"https://www.camara.leg.br/cota-parlamentar/nota-fiscal-eletronica?ideDocumentoFiscal=7193498"
"LIDERANÇA DO PSDB";"";"";"";"2019";"NA";"";"56";"13";"FORNECIMENTO DE ALIMENTAÇÃO DO PARLAMENTAR";"0";"";"PIZZAIOLO PIZZARIA E RESTAURANTE LTDA";"003.675.160/0017-9";"54840";"4";"2021-05-12T00:00:00";"353.8";"4";"349.8";"5";"2021";"0";"";"";"1764915";"";"";"";"2442";"7193496";"https://www.camara.leg.br/cota-parlamentar/nota-fiscal-eletronica?ideDocumentoFiscal=7193496"
"LIDERANÇA DO PT";"";"";"";"2019";"NA";"";"56";"1";"MANUTENÇÃO DE ESCRITÓRIO DE APOIO À ATIVIDADE PARLAMENTAR";"0";"";"adobe Systems Software";"000.000.000/0001-0";"1364688722";"1";"2021-03-09T00:00:00";"2580";"0";"2580";"3";"2021";"0";"";"";"1751302";"";"";"";"2439";"7165343";"https://www.camara.leg.br/cota-parlamentar/documentos/publ/2439/2021/7165343.pdf"
"LIDERANÇA DO PT";"";"";"";"2019";"NA";"";"56";"1";"MANUTENÇÃO DE ESCRITÓRIO DE APOIO À ATIVIDADE PARLAMENTAR";"0";"";"Adobe Systems Softwre";"000.000.000/0001-0";"1365183995";"1";"2021-03-09T00:00:00";"2580";"0";"2580";"3";"2021";"0";"";"";"1751302";"";"";"";"2439";"7165355";"https://www.camara.leg.br/cota-parlamentar/documentos/publ/2439/2021/7165355.pdf"
"LIDERANÇA DO PT";"";"";"";"2019";"NA";"";"56";"1";"MANUTENÇÃO DE ESCRITÓRIO DE APOIO À ATIVIDADE PARLAMENTAR";"0";"";"COMERCIAL DE SERVICOS UNIAO LTDA ME";"058.072.000/0017-4";"7138";"4";"2021-10-20T00:00:00";"49.9";"0";"49.9";"10";"2021";"0";"";"";"1802401";"";"";"";"2439";"7274061";"https://www.camara.leg.br/cota-parlamentar/nota-fiscal-eletronica?ideDocumentoFiscal=7274061"
"LIDERANÇA DO PT";"";"";"";"2019";"NA";"";"56";"1";"MANUTENÇÃO DE ESCRITÓRIO DE APOIO À ATIVIDADE PARLAMENTAR";"0";"";"COMERCIAL DE SERVICOS UNIAO LTDA ME";"058.072.000/0017-4";"778";"4";"2021-10-26T00:00:00";"194";"0";"194";"10";"2021";"0";"";"";"1803451";"";"";"";"2439";"7275556";"https://www.camara.leg.br/cota-parlamentar/nota-fiscal-eletronica?ideDocumentoFiscal=7275556"
"LIDERANÇA DO PT";"";"";"";"2019";"NA";"";"56";"1";"MANUTENÇÃO DE ESCRITÓRIO DE APOIO À ATIVIDADE PARLAMENTAR";"0";"";"F. DA S. ARAUJO JUNIOR ME";"071.672.360/0016-6";"1972";"4";"2021-10-26T00:00:00";"166";"85.6";"80.4";"10";"2021";"0";"";"";"1803451";"";"";"";"2439";"7275552";"https://www.camara.leg.br/cota-parlamentar/nota-fiscal-eletronica?ideDocumentoFiscal=7275552"
"LIDERANÇA DO PT";"";"";"";"2019";"NA";"";"56";"1";"MANUTENÇÃO DE ESCRITÓRIO DE APOIO À ATIVIDADE PARLAMENTAR";"0";"";"F. DA S. ARAUJO JUNIOR ME";"071.672.360/0016-6";"1974";"4";"2021-10-26T00:00:00";"63.7";"0";"63.7";"9";"2021";"0";"";"";"1796239";"";"";"";"2439";"7260293";"https://www.camara.leg.br/cota-parlamentar/nota-fiscal-eletronica?ideDocumentoFiscal=7260293"
"LIDERANÇA DO PT";"";"";"";"2019";"NA";"";"56";"1";"MANUTENÇÃO DE ESCRITÓRIO DE APOIO À ATIVIDADE PARLAMENTAR";"0";"";"FLICKR INC";"000.000.000/0001-0";"29827123";"1";"2021-02-21T00:00:00";"389.58";"2.02";"387.56";"2";"2021";"0";"";"";"1746337";"";"";"";"2439";"7156176";"https://www.camara.leg.br/cota-parlamentar/documentos/publ/2439/2021/7156176.pdf"
"LIDERANÇA DO PT";"";"";"";"2019";"NA";"";"56";"1";"MANUTENÇÃO DE ESCRITÓRIO DE APOIO À ATIVIDADE PARLAMENTAR";"0";"";"JKM MALHARIA, PAPELARIA, LIVRARIA E EVENTOS LTDA";"121.920.820/0028-3";"10060";"4";"2021-09-16T00:00:00";"34.8";"0";"34.8";"9";"2021";"0";"";"";"1795495";"";"";"";"2439";"7258509";"https://www.camara.leg.br/cota-parlamentar/nota-fiscal-eletronica?ideDocumentoFiscal=7258509"
"LIDERANÇA DO PT";"";"";"";"2019";"NA";"";"56";"1";"MANUTENÇÃO DE ESCRITÓRIO DE APOIO À ATIVIDADE PARLAMENTAR";"0";"";"MAP COMERCIO";"053.220.900/0015-0";"30842";"4";"2021-03-15T00:00:00";"190";"0";"190";"3";"2021";"0";"";"";"1756119";"";"";"";"2439";"7174794";"https://www.camara.leg.br/cota-parlamentar/nota-fiscal-eletronica?ideDocumentoFiscal=7174794"
"LIDERANÇA DO PT";"";"";"";"2019";"NA";"";"56";"1";"MANUTENÇÃO DE ESCRITÓRIO DE APOIO À ATIVIDADE PARLAMENTAR";"0";"";"MAP COMERCIO";"053.220.900/0015-0";"30964";"4";"2021-04-15T00:00:00";"190";"0";"190";"5";"2021";"0";"";"";"1774316";"";"";"";"2439";"7212044";"https://www.camara.leg.br/cota-parlamentar/nota-fiscal-eletronica?ideDocumentoFiscal=7212044"
"LIDERANÇA DO PT";"";"";"";"2019";"NA";"";"56";"1";"MANUTENÇÃO DE ESCRITÓRIO DE APOIO À ATIVIDADE PARLAMENTAR";"0";"";"MAP COMERCIO";"053.220.900/0015-0";"31428";"4";"2021-06-23T00:00:00";"190";"0";"190";"7";"2021";"0";"";"";"1785488";"";"";"";"2439";"7235663";"https://www.camara.leg.br/cota-parlamentar/nota-fiscal-eletronica?ideDocumentoFiscal=7235663"
"LIDERANÇA DO PT";"";"";"";"2019";"NA";"";"56";"1";"MANUTENÇÃO DE ESCRITÓRIO DE APOIO À ATIVIDADE PARLAMENTAR";"0";"";"MAP COMERCIO";"053.220.900/0015-0";"31641";"4";"2021-07-16T00:00:00";"190";"0";"190";"8";"2021";"0";"";"";"1794006";"";"";"";"2439";"7255179";"https://www.camara.leg.br/cota-parlamentar/nota-fiscal-eletronica?ideDocumentoFiscal=7255179"
"LIDERANÇA DO PT";"";"";"";"2019";"NA";"";"56";"1";"MANUTENÇÃO DE ESCRITÓRIO DE APOIO À ATIVIDADE PARLAMENTAR";"0";"";"MAP COMERCIO";"053.220.900/0015-0";"31894";"4";"2021-08-17T00:00:00";"190";"0";"190";"9";"2021";"0";"";"";"1794007";"";"";"";"2439";"7255189";"https://www.camara.leg.br/cota-parlamentar/nota-fiscal-eletronica?ideDocumentoFiscal=7255189"
"LIDERANÇA DO PT";"";"";"";"2019";"NA";"";"56";"1";"MANUTENÇÃO DE ESCRITÓRIO DE APOIO À ATIVIDADE PARLAMENTAR";"0";"";"MAP COMERCIO";"053.220.900/0015-0";"32187";"4";"2021-09-17T00:00:00";"190";"0";"190";"10";"2021";"0";"";"";"1800929";"";"";"";"2439";"7270626";"https://www.camara.leg.br/cota-parlamentar/nota-fiscal-eletronica?ideDocumentoFiscal=7270626"
"LIDERANÇA DO PT";"";"";"";"2019";"NA";"";"56";"1";"MANUTENÇÃO DE ESCRITÓRIO DE APOIO À ATIVIDADE PARLAMENTAR";"0";"";"MAP COMERCIO, LOCACAO E SERVICO DE MANUTENCAO DE ELETRO-ELET";"053.220.900/0015-0";"32472";"4";"2021-10-18T00:00:00";"190";"0";"190";"11";"2021";"0";"";"";"1806708";"";"";"";"2439";"7283666";"https://www.camara.leg.br/cota-parlamentar/nota-fiscal-eletronica?ideDocumentoFiscal=7283666"
"LIDERANÇA DO PT";"";"";"";"2019";"NA";"";"56";"1";"MANUTENÇÃO DE ESCRITÓRIO DE APOIO À ATIVIDADE PARLAMENTAR";"0";"";"MAP COMERCIO, LOCACAO E SERVICO DE MANUTENCAO DE ELETRO-ELET";"053.220.900/0015-0";"32706";"4";"2021-11-16T00:00:00";"190";"0";"190";"12";"2021";"0";"";"";"1814961";"";"";"";"2439";"7301896";"https://www.camara.leg.br/cota-parlamentar/nota-fiscal-eletronica?ideDocumentoFiscal=7301896"
"LIDERANÇA DO PT";"";"";"";"2019";"NA";"";"56";"1";"MANUTENÇÃO DE ESCRITÓRIO DE APOIO À ATIVIDADE PARLAMENTAR";"0";"";"MAP COMERCIO, LOCACAO E SERVICO DE MANUTENCAO DE ELETRO-ELETRONICOS LTDA";"053.220.900/0015-0";"31151";"4";"2021-05-18T00:00:00";"190";"0";"190";"6";"2021";"0";"";"";"1774318";"";"";"";"2439";"7212047";"https://www.camara.leg.br/cota-parlamentar/nota-fiscal-eletronica?ideDocumentoFiscal=7212047"
"LIDERANÇA DO PT";"";"";"";"2019";"NA";"";"56";"1";"MANUTENÇÃO DE ESCRITÓRIO DE APOIO À ATIVIDADE PARLAMENTAR";"0";"";"PAPELARIA E LIVRARIA J A LTDA";"319.441.250/0010-1";"51466";"4";"2021-06-21T00:00:00";"59.9";"0";"59.9";"6";"2021";"0";"";"";"1776728";"";"";"";"2439";"7217345";"https://www.camara.leg.br/cota-parlamentar/nota-fiscal-eletronica?ideDocumentoFiscal=7217345"
"LIDERANÇA DO PT";"";"";"";"2019";"NA";"";"56";"1";"MANUTENÇÃO DE ESCRITÓRIO DE APOIO À ATIVIDADE PARLAMENTAR";"0";"";"WMS COMERCIO DE ARTIGOS DE PAPELARIA LTDA-ME";"121.328.540/0010-0";"3265";"4";"2021-02-11T00:00:00";"2002.3";"0";"2002.3";"2";"2021";"0";"";"";"1745292";"";"";"";"2439";"7154066";"https://www.camara.leg.br/cota-parlamentar/nota-fiscal-eletronica?ideDocumentoFiscal=7154066"
"LIDERANÇA DO PT";"";"";"";"2019";"NA";"";"56";"1";"MANUTENÇÃO DE ESCRITÓRIO DE APOIO À ATIVIDADE PARLAMENTAR";"0";"";"Zoom video Comunicatiions Inc";"000.000.000/0001-0";"92870791";"1";"2021-06-21T00:00:00";"10068.4";"0";"10068.4";"6";"2021";"0";"";"";"1774317";"";"";"";"2439";"7212187";"https://www.camara.leg.br/cota-parlamentar/documentos/publ/2439/2021/7212187.pdf"
"LIDERANÇA DO PT";"";"";"";"2019";"NA";"";"56";"3";"COMBUSTÍVEIS E LUBRIFICANTES.";"1";"Veículos Automotores";"021 - 204 SUL CASCOL COMBUSTIVEIS PARA VEICULOS LTDA";"003.065.970/0214-0";"149926";"4";"2021-07-05T00:00:00";"111.22";"0";"111.22";"7";"2021";"0";"";"";"1778089";"";"";"";"2439";"7218180";"https://www.camara.leg.br/cota-parlamentar/nota-fiscal-eletronica?ideDocumentoFiscal=7218180"
"LIDERANÇA DO PT";"";"";"";"2019";"NA";"";"56";"3";"COMBUSTÍVEIS E LUBRIFICANTES.";"1";"Veículos Automotores";"021 - 204 SUL CASCOL COMBUSTIVEIS PARA VEICULOS LTDA";"003.065.970/0214-0";"161063";"4";"2021-08-10T00:00:00";"210.48";"0";"210.48";"8";"2021";"0";"";"";"1785485";"";"";"";"2439";"7235600";"https://www.camara.leg.br/cota-parlamentar/nota-fiscal-eletronica?ideDocumentoFiscal=7235600"
"LIDERANÇA DO PT";"";"";"";"2019";"NA";"";"56";"3";"COMBUSTÍVEIS E LUBRIFICANTES.";"1";"Veículos Automotores";"021 - 204 SUL CASCOL COMBUSTIVEIS PARA VEICULOS LTDA";"003.065.970/0214-0";"166529";"4";"2021-08-31T00:00:00";"146.68";"0";"146.68";"8";"2021";"0";"";"";"1790830";"";"";"";"2439";"7248369";"https://www.camara.leg.br/cota-parlamentar/nota-fiscal-eletronica?ideDocumentoFiscal=7248369"
"LIDERANÇA DO PT";"";"";"";"2019";"NA";"";"56";"3";"COMBUSTÍVEIS E LUBRIFICANTES.";"1";"Veículos Automotores";"072 - 403 SUL - CASCOL COMBUSTIVEIS PARA VEICULOS LTDA";"003.065.970/0729-0";"127868";"4";"2021-12-13T00:00:00";"250.05";"0";"250.05";"12";"2021";"0";"";"";"1815866";"";"";"";"2439";"7303795";"https://www.camara.leg.br/cota-parlamentar/nota-fiscal-eletronica?ideDocumentoFiscal=7303795"
"LIDERANÇA DO PT";"";"";"";"2019";"NA";"";"56";"3";"COMBUSTÍVEIS E LUBRIFICANTES.";"1";"Veículos Automotores";"072 - 403 SUL - CASCOL COMBUSTIVEIS PARA VEICULOS LTDA";"003.065.970/0729-0";"130137";"4";"2021-12-20T00:00:00";"300.04";"0";"300.04";"12";"2021";"0";"";"";"1821562";"";"";"";"2439";"7316154";"https://www.camara.leg.br/cota-parlamentar/nota-fiscal-eletronica?ideDocumentoFiscal=7316154"
"LIDERANÇA DO PT";"";"";"";"2019";"NA";"";"56";"3";"COMBUSTÍVEIS E LUBRIFICANTES.";"1";"Veículos Automotores";"AUTO POSTO 303 NORTE LTDA";"381.942.120/0012-0";"16323";"4";"2021-03-08T00:00:00";"204.18";"0";"204.18";"3";"2021";"0";"";"";"1750978";"";"";"";"2439";"7164692";"https://www.camara.leg.br/cota-parlamentar/nota-fiscal-eletronica?ideDocumentoFiscal=7164692"
"LIDERANÇA DO PT";"";"";"";"2019";"NA";"";"56";"3";"COMBUSTÍVEIS E LUBRIFICANTES.";"1";"Veículos Automotores";"AUTO POSTO 303 NORTE LTDA";"381.942.120/0012-0";"17813";"4";"2021-03-17T00:00:00";"196.31";"0";"196.31";"3";"2021";"0";"";"";"1753293";"";"";"";"2439";"7169379";"https://www.camara.leg.br/cota-parlamentar/nota-fiscal-eletronica?ideDocumentoFiscal=7169379"
"LIDERANÇA DO PT";"";"";"";"2019";"NA";"";"56";"3";"COMBUSTÍVEIS E LUBRIFICANTES.";"1";"Veículos Automotores";"AUTO POSTO 303 NORTE LTDA";"381.942.120/0012-0";"5363";"4";"2021-10-26T00:00:00";"220.7";"0";"220.7";"10";"2021";"0";"";"";"1803451";"";"";"";"2439";"7275548";"https://www.camara.leg.br/cota-parlamentar/nota-fiscal-eletronica?ideDocumentoFiscal=7275548"
"LIDERANÇA DO PT";"";"";"";"2019";"NA";"";"56";"3";"COMBUSTÍVEIS E LUBRIFICANTES.";"1";"Veículos Automotores";"AUTO POSTO 303 NORTE LTDA";"381.942.120/0012-0";"55579";"4";"2021-12-06T00:00:00";"350.02";"0";"350.02";"12";"2021";"0";"";"";"1814024";"";"";"";"2439";"7300044";"https://www.camara.leg.br/cota-parlamentar/nota-fiscal-eletronica?ideDocumentoFiscal=7300044"
"LIDERANÇA DO PT";"";"";"";"2019";"NA";"";"56";"3";"COMBUSTÍVEIS E LUBRIFICANTES.";"1";"Veículos Automotores";"AUTO POSTO 303 NORTE LTDA";"381.942.120/0012-0";"771";"4";"2021-08-23T00:00:00";"225.09";"0";"225.09";"8";"2021";"0";"";"";"1788634";"";"";"";"2439";"7243559";"https://www.camara.leg.br/cota-parlamentar/nota-fiscal-eletronica?ideDocumentoFiscal=7243559"
"LIDERANÇA DO PT";"";"";"";"2019";"NA";"";"56";"3";"COMBUSTÍVEIS E LUBRIFICANTES.";"1";"Veículos Automotores";"AUTO POSTO 314 NORTE";"035.307.490/0013-9";"230570";"4";"2021-02-10T00:00:00";"233.14";"0";"233.14";"2";"2021";"0";"";"";"1744717";"";"";"";"2439";"7152915";"https://www.camara.leg.br/cota-parlamentar/nota-fiscal-eletronica?ideDocumentoFiscal=7152915"
"LIDERANÇA DO PT";"";"";"";"2019";"NA";"";"56";"3";"COMBUSTÍVEIS E LUBRIFICANTES.";"1";"Veículos Automotores";"AUTO POSTO 405 NORTE LTDA";"334.310.980/0019-0";"111499";"4";"2021-06-15T00:00:00";"174.12";"0";"174.12";"6";"2021";"0";"";"";"1771446";"";"";"";"2439";"7207425";"https://www.camara.leg.br/cota-parlamentar/nota-fiscal-eletronica?ideDocumentoFiscal=7207425"
"LIDERANÇA DO PT";"";"";"";"2019";"NA";"";"56";"3";"COMBUSTÍVEIS E LUBRIFICANTES.";"1";"Veículos Automotores";"AUTO POSTO 405 NORTE LTDA";"334.310.980/0019-0";"128476";"4";"2021-09-08T00:00:00";"216.9";"0";"216.9";"9";"2021";"0";"";"";"1792421";"";"";"";"2439";"7251670";"https://www.camara.leg.br/cota-parlamentar/nota-fiscal-eletronica?ideDocumentoFiscal=7251670"
"LIDERANÇA DO PT";"";"";"";"2019";"NA";"";"56";"3";"COMBUSTÍVEIS E LUBRIFICANTES.";"1";"Veículos Automotores";"AUTO POSTO 405 NORTE LTDA";"334.310.980/0019-0";"131258";"4";"2021-09-27T00:00:00";"192.72";"0";"192.72";"9";"2021";"0";"";"";"1796239";"";"";"";"2439";"7260281";"https://www.camara.leg.br/cota-parlamentar/nota-fiscal-eletronica?ideDocumentoFiscal=7260281"
"LIDERANÇA DO PT";"";"";"";"2019";"NA";"";"56";"3";"COMBUSTÍVEIS E LUBRIFICANTES.";"1";"Veículos Automotores";"AUTO POSTO 405 NORTE LTDA";"334.310.980/0019-0";"141777";"4";"2021-11-29T00:00:00";"225.79";"0";"225.79";"11";"2021";"0";"";"";"1811621";"";"";"";"2439";"7295041";"https://www.camara.leg.br/cota-parlamentar/nota-fiscal-eletronica?ideDocumentoFiscal=7295041"
"LIDERANÇA DO PT";"";"";"";"2019";"NA";"";"56";"3";"COMBUSTÍVEIS E LUBRIFICANTES.";"1";"Veículos Automotores";"AUTO POSTO GOLDEN GAS 202 LTDA";"308.801.120/0014-5";"169241";"4";"2021-07-13T00:00:00";"100";"0";"100";"7";"2021";"0";"";"";"1779358";"";"";"";"2439";"7222984";"https://www.camara.leg.br/cota-parlamentar/nota-fiscal-eletronica?ideDocumentoFiscal=7222984"
"LIDERANÇA DO PT";"";"";"";"2019";"NA";"";"56";"3";"COMBUSTÍVEIS E LUBRIFICANTES.";"1";"Veículos Automotores";"AUTO POSTO GOLDEN GAS NB LTDA";"308.793.210/0017-9";"1045";"4";"2021-02-03T00:00:00";"191.41";"0";"191.41";"2";"2021";"0";"";"";"1743298";"";"";"";"2439";"7150120";"https://www.camara.leg.br/cota-parlamentar/nota-fiscal-eletronica?ideDocumentoFiscal=7150120"
"LIDERANÇA DO PT";"";"";"";"2019";"NA";"";"56";"3";"COMBUSTÍVEIS E LUBRIFICANTES.";"1";"Veículos Automotores";"AUTO POSTO GOLDEN GAS NB LTDA";"308.793.210/0017-9";"204604";"4";"2021-01-19T00:00:00";"180";"0";"180";"1";"2021";"0";"";"";"1739560";"";"";"";"2439";"7142249";"https://www.camara.leg.br/cota-parlamentar/nota-fiscal-eletronica?ideDocumentoFiscal=7142249"
"LIDERANÇA DO PT";"";"";"";"2019";"NA";"";"56";"3";"COMBUSTÍVEIS E LUBRIFICANTES.";"1";"Veículos Automotores";"AUTO POSTO GOLDEN GAS NB LTDA";"308.793.210/0017-9";"217482";"4";"2021-02-20T00:00:00";"168.8";"0";"168.8";"2";"2021";"0";"";"";"1746274";"";"";"";"2439";"7156159";"https://www.camara.leg.br/cota-parlamentar/nota-fiscal-eletronica?ideDocumentoFiscal=7156159"
"LIDERANÇA DO PT";"";"";"";"2019";"NA";"";"56";"3";"COMBUSTÍVEIS E LUBRIFICANTES.";"1";"Veículos Automotores";"AUTO POSTO JK LTDA";"034.822.080/0018-2";"400740";"4";"2021-11-08T00:00:00";"157.15";"0";"157.15";"11";"2021";"0";"";"";"1806687";"";"";"";"2439";"7283555";"https://www.camara.leg.br/cota-parlamentar/nota-fiscal-eletronica?ideDocumentoFiscal=7283555"
"LIDERANÇA DO PT";"";"";"";"2019";"NA";"";"56";"3";"COMBUSTÍVEIS E LUBRIFICANTES.";"1";"Veículos Automotores";"AUTO POSTO JK LTDA";"034.822.080/0018-2";"401970";"4";"2021-11-16T00:00:00";"259.88";"0";"259.88";"11";"2021";"0";"";"";"1809331";"";"";"";"2439";"7288366";"https://www.camara.leg.br/cota-parlamentar/nota-fiscal-eletronica?ideDocumentoFiscal=7288366"
"LIDERANÇA DO PT";"";"";"";"2019";"NA";"";"56";"3";"COMBUSTÍVEIS E LUBRIFICANTES.";"1";"Veículos Automotores";"AUTO POSTO ORIGINAL BRASILIA 409 DERIVADOS DE PETROLEO LTDA";"206.454.130/0013-0";"447766";"4";"2021-11-03T00:00:00";"225";"0";"225";"11";"2021";"0";"";"";"1805223";"";"";"";"2439";"7280390";"https://www.camara.leg.br/cota-parlamentar/nota-fiscal-eletronica?ideDocumentoFiscal=7280390"
"LIDERANÇA DO PT";"";"";"";"2019";"NA";"";"56";"3";"COMBUSTÍVEIS E LUBRIFICANTES.";"1";"Veículos Automotores";"AUTO POSTO ORIGINAL BRASILIA DERIVADOS DE PETROLEO LTDA";"091.039.750/0011-0";"303304";"4";"2021-11-22T00:00:00";"255.96";"0";"255.96";"11";"2021";"0";"";"";"1810936";"";"";"";"2439";"7293264";"https://www.camara.leg.br/cota-parlamentar/nota-fiscal-eletronica?ideDocumentoFiscal=7293264"
"LIDERANÇA DO PT";"";"";"";"2019";"NA";"";"56";"3";"COMBUSTÍVEIS E LUBRIFICANTES.";"1";"Veículos Automotores";"BELIZE COMPANY AUTO POSTO LTDA";"290.328.200/0014-7";"4597";"4";"2021-02-19T00:00:00";"176.69";"0";"176.69";"2";"2021";"0";"";"";"1746274";"";"";"";"2439";"7156160";"https://www.camara.leg.br/cota-parlamentar/nota-fiscal-eletronica?ideDocumentoFiscal=7156160"
"LIDERANÇA DO PT";"";"";"";"2019";"NA";"";"56";"3";"COMBUSTÍVEIS E LUBRIFICANTES.";"1";"Veículos Automotores";"CASCOL COMBUSTIVEIS PARA VEICULOS LTDA";"003.065.970/0192-6";"57970";"4";"2021-05-04T00:00:00";"168.66";"0";"168.66";"5";"2021";"0";"";"";"1761815";"";"";"";"2439";"7186868";"https://www.camara.leg.br/cota-parlamentar/nota-fiscal-eletronica?ideDocumentoFiscal=7186868"
"LIDERANÇA DO PT";"";"";"";"2019";"NA";"";"56";"3";"COMBUSTÍVEIS E LUBRIFICANTES.";"1";"Veículos Automotores";"CASCOL COMBUSTIVEIS PARA VEICULOS LTDA";"003.065.970/0311-2";"97662";"4";"2021-03-01T00:00:00";"200.82";"0";"200.82";"3";"2021";"0";"";"";"1750978";"";"";"";"2439";"7164700";"https://www.camara.leg.br/cota-parlamentar/nota-fiscal-eletronica?ideDocumentoFiscal=7164700"
"LIDERANÇA DO PT";"";"";"";"2019";"NA";"";"56";"3";"COMBUSTÍVEIS E LUBRIFICANTES.";"1";"Veículos Automotores";"CASCOL COMBUSTIVEIS PARA VEICULOS LTDA";"003.065.970/0753-3";"146170";"4";"2021-04-11T00:00:00";"214.56";"0";"214.56";"4";"2021";"0";"";"";"1757830";"";"";"";"2439";"7178206";"https://www.camara.leg.br/cota-parlamentar/nota-fiscal-eletronica?ideDocumentoFiscal=7178206"
"LIDERANÇA DO PT";"";"";"";"2019";"NA";"";"56";"3";"COMBUSTÍVEIS E LUBRIFICANTES.";"1";"Veículos Automotores";"DRA4 DERIVADOS DE PETROLEO LTDA";"192.570.420/0013-0";"13";"4";"2021-01-22T00:00:00";"173.5";"0";"173.5";"1";"2021";"0";"";"";"1740577";"";"";"";"2439";"7144452";"https://www.camara.leg.br/cota-parlamentar/nota-fiscal-eletronica?ideDocumentoFiscal=7144452"
"LIDERANÇA DO PT";"";"";"";"2019";"NA";"";"56";"3";"COMBUSTÍVEIS E LUBRIFICANTES.";"1";"Veículos Automotores";"DRA4 DERIVADOS DE PETROLEO LTDA";"192.570.420/0013-0";"1726";"4";"2021-08-03T00:00:00";"228.02";"0";"228.02";"8";"2021";"0";"";"";"1784477";"";"";"";"2439";"7233877";"https://www.camara.leg.br/cota-parlamentar/nota-fiscal-eletronica?ideDocumentoFiscal=7233877"
"LIDERANÇA DO PT";"";"";"";"2019";"NA";"";"56";"3";"COMBUSTÍVEIS E LUBRIFICANTES.";"1";"Veículos Automotores";"DRA4 DERIVADOS DE PETROLEO LTDA";"192.570.420/0013-0";"471939";"4";"2021-02-09T00:00:00";"171.39";"0";"171.39";"2";"2021";"0";"";"";"1744442";"";"";"";"2439";"7152399";"https://www.camara.leg.br/cota-parlamentar/nota-fiscal-eletronica?ideDocumentoFiscal=7152399"
"LIDERANÇA DO PT";"";"";"";"2019";"NA";"";"56";"3";"COMBUSTÍVEIS E LUBRIFICANTES.";"1";"Veículos Automotores";"DRA4 DERIVADOS DE PETROLEO LTDA";"192.570.420/0013-0";"492975";"4";"2021-04-27T00:00:00";"176.33";"0";"176.33";"4";"2021";"0";"";"";"1760211";"";"";"";"2439";"7183231";"https://www.camara.leg.br/cota-parlamentar/nota-fiscal-eletronica?ideDocumentoFiscal=7183231"
"LIDERANÇA DO PT";"";"";"";"2019";"NA";"";"56";"3";"COMBUSTÍVEIS E LUBRIFICANTES.";"1";"Veículos Automotores";"DRA4 DERIVADOS DE PETROLEO LTDA";"192.570.420/0013-0";"503821";"4";"2021-05-31T00:00:00";"197.97";"0";"197.97";"5";"2021";"0";"";"";"1769089";"";"";"";"2439";"7202416";"https://www.camara.leg.br/cota-parlamentar/nota-fiscal-eletronica?ideDocumentoFiscal=7202416"
"LIDERANÇA DO PT";"";"";"";"2019";"NA";"";"56";"3";"COMBUSTÍVEIS E LUBRIFICANTES.";"1";"Veículos Automotores";"DRA4 DERIVADOS DE PETROLEO LTDA";"192.570.420/0013-0";"506387";"4";"2021-06-09T00:00:00";"179.68";"0";"179.68";"6";"2021";"0";"";"";"1770431";"";"";"";"2439";"7204634";"https://www.camara.leg.br/cota-parlamentar/nota-fiscal-eletronica?ideDocumentoFiscal=7204634"
"LIDERANÇA DO PT";"";"";"";"2019";"NA";"";"56";"3";"COMBUSTÍVEIS E LUBRIFICANTES.";"1";"Veículos Automotores";"DRA4 DERIVADOS DE PETROLEO LTDA";"192.570.420/0013-0";"510160";"4";"2021-06-21T00:00:00";"169.58";"0";"169.58";"6";"2021";"0";"";"";"1774318";"";"";"";"2439";"7212103";"https://www.camara.leg.br/cota-parlamentar/nota-fiscal-eletronica?ideDocumentoFiscal=7212103"
"LIDERANÇA DO PT";"";"";"";"2019";"NA";"";"56";"3";"COMBUSTÍVEIS E LUBRIFICANTES.";"1";"Veículos Automotores";"DRA4 DERIVADOS DE PETROLEO LTDA";"192.570.420/0013-0";"5638";"4";"2021-10-13T00:00:00";"183.98";"0";"183.98";"10";"2021";"0";"";"";"1800929";"";"";"";"2439";"7270639";"https://www.camara.leg.br/cota-parlamentar/nota-fiscal-eletronica?ideDocumentoFiscal=7270639"
"LIDERANÇA DO PT";"";"";"";"2019";"NA";"";"56";"3";"COMBUSTÍVEIS E LUBRIFICANTES.";"1";"Veículos Automotores";"POSTO DE COMBUSTIVEIS 208 SUL EIRELI";"204.739.430/0014-9";"96178";"4";"2021-05-19T00:00:00";"171.8";"0";"171.8";"5";"2021";"0";"";"";"1765361";"";"";"";"2439";"7194486";"https://www.camara.leg.br/cota-parlamentar/nota-fiscal-eletronica?ideDocumentoFiscal=7194486"
"LIDERANÇA DO PT";"";"";"";"2019";"NA";"";"56";"3";"COMBUSTÍVEIS E LUBRIFICANTES.";"1";"Veículos Automotores";"POSTO DE COMBUSTIVEIS 309 SUL LTDA";"322.167.430/0019-0";"19516";"4";"2021-06-28T00:00:00";"244.91";"0";"244.91";"6";"2021";"0";"";"";"1776728";"";"";"";"2439";"7217476";"https://www.camara.leg.br/cota-parlamentar/nota-fiscal-eletronica?ideDocumentoFiscal=7217476"
"LIDERANÇA DO PT";"";"";"";"2019";"NA";"";"56";"3";"COMBUSTÍVEIS E LUBRIFICANTES.";"1";"Veículos Automotores";"POSTO DE COMBUSTIVEIS 311 NORTE LTDA";"028.851.530/0019-9";"19558";"4";"2021-03-19T00:00:00";"210.4";"0";"210.4";"3";"2021";"0";"";"";"1753946";"";"";"";"2439";"7170693";"https://www.camara.leg.br/cota-parlamentar/nota-fiscal-eletronica?ideDocumentoFiscal=7170693"
"LIDERANÇA DO PT";"";"";"";"2019";"NA";"";"56";"3";"COMBUSTÍVEIS E LUBRIFICANTES.";"1";"Veículos Automotores";"POSTO DE COMBUSTIVEL GUERREIRINHO LTDA";"353.405.290/0013-9";"94676";"4";"2021-10-19T00:00:00";"209.89";"0";"209.89";"10";"2021";"0";"";"";"1802401";"";"";"";"2439";"7274066";"https://www.camara.leg.br/cota-parlamentar/nota-fiscal-eletronica?ideDocumentoFiscal=7274066"
"LIDERANÇA DO PT";"";"";"";"2019";"NA";"";"56";"3";"COMBUSTÍVEIS E LUBRIFICANTES.";"1";"Veículos Automotores";"POSTO DE COMBUSTIVEL QI 09 LAGO SUL LTDA";"329.658.770/0010-3";"25789";"4";"2021-01-28T00:00:00";"204.48";"0";"204.48";"1";"2021";"0";"";"";"1741440";"";"";"";"2439";"7146504";"https://www.camara.leg.br/cota-parlamentar/nota-fiscal-eletronica?ideDocumentoFiscal=7146504"
"LIDERANÇA DO PT";"";"";"";"2019";"NA";"";"56";"3";"COMBUSTÍVEIS E LUBRIFICANTES.";"1";"Veículos Automotores";"POSTO DE COMBUSTIVEL YASMIN LTDA";"210.178.900/0011-4";"374166";"4";"2021-09-20T00:00:00";"218.56";"0";"218.56";"9";"2021";"0";"";"";"1795495";"";"";"";"2439";"7258487";"https://www.camara.leg.br/cota-parlamentar/nota-fiscal-eletronica?ideDocumentoFiscal=7258487"
"LIDERANÇA DO PT";"";"";"";"2019";"NA";"";"56";"3";"COMBUSTÍVEIS E LUBRIFICANTES.";"1";"Veículos Automotores";"ROTA 406 COMBUSTIVEIS LTDA";"311.656.070/0015-5";"149106";"4";"2021-09-14T00:00:00";"206.26";"0";"206.26";"9";"2021";"0";"";"";"1794007";"";"";"";"2439";"7255196";"https://www.camara.leg.br/cota-parlamentar/nota-fiscal-eletronica?ideDocumentoFiscal=7255196"
"LIDERANÇA DO PT";"";"";"";"2019";"NA";"";"56";"3";"COMBUSTÍVEIS E LUBRIFICANTES.";"1";"Veículos Automotores";"ROTA 406 COMBUSTIVEIS LTDA.";"311.656.070/0015-5";"153206";"4";"2021-10-05T00:00:00";"268.06";"0";"268.06";"10";"2021";"0";"";"";"1799249";"";"";"";"2439";"7266868";"https://www.camara.leg.br/cota-parlamentar/nota-fiscal-eletronica?ideDocumentoFiscal=7266868"
"LIDERANÇA DO PT";"";"";"";"2019";"NA";"";"56";"3";"COMBUSTÍVEIS E LUBRIFICANTES.";"1";"Veículos Automotores";"TAVARES COMERCIO DE COMBUSTIVEIS E LUBRIFICANTES LTDA";"156.802.840/0018-1";"172276";"4";"2021-01-22T00:00:00";"157.47";"0";"157.47";"1";"2021";"0";"";"";"1740577";"";"";"";"2439";"7144451";"https://www.camara.leg.br/cota-parlamentar/nota-fiscal-eletronica?ideDocumentoFiscal=7144451"
"LIDERANÇA DO PT";"";"";"";"2019";"NA";"";"56";"3";"COMBUSTÍVEIS E LUBRIFICANTES.";"1";"Veículos Automotores";"TAVARES COMERCIO DE COMBUSTIVEIS E LUBRIFICANTES LTDA";"156.802.840/0018-1";"173817";"4";"2021-02-04T00:00:00";"163.84";"0";"163.84";"2";"2021";"0";"";"";"1744009";"";"";"";"2439";"7151541";"https://www.camara.leg.br/cota-parlamentar/nota-fiscal-eletronica?ideDocumentoFiscal=7151541"
"LIDERANÇA DO PT";"";"";"";"2019";"NA";"";"56";"5";"DIVULGAÇÃO DA ATIVIDADE PARLAMENTAR.";"0";"";"AP SELF MEDIA COMUNICACAO LTDA";"151.469.430/0010-2";"122";"0";"2021-06-09T00:00:00";"1011.56";"0";"1011.56";"5";"2021";"0";"";"";"1770115";"";"";"";"2439";"7204516";"https://www.camara.leg.br/cota-parlamentar/documentos/publ/2439/2021/7204516.pdf"
"LIDERANÇA DO PT";"";"";"";"2019";"NA";"";"56";"5";"DIVULGAÇÃO DA ATIVIDADE PARLAMENTAR.";"0";"";"AP SELF MEDIA COMUNICAÇÃO LTDA EPP";"151.469.430/0010-2";"114";"0";"2021-02-09T00:00:00";"1011.56";"0";"1011.56";"1";"2021";"0";"";"";"1744450";"";"";"";"2439";"7152409";"https://www.camara.leg.br/cota-parlamentar/documentos/publ/2439/2021/7152409.pdf"
"LIDERANÇA DO PT";"";"";"";"2019";"NA";"";"56";"5";"DIVULGAÇÃO DA ATIVIDADE PARLAMENTAR.";"0";"";"AP SELF MEDIA COMUNICAÇÃO LTDA EPP";"151.469.430/0010-2";"115";"0";"2021-02-28T00:00:00";"1011.56";"0";"1011.56";"2";"2021";"0";"";"";"1747924";"";"";"";"2439";"7159644";"https://www.camara.leg.br/cota-parlamentar/documentos/publ/2439/2021/7159644.pdf"
"LIDERANÇA DO PT";"";"";"";"2019";"NA";"";"56";"5";"DIVULGAÇÃO DA ATIVIDADE PARLAMENTAR.";"0";"";"AP SELF MEDIA COMUNICAÇÃO LTDA EPP";"151.469.430/0010-2";"118";"0";"2021-04-05T00:00:00";"1011.56";"0";"1011.56";"3";"2021";"0";"";"";"1756123";"";"";"";"2439";"7174811";"https://www.camara.leg.br/cota-parlamentar/documentos/publ/2439/2021/7174811.pdf"
"LIDERANÇA DO PT";"";"";"";"2019";"NA";"";"56";"5";"DIVULGAÇÃO DA ATIVIDADE PARLAMENTAR.";"0";"";"AP SELF MEDIA COMUNICAÇÃO LTDA EPP";"151.469.430/0010-2";"119";"0";"2021-05-04T00:00:00";"1011.56";"0";"1011.56";"4";"2021";"0";"";"";"1761785";"";"";"";"2439";"7186655";"https://www.camara.leg.br/cota-parlamentar/documentos/publ/2439/2021/7186655.pdf"
"LIDERANÇA DO PT";"";"";"";"2019";"NA";"";"56";"5";"DIVULGAÇÃO DA ATIVIDADE PARLAMENTAR.";"0";"";"AP SELF MEDIA COMUNICAÇÃO LTDA EPP";"151.469.430/0010-2";"120";"0";"2021-05-04T00:00:00";"6800";"0";"6800";"5";"2021";"0";"";"";"1761786";"";"";"";"2439";"7186785";"https://www.camara.leg.br/cota-parlamentar/documentos/publ/2439/2021/7186785.pdf"
"LIDERANÇA DO PT";"";"";"";"2019";"NA";"";"56";"5";"DIVULGAÇÃO DA ATIVIDADE PARLAMENTAR.";"0";"";"AP SELF MEDIA COMUNICAÇÃO LTDA EPP";"151.469.430/0010-2";"124";"0";"2021-07-06T00:00:00";"1011.56";"0";"1011.56";"6";"2021";"0";"";"";"1778094";"";"";"";"2439";"7220327";"https://www.camara.leg.br/cota-parlamentar/documentos/publ/2439/2021/7220327.pdf"
"LIDERANÇA DO PT";"";"";"";"2019";"NA";"";"56";"5";"DIVULGAÇÃO DA ATIVIDADE PARLAMENTAR.";"0";"";"AP SELF MEDIA COMUNICAÇÃO LTDA EPP";"151.469.430/0010-2";"126";"0";"2021-08-02T00:00:00";"1015.6";"4.04";"1011.56";"7";"2021";"0";"";"";"1782716";"";"";"";"2439";"7230499";"https://www.camara.leg.br/cota-parlamentar/documentos/publ/2439/2021/7230499.pdf"
"LIDERANÇA DO PT";"";"";"";"2019";"NA";"";"56";"5";"DIVULGAÇÃO DA ATIVIDADE PARLAMENTAR.";"0";"";"AP SELF MEDIA COMUNICAÇÃO LTDA EPP";"151.469.430/0010-2";"128";"0";"2021-09-08T00:00:00";"1111.56";"0";"1111.56";"8";"2021";"0";"";"";"1793527";"";"";"";"2439";"7254154";"https://www.camara.leg.br/cota-parlamentar/documentos/publ/2439/2021/7254154.pdf"
"LIDERANÇA DO PT";"";"";"";"2019";"NA";"";"56";"5";"DIVULGAÇÃO DA ATIVIDADE PARLAMENTAR.";"0";"";"AP SELF MEDIA COMUNICAÇÃO LTDA EPP";"151.469.430/0010-2";"131";"0";"2021-10-04T00:00:00";"1011.56";"0";"1011.56";"9";"2021";"0";"";"";"1799251";"";"";"";"2439";"7266881";"https://www.camara.leg.br/cota-parlamentar/documentos/publ/2439/2021/7266881.pdf"
"LIDERANÇA DO PT";"";"";"";"2019";"NA";"";"56";"5";"DIVULGAÇÃO DA ATIVIDADE PARLAMENTAR.";"0";"";"AP SELF MEDIA COMUNICAÇÃO LTDA EPP";"151.469.430/0010-2";"134";"0";"2021-11-03T00:00:00";"1211.56";"0";"1211.56";"10";"2021";"0";"";"";"1805219";"";"";"";"2439";"7280344";"https://www.camara.leg.br/cota-parlamentar/documentos/publ/2439/2021/7280344.pdf"
"LIDERANÇA DO PT";"";"";"";"2019";"NA";"";"56";"5";"DIVULGAÇÃO DA ATIVIDADE PARLAMENTAR.";"0";"";"AP SELF MEDIA COMUNICAÇÃO LTDA EPP";"151.469.430/0010-2";"137";"0";"2021-12-06T00:00:00";"1111.56";"0";"1111.56";"11";"2021";"0";"";"";"1814022";"";"";"";"2439";"7300034";"https://www.camara.leg.br/cota-parlamentar/documentos/publ/2439/2021/7300034.pdf"
"LIDERANÇA DO PT";"";"";"";"2019";"NA";"";"56";"5";"DIVULGAÇÃO DA ATIVIDADE PARLAMENTAR.";"0";"";"AP SELF MEDIA COMUNICAÇÃO LTDA EPP";"151.469.430/0010-2";"141";"0";"2022-01-06T00:00:00";"1111.56";"0";"1111.56";"12";"2021";"0";"";"";"1821561";"";"";"";"2439";"7316146";"https://www.camara.leg.br/cota-parlamentar/documentos/publ/2439/2022/7316146.pdf"
"LIDERANÇA DO PT";"";"";"";"2019";"NA";"";"56";"5";"DIVULGAÇÃO DA ATIVIDADE PARLAMENTAR.";"0";"";"NUCLEO DE INFORMACAO E COORDENACAO DO PONTO BR - NIC .BR";"055.065.600/0013-6";"36725302";"1";"2021-09-13T00:00:00";"76";"0";"76";"9";"2021";"0";"";"";"1793013";"";"";"";"2439";"7252980";"https://www.camara.leg.br/cota-parlamentar/documentos/publ/2439/2021/7252980.pdf"
"LIDERANÇA DO PT";"";"";"";"2019";"NA";"";"56";"5";"DIVULGAÇÃO DA ATIVIDADE PARLAMENTAR.";"0";"";"VIDEO MAIS COMERCIO E SERVICOS DE AUDIO E VIDEO EIRELI";"279.755.350/0013-4";"238";"4";"2021-02-22T00:00:00";"12500";"0";"12500";"1";"2021";"0";"";"";"1746474";"";"";"";"2439";"7156633";"https://www.camara.leg.br/cota-parlamentar/nota-fiscal-eletronica?ideDocumentoFiscal=7156633"
"LIDERANÇA DO PT";"";"";"";"2019";"NA";"";"56";"5";"DIVULGAÇÃO DA ATIVIDADE PARLAMENTAR.";"0";"";"VIDEO MAIS COMERCIO E SERVICOS DE AUDIO E VIDEO EIRELI";"279.755.350/0013-4";"240";"4";"2021-02-26T00:00:00";"12500";"0";"12500";"2";"2021";"0";"";"";"1747925";"";"";"";"2439";"7159639";"https://www.camara.leg.br/cota-parlamentar/nota-fiscal-eletronica?ideDocumentoFiscal=7159639"
"LIDERANÇA DO PT";"";"";"";"2019";"NA";"";"56";"9";"PASSAGEM AÉREA - REEMBOLSO";"0";"";"Gol Linhas Aereas Inteligentes";"061.642.530/0018-7";"1272164198685";"0";"2021-11-18T00:00:00";"2372.19";"0";"2372.19";"11";"2021";"0";"WADIH NEMER DAMOUS FILHO; WADIH NEMER DAMOUS FILHO;";"";"1810935";"";"";"";"2439";"7293270";"https://www.camara.leg.br/cota-parlamentar/documentos/publ/2439/2021/7293270.pdf"
"LIDERANÇA DO PT";"";"";"";"2019";"NA";"";"56";"9";"PASSAGEM AÉREA - REEMBOLSO";"0";"";"GOL LINHAS AÉREAS INTELIGENTES";"075.756.510/0015-9";"1272161316223";"0";"2021-09-28T00:00:00";"1476.89";"0";"1476.89";"9";"2021";"0";"WADIH NEMER DAMOUS FILHO;";"";"1801214";"";"";"";"2439";"7271334";"https://www.camara.leg.br/cota-parlamentar/documentos/publ/2439/2021/7271334.pdf"
"LIDERANÇA DO PT";"";"";"";"2019";"NA";"";"56";"9";"PASSAGEM AÉREA - REEMBOLSO";"0";"";"GOL LINHAS AÉREAS INTELIGENTES";"075.756.510/0015-9";"1272164984532";"0";"2021-11-29T00:00:00";"2089.16";"0";"2089.16";"11";"2021";"0";"WADIH NEMER DAMOUS FILHO; WADIH NEMER DAMOUS FILHO;";"";"1812677";"";"";"";"2439";"7297145";"https://www.camara.leg.br/cota-parlamentar/documentos/publ/2439/2021/7297145.pdf"
"LIDERANÇA DO PT";"";"";"";"2019";"NA";"";"56";"9";"PASSAGEM AÉREA - REEMBOLSO";"0";"";"GOL LINHAS AÉREAS INTELIGENTES";"075.756.510/0015-9";"XFQC5B";"0";"2021-08-03T00:00:00";"1753.26";"0";"1753.26";"8";"2021";"0";"MISIARA CRISTINA OLIVEIRA;";"";"1787149";"";"";"";"2439";"7240209";"https://www.camara.leg.br/cota-parlamentar/documentos/publ/2439/2021/7240209.pdf"
"LIDERANÇA DO PT";"";"";"";"2019";"NA";"";"56";"9";"PASSAGEM AÉREA - REEMBOLSO";"0";"";"Latam AirLines";"020.128.620/0016-0";"9572153707051";"0";"2021-08-18T00:00:00";"3051.38";"0";"3051.38";"8";"2021";"0";"";"";"1788633";"";"";"";"2439";"7243677";"https://www.camara.leg.br/cota-parlamentar/documentos/publ/2439/2021/7243677.pdf"
"LIDERANÇA DO PT";"";"";"";"2019";"NA";"";"56";"9";"PASSAGEM AÉREA - REEMBOLSO";"0";"";"Latam AirLines";"020.128.620/0016-0";"9572154722126";"0";"2021-08-31T00:00:00";"1186.79";"0";"1186.79";"8";"2021";"0";"";"";"1795493";"";"";"";"2439";"7258531";"https://www.camara.leg.br/cota-parlamentar/documentos/publ/2439/2021/7258531.pdf"
"LIDERANÇA DO PT";"";"";"";"2019";"NA";"";"56";"10";"TELEFONIA";"0";"";"Telefônica Brasil S. A. VIVO";"025.581.570/0016-2";"000013004603193";"0";"2021-02-11T00:00:00";"119.99";"0";"119.99";"2";"2021";"0";"";"";"1756438";"";"";"";"2439";"7175408";"https://www.camara.leg.br/cota-parlamentar/documentos/publ/2439/2021/7175408.pdf"
"LIDERANÇA DO PT";"";"";"";"2019";"NA";"";"56";"10";"TELEFONIA";"0";"";"Telefônica Brasil S. A. VIVO";"025.581.570/0016-2";"00001304603193";"0";"2021-01-11T00:00:00";"119.99";"0";"119.99";"1";"2021";"0";"";"";"1740576";"";"";"";"2439";"7144480";"https://www.camara.leg.br/cota-parlamentar/documentos/publ/2439/2021/7144480.pdf"
"LIDERANÇA DO PT";"";"";"";"2019";"NA";"";"56";"13";"FORNECIMENTO DE ALIMENTAÇÃO DO PARLAMENTAR";"0";"";"AGAPE PIZZAIOLO";"726.384.140/0015-1";"70177";"4";"2021-09-23T00:00:00";"241.2";"0";"241.2";"9";"2021";"0";"";"";"1795711";"";"";"";"2439";"7259072";"https://www.camara.leg.br/cota-parlamentar/nota-fiscal-eletronica?ideDocumentoFiscal=7259072"
"LIDERANÇA DO PT";"";"";"";"2019";"NA";"";"56";"13";"FORNECIMENTO DE ALIMENTAÇÃO DO PARLAMENTAR";"0";"";"ARTESANAL SERVICOS DE ALIMENTACAO E BUFFET EIRELI";"228.362.100/0015-7";"192";"4";"2021-06-22T00:00:00";"600";"0";"600";"6";"2021";"0";"";"";"1776729";"";"";"";"2439";"7212094";"https://www.camara.leg.br/cota-parlamentar/nota-fiscal-eletronica?ideDocumentoFiscal=7212094"
"LIDERANÇA DO PT";"";"";"";"2019";"NA";"";"56";"13";"FORNECIMENTO DE ALIMENTAÇÃO DO PARLAMENTAR";"0";"";"ARTESANAL SERVICOS DE ALIMENTACAO E BUFFET EIRELI";"228.362.100/0015-7";"201";"4";"2021-06-29T00:00:00";"400";"0";"400";"6";"2021";"0";"";"";"1776729";"";"";"";"2439";"7217473";"https://www.camara.leg.br/cota-parlamentar/nota-fiscal-eletronica?ideDocumentoFiscal=7217473"
"LIDERANÇA DO PT";"";"";"";"2019";"NA";"";"56";"13";"FORNECIMENTO DE ALIMENTAÇÃO DO PARLAMENTAR";"0";"";"ARTESANAL SERVICOS DE ALIMENTACAO E BUFFET EIRELI";"228.362.100/0015-7";"217";"4";"2021-07-07T00:00:00";"600";"0";"600";"7";"2021";"0";"";"";"1778090";"";"";"";"2439";"7220338";"https://www.camara.leg.br/cota-parlamentar/nota-fiscal-eletronica?ideDocumentoFiscal=7220338"
"LIDERANÇA DO PT";"";"";"";"2019";"NA";"";"56";"13";"FORNECIMENTO DE ALIMENTAÇÃO DO PARLAMENTAR";"0";"";"ARTESANAL SERVICOS DE ALIMENTACAO E BUFFET EIRELI";"228.362.100/0015-7";"222";"4";"2021-07-13T00:00:00";"450";"0";"450";"7";"2021";"0";"";"";"1779789";"";"";"";"2439";"7223852";"https://www.camara.leg.br/cota-parlamentar/nota-fiscal-eletronica?ideDocumentoFiscal=7223852"
"LIDERANÇA DO PT";"";"";"";"2019";"NA";"";"56";"13";"FORNECIMENTO DE ALIMENTAÇÃO DO PARLAMENTAR";"0";"";"ARTESANAL SERVICOS DE ALIMENTACAO E BUFFET EIRELI";"228.362.100/0015-7";"231";"4";"2021-07-14T00:00:00";"400";"0";"400";"7";"2021";"0";"";"";"1779789";"";"";"";"2439";"7223845";"https://www.camara.leg.br/cota-parlamentar/nota-fiscal-eletronica?ideDocumentoFiscal=7223845"
"LIDERANÇA DO PT";"";"";"";"2019";"NA";"";"56";"13";"FORNECIMENTO DE ALIMENTAÇÃO DO PARLAMENTAR";"0";"";"ARTESANAL SERVICOS DE ALIMENTACAO E BUFFET EIRELI";"228.362.100/0015-7";"248";"4";"2021-08-04T00:00:00";"400";"0";"400";"8";"2021";"0";"";"";"1784478";"";"";"";"2439";"7234462";"https://www.camara.leg.br/cota-parlamentar/nota-fiscal-eletronica?ideDocumentoFiscal=7234462"
"LIDERANÇA DO PT";"";"";"";"2019";"NA";"";"56";"13";"FORNECIMENTO DE ALIMENTAÇÃO DO PARLAMENTAR";"0";"";"ARTESANAL SERVICOS DE ALIMENTACAO E BUFFET EIRELI";"228.362.100/0015-7";"257";"4";"2021-08-11T00:00:00";"600";"0";"600";"8";"2021";"0";"";"";"1786042";"";"";"";"2439";"7237808";"https://www.camara.leg.br/cota-parlamentar/nota-fiscal-eletronica?ideDocumentoFiscal=7237808"
"LIDERANÇA DO PT";"";"";"";"2019";"NA";"";"56";"13";"FORNECIMENTO DE ALIMENTAÇÃO DO PARLAMENTAR";"0";"";"ARTESANAL SERVICOS DE ALIMENTACAO E BUFFET EIRELI";"228.362.100/0015-7";"258";"4";"2021-08-11T00:00:00";"400";"0";"400";"8";"2021";"0";"";"";"1786042";"";"";"";"2439";"7237622";"https://www.camara.leg.br/cota-parlamentar/nota-fiscal-eletronica?ideDocumentoFiscal=7237622"
"LIDERANÇA DO PT";"";"";"";"2019";"NA";"";"56";"13";"FORNECIMENTO DE ALIMENTAÇÃO DO PARLAMENTAR";"0";"";"ARTESANAL SERVICOS DE ALIMENTACAO E BUFFET EIRELI";"228.362.100/0015-7";"274";"4";"2021-08-18T00:00:00";"400";"0";"400";"8";"2021";"0";"";"";"1787695";"";"";"";"2439";"7241475";"https://www.camara.leg.br/cota-parlamentar/nota-fiscal-eletronica?ideDocumentoFiscal=7241475"
"LIDERANÇA DO PT";"";"";"";"2019";"NA";"";"56";"13";"FORNECIMENTO DE ALIMENTAÇÃO DO PARLAMENTAR";"0";"";"ARTESANAL SERVICOS DE ALIMENTACAO E BUFFET EIRELI";"228.362.100/0015-7";"286";"4";"2021-08-25T00:00:00";"750";"0";"750";"8";"2021";"0";"";"";"1789213";"";"";"";"2439";"7244957";"https://www.camara.leg.br/cota-parlamentar/nota-fiscal-eletronica?ideDocumentoFiscal=7244957"
"LIDERANÇA DO PT";"";"";"";"2019";"NA";"";"56";"13";"FORNECIMENTO DE ALIMENTAÇÃO DO PARLAMENTAR";"0";"";"ARTESANAL SERVICOS DE ALIMENTACAO E BUFFET EIRELI";"228.362.100/0015-7";"287";"4";"2021-08-25T00:00:00";"500";"0";"500";"8";"2021";"0";"";"";"1789213";"";"";"";"2439";"7244954";"https://www.camara.leg.br/cota-parlamentar/nota-fiscal-eletronica?ideDocumentoFiscal=7244954"
"LIDERANÇA DO PT";"";"";"";"2019";"NA";"";"56";"13";"FORNECIMENTO DE ALIMENTAÇÃO DO PARLAMENTAR";"0";"";"ARTESANAL SERVICOS DE ALIMENTACAO E BUFFET EIRELI";"228.362.100/0015-7";"304";"4";"2021-09-14T00:00:00";"900";"0";"900";"9";"2021";"0";"";"";"1794008";"";"";"";"2439";"7255217";"https://www.camara.leg.br/cota-parlamentar/nota-fiscal-eletronica?ideDocumentoFiscal=7255217"
"LIDERANÇA DO PT";"";"";"";"2019";"NA";"";"56";"13";"FORNECIMENTO DE ALIMENTAÇÃO DO PARLAMENTAR";"0";"";"ARTESANAL SERVICOS DE ALIMENTACAO E BUFFET EIRELI";"228.362.100/0015-7";"312";"4";"2021-09-15T00:00:00";"900";"0";"900";"9";"2021";"0";"";"";"1794008";"";"";"";"2439";"7255216";"https://www.camara.leg.br/cota-parlamentar/nota-fiscal-eletronica?ideDocumentoFiscal=7255216"
"LIDERANÇA DO PT";"";"";"";"2019";"NA";"";"56";"13";"FORNECIMENTO DE ALIMENTAÇÃO DO PARLAMENTAR";"0";"";"ARTESANAL SERVICOS DE ALIMENTACAO E BUFFET EIRELI";"228.362.100/0015-7";"324";"4";"2021-09-22T00:00:00";"900";"0";"900";"9";"2021";"0";"";"";"1795496";"";"";"";"2439";"7258520";"https://www.camara.leg.br/cota-parlamentar/nota-fiscal-eletronica?ideDocumentoFiscal=7258520"
"LIDERANÇA DO PT";"";"";"";"2019";"NA";"";"56";"13";"FORNECIMENTO DE ALIMENTAÇÃO DO PARLAMENTAR";"0";"";"ARTESANAL SERVICOS DE ALIMENTACAO E BUFFET EIRELI";"228.362.100/0015-7";"326";"4";"2021-09-22T00:00:00";"1200";"0";"1200";"9";"2021";"0";"";"";"1795496";"";"";"";"2439";"7258522";"https://www.camara.leg.br/cota-parlamentar/nota-fiscal-eletronica?ideDocumentoFiscal=7258522"
"LIDERANÇA DO PT";"";"";"";"2019";"NA";"";"56";"13";"FORNECIMENTO DE ALIMENTAÇÃO DO PARLAMENTAR";"0";"";"ARTESANAL SERVICOS DE ALIMENTACAO E BUFFET EIRELI";"228.362.100/0015-7";"341";"4";"2021-09-29T00:00:00";"1225";"0";"1225";"9";"2021";"0";"";"";"1797282";"";"";"";"2439";"7262852";"https://www.camara.leg.br/cota-parlamentar/nota-fiscal-eletronica?ideDocumentoFiscal=7262852"
"LIDERANÇA DO PT";"";"";"";"2019";"NA";"";"56";"13";"FORNECIMENTO DE ALIMENTAÇÃO DO PARLAMENTAR";"0";"";"ARTESANAL SERVICOS DE ALIMENTACAO E BUFFET EIRELI";"228.362.100/0015-7";"342";"4";"2021-09-29T00:00:00";"1225";"0";"1225";"9";"2021";"0";"";"";"1797282";"";"";"";"2439";"7262872";"https://www.camara.leg.br/cota-parlamentar/nota-fiscal-eletronica?ideDocumentoFiscal=7262872"
"LIDERANÇA DO PT";"";"";"";"2019";"NA";"";"56";"13";"FORNECIMENTO DE ALIMENTAÇÃO DO PARLAMENTAR";"0";"";"ARTESANAL SERVICOS DE ALIMENTACAO E BUFFET EIRELI";"228.362.100/0015-7";"352";"4";"2021-10-07T00:00:00";"1312.5";"0";"1312.5";"10";"2021";"0";"";"";"1799365";"";"";"";"2439";"7267112";"https://www.camara.leg.br/cota-parlamentar/nota-fiscal-eletronica?ideDocumentoFiscal=7267112"
"LIDERANÇA DO PT";"";"";"";"2019";"NA";"";"56";"13";"FORNECIMENTO DE ALIMENTAÇÃO DO PARLAMENTAR";"0";"";"ARTESANAL SERVICOS DE ALIMENTACAO E BUFFET EIRELI";"228.362.100/0015-7";"357";"4";"2021-10-07T00:00:00";"1137.5";"0";"1137.5";"10";"2021";"0";"";"";"1799365";"";"";"";"2439";"7267117";"https://www.camara.leg.br/cota-parlamentar/nota-fiscal-eletronica?ideDocumentoFiscal=7267117"
"LIDERANÇA DO PT";"";"";"";"2019";"NA";"";"56";"13";"FORNECIMENTO DE ALIMENTAÇÃO DO PARLAMENTAR";"0";"";"ARTESANAL SERVICOS DE ALIMENTACAO E BUFFET EIRELI";"228.362.100/0015-7";"358";"4";"2021-10-15T00:00:00";"400";"0";"400";"10";"2021";"0";"";"";"1800930";"";"";"";"2439";"7270660";"https://www.camara.leg.br/cota-parlamentar/nota-fiscal-eletronica?ideDocumentoFiscal=7270660"
"LIDERANÇA DO PT";"";"";"";"2019";"NA";"";"56";"13";"FORNECIMENTO DE ALIMENTAÇÃO DO PARLAMENTAR";"0";"";"ARTESANAL SERVICOS DE ALIMENTACAO E BUFFET EIRELI";"228.362.100/0015-7";"359";"4";"2021-10-15T00:00:00";"600";"0";"600";"10";"2021";"0";"";"";"1800930";"";"";"";"2439";"7270675";"https://www.camara.leg.br/cota-parlamentar/nota-fiscal-eletronica?ideDocumentoFiscal=7270675"
"LIDERANÇA DO PT";"";"";"";"2019";"NA";"";"56";"13";"FORNECIMENTO DE ALIMENTAÇÃO DO PARLAMENTAR";"0";"";"ARTESANAL SERVICOS DE ALIMENTACAO E BUFFET EIRELI";"228.362.100/0015-7";"373";"4";"2021-10-20T00:00:00";"600";"0";"600";"10";"2021";"0";"";"";"1802402";"";"";"";"2439";"7274084";"https://www.camara.leg.br/cota-parlamentar/nota-fiscal-eletronica?ideDocumentoFiscal=7274084"
"LIDERANÇA DO PT";"";"";"";"2019";"NA";"";"56";"13";"FORNECIMENTO DE ALIMENTAÇÃO DO PARLAMENTAR";"0";"";"ARTESANAL SERVICOS DE ALIMENTACAO E BUFFET EIRELI";"228.362.100/0015-7";"374";"4";"2021-10-20T00:00:00";"1050";"0";"1050";"10";"2021";"0";"";"";"1802402";"";"";"";"2439";"7274082";"https://www.camara.leg.br/cota-parlamentar/nota-fiscal-eletronica?ideDocumentoFiscal=7274082"
"LIDERANÇA DO PT";"";"";"";"2019";"NA";"";"56";"13";"FORNECIMENTO DE ALIMENTAÇÃO DO PARLAMENTAR";"0";"";"ARTESANAL SERVICOS DE ALIMENTACAO E BUFFET EIRELI";"228.362.100/0015-7";"385";"0";"2021-10-28T00:00:00";"900";"0";"900";"10";"2021";"0";"";"";"1804078";"";"";"";"2439";"7277922";"https://www.camara.leg.br/cota-parlamentar/documentos/publ/2439/2021/7277922.pdf"
"LIDERANÇA DO PT";"";"";"";"2019";"NA";"";"56";"13";"FORNECIMENTO DE ALIMENTAÇÃO DO PARLAMENTAR";"0";"";"ARTESANAL SERVICOS DE ALIMENTACAO E BUFFET EIRELI";"228.362.100/0015-7";"386";"0";"2021-10-28T00:00:00";"900";"0";"900";"10";"2021";"0";"";"";"1804078";"";"";"";"2439";"7277924";"https://www.camara.leg.br/cota-parlamentar/documentos/publ/2439/2021/7277924.pdf"
"LIDERANÇA DO PT";"";"";"";"2019";"NA";"";"56";"13";"FORNECIMENTO DE ALIMENTAÇÃO DO PARLAMENTAR";"0";"";"ARTESANAL SERVICOS DE ALIMENTACAO E BUFFET EIRELI";"228.362.100/0015-7";"397";"4";"2021-11-04T00:00:00";"600";"0";"600";"11";"2021";"0";"";"";"1805680";"";"";"";"2439";"7281352";"https://www.camara.leg.br/cota-parlamentar/nota-fiscal-eletronica?ideDocumentoFiscal=7281352"
"LIDERANÇA DO PT";"";"";"";"2019";"NA";"";"56";"13";"FORNECIMENTO DE ALIMENTAÇÃO DO PARLAMENTAR";"0";"";"ARTESANAL SERVICOS DE ALIMENTACAO E BUFFET EIRELI";"228.362.100/0015-7";"409";"4";"2021-11-10T00:00:00";"600";"0";"600";"11";"2021";"0";"";"";"1807576";"";"";"";"2439";"7285523";"https://www.camara.leg.br/cota-parlamentar/nota-fiscal-eletronica?ideDocumentoFiscal=7285523"
"LIDERANÇA DO PT";"";"";"";"2019";"NA";"";"56";"13";"FORNECIMENTO DE ALIMENTAÇÃO DO PARLAMENTAR";"0";"";"ARTESANAL SERVICOS DE ALIMENTACAO E BUFFET EIRELI";"228.362.100/0015-7";"410";"4";"2021-11-10T00:00:00";"700";"0";"700";"11";"2021";"0";"";"";"1807576";"";"";"";"2439";"7285530";"https://www.camara.leg.br/cota-parlamentar/nota-fiscal-eletronica?ideDocumentoFiscal=7285530"
"LIDERANÇA DO PT";"";"";"";"2019";"NA";"";"56";"13";"FORNECIMENTO DE ALIMENTAÇÃO DO PARLAMENTAR";"0";"";"ARTESANAL SERVICOS DE ALIMENTACAO E BUFFET EIRELI";"228.362.100/0015-7";"427";"4";"2021-11-18T00:00:00";"600";"0";"600";"11";"2021";"0";"";"";"1809332";"";"";"";"2439";"7289762";"https://www.camara.leg.br/cota-parlamentar/nota-fiscal-eletronica?ideDocumentoFiscal=7289762"
"LIDERANÇA DO PT";"";"";"";"2019";"NA";"";"56";"13";"FORNECIMENTO DE ALIMENTAÇÃO DO PARLAMENTAR";"0";"";"ARTESANAL SERVICOS DE ALIMENTACAO E BUFFET EIRELI";"228.362.100/0015-7";"428";"4";"2021-11-18T00:00:00";"1050";"0";"1050";"11";"2021";"0";"";"";"1809332";"";"";"";"2439";"7289764";"https://www.camara.leg.br/cota-parlamentar/nota-fiscal-eletronica?ideDocumentoFiscal=7289764"
"LIDERANÇA DO PT";"";"";"";"2019";"NA";"";"56";"13";"FORNECIMENTO DE ALIMENTAÇÃO DO PARLAMENTAR";"0";"";"ARTESANAL SERVICOS DE ALIMENTACAO E BUFFET EIRELI";"228.362.100/0015-7";"440";"4";"2021-11-25T00:00:00";"1200";"0";"1200";"11";"2021";"0";"";"";"1810984";"";"";"";"2439";"7293395";"https://www.camara.leg.br/cota-parlamentar/nota-fiscal-eletronica?ideDocumentoFiscal=7293395"
"LIDERANÇA DO PT";"";"";"";"2019";"NA";"";"56";"13";"FORNECIMENTO DE ALIMENTAÇÃO DO PARLAMENTAR";"0";"";"ARTESANAL SERVICOS DE ALIMENTACAO E BUFFET EIRELI";"228.362.100/0015-7";"441";"4";"2021-11-25T00:00:00";"1200";"0";"1200";"11";"2021";"0";"";"";"1810984";"";"";"";"2439";"7293407";"https://www.camara.leg.br/cota-parlamentar/nota-fiscal-eletronica?ideDocumentoFiscal=7293407"
"LIDERANÇA DO PT";"";"";"";"2019";"NA";"";"56";"13";"FORNECIMENTO DE ALIMENTAÇÃO DO PARLAMENTAR";"0";"";"ARTESANAL SERVICOS DE ALIMENTACAO E BUFFET EIRELI";"228.362.100/0015-7";"459";"4";"2021-12-01T00:00:00";"900";"0";"900";"11";"2021";"0";"";"";"1812683";"";"";"";"2439";"7297235";"https://www.camara.leg.br/cota-parlamentar/nota-fiscal-eletronica?ideDocumentoFiscal=7297235"
"LIDERANÇA DO PT";"";"";"";"2019";"NA";"";"56";"13";"FORNECIMENTO DE ALIMENTAÇÃO DO PARLAMENTAR";"0";"";"ARTESANAL SERVICOS DE ALIMENTACAO E BUFFET EIRELI";"228.362.100/0015-7";"460";"4";"2021-12-01T00:00:00";"600";"0";"600";"12";"2021";"0";"";"";"1812683";"";"";"";"2439";"7297189";"https://www.camara.leg.br/cota-parlamentar/nota-fiscal-eletronica?ideDocumentoFiscal=7297189"
"LIDERANÇA DO PT";"";"";"";"2019";"NA";"";"56";"13";"FORNECIMENTO DE ALIMENTAÇÃO DO PARLAMENTAR";"0";"";"ARTESANAL SERVICOS DE ALIMENTACAO E BUFFET EIRELI";"228.362.100/0015-7";"469";"4";"2021-12-13T00:00:00";"1050";"0";"1050";"12";"2021";"0";"";"";"1816084";"";"";"";"2439";"7304339";"https://www.camara.leg.br/cota-parlamentar/nota-fiscal-eletronica?ideDocumentoFiscal=7304339"
"LIDERANÇA DO PT";"";"";"";"2019";"NA";"";"56";"13";"FORNECIMENTO DE ALIMENTAÇÃO DO PARLAMENTAR";"0";"";"ARTESANAL SERVICOS DE ALIMENTACAO E BUFFET EIRELI";"228.362.100/0015-7";"476";"4";"2021-12-14T00:00:00";"700";"0";"700";"12";"2021";"0";"";"";"1816084";"";"";"";"2439";"7304330";"https://www.camara.leg.br/cota-parlamentar/nota-fiscal-eletronica?ideDocumentoFiscal=7304330"
"LIDERANÇA DO PT";"";"";"";"2019";"NA";"";"56";"13";"FORNECIMENTO DE ALIMENTAÇÃO DO PARLAMENTAR";"0";"";"ARTESANAL SERVICOS DE ALIMENTACAO E BUFFET EIRELI";"228.362.100/0015-7";"482";"4";"2021-12-15T00:00:00";"600";"0";"600";"12";"2021";"0";"";"";"1816991";"";"";"";"2439";"7306423";"https://www.camara.leg.br/cota-parlamentar/nota-fiscal-eletronica?ideDocumentoFiscal=7306423"
"LIDERANÇA DO PT";"";"";"";"2019";"NA";"";"56";"13";"FORNECIMENTO DE ALIMENTAÇÃO DO PARLAMENTAR";"0";"";"ARTESANAL SERVICOS DE ALIMENTACAO E BUFFET EIRELI";"228.362.100/0015-7";"483";"4";"2021-12-15T00:00:00";"875";"0";"875";"12";"2021";"0";"";"";"1816991";"";"";"";"2439";"7306431";"https://www.camara.leg.br/cota-parlamentar/nota-fiscal-eletronica?ideDocumentoFiscal=7306431"
"LIDERANÇA DO PT";"";"";"";"2019";"NA";"";"56";"13";"FORNECIMENTO DE ALIMENTAÇÃO DO PARLAMENTAR";"0";"";"ARTESANAL SERVICOS DE ALIMENTACAO E BUFFET EIRELI";"228.362.100/0015-7";"484";"4";"2021-12-15T00:00:00";"625";"0";"625";"12";"2021";"0";"";"";"1816991";"";"";"";"2439";"7306434";"https://www.camara.leg.br/cota-parlamentar/nota-fiscal-eletronica?ideDocumentoFiscal=7306434"
"LIDERANÇA DO PT";"";"";"";"2019";"NA";"";"56";"13";"FORNECIMENTO DE ALIMENTAÇÃO DO PARLAMENTAR";"0";"";"BELINI PAES E GASTRONOMIA";"039.535.060/0010-3";"235891";"4";"2021-06-23T00:00:00";"205.7";"0";"205.7";"6";"2021";"0";"";"";"1774319";"";"";"";"2439";"7212504";"https://www.camara.leg.br/cota-parlamentar/nota-fiscal-eletronica?ideDocumentoFiscal=7212504"
"LIDERANÇA DO PT";"";"";"";"2019";"NA";"";"56";"13";"FORNECIMENTO DE ALIMENTAÇÃO DO PARLAMENTAR";"0";"";"BELINI PAES E GASTRONOMIA";"039.535.060/0010-3";"237817";"4";"2021-06-30T00:00:00";"244.77";"0";"244.77";"6";"2021";"0";"";"";"1776729";"";"";"";"2439";"7217474";"https://www.camara.leg.br/cota-parlamentar/nota-fiscal-eletronica?ideDocumentoFiscal=7217474"
"LIDERANÇA DO PT";"";"";"";"2019";"NA";"";"56";"13";"FORNECIMENTO DE ALIMENTAÇÃO DO PARLAMENTAR";"0";"";"CELESTINA DO VALE NOGUEIRA 87052296691";"266.121.520/0013-9";"15";"4";"2021-02-09T00:00:00";"1045";"0";"1045";"2";"2021";"0";"";"";"1744585";"";"";"";"2439";"7152710";"https://www.camara.leg.br/cota-parlamentar/nota-fiscal-eletronica?ideDocumentoFiscal=7152710"
"LIDERANÇA DO PT";"";"";"";"2019";"NA";"";"56";"13";"FORNECIMENTO DE ALIMENTAÇÃO DO PARLAMENTAR";"0";"";"ELBA ESPIRITO SANTO SARDINHA FERREIRA ME";"011.142.530/0015-9";"90262";"4";"2021-03-16T00:00:00";"36";"0";"36";"3";"2021";"0";"";"";"1752571";"";"";"";"2439";"7167951";"https://www.camara.leg.br/cota-parlamentar/nota-fiscal-eletronica?ideDocumentoFiscal=7167951"
"LIDERANÇA DO PT";"";"";"";"2019";"NA";"";"56";"13";"FORNECIMENTO DE ALIMENTAÇÃO DO PARLAMENTAR";"0";"";"ELBA ESPIRITO SANTO SARDINHA FERREIRA ME";"011.142.530/0015-9";"90277";"4";"2021-03-24T00:00:00";"54";"0";"54";"3";"2021";"0";"";"";"1754010";"";"";"";"2439";"7170818";"https://www.camara.leg.br/cota-parlamentar/nota-fiscal-eletronica?ideDocumentoFiscal=7170818"
"LIDERANÇA DO PT";"";"";"";"2019";"NA";"";"56";"13";"FORNECIMENTO DE ALIMENTAÇÃO DO PARLAMENTAR";"0";"";"EMPORIO HORTIFRUTTI COM DE ALIMENTO LTDA";"322.923.780/0010-0";"155857";"4";"2021-11-03T00:00:00";"180.72";"0";"180.72";"11";"2021";"0";"";"";"1805680";"";"";"";"2439";"7280527";"https://www.camara.leg.br/cota-parlamentar/nota-fiscal-eletronica?ideDocumentoFiscal=7280527"
"LIDERANÇA DO PT";"";"";"";"2019";"NA";"";"56";"13";"FORNECIMENTO DE ALIMENTAÇÃO DO PARLAMENTAR";"0";"";"EMPORIO HORTIFRUTTI COM DE ALIMENTO LTDA";"322.923.780/0010-0";"206329";"4";"2021-10-19T00:00:00";"212.63";"0";"212.63";"10";"2021";"0";"";"";"1802402";"";"";"";"2439";"7274070";"https://www.camara.leg.br/cota-parlamentar/nota-fiscal-eletronica?ideDocumentoFiscal=7274070"
"LIDERANÇA DO PT";"";"";"";"2019";"NA";"";"56";"13";"FORNECIMENTO DE ALIMENTAÇÃO DO PARLAMENTAR";"0";"";"FS ALVES RESTAURANTE LTDA";"334.261.010/0018-8";"89974";"4";"2021-01-29T00:00:00";"211.98";"0";"211.98";"1";"2021";"0";"";"";"1741907";"";"";"";"2439";"7147346";"https://www.camara.leg.br/cota-parlamentar/nota-fiscal-eletronica?ideDocumentoFiscal=7147346"
"LIDERANÇA DO PT";"";"";"";"2019";"NA";"";"56";"13";"FORNECIMENTO DE ALIMENTAÇÃO DO PARLAMENTAR";"0";"";"FS ALVES RESTAURANTE LTDA";"334.261.010/0018-8";"90936";"4";"2021-02-01T00:00:00";"140.1";"0";"140.1";"2";"2021";"0";"";"";"1741913";"";"";"";"2439";"7147350";"https://www.camara.leg.br/cota-parlamentar/nota-fiscal-eletronica?ideDocumentoFiscal=7147350"
"LIDERANÇA DO PT";"";"";"";"2019";"NA";"";"56";"13";"FORNECIMENTO DE ALIMENTAÇÃO DO PARLAMENTAR";"0";"";"GRUPO FARTURA DE HORTIFRUT S A";"049.720.920/0608-2";"141734";"4";"2021-06-28T00:00:00";"155.86";"0";"155.86";"6";"2021";"0";"";"";"1776729";"";"";"";"2439";"7217327";"https://www.camara.leg.br/cota-parlamentar/nota-fiscal-eletronica?ideDocumentoFiscal=7217327"
"LIDERANÇA DO PT";"";"";"";"2019";"NA";"";"56";"13";"FORNECIMENTO DE ALIMENTAÇÃO DO PARLAMENTAR";"0";"";"GRUPO FARTURA DE HORTIFRUT S A";"049.720.920/0608-2";"147800";"4";"2021-11-16T00:00:00";"182.33";"0";"182.33";"11";"2021";"0";"";"";"1809332";"";"";"";"2439";"7289181";"https://www.camara.leg.br/cota-parlamentar/nota-fiscal-eletronica?ideDocumentoFiscal=7289181"
"LIDERANÇA DO PT";"";"";"";"2019";"NA";"";"56";"13";"FORNECIMENTO DE ALIMENTAÇÃO DO PARLAMENTAR";"0";"";"HORTIMAIS";"726.140.920/0010-0";"333931";"4";"2021-08-10T00:00:00";"226.81";"0";"226.81";"8";"2021";"0";"";"";"1786042";"";"";"";"2439";"7237658";"https://www.camara.leg.br/cota-parlamentar/nota-fiscal-eletronica?ideDocumentoFiscal=7237658"
"LIDERANÇA DO PT";"";"";"";"2019";"NA";"";"56";"13";"FORNECIMENTO DE ALIMENTAÇÃO DO PARLAMENTAR";"0";"";"HORTIMAIS";"726.140.920/0010-0";"355796";"4";"2021-09-20T00:00:00";"164.43";"0";"164.43";"9";"2021";"0";"";"";"1795496";"";"";"";"2439";"7258478";"https://www.camara.leg.br/cota-parlamentar/nota-fiscal-eletronica?ideDocumentoFiscal=7258478"
"LIDERANÇA DO PT";"";"";"";"2019";"NA";"";"56";"13";"FORNECIMENTO DE ALIMENTAÇÃO DO PARLAMENTAR";"0";"";"HORTIMAIS";"726.140.920/0010-0";"366381";"0";"2021-10-27T00:00:00";"116.65";"0";"116.65";"10";"2021";"0";"";"";"1804078";"";"";"";"2439";"7277908";"https://www.camara.leg.br/cota-parlamentar/documentos/publ/2439/2021/7277908.pdf"
"LIDERANÇA DO PT";"";"";"";"2019";"NA";"";"56";"13";"FORNECIMENTO DE ALIMENTAÇÃO DO PARLAMENTAR";"0";"";"HORTIMAIS";"726.140.920/0010-0";"380478";"4";"2021-12-13T00:00:00";"261.18";"0";"261.18";"12";"2021";"0";"";"";"1816991";"";"";"";"2439";"7306115";"https://www.camara.leg.br/cota-parlamentar/nota-fiscal-eletronica?ideDocumentoFiscal=7306115"
"LIDERANÇA DO PT";"";"";"";"2019";"NA";"";"56";"13";"FORNECIMENTO DE ALIMENTAÇÃO DO PARLAMENTAR";"0";"";"HORTIMAIS";"726.140.920/0010-0";"428811";"4";"2021-07-13T00:00:00";"121.35";"0";"121.35";"7";"2021";"0";"";"";"1779789";"";"";"";"2439";"7223072";"https://www.camara.leg.br/cota-parlamentar/nota-fiscal-eletronica?ideDocumentoFiscal=7223072"
"LIDERANÇA DO PT";"";"";"";"2019";"NA";"";"56";"13";"FORNECIMENTO DE ALIMENTAÇÃO DO PARLAMENTAR";"0";"";"HORTIMAIS";"726.140.920/0010-0";"438812";"4";"2021-08-31T00:00:00";"180.19";"0";"180.19";"8";"2021";"0";"";"";"1790831";"";"";"";"2439";"7248373";"https://www.camara.leg.br/cota-parlamentar/nota-fiscal-eletronica?ideDocumentoFiscal=7248373"
"LIDERANÇA DO PT";"";"";"";"2019";"NA";"";"56";"13";"FORNECIMENTO DE ALIMENTAÇÃO DO PARLAMENTAR";"0";"";"IGUACU NOVO BAR E RESTAURANTE LTDA";"309.210.800/0018-9";"233847";"4";"2021-03-11T00:00:00";"49.98";"0";"49.98";"3";"2021";"0";"";"";"1751915";"";"";"";"2439";"7166560";"https://www.camara.leg.br/cota-parlamentar/nota-fiscal-eletronica?ideDocumentoFiscal=7166560"
"LIDERANÇA DO PT";"";"";"";"2019";"NA";"";"56";"13";"FORNECIMENTO DE ALIMENTAÇÃO DO PARLAMENTAR";"0";"";"IGUACU NOVO BAR E RESTAURANTE LTDA";"309.210.800/0018-9";"233848";"4";"2021-03-11T00:00:00";"99.96";"0";"99.96";"3";"2021";"0";"";"";"1751915";"";"";"";"2439";"7166563";"https://www.camara.leg.br/cota-parlamentar/nota-fiscal-eletronica?ideDocumentoFiscal=7166563"
"LIDERANÇA DO PT";"";"";"";"2019";"NA";"";"56";"13";"FORNECIMENTO DE ALIMENTAÇÃO DO PARLAMENTAR";"0";"";"LOMBARDIA COMERCIAL LTDA";"038.740.460/0012-8";"71524";"4";"2021-02-24T00:00:00";"63.93";"0";"63.93";"2";"2021";"0";"";"";"1747055";"";"";"";"2439";"7157841";"https://www.camara.leg.br/cota-parlamentar/nota-fiscal-eletronica?ideDocumentoFiscal=7157841"
"LIDERANÇA DO PT";"";"";"";"2019";"NA";"";"56";"13";"FORNECIMENTO DE ALIMENTAÇÃO DO PARLAMENTAR";"0";"";"Mercadinho La Palma Ltda";"006.726.000/0010-4";"174942";"4";"2021-06-08T00:00:00";"103.19";"0";"103.19";"6";"2021";"0";"";"";"1770111";"";"";"";"2439";"7204479";"https://www.camara.leg.br/cota-parlamentar/nota-fiscal-eletronica?ideDocumentoFiscal=7204479"
"LIDERANÇA DO PT";"";"";"";"2019";"NA";"";"56";"13";"FORNECIMENTO DE ALIMENTAÇÃO DO PARLAMENTAR";"0";"";"Mercadinho La Palma Ltda";"006.726.000/0010-4";"175568";"4";"2021-06-15T00:00:00";"98.35";"0";"98.35";"6";"2021";"0";"";"";"1774319";"";"";"";"2439";"7212366";"https://www.camara.leg.br/cota-parlamentar/nota-fiscal-eletronica?ideDocumentoFiscal=7212366"
"LIDERANÇA DO PT";"";"";"";"2019";"NA";"";"56";"13";"FORNECIMENTO DE ALIMENTAÇÃO DO PARLAMENTAR";"0";"";"Mercadinho La Palma Ltda";"006.726.000/0010-4";"61720";"4";"2021-08-03T00:00:00";"119.92";"0";"119.92";"7";"2021";"0";"";"";"1784476";"";"";"";"2439";"7233867";"https://www.camara.leg.br/cota-parlamentar/nota-fiscal-eletronica?ideDocumentoFiscal=7233867"
"LIDERANÇA DO PT";"";"";"";"2019";"NA";"";"56";"13";"FORNECIMENTO DE ALIMENTAÇÃO DO PARLAMENTAR";"0";"";"Mercadinho La Palma Ltda";"006.726.000/0010-4";"75278";"4";"2021-05-18T00:00:00";"86.42";"0";"86.42";"5";"2021";"0";"";"";"1765012";"";"";"";"2439";"7193586";"https://www.camara.leg.br/cota-parlamentar/nota-fiscal-eletronica?ideDocumentoFiscal=7193586"
"LIDERANÇA DO PT";"";"";"";"2019";"NA";"";"56";"13";"FORNECIMENTO DE ALIMENTAÇÃO DO PARLAMENTAR";"0";"";"Mercadinho La Palma Ltda";"006.726.000/0010-4";"75796";"4";"2021-05-24T00:00:00";"79.36";"0";"79.36";"5";"2021";"0";"";"";"1766880";"";"";"";"2439";"7197821";"https://www.camara.leg.br/cota-parlamentar/nota-fiscal-eletronica?ideDocumentoFiscal=7197821"
"LIDERANÇA DO PT";"";"";"";"2019";"NA";"";"56";"13";"FORNECIMENTO DE ALIMENTAÇÃO DO PARLAMENTAR";"0";"";"Mercadinho La Palma Ltda";"006.726.000/0010-4";"77780";"4";"2021-06-21T00:00:00";"103.12";"0";"103.12";"6";"2021";"0";"";"";"1774319";"";"";"";"2439";"7212117";"https://www.camara.leg.br/cota-parlamentar/nota-fiscal-eletronica?ideDocumentoFiscal=7212117"
"LIDERANÇA DO PT";"";"";"";"2019";"NA";"";"56";"13";"FORNECIMENTO DE ALIMENTAÇÃO DO PARLAMENTAR";"0";"";"Mercadinho La Palma Ltda";"006.726.000/0010-4";"82546";"4";"2021-08-23T00:00:00";"198.27";"0";"198.27";"8";"2021";"0";"";"";"1789213";"";"";"";"2439";"7244961";"https://www.camara.leg.br/cota-parlamentar/nota-fiscal-eletronica?ideDocumentoFiscal=7244961"
"LIDERANÇA DO PT";"";"";"";"2019";"NA";"";"56";"13";"FORNECIMENTO DE ALIMENTAÇÃO DO PARLAMENTAR";"0";"";"Mercadinho La Palma Ltda";"006.726.000/0010-4";"85735";"4";"2021-09-27T00:00:00";"160.12";"0";"160.12";"9";"2021";"0";"";"";"1797282";"";"";"";"2439";"7262879";"https://www.camara.leg.br/cota-parlamentar/nota-fiscal-eletronica?ideDocumentoFiscal=7262879"
"LIDERANÇA DO PT";"";"";"";"2019";"NA";"";"56";"13";"FORNECIMENTO DE ALIMENTAÇÃO DO PARLAMENTAR";"0";"";"Mercadinho La Palma Ltda";"006.726.000/0010-4";"87179";"4";"2021-10-13T00:00:00";"52.15";"0";"52.15";"10";"2021";"0";"";"";"1800930";"";"";"";"2439";"7270650";"https://www.camara.leg.br/cota-parlamentar/nota-fiscal-eletronica?ideDocumentoFiscal=7270650"
"LIDERANÇA DO PT";"";"";"";"2019";"NA";"";"56";"13";"FORNECIMENTO DE ALIMENTAÇÃO DO PARLAMENTAR";"0";"";"MERCADINHO LA PALMA LTDA";"006.726.000/0010-4";"88345";"0";"2021-10-26T00:00:00";"189.06";"0";"189.06";"10";"2021";"0";"";"";"1804078";"";"";"";"2439";"7277917";"https://www.camara.leg.br/cota-parlamentar/documentos/publ/2439/2021/7277917.pdf"
"LIDERANÇA DO PT";"";"";"";"2019";"NA";"";"56";"13";"FORNECIMENTO DE ALIMENTAÇÃO DO PARLAMENTAR";"0";"";"Mercadinho La Palma Ltda";"006.726.000/0010-4";"91094";"4";"2021-11-29T00:00:00";"216.05";"0";"216.05";"11";"2021";"0";"";"";"1812678";"";"";"";"2439";"7297257";"https://www.camara.leg.br/cota-parlamentar/nota-fiscal-eletronica?ideDocumentoFiscal=7297257"
"LIDERANÇA DO PT";"";"";"";"2019";"NA";"";"56";"13";"FORNECIMENTO DE ALIMENTAÇÃO DO PARLAMENTAR";"0";"";"Mercadinho La Palma Ltda";"006.726.000/0010-4";"91651";"4";"2021-12-06T00:00:00";"241.85";"0";"241.85";"12";"2021";"0";"";"";"1814962";"";"";"";"2439";"7301111";"https://www.camara.leg.br/cota-parlamentar/nota-fiscal-eletronica?ideDocumentoFiscal=7301111"
"LIDERANÇA DO PT";"";"";"";"2019";"NA";"";"56";"13";"FORNECIMENTO DE ALIMENTAÇÃO DO PARLAMENTAR";"0";"";"MIKAMI PRODUTOS ORIENTAIS LTDA";"188.447.750/0010-9";"44255";"4";"2021-08-16T00:00:00";"92.77";"0";"92.77";"8";"2021";"0";"";"";"1787147";"";"";"";"2439";"7239336";"https://www.camara.leg.br/cota-parlamentar/nota-fiscal-eletronica?ideDocumentoFiscal=7239336"
"LIDERANÇA DO PT";"";"";"";"2019";"NA";"";"56";"13";"FORNECIMENTO DE ALIMENTAÇÃO DO PARLAMENTAR";"0";"";"MIKAMI PRODUTOS ORIENTAIS LTDA";"188.447.750/0010-9";"78636";"4";"2021-11-22T00:00:00";"181.75";"0";"181.75";"11";"2021";"0";"";"";"1810984";"";"";"";"2439";"7293411";"https://www.camara.leg.br/cota-parlamentar/nota-fiscal-eletronica?ideDocumentoFiscal=7293411"
"LIDERANÇA DO PT";"";"";"";"2019";"NA";"";"56";"13";"FORNECIMENTO DE ALIMENTAÇÃO DO PARLAMENTAR";"0";"";"OLIVIER - RESTAURANTE PEIXE NA REDE LTDA";"323.572.710/0019-5";"69092";"4";"2021-02-26T00:00:00";"66.8";"15";"51.8";"2";"2021";"0";"";"";"1747925";"";"";"";"2439";"7159548";"https://www.camara.leg.br/cota-parlamentar/nota-fiscal-eletronica?ideDocumentoFiscal=7159548"
"LIDERANÇA DO PT";"";"";"";"2019";"NA";"";"56";"13";"FORNECIMENTO DE ALIMENTAÇÃO DO PARLAMENTAR";"0";"";"POSTO PETROMINAS LTDA";"092.058.350/0015-2";"275088";"4";"2021-08-16T00:00:00";"181.3";"0";"181.3";"8";"2021";"0";"";"";"1787150";"";"";"";"2439";"7239338";"https://www.camara.leg.br/cota-parlamentar/nota-fiscal-eletronica?ideDocumentoFiscal=7239338"
"LIDERANÇA DO PT";"";"";"";"2019";"NA";"";"56";"13";"FORNECIMENTO DE ALIMENTAÇÃO DO PARLAMENTAR";"0";"";"QUEIROZ & CARDOSO PROMOCAO DE EVENTOS LTDA";"407.762.150/0011-3";"17";"4";"2021-08-31T00:00:00";"330";"0";"330";"8";"2021";"0";"";"";"1790831";"";"";"";"2439";"7248389";"https://www.camara.leg.br/cota-parlamentar/nota-fiscal-eletronica?ideDocumentoFiscal=7248389"
"LIDERANÇA DO PT";"";"";"";"2019";"NA";"";"56";"13";"FORNECIMENTO DE ALIMENTAÇÃO DO PARLAMENTAR";"0";"";"Queiroz & Cardoso Promoção de Eventos Ltda";"407.762.150/0011-3";"11";"4";"2021-07-06T00:00:00";"300";"0";"300";"7";"2021";"0";"";"";"1778090";"";"";"";"2439";"7220346";"https://www.camara.leg.br/cota-parlamentar/nota-fiscal-eletronica?ideDocumentoFiscal=7220346"
"LIDERANÇA DO PT";"";"";"";"2019";"NA";"";"56";"13";"FORNECIMENTO DE ALIMENTAÇÃO DO PARLAMENTAR";"0";"";"Queiroz & Cardoso Promoção de Eventos Ltda";"407.762.150/0011-3";"18";"4";"2021-09-01T00:00:00";"330";"0";"330";"9";"2021";"0";"";"";"1790832";"";"";"";"2439";"7248382";"https://www.camara.leg.br/cota-parlamentar/nota-fiscal-eletronica?ideDocumentoFiscal=7248382"
"LIDERANÇA DO PT";"";"";"";"2019";"NA";"";"56";"13";"FORNECIMENTO DE ALIMENTAÇÃO DO PARLAMENTAR";"0";"";"Queiroz & Cardoso Promoção de Eventos Ltda";"407.762.150/0011-3";"9";"4";"2021-06-17T00:00:00";"400";"0";"400";"6";"2021";"0";"";"";"1774319";"";"";"";"2439";"7212357";"https://www.camara.leg.br/cota-parlamentar/nota-fiscal-eletronica?ideDocumentoFiscal=7212357"
"LIDERANÇA DO PT";"";"";"";"2019";"NA";"";"56";"13";"FORNECIMENTO DE ALIMENTAÇÃO DO PARLAMENTAR";"0";"";"Queiroz& Cardoso Promoção de Evento LTDA";"407.762.150/0011-3";"2";"4";"2021-05-18T00:00:00";"200";"0";"200";"5";"2021";"0";"";"";"1765681";"";"";"";"2439";"7195165";"https://www.camara.leg.br/cota-parlamentar/nota-fiscal-eletronica?ideDocumentoFiscal=7195165"
"LIDERANÇA DO PT";"";"";"";"2019";"NA";"";"56";"13";"FORNECIMENTO DE ALIMENTAÇÃO DO PARLAMENTAR";"0";"";"Queiroz& Cardoso Promoção de Evento LTDA";"407.762.150/0011-3";"3";"4";"2021-05-19T00:00:00";"200";"0";"200";"5";"2021";"0";"";"";"1765681";"";"";"";"2439";"7195167";"https://www.camara.leg.br/cota-parlamentar/nota-fiscal-eletronica?ideDocumentoFiscal=7195167"
"LIDERANÇA DO PT";"";"";"";"2019";"NA";"";"56";"13";"FORNECIMENTO DE ALIMENTAÇÃO DO PARLAMENTAR";"0";"";"Queiroz& Cardoso Promoção de Evento LTDA";"407.762.150/0011-3";"5";"4";"2021-05-25T00:00:00";"312";"0";"312";"5";"2021";"0";"";"";"1769077";"";"";"";"2439";"7202383";"https://www.camara.leg.br/cota-parlamentar/nota-fiscal-eletronica?ideDocumentoFiscal=7202383"
"LIDERANÇA DO PT";"";"";"";"2019";"NA";"";"56";"13";"FORNECIMENTO DE ALIMENTAÇÃO DO PARLAMENTAR";"0";"";"Queiroz& Cardoso Promoção de Evento LTDA";"407.762.150/0011-3";"7";"4";"2021-06-08T00:00:00";"202";"0";"202";"6";"2021";"0";"";"";"1770111";"";"";"";"2439";"7204484";"https://www.camara.leg.br/cota-parlamentar/nota-fiscal-eletronica?ideDocumentoFiscal=7204484"
"LIDERANÇA DO PT";"";"";"";"2019";"NA";"";"56";"13";"FORNECIMENTO DE ALIMENTAÇÃO DO PARLAMENTAR";"0";"";"Queiroz& Cardoso Promoção de Evento LTDA";"407.762.150/0011-3";"8";"4";"2021-06-09T00:00:00";"200";"0";"200";"6";"2021";"0";"";"";"1770270";"";"";"";"2439";"7204836";"https://www.camara.leg.br/cota-parlamentar/nota-fiscal-eletronica?ideDocumentoFiscal=7204836"
"LIDERANÇA DO PT";"";"";"";"2019";"NA";"";"56";"13";"FORNECIMENTO DE ALIMENTAÇÃO DO PARLAMENTAR";"0";"";"RESTAURANTE FIGUEIRA DA VILLA EIRELI - ME";"276.442.560/0019-8";"9087";"4";"2021-01-27T00:00:00";"305.8";"0";"305.8";"1";"2021";"0";"";"";"1741082";"";"";"";"2439";"7145633";"https://www.camara.leg.br/cota-parlamentar/nota-fiscal-eletronica?ideDocumentoFiscal=7145633"
"LIDERANÇA DO PT";"";"";"";"2019";"NA";"";"56";"13";"FORNECIMENTO DE ALIMENTAÇÃO DO PARLAMENTAR";"0";"";"RESTAURANTE FIGUEIRA DA VILLA EIRELI - ME";"276.442.560/0019-8";"9111";"4";"2021-02-03T00:00:00";"321.09";"44.19";"276.9";"2";"2021";"0";"";"";"1743299";"";"";"";"2439";"7150122";"https://www.camara.leg.br/cota-parlamentar/nota-fiscal-eletronica?ideDocumentoFiscal=7150122"
"LIDERANÇA DO PT";"";"";"";"2019";"NA";"";"56";"13";"FORNECIMENTO DE ALIMENTAÇÃO DO PARLAMENTAR";"0";"";"RESTAURANTE FIGUEIRA DA VILLA EIRELI - ME";"276.442.560/0019-8";"9155";"4";"2021-02-23T00:00:00";"129.8";"0";"129.8";"2";"2021";"0";"";"";"1746661";"";"";"";"2439";"7157036";"https://www.camara.leg.br/cota-parlamentar/nota-fiscal-eletronica?ideDocumentoFiscal=7157036"
"LIDERANÇA DO PT";"";"";"";"2019";"NA";"";"56";"13";"FORNECIMENTO DE ALIMENTAÇÃO DO PARLAMENTAR";"0";"";"RESTAURANTE FIGUEIRA DA VILLA EIRELI - ME";"276.442.560/0019-8";"9161";"4";"2021-02-24T00:00:00";"129.8";"0";"129.8";"2";"2021";"0";"";"";"1747055";"";"";"";"2439";"7157828";"https://www.camara.leg.br/cota-parlamentar/nota-fiscal-eletronica?ideDocumentoFiscal=7157828"
"LIDERANÇA DO PT";"";"";"";"2019";"NA";"";"56";"13";"FORNECIMENTO DE ALIMENTAÇÃO DO PARLAMENTAR";"0";"";"RESTAURANTE FIGUEIRA DA VILLA EIRELI - ME";"276.442.560/0019-8";"9167";"4";"2021-02-25T00:00:00";"194.7";"0";"194.7";"2";"2021";"0";"";"";"1747925";"";"";"";"2439";"7159563";"https://www.camara.leg.br/cota-parlamentar/nota-fiscal-eletronica?ideDocumentoFiscal=7159563"
"LIDERANÇA DO PT";"";"";"";"2019";"NA";"";"56";"13";"FORNECIMENTO DE ALIMENTAÇÃO DO PARLAMENTAR";"0";"";"RESTAURANTE FIGUEIRA DA VILLA EIRELI - ME";"276.442.560/0019-8";"9171";"4";"2021-03-02T00:00:00";"64.9";"0";"64.9";"3";"2021";"0";"";"";"1750979";"";"";"";"2439";"7164687";"https://www.camara.leg.br/cota-parlamentar/nota-fiscal-eletronica?ideDocumentoFiscal=7164687"
"LIDERANÇA DO PT";"";"";"";"2019";"NA";"";"56";"13";"FORNECIMENTO DE ALIMENTAÇÃO DO PARLAMENTAR";"0";"";"RESTAURANTE FIGUEIRA DA VILLA EIRELI - ME";"276.442.560/0019-8";"9196";"4";"2021-03-09T00:00:00";"324.5";"0";"324.5";"3";"2021";"0";"";"";"1751285";"";"";"";"2439";"7165315";"https://www.camara.leg.br/cota-parlamentar/nota-fiscal-eletronica?ideDocumentoFiscal=7165315"
"LIDERANÇA DO PT";"";"";"";"2019";"NA";"";"56";"13";"FORNECIMENTO DE ALIMENTAÇÃO DO PARLAMENTAR";"0";"";"RESTAURANTE FIGUEIRA DA VILLA EIRELI - ME";"276.442.560/0019-8";"9200";"4";"2021-03-10T00:00:00";"445.94";"0";"445.94";"3";"2021";"0";"";"";"1751749";"";"";"";"2439";"7166249";"https://www.camara.leg.br/cota-parlamentar/nota-fiscal-eletronica?ideDocumentoFiscal=7166249"
"LIDERANÇA DO PT";"";"";"";"2019";"NA";"";"56";"13";"FORNECIMENTO DE ALIMENTAÇÃO DO PARLAMENTAR";"0";"";"RESTAURANTE FIGUEIRA DA VILLA EIRELI - ME";"276.442.560/0019-8";"9220";"4";"2021-03-17T00:00:00";"376.75";"52.25";"324.5";"3";"2021";"0";"";"";"1753926";"";"";"";"2439";"7170655";"https://www.camara.leg.br/cota-parlamentar/nota-fiscal-eletronica?ideDocumentoFiscal=7170655"
"LIDERANÇA DO PT";"";"";"";"2019";"NA";"";"56";"13";"FORNECIMENTO DE ALIMENTAÇÃO DO PARLAMENTAR";"0";"";"SERVICO NACIONAL DE APRENDIZAGEM COMERCIAL SENAC";"334.691.720/0067-2";"68021";"4";"2021-09-27T00:00:00";"27.65";"0";"27.65";"9";"2021";"0";"";"";"1796240";"";"";"";"2439";"7260266";"https://www.camara.leg.br/cota-parlamentar/nota-fiscal-eletronica?ideDocumentoFiscal=7260266"
"LIDERANÇA DO PT";"";"";"";"2019";"NA";"";"56";"13";"FORNECIMENTO DE ALIMENTAÇÃO DO PARLAMENTAR";"0";"";"SERVICO NACIONAL DE APRENDIZAGEM COMERCIAL SENAC";"334.691.720/0067-2";"68056";"4";"2021-09-30T00:00:00";"27.65";"0";"27.65";"9";"2021";"0";"";"";"1797282";"";"";"";"2439";"7262874";"https://www.camara.leg.br/cota-parlamentar/nota-fiscal-eletronica?ideDocumentoFiscal=7262874"
"LIDERANÇA DO PT";"";"";"";"2019";"NA";"";"56";"13";"FORNECIMENTO DE ALIMENTAÇÃO DO PARLAMENTAR";"0";"";"SERVICO NACIONAL DE APRENDIZAGEM COMERCIAL SENAC";"334.691.720/0067-2";"71058";"4";"2021-12-28T00:00:00";"27.65";"0";"27.65";"12";"2021";"0";"";"";"1821563";"";"";"";"2439";"7316157";"https://www.camara.leg.br/cota-parlamentar/nota-fiscal-eletronica?ideDocumentoFiscal=7316157"
"LIDERANÇA DO PT";"";"";"";"2019";"NA";"";"56";"13";"FORNECIMENTO DE ALIMENTAÇÃO DO PARLAMENTAR";"0";"";"SERVICO NACIONAL DE APRENDIZAGEM COMERCIAL SENAC";"334.691.720/0067-2";"81842";"4";"2021-09-02T00:00:00";"110.6";"0";"110.6";"9";"2021";"0";"";"";"1790977";"";"";"";"2439";"7248697";"https://www.camara.leg.br/cota-parlamentar/nota-fiscal-eletronica?ideDocumentoFiscal=7248697"
"LIDERANÇA DO PT";"";"";"";"2019";"NA";"";"56";"13";"FORNECIMENTO DE ALIMENTAÇÃO DO PARLAMENTAR";"0";"";"SERVICO NACIONAL DE APRENDIZAGEM COMERCIAL SENAC";"334.691.720/0067-2";"82089";"4";"2021-10-06T00:00:00";"165.9";"0";"165.9";"10";"2021";"0";"";"";"1799250";"";"";"";"2439";"7266878";"https://www.camara.leg.br/cota-parlamentar/nota-fiscal-eletronica?ideDocumentoFiscal=7266878"
"LIDERANÇA DO PT";"";"";"";"2019";"NA";"";"56";"13";"FORNECIMENTO DE ALIMENTAÇÃO DO PARLAMENTAR";"0";"";"SUPER VAREJAO DA FARTURA LTDA";"726.140.920/0045-3";"83182";"4";"2021-11-08T00:00:00";"207.38";"0";"207.38";"11";"2021";"0";"";"";"1807576";"";"";"";"2439";"7285531";"https://www.camara.leg.br/cota-parlamentar/nota-fiscal-eletronica?ideDocumentoFiscal=7285531"
"LIDERANÇA DO PT";"";"";"";"2019";"NA";"";"56";"13";"FORNECIMENTO DE ALIMENTAÇÃO DO PARLAMENTAR";"0";"";"SUPER VAREJAO DA FARTURA LTDA";"726.140.920/0045-3";"94880";"4";"2021-09-14T00:00:00";"170.13";"0";"170.13";"9";"2021";"0";"";"";"1794008";"";"";"";"2439";"7255215";"https://www.camara.leg.br/cota-parlamentar/nota-fiscal-eletronica?ideDocumentoFiscal=7255215"
"LIDERANÇA DO PT";"";"";"";"2019";"NA";"";"56";"13";"FORNECIMENTO DE ALIMENTAÇÃO DO PARLAMENTAR";"0";"";"SUPER VAREJAO DA FARTURA LTDA";"726.140.920/0045-3";"99280";"4";"2021-10-05T00:00:00";"222.35";"0";"222.35";"10";"2021";"0";"";"";"1799250";"";"";"";"2439";"7266871";"https://www.camara.leg.br/cota-parlamentar/nota-fiscal-eletronica?ideDocumentoFiscal=7266871"
"LIDERANÇA DO PT";"";"";"";"2019";"NA";"";"56";"13";"FORNECIMENTO DE ALIMENTAÇÃO DO PARLAMENTAR";"0";"";"SUPERMERCADO TATA SA";"040.591.130/0011-3";"465050";"4";"2021-11-16T00:00:00";"20.57";"0";"20.57";"11";"2021";"0";"";"";"1809332";"";"";"";"2439";"7289190";"https://www.camara.leg.br/cota-parlamentar/nota-fiscal-eletronica?ideDocumentoFiscal=7289190"
"LIDERANÇA DO PT";"";"";"";"2019";"NA";"";"56";"13";"FORNECIMENTO DE ALIMENTAÇÃO DO PARLAMENTAR";"0";"";"TREVISO GALETERIA E PIZZARIA LTDA";"246.829.760/0015-0";"64502";"4";"2021-08-03T00:00:00";"495.8";"0";"495.8";"8";"2021";"0";"";"";"1784478";"";"";"";"2439";"7233874";"https://www.camara.leg.br/cota-parlamentar/nota-fiscal-eletronica?ideDocumentoFiscal=7233874"
"LIDERANÇA DO PT";"";"";"";"2019";"NA";"";"56";"13";"FORNECIMENTO DE ALIMENTAÇÃO DO PARLAMENTAR";"0";"";"TREVISO GALETERIA E PIZZARIA LTDA";"246.829.760/0015-0";"64926";"4";"2021-08-17T00:00:00";"400";"0";"400";"8";"2021";"0";"";"";"1787695";"";"";"";"2439";"7241478";"https://www.camara.leg.br/cota-parlamentar/nota-fiscal-eletronica?ideDocumentoFiscal=7241478"
"LIDERANÇA DO PT";"";"";"";"2019";"NA";"";"56";"14";"HOSPEDAGEM ,EXCETO DO PARLAMENTAR NO DISTRITO FEDERAL.";"0";"";"MARQUISE EMPREENDIMENTOS S/A";"074.062.420/0012-9";"211019";"0";"2021-08-22T00:00:00";"1058";"0";"1058";"8";"2021";"0";"";"";"1789212";"";"";"";"2439";"7244953";"https://www.camara.leg.br/cota-parlamentar/documentos/publ/2439/2021/7244953.pdf"
"LIDERANÇA DO PT";"";"";"";"2019";"NA";"";"56";"14";"HOSPEDAGEM ,EXCETO DO PARLAMENTAR NO DISTRITO FEDERAL.";"0";"";"SOL INVEST - HOTEL JARAGUA LTDA.";"051.535.060/0015-4";"00060155";"0";"2021-07-19T00:00:00";"273";"0";"273";"7";"2021";"0";"";"";"1784475";"";"";"";"2439";"7233858";"https://www.camara.leg.br/cota-parlamentar/documentos/publ/2439/2021/7233858.pdf"
"LIDERANÇA DO PT";"";"";"";"2019";"NA";"";"56";"120";"LOCAÇÃO OU FRETAMENTO DE VEÍCULOS AUTOMOTORES";"0";"";"ABC TRANSPORTES EIRELI";"113.693.300/0017-5";"925";"4";"2022-01-27T00:00:00";"900";"0";"900";"11";"2021";"0";"";"";"1824157";"";"";"";"2439";"7321485";"https://www.camara.leg.br/cota-parlamentar/nota-fiscal-eletronica?ideDocumentoFiscal=7321485"
"LIDERANÇA DO PT";"";"";"";"2019";"NA";"";"56";"120";"LOCAÇÃO OU FRETAMENTO DE VEÍCULOS AUTOMOTORES";"0";"";"ABC TRANSPORTES EIRELI";"113.693.300/0017-5";"927";"4";"2022-01-31T00:00:00";"3000";"0";"3000";"12";"2021";"0";"";"";"1825533";"";"";"";"2439";"7324352";"https://www.camara.leg.br/cota-parlamentar/nota-fiscal-eletronica?ideDocumentoFiscal=7324352"
"LIDERANÇA DO PT";"";"";"";"2019";"NA";"";"56";"120";"LOCAÇÃO OU FRETAMENTO DE VEÍCULOS AUTOMOTORES";"0";"";"CAPITAL ALUGUEL DE CARROS LTDA";"359.703.360/0016-1";"32";"4";"2021-02-01T00:00:00";"2500";"0";"2500";"1";"2021";"0";"";"";"1743964";"";"";"";"2439";"7149195";"https://www.camara.leg.br/cota-parlamentar/nota-fiscal-eletronica?ideDocumentoFiscal=7149195"
"LIDERANÇA DO PT";"";"";"";"2019";"NA";"";"56";"120";"LOCAÇÃO OU FRETAMENTO DE VEÍCULOS AUTOMOTORES";"0";"";"CAPITAL ALUGUEL DE CARROS LTDA";"359.703.360/0016-1";"34";"4";"2021-02-28T00:00:00";"2500";"0";"2500";"2";"2021";"0";"";"";"1748091";"";"";"";"2439";"7160031";"https://www.camara.leg.br/cota-parlamentar/nota-fiscal-eletronica?ideDocumentoFiscal=7160031"
"LIDERANÇA DO PT";"";"";"";"2019";"NA";"";"56";"120";"LOCAÇÃO OU FRETAMENTO DE VEÍCULOS AUTOMOTORES";"0";"";"CAPITAL ALUGUEL DE CARROS LTDA";"359.703.360/0016-1";"42";"4";"2021-05-03T00:00:00";"3000";"0";"3000";"3";"2021";"0";"";"";"1765015";"";"";"";"2439";"7193662";"https://www.camara.leg.br/cota-parlamentar/nota-fiscal-eletronica?ideDocumentoFiscal=7193662"
"LIDERANÇA DO PT";"";"";"";"2019";"NA";"";"56";"120";"LOCAÇÃO OU FRETAMENTO DE VEÍCULOS AUTOMOTORES";"0";"";"CAPITAL ALUGUEL DE CARROS LTDA";"359.703.360/0016-1";"43";"4";"2021-05-10T00:00:00";"3000";"0";"3000";"4";"2021";"0";"";"";"1765017";"";"";"";"2439";"7193640";"https://www.camara.leg.br/cota-parlamentar/nota-fiscal-eletronica?ideDocumentoFiscal=7193640"
"LIDERANÇA DO PT";"";"";"";"2019";"NA";"";"56";"120";"LOCAÇÃO OU FRETAMENTO DE VEÍCULOS AUTOMOTORES";"0";"";"CAPITAL ALUGUEL DE CARROS LTDA";"359.703.360/0016-1";"52";"4";"2021-06-01T00:00:00";"3000";"0";"3000";"5";"2021";"0";"";"";"1769077";"";"";"";"2439";"7202393";"https://www.camara.leg.br/cota-parlamentar/nota-fiscal-eletronica?ideDocumentoFiscal=7202393"
"LIDERANÇA DO PT";"";"";"";"2019";"NA";"";"56";"120";"LOCAÇÃO OU FRETAMENTO DE VEÍCULOS AUTOMOTORES";"0";"";"CAPITAL ALUGUEL DE CARROS LTDA";"359.703.360/0016-1";"56";"4";"2021-07-01T00:00:00";"3000";"0";"3000";"6";"2021";"0";"";"";"1779295";"";"";"";"2439";"7222854";"https://www.camara.leg.br/cota-parlamentar/nota-fiscal-eletronica?ideDocumentoFiscal=7222854"
"LIDERANÇA DO PT";"";"";"";"2019";"NA";"";"56";"120";"LOCAÇÃO OU FRETAMENTO DE VEÍCULOS AUTOMOTORES";"0";"";"CAPITAL ALUGUEL DE CARROS LTDA";"359.703.360/0016-1";"57";"4";"2021-08-02T00:00:00";"3000";"0";"3000";"7";"2021";"0";"";"";"1782717";"";"";"";"2439";"7230475";"https://www.camara.leg.br/cota-parlamentar/nota-fiscal-eletronica?ideDocumentoFiscal=7230475"
"LIDERANÇA DO PT";"";"";"";"2019";"NA";"";"56";"120";"LOCAÇÃO OU FRETAMENTO DE VEÍCULOS AUTOMOTORES";"0";"";"CAPITAL ALUGUEL DE CARROS LTDA";"359.703.360/0016-1";"61";"4";"2021-09-01T00:00:00";"3000";"0";"3000";"8";"2021";"0";"";"";"1790831";"";"";"";"2439";"7248364";"https://www.camara.leg.br/cota-parlamentar/nota-fiscal-eletronica?ideDocumentoFiscal=7248364"
"LIDERANÇA DO PT";"";"";"";"2019";"NA";"";"56";"120";"LOCAÇÃO OU FRETAMENTO DE VEÍCULOS AUTOMOTORES";"0";"";"CAPITAL ALUGUEL DE CARROS LTDA";"359.703.360/0016-1";"66";"4";"2021-10-08T00:00:00";"3000";"0";"3000";"9";"2021";"0";"";"";"1809561";"";"";"";"2439";"7290299";"https://www.camara.leg.br/cota-parlamentar/nota-fiscal-eletronica?ideDocumentoFiscal=7290299"
"LIDERANÇA DO PT";"";"";"";"2019";"NA";"";"56";"120";"LOCAÇÃO OU FRETAMENTO DE VEÍCULOS AUTOMOTORES";"0";"";"CAPITAL ALUGUEL DE CARROS LTDA";"359.703.360/0016-1";"68";"4";"2021-11-23T00:00:00";"3000";"0";"3000";"10";"2021";"0";"";"";"1811622";"";"";"";"2439";"7295036";"https://www.camara.leg.br/cota-parlamentar/nota-fiscal-eletronica?ideDocumentoFiscal=7295036"
"LIDERANÇA DO PT";"";"";"";"2019";"NA";"";"56";"122";"SERVIÇO DE TÁXI, PEDÁGIO E ESTACIONAMENTO";"0";"";"ASSOCIACAO DE TAXI OLIMPIADAS.";"093.976.300/0011-6";"2623";"1";"2021-07-16T00:00:00";"25";"0";"25";"7";"2021";"0";"";"";"1784475";"";"";"";"2439";"7233848";"https://www.camara.leg.br/cota-parlamentar/documentos/publ/2439/2021/7233848.pdf"
"LIDERANÇA DO PT";"";"";"";"2019";"NA";"";"56";"122";"SERVIÇO DE TÁXI, PEDÁGIO E ESTACIONAMENTO";"0";"";"COOPERATIVA MISTA DE TRABALHO DOS MOTORISTAS AUTONOMOS DE TAXI ESPECIAL DE SP";"465.539.470/0012-0";"0848793684";"1";"2021-07-15T00:00:00";"44.9";"0";"44.9";"7";"2021";"0";"";"";"1784475";"";"";"";"2439";"7233842";"https://www.camara.leg.br/cota-parlamentar/documentos/publ/2439/2021/7233842.pdf"
"LIDERANÇA DO PT";"";"";"";"2019";"NA";"";"56";"122";"SERVIÇO DE TÁXI, PEDÁGIO E ESTACIONAMENTO";"0";"";"GUARUCOOP";"523.782.390/0010-1";"3144954";"1";"2021-08-31T00:00:00";"228";"0";"228";"8";"2021";"0";"";"";"1792419";"";"";"";"2439";"7251674";"https://www.camara.leg.br/cota-parlamentar/documentos/publ/2439/2021/7251674.pdf"
"LIDERANÇA DO PT";"";"";"";"2019";"NA";"";"56";"122";"SERVIÇO DE TÁXI, PEDÁGIO E ESTACIONAMENTO";"0";"";"UBER DO BRASIL TECNOLOGIA LTDA.";"178.956.460/0018-7";"7775";"1";"2021-08-31T00:00:00";"71.96";"0";"71.96";"8";"2021";"0";"";"";"1792419";"";"";"";"2439";"7251696";"https://www.camara.leg.br/cota-parlamentar/documentos/publ/2439/2021/7251696.pdf"
"LIDMIN";"";"";"";"2019";"NA";"";"56";"1";"MANUTENÇÃO DE ESCRITÓRIO DE APOIO À ATIVIDADE PARLAMENTAR";"0";"";"AMORETTO CAFES EXPRESSO LTDA";"085.324.290/0013-1";"26432";"4";"2021-01-05T00:00:00";"985";"0";"985";"1";"2021";"0";"";"";"1743963";"";"";"";"2806";"7151415";"https://www.camara.leg.br/cota-parlamentar/nota-fiscal-eletronica?ideDocumentoFiscal=7151415"
"LIDMIN";"";"";"";"2019";"NA";"";"56";"1";"MANUTENÇÃO DE ESCRITÓRIO DE APOIO À ATIVIDADE PARLAMENTAR";"0";"";"AMORETTO CAFES EXPRESSO LTDA";"085.324.290/0013-1";"26563";"4";"2021-02-05T00:00:00";"985";"0";"985";"2";"2021";"0";"";"";"1748256";"";"";"";"2806";"7160304";"https://www.camara.leg.br/cota-parlamentar/nota-fiscal-eletronica?ideDocumentoFiscal=7160304"
"LIDMIN";"";"";"";"2019";"NA";"";"56";"1";"MANUTENÇÃO DE ESCRITÓRIO DE APOIO À ATIVIDADE PARLAMENTAR";"0";"";"AMORETTO CAFES EXPRESSO LTDA";"085.324.290/0013-1";"26660";"4";"2021-03-03T00:00:00";"985";"0";"985";"3";"2021";"0";"";"";"1756969";"";"";"";"2806";"7176480";"https://www.camara.leg.br/cota-parlamentar/nota-fiscal-eletronica?ideDocumentoFiscal=7176480"
"LIDMIN";"";"";"";"2019";"NA";"";"56";"1";"MANUTENÇÃO DE ESCRITÓRIO DE APOIO À ATIVIDADE PARLAMENTAR";"0";"";"AMORETTO CAFES EXPRESSO LTDA";"085.324.290/0013-1";"26869";"4";"2021-05-06T00:00:00";"985";"0";"985";"5";"2021";"0";"";"";"1769196";"";"";"";"2806";"7202679";"https://www.camara.leg.br/cota-parlamentar/nota-fiscal-eletronica?ideDocumentoFiscal=7202679"
"LIDMIN";"";"";"";"2019";"NA";"";"56";"1";"MANUTENÇÃO DE ESCRITÓRIO DE APOIO À ATIVIDADE PARLAMENTAR";"0";"";"AMORETTO CAFES EXPRESSO LTDA";"085.324.290/0013-1";"26961";"4";"2021-06-02T00:00:00";"985";"0";"985";"6";"2021";"0";"";"";"1776582";"";"";"";"2806";"7217199";"https://www.camara.leg.br/cota-parlamentar/nota-fiscal-eletronica?ideDocumentoFiscal=7217199"
"LIDMIN";"";"";"";"2019";"NA";"";"56";"1";"MANUTENÇÃO DE ESCRITÓRIO DE APOIO À ATIVIDADE PARLAMENTAR";"0";"";"AMORETTO CAFES EXPRESSO LTDA";"085.324.290/0013-1";"27070";"4";"2021-07-06T00:00:00";"985";"0";"985";"7";"2021";"0";"";"";"1783055";"";"";"";"2806";"7231477";"https://www.camara.leg.br/cota-parlamentar/nota-fiscal-eletronica?ideDocumentoFiscal=7231477"
"LIDMIN";"";"";"";"2019";"NA";"";"56";"1";"MANUTENÇÃO DE ESCRITÓRIO DE APOIO À ATIVIDADE PARLAMENTAR";"0";"";"AMORETTO CAFES EXPRESSO LTDA";"085.324.290/0013-1";"27173";"4";"2021-08-05T00:00:00";"985";"0";"985";"8";"2021";"0";"";"";"1791498";"";"";"";"2806";"7249789";"https://www.camara.leg.br/cota-parlamentar/nota-fiscal-eletronica?ideDocumentoFiscal=7249789"
"LIDMIN";"";"";"";"2019";"NA";"";"56";"1";"MANUTENÇÃO DE ESCRITÓRIO DE APOIO À ATIVIDADE PARLAMENTAR";"0";"";"AMORETTO CAFES EXPRESSO LTDA";"085.324.290/0013-1";"27278";"4";"2021-09-02T00:00:00";"985";"0";"985";"9";"2021";"0";"";"";"1798532";"";"";"";"2806";"7265487";"https://www.camara.leg.br/cota-parlamentar/nota-fiscal-eletronica?ideDocumentoFiscal=7265487"
"LIDMIN";"";"";"";"2019";"NA";"";"56";"1";"MANUTENÇÃO DE ESCRITÓRIO DE APOIO À ATIVIDADE PARLAMENTAR";"0";"";"SMART CERTIFICACAO DIGITAL E TECNOLOGIA EIRELI ME";"337.183.980/0015-5";"3182";"4";"2021-01-28T00:00:00";"210";"0";"210";"1";"2021";"0";"";"";"1742278";"";"";"";"2806";"7148149";"https://www.camara.leg.br/cota-parlamentar/nota-fiscal-eletronica?ideDocumentoFiscal=7148149"
"LIDMIN";"";"";"";"2019";"NA";"";"56";"1";"MANUTENÇÃO DE ESCRITÓRIO DE APOIO À ATIVIDADE PARLAMENTAR";"0";"";"Zoom Video Communications Inc.";"000.000.000/0001-0";"102368074";"1";"2021-08-15T00:00:00";"78.64";"0";"78.64";"8";"2021";"0";"";"";"1787438";"";"";"";"2806";"7240905";"https://www.camara.leg.br/cota-parlamentar/documentos/publ/2806/2021/7240905.pdf"
"LIDMIN";"";"";"";"2019";"NA";"";"56";"1";"MANUTENÇÃO DE ESCRITÓRIO DE APOIO À ATIVIDADE PARLAMENTAR";"0";"";"Zoom Video Communications Inc.";"000.000.000/0001-0";"7002164168";"1";"2021-06-16T00:00:00";"76.25";"0";"76.25";"6";"2021";"0";"";"";"1773564";"";"";"";"2806";"7210927";"https://www.camara.leg.br/cota-parlamentar/documentos/publ/2806/2021/7210927.pdf"
"LIDMIN";"";"";"";"2019";"NA";"";"56";"1";"MANUTENÇÃO DE ESCRITÓRIO DE APOIO À ATIVIDADE PARLAMENTAR";"0";"";"Zoom Video Communications Inc.";"000.000.000/0001-0";"7002164168";"1";"2021-07-15T00:00:00";"76.44";"0";"76.44";"7";"2021";"0";"";"";"1787436";"";"";"";"2806";"7240899";"https://www.camara.leg.br/cota-parlamentar/documentos/publ/2806/2021/7240899.pdf"
"LIDMIN";"";"";"";"2019";"NA";"";"56";"1";"MANUTENÇÃO DE ESCRITÓRIO DE APOIO À ATIVIDADE PARLAMENTAR";"0";"";"Zoom Video Communications Inc.";"000.000.000/0001-0";"7002164168";"1";"2021-09-15T00:00:00";"78.8";"0";"78.8";"9";"2021";"0";"";"";"1793895";"";"";"";"2806";"7254970";"https://www.camara.leg.br/cota-parlamentar/documentos/publ/2806/2021/7254970.pdf"
"LIDMIN";"";"";"";"2019";"NA";"";"56";"1";"MANUTENÇÃO DE ESCRITÓRIO DE APOIO À ATIVIDADE PARLAMENTAR";"0";"";"Zoom Video Communications Inc.";"000.000.000/0001-0";"INV68816481";"1";"2021-02-15T00:00:00";"80.65";"0";"80.65";"2";"2021";"0";"";"";"1760599";"";"";"";"2806";"7184140";"https://www.camara.leg.br/cota-parlamentar/documentos/publ/2806/2021/7184140.pdf"
"LIDMIN";"";"";"";"2019";"NA";"";"56";"1";"MANUTENÇÃO DE ESCRITÓRIO DE APOIO À ATIVIDADE PARLAMENTAR";"0";"";"Zoom Video Communications Inc.";"000.000.000/0001-0";"INV74385285";"1";"2021-03-15T00:00:00";"84.37";"0";"84.37";"3";"2021";"0";"";"";"1760618";"";"";"";"2806";"7184169";"https://www.camara.leg.br/cota-parlamentar/documentos/publ/2806/2021/7184169.pdf"
"LIDMIN";"";"";"";"2019";"NA";"";"56";"1";"MANUTENÇÃO DE ESCRITÓRIO DE APOIO À ATIVIDADE PARLAMENTAR";"0";"";"Zoom Video Communications Inc.";"000.000.000/0001-0";"INV80428972";"1";"2021-04-15T00:00:00";"84.28";"0";"84.28";"4";"2021";"0";"";"";"1760630";"";"";"";"2806";"7184187";"https://www.camara.leg.br/cota-parlamentar/documentos/publ/2806/2021/7184187.pdf"
"LIDMIN";"";"";"";"2019";"NA";"";"56";"1";"MANUTENÇÃO DE ESCRITÓRIO DE APOIO À ATIVIDADE PARLAMENTAR";"0";"";"Zoom Video Communications Inc.";"000.000.000/0001-0";"INV86152967";"1";"2021-05-15T00:00:00";"78.98";"0";"78.98";"5";"2021";"0";"";"";"1773560";"";"";"";"2806";"7210918";"https://www.camara.leg.br/cota-parlamentar/documentos/publ/2806/2021/7210918.pdf"
"LIDMIN";"";"";"";"2019";"NA";"";"56";"5";"DIVULGAÇÃO DA ATIVIDADE PARLAMENTAR.";"0";"";"LEONARDO AUGUSTO RODRIGUES 04995267166";"272.646.780/0013-8";"002120150";"0";"2021-05-11T00:00:00";"4000";"0";"4000";"5";"2021";"0";"";"";"1764053";"";"";"";"2806";"7191467";"https://www.camara.leg.br/cota-parlamentar/documentos/publ/2806/2021/7191467.pdf"
"LIDMIN";"";"";"";"2019";"NA";"";"56";"5";"DIVULGAÇÃO DA ATIVIDADE PARLAMENTAR.";"0";"";"LEONARDO AUGUSTO RODRIGUES 04995267166";"272.646.780/0013-8";"002197004";"0";"2021-07-15T00:00:00";"4000";"0";"4000";"6";"2021";"0";"";"";"1780043";"";"";"";"2806";"7224380";"https://www.camara.leg.br/cota-parlamentar/documentos/publ/2806/2021/7224380.pdf"
"LIDMIN";"";"";"";"2019";"NA";"";"56";"5";"DIVULGAÇÃO DA ATIVIDADE PARLAMENTAR.";"0";"";"LEONARDO AUGUSTO RODRIGUES 04995267166";"272.646.780/0013-8";"002229430";"0";"2021-08-10T00:00:00";"4000";"0";"4000";"7";"2021";"0";"";"";"1785922";"";"";"";"2806";"7237514";"https://www.camara.leg.br/cota-parlamentar/documentos/publ/2806/2021/7237514.pdf"
"LIDMIN";"";"";"";"2019";"NA";"";"56";"5";"DIVULGAÇÃO DA ATIVIDADE PARLAMENTAR.";"0";"";"LEONARDO AUGUSTO RODRIGUES 04995267166";"272.646.780/0013-8";"002263601";"0";"2021-09-09T00:00:00";"4000";"0";"4000";"8";"2021";"0";"";"";"1792270";"";"";"";"2806";"7251442";"https://www.camara.leg.br/cota-parlamentar/documentos/publ/2806/2021/7251442.pdf"
"LIDMIN";"";"";"";"2019";"NA";"";"56";"5";"DIVULGAÇÃO DA ATIVIDADE PARLAMENTAR.";"0";"";"LEONARDO AUGUSTO RODRIGUES 04995267166";"272.646.780/0013-8";"002296506";"0";"2021-10-05T00:00:00";"4000";"0";"4000";"9";"2021";"0";"";"";"1798993";"";"";"";"2806";"7266411";"https://www.camara.leg.br/cota-parlamentar/documentos/publ/2806/2021/7266411.pdf"
"LIDMIN";"";"";"";"2019";"NA";"";"56";"5";"DIVULGAÇÃO DA ATIVIDADE PARLAMENTAR.";"0";"";"LEONARDO AUGUSTO RODRIGUES 04995267166";"272.646.780/0013-8";"002330647";"0";"2021-11-03T00:00:00";"4000";"0";"4000";"10";"2021";"0";"";"";"1804958";"";"";"";"2806";"7279879";"https://www.camara.leg.br/cota-parlamentar/documentos/publ/2806/2021/7279879.pdf"
"LIDMIN";"";"";"";"2019";"NA";"";"56";"5";"DIVULGAÇÃO DA ATIVIDADE PARLAMENTAR.";"0";"";"LEONARDO AUGUSTO RODRIGUES 04995267166";"272.646.780/0013-8";"002376885";"0";"2021-12-06T00:00:00";"4000";"0";"4000";"11";"2021";"0";"";"";"1813663";"";"";"";"2806";"7299311";"https://www.camara.leg.br/cota-parlamentar/documentos/publ/2806/2021/7299311.pdf"
"LIDMIN";"";"";"";"2019";"NA";"";"56";"5";"DIVULGAÇÃO DA ATIVIDADE PARLAMENTAR.";"0";"";"LEONARDO AUGUSTO RODRIGUES 04995267166";"272.646.780/0013-8";"002423100";"0";"2022-01-07T00:00:00";"4000";"0";"4000";"12";"2021";"0";"";"";"1820674";"";"";"";"2806";"7314293";"https://www.camara.leg.br/cota-parlamentar/documentos/publ/2806/2022/7314293.pdf"
"LIDMIN";"";"";"";"2019";"NA";"";"56";"5";"DIVULGAÇÃO DA ATIVIDADE PARLAMENTAR.";"0";"";"RF PRODUCOES ARTISTICAS LTDA";"213.086.370/0011-0";"202117";"0";"2021-10-22T00:00:00";"1300";"0";"1300";"10";"2021";"0";"";"";"1804977";"";"";"";"2806";"7279872";"https://www.camara.leg.br/cota-parlamentar/documentos/publ/2806/2021/7279872.pdf"
"LIDMIN";"";"";"";"2019";"NA";"";"56";"5";"DIVULGAÇÃO DA ATIVIDADE PARLAMENTAR.";"0";"";"RF PRODUCOES ARTISTICAS LTDA";"213.086.370/0011-0";"202120";"0";"2021-11-08T00:00:00";"1300";"0";"1300";"11";"2021";"0";"";"";"1808865";"";"";"";"2806";"7288529";"https://www.camara.leg.br/cota-parlamentar/documentos/publ/2806/2021/7288529.pdf"
"LIDMIN";"";"";"";"2019";"NA";"";"56";"13";"FORNECIMENTO DE ALIMENTAÇÃO DO PARLAMENTAR";"0";"";"BISCOITOS CASEIROS HOMONNAI LTDA";"046.448.200/0017-7";"234956";"4";"2021-02-24T00:00:00";"137.97";"0";"137.97";"2";"2021";"0";"";"";"1747130";"";"";"";"2806";"7157995";"https://www.camara.leg.br/cota-parlamentar/nota-fiscal-eletronica?ideDocumentoFiscal=7157995"
"LIDMIN";"";"";"";"2019";"NA";"";"56";"13";"FORNECIMENTO DE ALIMENTAÇÃO DO PARLAMENTAR";"0";"";"R.E.M. BISCOITOS CASEIROS LTDA";"012.175.080/0010-9";"214277";"4";"2021-02-01T00:00:00";"175.18";"0";"175.18";"2";"2021";"0";"";"";"1741969";"";"";"";"2806";"7147536";"https://www.camara.leg.br/cota-parlamentar/nota-fiscal-eletronica?ideDocumentoFiscal=7147536"
"LIDMIN";"";"";"";"2019";"NA";"";"56";"13";"FORNECIMENTO DE ALIMENTAÇÃO DO PARLAMENTAR";"0";"";"R.E.M. Biscoitos Caseiros Ltda";"012.175.080/0010-9";"24165";"4";"2021-08-18T00:00:00";"420.57";"20";"400.57";"8";"2021";"0";"";"";"1787399";"";"";"";"2806";"7240794";"https://www.camara.leg.br/cota-parlamentar/nota-fiscal-eletronica?ideDocumentoFiscal=7240794"
"LIDMIN";"";"";"";"2019";"NA";"";"56";"120";"LOCAÇÃO OU FRETAMENTO DE VEÍCULOS AUTOMOTORES";"0";"";"PANTANAL VEÍCULOS LTDA";"073.193.230/0019-1";"20074";"1";"2021-02-25T00:00:00";"3800";"0";"3800";"2";"2021";"0";"";"";"1748296";"";"";"";"2806";"7160332";"https://www.camara.leg.br/cota-parlamentar/documentos/publ/2806/2021/7160332.pdf"
"LIDMIN";"";"";"";"2019";"NA";"";"56";"120";"LOCAÇÃO OU FRETAMENTO DE VEÍCULOS AUTOMOTORES";"0";"";"PANTANAL VEÍCULOS LTDA";"073.193.230/0019-1";"20179";"1";"2021-03-30T00:00:00";"3800";"0";"3800";"3";"2021";"0";"";"";"1755316";"";"";"";"2806";"7173347";"https://www.camara.leg.br/cota-parlamentar/documentos/publ/2806/2021/7173347.pdf"
"NOVO";"";"";"";"2019";"NA";"";"56";"1";"MANUTENÇÃO DE ESCRITÓRIO DE APOIO À ATIVIDADE PARLAMENTAR";"0";"";"Abobe Systems Software";"000.000.000/0001-0";"1351726952";"1";"2021-02-18T00:00:00";"224";"0";"224";"2";"2021";"0";"";"";"1746414";"";"";"";"3441";"7156465";"https://www.camara.leg.br/cota-parlamentar/documentos/publ/3441/2021/7156465.pdf"
"NOVO";"";"";"";"2019";"NA";"";"56";"1";"MANUTENÇÃO DE ESCRITÓRIO DE APOIO À ATIVIDADE PARLAMENTAR";"0";"";"Adobe";"000.000.000/0001-0";"1408960713";"1";"2021-05-18T00:00:00";"224";"0";"224";"5";"2021";"0";"";"";"1765859";"";"";"";"3441";"7195608";"https://www.camara.leg.br/cota-parlamentar/documentos/publ/3441/2021/7195608.pdf"
"NOVO";"";"";"";"2019";"NA";"";"56";"1";"MANUTENÇÃO DE ESCRITÓRIO DE APOIO À ATIVIDADE PARLAMENTAR";"0";"";"Adobe";"000.000.000/0001-0";"1448195836";"1";"2021-07-18T00:00:00";"224";"0";"224";"7";"2021";"0";"";"";"1780511";"";"";"";"3441";"7225403";"https://www.camara.leg.br/cota-parlamentar/documentos/publ/3441/2021/7225403.pdf"
"NOVO";"";"";"";"2019";"NA";"";"56";"1";"MANUTENÇÃO DE ESCRITÓRIO DE APOIO À ATIVIDADE PARLAMENTAR";"0";"";"Adobe";"000.000.000/0001-0";"1468067341";"1";"2021-08-18T00:00:00";"224";"0";"224";"8";"2021";"0";"";"";"1787440";"";"";"";"3441";"7240911";"https://www.camara.leg.br/cota-parlamentar/documentos/publ/3441/2021/7240911.pdf"
"NOVO";"";"";"";"2019";"NA";"";"56";"1";"MANUTENÇÃO DE ESCRITÓRIO DE APOIO À ATIVIDADE PARLAMENTAR";"0";"";"Adobe";"000.000.000/0001-0";"1488343478";"1";"2021-09-18T00:00:00";"224";"0";"224";"9";"2021";"0";"";"";"1794770";"";"";"";"3441";"7256864";"https://www.camara.leg.br/cota-parlamentar/documentos/publ/3441/2021/7256864.pdf"
"NOVO";"";"";"";"2019";"NA";"";"56";"1";"MANUTENÇÃO DE ESCRITÓRIO DE APOIO À ATIVIDADE PARLAMENTAR";"0";"";"Adobe";"000.000.000/0001-0";"1508904731";"1";"2021-10-18T00:00:00";"224";"0";"224";"10";"2021";"0";"";"";"1801375";"";"";"";"3441";"7271789";"https://www.camara.leg.br/cota-parlamentar/documentos/publ/3441/2021/7271789.pdf"
"NOVO";"";"";"";"2019";"NA";"";"56";"1";"MANUTENÇÃO DE ESCRITÓRIO DE APOIO À ATIVIDADE PARLAMENTAR";"0";"";"Adobe";"000.000.000/0001-0";"1550887359";"1";"2021-12-18T00:00:00";"224";"0";"224";"12";"2021";"0";"";"";"1820164";"";"";"";"3441";"7313214";"https://www.camara.leg.br/cota-parlamentar/documentos/publ/3441/2022/7313214.pdf"
"NOVO";"";"";"";"2019";"NA";"";"56";"1";"MANUTENÇÃO DE ESCRITÓRIO DE APOIO À ATIVIDADE PARLAMENTAR";"0";"";"Adobe Account";"000.000.000/0001-0";"1529798323";"1";"2021-11-18T00:00:00";"224";"0";"224";"11";"2021";"0";"";"";"1811315";"";"";"";"3441";"7294294";"https://www.camara.leg.br/cota-parlamentar/documentos/publ/3441/2021/7294294.pdf"
"NOVO";"";"";"";"2019";"NA";"";"56";"1";"MANUTENÇÃO DE ESCRITÓRIO DE APOIO À ATIVIDADE PARLAMENTAR";"0";"";"Adobe e Systems Software Ireland Ltd";"000.000.000/0001-0";"1389613702";"1";"2021-04-18T00:00:00";"224";"0";"224";"4";"2021";"0";"";"";"1759490";"";"";"";"3441";"7181685";"https://www.camara.leg.br/cota-parlamentar/documentos/publ/3441/2021/7181685.pdf"
"NOVO";"";"";"";"2019";"NA";"";"56";"1";"MANUTENÇÃO DE ESCRITÓRIO DE APOIO À ATIVIDADE PARLAMENTAR";"0";"";"Adobe Systems Software";"000.000.000/0001-0";"1370537857";"1";"2021-03-18T00:00:00";"224";"0";"224";"3";"2021";"0";"";"";"1753394";"";"";"";"3441";"7169572";"https://www.camara.leg.br/cota-parlamentar/documentos/publ/3441/2021/7169572.pdf"
"NOVO";"";"";"";"2019";"NA";"";"56";"1";"MANUTENÇÃO DE ESCRITÓRIO DE APOIO À ATIVIDADE PARLAMENTAR";"0";"";"Adobe Systems Software";"000.000.000/0001-0";"1428559338";"1";"2021-06-18T00:00:00";"224";"0";"224";"6";"2021";"0";"";"";"1772448";"";"";"";"3441";"7209627";"https://www.camara.leg.br/cota-parlamentar/documentos/publ/3441/2021/7209627.pdf"
"NOVO";"";"";"";"2019";"NA";"";"56";"1";"MANUTENÇÃO DE ESCRITÓRIO DE APOIO À ATIVIDADE PARLAMENTAR";"0";"";"Adolbe Systems Software";"000.000.000/0001-0";"1333020744";"1";"2021-01-18T00:00:00";"224";"0";"224";"1";"2021";"0";"";"";"1743398";"";"";"";"3441";"7141731";"https://www.camara.leg.br/cota-parlamentar/documentos/publ/3441/2021/7141731.pdf"
"NOVO";"";"";"";"2019";"NA";"";"56";"1";"MANUTENÇÃO DE ESCRITÓRIO DE APOIO À ATIVIDADE PARLAMENTAR";"0";"";"Canva";"000.000.000/0001-0";"03001-13369140";"1";"2021-03-21T00:00:00";"322.8";"0";"322.8";"3";"2021";"0";"";"";"1754200";"";"";"";"3441";"7171276";"https://www.camara.leg.br/cota-parlamentar/documentos/publ/3441/2021/7171276.pdf"
"NOVO";"";"";"";"2019";"NA";"";"56";"1";"MANUTENÇÃO DE ESCRITÓRIO DE APOIO À ATIVIDADE PARLAMENTAR";"0";"";"COMUNIQUE-SE S/A";"045.584.760/0010-1";"1109";"0";"2021-12-02T00:00:00";"1052";"0";"1052";"12";"2021";"0";"";"";"1818124";"";"";"";"3441";"7308894";"https://www.camara.leg.br/cota-parlamentar/documentos/publ/3441/2021/7308894.pdf"
"NOVO";"";"";"";"2019";"NA";"";"56";"1";"MANUTENÇÃO DE ESCRITÓRIO DE APOIO À ATIVIDADE PARLAMENTAR";"0";"";"COMUNIQUE-SE S/A";"045.584.760/0010-1";"9613";"0";"2021-11-11T00:00:00";"1052";"0";"1052";"11";"2021";"0";"";"";"1807856";"";"";"";"3441";"7286129";"https://www.camara.leg.br/cota-parlamentar/documentos/publ/3441/2021/7286129.pdf"
"NOVO";"";"";"";"2019";"NA";"";"56";"1";"MANUTENÇÃO DE ESCRITÓRIO DE APOIO À ATIVIDADE PARLAMENTAR";"0";"";"MLABS SOFTWARE S.A.";"234.659.640/0010-0";"680434";"0";"2021-05-14T00:00:00";"1323";"0";"1323";"5";"2021";"0";"";"";"1765925";"";"";"";"3441";"7195743";"https://www.camara.leg.br/cota-parlamentar/documentos/publ/3441/2021/7195743.pdf"
"NOVO";"";"";"";"2019";"NA";"";"56";"1";"MANUTENÇÃO DE ESCRITÓRIO DE APOIO À ATIVIDADE PARLAMENTAR";"0";"";"Sólides Tecnologia S/A";"104.613.020/0011-0";"2021/31685";"0";"2021-10-01T00:00:00";"609.01";"0";"609.01";"10";"2021";"0";"";"";"1803458";"";"";"";"3441";"7276466";"https://www.camara.leg.br/cota-parlamentar/documentos/publ/3441/2021/7276466.pdf"
"NOVO";"";"";"";"2019";"NA";"";"56";"1";"MANUTENÇÃO DE ESCRITÓRIO DE APOIO À ATIVIDADE PARLAMENTAR";"0";"";"Sólides Tecnologia S/A";"104.613.020/0011-0";"202100000005230";"0";"2021-02-04T00:00:00";"563.9";"0";"563.9";"2";"2021";"0";"";"";"1746856";"";"";"";"3441";"7157392";"https://www.camara.leg.br/cota-parlamentar/documentos/publ/3441/2021/7157392.pdf"
"NOVO";"";"";"";"2019";"NA";"";"56";"1";"MANUTENÇÃO DE ESCRITÓRIO DE APOIO À ATIVIDADE PARLAMENTAR";"0";"";"Sólides Tecnologia S/A";"104.613.020/0011-0";"202100000008189";"0";"2021-03-02T00:00:00";"563.9";"0";"563.9";"3";"2021";"0";"";"";"1752769";"";"";"";"3441";"7168356";"https://www.camara.leg.br/cota-parlamentar/documentos/publ/3441/2021/7168356.pdf"
"NOVO";"";"";"";"2019";"NA";"";"56";"1";"MANUTENÇÃO DE ESCRITÓRIO DE APOIO À ATIVIDADE PARLAMENTAR";"0";"";"Sólides Tecnologia S/A";"104.613.020/0011-0";"202100000011310";"0";"2021-04-02T00:00:00";"563.9";"0";"563.9";"4";"2021";"0";"";"";"1758532";"";"";"";"3441";"7179717";"https://www.camara.leg.br/cota-parlamentar/documentos/publ/3441/2021/7179717.pdf"
"NOVO";"";"";"";"2019";"NA";"";"56";"1";"MANUTENÇÃO DE ESCRITÓRIO DE APOIO À ATIVIDADE PARLAMENTAR";"0";"";"Sólides Tecnologia S/A";"104.613.020/0011-0";"202100000014603";"0";"2021-05-05T00:00:00";"563.9";"0";"563.9";"5";"2021";"0";"";"";"1765924";"";"";"";"3441";"7195750";"https://www.camara.leg.br/cota-parlamentar/documentos/publ/3441/2021/7195750.pdf"
"NOVO";"";"";"";"2019";"NA";"";"56";"1";"MANUTENÇÃO DE ESCRITÓRIO DE APOIO À ATIVIDADE PARLAMENTAR";"0";"";"Sólides Tecnologia S/A";"104.613.020/0011-0";"202100000017988";"0";"2021-06-03T00:00:00";"563.9";"0";"563.9";"6";"2021";"0";"";"";"1773949";"";"";"";"3441";"7211672";"https://www.camara.leg.br/cota-parlamentar/documentos/publ/3441/2021/7211672.pdf"
"NOVO";"";"";"";"2019";"NA";"";"56";"1";"MANUTENÇÃO DE ESCRITÓRIO DE APOIO À ATIVIDADE PARLAMENTAR";"0";"";"Sólides Tecnologia S/A";"104.613.020/0011-0";"202100000020964";"0";"2021-07-02T00:00:00";"563.9";"0";"563.9";"7";"2021";"0";"";"";"1779057";"";"";"";"3441";"7222372";"https://www.camara.leg.br/cota-parlamentar/documentos/publ/3441/2021/7222372.pdf"
"NOVO";"";"";"";"2019";"NA";"";"56";"1";"MANUTENÇÃO DE ESCRITÓRIO DE APOIO À ATIVIDADE PARLAMENTAR";"0";"";"Sólides Tecnologia S/A";"104.613.020/0011-0";"202100000024928";"0";"2021-08-02T00:00:00";"563.9";"0";"563.9";"8";"2021";"0";"";"";"1784320";"";"";"";"3441";"7234182";"https://www.camara.leg.br/cota-parlamentar/documentos/publ/3441/2021/7234182.pdf"
"NOVO";"";"";"";"2019";"NA";"";"56";"1";"MANUTENÇÃO DE ESCRITÓRIO DE APOIO À ATIVIDADE PARLAMENTAR";"0";"";"Sólides Tecnologia S/A";"104.613.020/0011-0";"20212354";"0";"2021-01-06T00:00:00";"563.9";"0";"563.9";"1";"2021";"0";"";"";"1743394";"";"";"";"3441";"7145192";"https://www.camara.leg.br/cota-parlamentar/documentos/publ/3441/2021/7145192.pdf"
"NOVO";"";"";"";"2019";"NA";"";"56";"1";"MANUTENÇÃO DE ESCRITÓRIO DE APOIO À ATIVIDADE PARLAMENTAR";"0";"";"Sólides Tecnologia S/A";"104.613.020/0011-0";"202128747";"0";"2021-09-03T00:00:00";"609.01";"0";"609.01";"9";"2021";"0";"";"";"1796511";"";"";"";"3441";"7261002";"https://www.camara.leg.br/cota-parlamentar/documentos/publ/3441/2021/7261002.pdf"
"NOVO";"";"";"";"2019";"NA";"";"56";"1";"MANUTENÇÃO DE ESCRITÓRIO DE APOIO À ATIVIDADE PARLAMENTAR";"0";"";"Sólides Tecnologia S/A";"104.613.020/0011-0";"202135625";"0";"2021-11-01T00:00:00";"609.01";"0";"609.01";"11";"2021";"0";"";"";"1811320";"";"";"";"3441";"7294311";"https://www.camara.leg.br/cota-parlamentar/documentos/publ/3441/2021/7294311.pdf"
"NOVO";"";"";"";"2019";"NA";"";"56";"1";"MANUTENÇÃO DE ESCRITÓRIO DE APOIO À ATIVIDADE PARLAMENTAR";"0";"";"Sólides Tecnologia S/A";"104.613.020/0011-0";"202139824";"0";"2021-12-02T00:00:00";"609.01";"0";"609.01";"12";"2021";"0";"";"";"1820146";"";"";"";"3441";"7313176";"https://www.camara.leg.br/cota-parlamentar/documentos/publ/3441/2022/7313176.pdf"
"NOVO";"";"";"";"2019";"NA";"";"56";"1";"MANUTENÇÃO DE ESCRITÓRIO DE APOIO À ATIVIDADE PARLAMENTAR";"0";"";"TKTL INFORMATICA LTDA";"149.987.470/0019-5";"00042974";"0";"2021-02-09T00:00:00";"377.95";"0";"377.95";"2";"2021";"0";"";"";"1746857";"";"";"";"3441";"7157394";"https://www.camara.leg.br/cota-parlamentar/documentos/publ/3441/2021/7157394.pdf"
"NOVO";"";"";"";"2019";"NA";"";"56";"1";"MANUTENÇÃO DE ESCRITÓRIO DE APOIO À ATIVIDADE PARLAMENTAR";"0";"";"TKTL INFORMATICA LTDA";"149.987.470/0019-5";"00043606";"0";"2021-03-02T00:00:00";"383.5";"0";"383.5";"3";"2021";"0";"";"";"1752599";"";"";"";"3441";"7168015";"https://www.camara.leg.br/cota-parlamentar/documentos/publ/3441/2021/7168015.pdf"
"NOVO";"";"";"";"2019";"NA";"";"56";"1";"MANUTENÇÃO DE ESCRITÓRIO DE APOIO À ATIVIDADE PARLAMENTAR";"0";"";"TKTL INFORMATICA LTDA";"149.987.470/0019-5";"00044503";"0";"2021-04-05T00:00:00";"395.3";"0";"395.3";"4";"2021";"0";"";"";"1757768";"";"";"";"3441";"7178067";"https://www.camara.leg.br/cota-parlamentar/documentos/publ/3441/2021/7178067.pdf"
"NOVO";"";"";"";"2019";"NA";"";"56";"1";"MANUTENÇÃO DE ESCRITÓRIO DE APOIO À ATIVIDADE PARLAMENTAR";"0";"";"TKTL INFORMATICA LTDA";"149.987.470/0019-5";"00045427";"0";"2021-05-03T00:00:00";"374.5";"0";"374.5";"5";"2021";"0";"";"";"1765922";"";"";"";"3441";"7195747";"https://www.camara.leg.br/cota-parlamentar/documentos/publ/3441/2021/7195747.pdf"
"NOVO";"";"";"";"2019";"NA";"";"56";"1";"MANUTENÇÃO DE ESCRITÓRIO DE APOIO À ATIVIDADE PARLAMENTAR";"0";"";"TKTL INFORMATICA LTDA";"149.987.470/0019-5";"00046445";"0";"2021-06-02T00:00:00";"362.7";"0";"362.7";"6";"2021";"0";"";"";"1773952";"";"";"";"3441";"7211675";"https://www.camara.leg.br/cota-parlamentar/documentos/publ/3441/2021/7211675.pdf"
"NOVO";"";"";"";"2019";"NA";"";"56";"1";"MANUTENÇÃO DE ESCRITÓRIO DE APOIO À ATIVIDADE PARLAMENTAR";"0";"";"TKTL INFORMATICA LTDA";"149.987.470/0019-5";"00047210";"0";"2021-07-01T00:00:00";"346.75";"0";"346.75";"7";"2021";"0";"";"";"1779038";"";"";"";"3441";"7222341";"https://www.camara.leg.br/cota-parlamentar/documentos/publ/3441/2021/7222341.pdf"
"NOVO";"";"";"";"2019";"NA";"";"56";"1";"MANUTENÇÃO DE ESCRITÓRIO DE APOIO À ATIVIDADE PARLAMENTAR";"0";"";"TKTL INFORMATICA LTDA";"149.987.470/0019-5";"00048122";"0";"2021-08-02T00:00:00";"355.05";"0";"355.05";"8";"2021";"0";"";"";"1784318";"";"";"";"3441";"7234177";"https://www.camara.leg.br/cota-parlamentar/documentos/publ/3441/2021/7234177.pdf"
"NOVO";"";"";"";"2019";"NA";"";"56";"1";"MANUTENÇÃO DE ESCRITÓRIO DE APOIO À ATIVIDADE PARLAMENTAR";"0";"";"TKTL INFORMATICA LTDA";"149.987.470/0019-5";"00049021";"0";"2021-09-01T00:00:00";"356.45";"0";"356.45";"9";"2021";"0";"";"";"1793380";"";"";"";"3441";"7253895";"https://www.camara.leg.br/cota-parlamentar/documentos/publ/3441/2021/7253895.pdf"
"NOVO";"";"";"";"2019";"NA";"";"56";"1";"MANUTENÇÃO DE ESCRITÓRIO DE APOIO À ATIVIDADE PARLAMENTAR";"0";"";"TKTL INFORMATICA LTDA";"149.987.470/0019-5";"00049908";"0";"2021-10-01T00:00:00";"376.55";"0";"376.55";"10";"2021";"0";"";"";"1801358";"";"";"";"3441";"7271731";"https://www.camara.leg.br/cota-parlamentar/documentos/publ/3441/2021/7271731.pdf"
"NOVO";"";"";"";"2019";"NA";"";"56";"1";"MANUTENÇÃO DE ESCRITÓRIO DE APOIO À ATIVIDADE PARLAMENTAR";"0";"";"TKTL INFORMATICA LTDA";"149.987.470/0019-5";"00050828";"1";"2021-11-01T00:00:00";"391.15";"0";"391.15";"11";"2021";"0";"";"";"1807386";"";"";"";"3441";"7285150";"https://www.camara.leg.br/cota-parlamentar/documentos/publ/3441/2021/7285150.pdf"
"NOVO";"";"";"";"2019";"NA";"";"56";"1";"MANUTENÇÃO DE ESCRITÓRIO DE APOIO À ATIVIDADE PARLAMENTAR";"0";"";"TKTL INFORMATICA LTDA";"149.987.470/0019-5";"00051715";"0";"2021-12-02T00:00:00";"367.55";"0";"367.55";"12";"2021";"0";"";"";"1818097";"";"";"";"3441";"7308843";"https://www.camara.leg.br/cota-parlamentar/documentos/publ/3441/2021/7308843.pdf"
"NOVO";"";"";"";"2019";"NA";"";"56";"1";"MANUTENÇÃO DE ESCRITÓRIO DE APOIO À ATIVIDADE PARLAMENTAR";"0";"";"Zapier";"000.000.000/0001-0";"11";"1";"2021-11-02T00:00:00";"390.31";"0";"390.31";"11";"2021";"0";"";"";"1807009";"";"";"";"3441";"7284392";"https://www.camara.leg.br/cota-parlamentar/documentos/publ/3441/2021/7284392.pdf"
"NOVO";"";"";"";"2019";"NA";"";"56";"1";"MANUTENÇÃO DE ESCRITÓRIO DE APOIO À ATIVIDADE PARLAMENTAR";"0";"";"Zapier Inc.";"000.000.000/0001-0";"03";"1";"2021-03-02T00:00:00";"383.79";"0";"383.79";"3";"2021";"0";"";"";"1749024";"";"";"";"3441";"7161800";"https://www.camara.leg.br/cota-parlamentar/documentos/publ/3441/2021/7161800.pdf"
"NOVO";"";"";"";"2019";"NA";"";"56";"1";"MANUTENÇÃO DE ESCRITÓRIO DE APOIO À ATIVIDADE PARLAMENTAR";"0";"";"Zapier Inc.";"000.000.000/0001-0";"2";"1";"2021-02-02T00:00:00";"375.32";"0";"375.32";"1";"2021";"0";"";"";"1743411";"";"";"";"3441";"7150330";"https://www.camara.leg.br/cota-parlamentar/documentos/publ/3441/2021/7150330.pdf"
"NOVO";"";"";"";"2019";"NA";"";"56";"1";"MANUTENÇÃO DE ESCRITÓRIO DE APOIO À ATIVIDADE PARLAMENTAR";"0";"";"Zappier";"000.000.000/0001-0";"05";"1";"2021-05-02T00:00:00";"344.21";"0";"344.21";"5";"2021";"0";"";"";"1761616";"";"";"";"3441";"7186488";"https://www.camara.leg.br/cota-parlamentar/documentos/publ/3441/2021/7186488.pdf"
"NOVO";"";"";"";"2019";"NA";"";"56";"1";"MANUTENÇÃO DE ESCRITÓRIO DE APOIO À ATIVIDADE PARLAMENTAR";"0";"";"Zappier";"000.000.000/0001-0";"06";"1";"2021-06-02T00:00:00";"333.29";"0";"333.29";"6";"2021";"0";"";"";"1769680";"";"";"";"3441";"7203738";"https://www.camara.leg.br/cota-parlamentar/documentos/publ/3441/2021/7203738.pdf"
"NOVO";"";"";"";"2019";"NA";"";"56";"1";"MANUTENÇÃO DE ESCRITÓRIO DE APOIO À ATIVIDADE PARLAMENTAR";"0";"";"Zappier";"000.000.000/0001-0";"07";"1";"2021-07-01T00:00:00";"318.64";"0";"318.64";"7";"2021";"0";"";"";"1777163";"";"";"";"3441";"7218318";"https://www.camara.leg.br/cota-parlamentar/documentos/publ/3441/2021/7218318.pdf"
"NOVO";"";"";"";"2019";"NA";"";"56";"1";"MANUTENÇÃO DE ESCRITÓRIO DE APOIO À ATIVIDADE PARLAMENTAR";"0";"";"Zappier";"000.000.000/0001-0";"092021";"1";"2021-09-02T00:00:00";"355.12";"0";"355.12";"9";"2021";"0";"";"";"1792310";"";"";"";"3441";"7251512";"https://www.camara.leg.br/cota-parlamentar/documentos/publ/3441/2021/7251512.pdf"
"NOVO";"";"";"";"2019";"NA";"";"56";"1";"MANUTENÇÃO DE ESCRITÓRIO DE APOIO À ATIVIDADE PARLAMENTAR";"0";"";"Zappier";"000.000.000/0001-0";"10";"1";"2021-10-02T00:00:00";"371.42";"0";"371.42";"10";"2021";"0";"";"";"1799572";"";"";"";"3441";"7267581";"https://www.camara.leg.br/cota-parlamentar/documentos/publ/3441/2021/7267581.pdf"
"NOVO";"";"";"";"2019";"NA";"";"56";"1";"MANUTENÇÃO DE ESCRITÓRIO DE APOIO À ATIVIDADE PARLAMENTAR";"0";"";"Zappier";"000.000.000/0001-0";"12";"1";"2021-12-02T00:00:00";"387.06";"0";"387.06";"12";"2021";"0";"";"";"1815549";"";"";"";"3441";"7303047";"https://www.camara.leg.br/cota-parlamentar/documentos/publ/3441/2021/7303047.pdf"
"NOVO";"";"";"";"2019";"NA";"";"56";"1";"MANUTENÇÃO DE ESCRITÓRIO DE APOIO À ATIVIDADE PARLAMENTAR";"0";"";"Zappier";"000.000.000/0001-0";"8";"1";"2021-08-02T00:00:00";"326.25";"0";"326.25";"8";"2021";"0";"";"";"1783141";"";"";"";"3441";"7231639";"https://www.camara.leg.br/cota-parlamentar/documentos/publ/3441/2021/7231639.pdf"
"NOVO";"";"";"";"2019";"NA";"";"56";"5";"DIVULGAÇÃO DA ATIVIDADE PARLAMENTAR.";"0";"";"FERNANDO PEREIRA QUEIROZ 05169113170";"271.215.090/0014-9";"002150948";"0";"2021-06-08T00:00:00";"2190";"0";"2190";"6";"2021";"0";"";"";"1769639";"";"";"";"3441";"7203646";"https://www.camara.leg.br/cota-parlamentar/documentos/publ/3441/2021/7203646.pdf"
"NOVO";"";"";"";"2019";"NA";"";"56";"5";"DIVULGAÇÃO DA ATIVIDADE PARLAMENTAR.";"0";"";"FERNANDO PEREIRA QUEIROZ 05169113170";"271.215.090/0014-9";"002160949";"0";"2021-06-16T00:00:00";"1100";"0";"1100";"6";"2021";"0";"";"";"1771834";"";"";"";"3441";"7208279";"https://www.camara.leg.br/cota-parlamentar/documentos/publ/3441/2021/7208279.pdf"
"NOVO";"";"";"";"2019";"NA";"";"56";"5";"DIVULGAÇÃO DA ATIVIDADE PARLAMENTAR.";"0";"";"FERNANDO PEREIRA QUEIROZ 05169113170";"271.215.090/0014-9";"002173301";"0";"2021-06-29T00:00:00";"1400";"0";"1400";"6";"2021";"0";"";"";"1775167";"";"";"";"3441";"7214381";"https://www.camara.leg.br/cota-parlamentar/documentos/publ/3441/2021/7214381.pdf"
"NOVO";"";"";"";"2019";"NA";"";"56";"5";"DIVULGAÇÃO DA ATIVIDADE PARLAMENTAR.";"0";"";"NUCLEO DE INFORMACAO E COORDENACAO DO PONTO BR - NIC .BR";"055.065.600/0013-6";"REG03 35570826";"1";"2021-04-09T00:00:00";"76";"0";"76";"4";"2021";"0";"";"";"1757722";"";"";"";"3441";"7177962";"https://www.camara.leg.br/cota-parlamentar/documentos/publ/3441/2021/7177962.pdf"
"NOVO";"";"";"";"2019";"NA";"";"56";"5";"DIVULGAÇÃO DA ATIVIDADE PARLAMENTAR.";"0";"";"ZAPPIER";"000.000.000/0001-0";"sn";"1";"2021-04-02T00:00:00";"358.4";"0";"358.4";"3";"2021";"0";"";"";"1757425";"";"";"";"3441";"7177349";"https://www.camara.leg.br/cota-parlamentar/documentos/publ/3441/2021/7177349.pdf"
"PDT";"";"";"";"2019";"NA";"";"56";"5";"DIVULGAÇÃO DA ATIVIDADE PARLAMENTAR.";"0";"";"LIBRE COMUNICACAO E MARKETING EIRELI";"083.456.310/0015-4";"354";"4";"2021-09-28T00:00:00";"10000";"0";"10000";"9";"2021";"0";"";"";"1797077";"";"";"";"2715";"7262375";"https://www.camara.leg.br/cota-parlamentar/nota-fiscal-eletronica?ideDocumentoFiscal=7262375"
"PDT";"";"";"";"2019";"NA";"";"56";"5";"DIVULGAÇÃO DA ATIVIDADE PARLAMENTAR.";"0";"";"LIBRE COMUNICAÇÃO E MARKETING EIRELI";"083.456.310/0015-4";"294";"4";"2021-02-01T00:00:00";"10000";"0";"10000";"1";"2021";"0";"";"";"1742302";"";"";"";"2715";"7148212";"https://www.camara.leg.br/cota-parlamentar/nota-fiscal-eletronica?ideDocumentoFiscal=7148212"
"PDT";"";"";"";"2019";"NA";"";"56";"5";"DIVULGAÇÃO DA ATIVIDADE PARLAMENTAR.";"0";"";"LIBRE COMUNICAÇÃO E MARKETING EIRELI";"083.456.310/0015-4";"300";"4";"2021-03-02T00:00:00";"10000";"0";"10000";"2";"2021";"0";"";"";"1750807";"";"";"";"2715";"7164359";"https://www.camara.leg.br/cota-parlamentar/nota-fiscal-eletronica?ideDocumentoFiscal=7164359"
"PDT";"";"";"";"2019";"NA";"";"56";"5";"DIVULGAÇÃO DA ATIVIDADE PARLAMENTAR.";"0";"";"LIBRE COMUNICAÇÃO E MARKETING EIRELI";"083.456.310/0015-4";"306";"4";"2021-03-30T00:00:00";"10000";"0";"10000";"3";"2021";"0";"";"";"1755213";"";"";"";"2715";"7173157";"https://www.camara.leg.br/cota-parlamentar/nota-fiscal-eletronica?ideDocumentoFiscal=7173157"
"PDT";"";"";"";"2019";"NA";"";"56";"5";"DIVULGAÇÃO DA ATIVIDADE PARLAMENTAR.";"0";"";"LIBRE COMUNICAÇÃO E MARKETING EIRELI";"083.456.310/0015-4";"313";"4";"2021-05-03T00:00:00";"10000";"0";"10000";"4";"2021";"0";"";"";"1761618";"";"";"";"2715";"7186498";"https://www.camara.leg.br/cota-parlamentar/nota-fiscal-eletronica?ideDocumentoFiscal=7186498"
"PDT";"";"";"";"2019";"NA";"";"56";"5";"DIVULGAÇÃO DA ATIVIDADE PARLAMENTAR.";"0";"";"LIBRE COMUNICAÇÃO E MARKETING EIRELI";"083.456.310/0015-4";"320";"4";"2021-05-31T00:00:00";"10000";"0";"10000";"5";"2021";"0";"";"";"1768149";"";"";"";"2715";"7200474";"https://www.camara.leg.br/cota-parlamentar/nota-fiscal-eletronica?ideDocumentoFiscal=7200474"
"PDT";"";"";"";"2019";"NA";"";"56";"5";"DIVULGAÇÃO DA ATIVIDADE PARLAMENTAR.";"0";"";"LIBRE COMUNICAÇÃO E MARKETING EIRELI";"083.456.310/0015-4";"326";"4";"2021-06-30T00:00:00";"10000";"0";"10000";"6";"2021";"0";"";"";"1775607";"";"";"";"2715";"7215327";"https://www.camara.leg.br/cota-parlamentar/nota-fiscal-eletronica?ideDocumentoFiscal=7215327"
"PDT";"";"";"";"2019";"NA";"";"56";"5";"DIVULGAÇÃO DA ATIVIDADE PARLAMENTAR.";"0";"";"LIBRE COMUNICAÇÃO E MARKETING EIRELI";"083.456.310/0015-4";"334";"4";"2021-07-30T00:00:00";"10000";"0";"10000";"7";"2021";"0";"";"";"1783050";"";"";"";"2715";"7231449";"https://www.camara.leg.br/cota-parlamentar/nota-fiscal-eletronica?ideDocumentoFiscal=7231449"
"PDT";"";"";"";"2019";"NA";"";"56";"5";"DIVULGAÇÃO DA ATIVIDADE PARLAMENTAR.";"0";"";"LIBRE COMUNICAÇÃO E MARKETING EIRELI";"083.456.310/0015-4";"345";"4";"2021-08-30T00:00:00";"10000";"0";"10000";"8";"2021";"0";"";"";"1789973";"";"";"";"2715";"7246555";"https://www.camara.leg.br/cota-parlamentar/nota-fiscal-eletronica?ideDocumentoFiscal=7246555"
"PDT";"";"";"";"2019";"NA";"";"56";"5";"DIVULGAÇÃO DA ATIVIDADE PARLAMENTAR.";"0";"";"LIBRE COMUNICAÇÃO E MARKETING EIRELI";"083.456.310/0015-4";"363";"0";"2021-10-29T00:00:00";"10000";"0";"10000";"10";"2021";"0";"";"";"1804296";"";"";"";"2715";"7278436";"https://www.camara.leg.br/cota-parlamentar/documentos/publ/2715/2021/7278436.pdf"
"PDT";"";"";"";"2019";"NA";"";"56";"5";"DIVULGAÇÃO DA ATIVIDADE PARLAMENTAR.";"0";"";"LIBRE COMUNICAÇÃO E MARKETING EIRELI";"083.456.310/0015-4";"371";"4";"2021-11-29T00:00:00";"10000";"0";"8329.97";"11";"2021";"1";"";"";"1811871";"";"";"";"2715";"7295551";"https://www.camara.leg.br/cota-parlamentar/nota-fiscal-eletronica?ideDocumentoFiscal=7295551"
"PODE";"";"";"";"2019";"NA";"";"56";"4";"CONSULTORIAS, PESQUISAS E TRABALHOS TÉCNICOS.";"0";"";"LINEAR COMUNICACAO LTDA - EPP";"109.472.430/0019-5";"2959";"4";"2021-01-25T00:00:00";"540";"0";"540";"1";"2021";"0";"";"";"1742190";"";"";"";"3172";"7147994";"https://www.camara.leg.br/cota-parlamentar/nota-fiscal-eletronica?ideDocumentoFiscal=7147994"
"PODE";"";"";"";"2019";"NA";"";"56";"4";"CONSULTORIAS, PESQUISAS E TRABALHOS TÉCNICOS.";"0";"";"LINEAR COMUNICACAO LTDA - EPP";"109.472.430/0019-5";"3012";"4";"2021-03-09T00:00:00";"540";"0";"540";"2";"2021";"0";"";"";"1751236";"";"";"";"3172";"7165210";"https://www.camara.leg.br/cota-parlamentar/nota-fiscal-eletronica?ideDocumentoFiscal=7165210"
"PODE";"";"";"";"2019";"NA";"";"56";"4";"CONSULTORIAS, PESQUISAS E TRABALHOS TÉCNICOS.";"0";"";"LINEAR COMUNICACAO LTDA - EPP";"109.472.430/0019-5";"3034";"4";"2021-04-01T00:00:00";"540";"0";"540";"3";"2021";"0";"";"";"1755979";"";"";"";"3172";"7174527";"https://www.camara.leg.br/cota-parlamentar/nota-fiscal-eletronica?ideDocumentoFiscal=7174527"
"PODE";"";"";"";"2019";"NA";"";"56";"4";"CONSULTORIAS, PESQUISAS E TRABALHOS TÉCNICOS.";"0";"";"LINEAR COMUNICACAO LTDA - EPP";"109.472.430/0019-5";"3073";"4";"2021-05-03T00:00:00";"540";"0";"540";"4";"2021";"0";"";"";"1763669";"";"";"";"3172";"7190578";"https://www.camara.leg.br/cota-parlamentar/nota-fiscal-eletronica?ideDocumentoFiscal=7190578"
"PODE";"";"";"";"2019";"NA";"";"56";"4";"CONSULTORIAS, PESQUISAS E TRABALHOS TÉCNICOS.";"0";"";"LINEAR COMUNICACAO LTDA - EPP";"109.472.430/0019-5";"3101";"4";"2021-06-01T00:00:00";"540";"0";"540";"5";"2021";"0";"";"";"1769818";"";"";"";"3172";"7203945";"https://www.camara.leg.br/cota-parlamentar/nota-fiscal-eletronica?ideDocumentoFiscal=7203945"
"PODE";"";"";"";"2019";"NA";"";"56";"4";"CONSULTORIAS, PESQUISAS E TRABALHOS TÉCNICOS.";"0";"";"LINEAR COMUNICACAO LTDA - EPP";"109.472.430/0019-5";"3138";"4";"2021-07-01T00:00:00";"540";"0";"540";"6";"2021";"0";"";"";"1777674";"";"";"";"3172";"7219438";"https://www.camara.leg.br/cota-parlamentar/nota-fiscal-eletronica?ideDocumentoFiscal=7219438"
"PODE";"";"";"";"2019";"NA";"";"56";"4";"CONSULTORIAS, PESQUISAS E TRABALHOS TÉCNICOS.";"0";"";"LINEAR COMUNICACAO LTDA - EPP";"109.472.430/0019-5";"3171";"4";"2021-08-02T00:00:00";"540";"0";"540";"7";"2021";"0";"";"";"1782772";"";"";"";"3172";"7230694";"https://www.camara.leg.br/cota-parlamentar/nota-fiscal-eletronica?ideDocumentoFiscal=7230694"
"PODE";"";"";"";"2019";"NA";"";"56";"4";"CONSULTORIAS, PESQUISAS E TRABALHOS TÉCNICOS.";"0";"";"LINEAR COMUNICACAO LTDA - EPP";"109.472.430/0019-5";"3205";"4";"2021-09-01T00:00:00";"540";"0";"540";"8";"2021";"0";"";"";"1790464";"";"";"";"3172";"7247683";"https://www.camara.leg.br/cota-parlamentar/nota-fiscal-eletronica?ideDocumentoFiscal=7247683"
"PODE";"";"";"";"2019";"NA";"";"56";"4";"CONSULTORIAS, PESQUISAS E TRABALHOS TÉCNICOS.";"0";"";"LINEAR COMUNICACAO LTDA - EPP";"109.472.430/0019-5";"3241";"4";"2021-10-01T00:00:00";"540";"0";"540";"9";"2021";"0";"";"";"1797720";"";"";"";"3172";"7263946";"https://www.camara.leg.br/cota-parlamentar/nota-fiscal-eletronica?ideDocumentoFiscal=7263946"
"PODE";"";"";"";"2019";"NA";"";"56";"4";"CONSULTORIAS, PESQUISAS E TRABALHOS TÉCNICOS.";"0";"";"LINEAR COMUNICACAO LTDA - EPP";"109.472.430/0019-5";"3279";"4";"2021-11-01T00:00:00";"540";"0";"540";"10";"2021";"0";"";"";"1805251";"";"";"";"3172";"7280458";"https://www.camara.leg.br/cota-parlamentar/nota-fiscal-eletronica?ideDocumentoFiscal=7280458"
"PODE";"";"";"";"2019";"NA";"";"56";"4";"CONSULTORIAS, PESQUISAS E TRABALHOS TÉCNICOS.";"0";"";"LINEAR COMUNICACAO LTDA - EPP";"109.472.430/0019-5";"3318";"4";"2021-12-01T00:00:00";"540";"0";"540";"11";"2021";"0";"";"";"1815559";"";"";"";"3172";"7303065";"https://www.camara.leg.br/cota-parlamentar/nota-fiscal-eletronica?ideDocumentoFiscal=7303065"
"PODE";"";"";"";"2019";"NA";"";"56";"4";"CONSULTORIAS, PESQUISAS E TRABALHOS TÉCNICOS.";"0";"";"LINEAR COMUNICACAO LTDA - EPP";"109.472.430/0019-5";"3358";"4";"2022-01-03T00:00:00";"540";"0";"540";"12";"2021";"0";"";"";"1820886";"";"";"";"3172";"7314652";"https://www.camara.leg.br/cota-parlamentar/nota-fiscal-eletronica?ideDocumentoFiscal=7314652"
"PODE";"";"";"";"2019";"NA";"";"56";"5";"DIVULGAÇÃO DA ATIVIDADE PARLAMENTAR.";"0";"";"FERNANDO IGNACIO VIEIRA-ME";"087.790.250/0014-7";"00000057";"0";"2021-05-03T00:00:00";"1000";"0";"1000";"5";"2021";"0";"";"";"1763404";"";"";"";"3172";"7190067";"https://www.camara.leg.br/cota-parlamentar/documentos/publ/3172/2021/7190067.pdf"
"PODE";"";"";"";"2019";"NA";"";"56";"5";"DIVULGAÇÃO DA ATIVIDADE PARLAMENTAR.";"0";"";"FERNANDO IGNACIO VIEIRA-ME";"087.790.250/0014-7";"00000063";"0";"2021-06-01T00:00:00";"1000";"0";"1000";"6";"2021";"0";"";"";"1769821";"";"";"";"3172";"7203954";"https://www.camara.leg.br/cota-parlamentar/documentos/publ/3172/2021/7203954.pdf"
"PODE";"";"";"";"2019";"NA";"";"56";"5";"DIVULGAÇÃO DA ATIVIDADE PARLAMENTAR.";"0";"";"FERNANDO IGNACIO VIEIRA-ME";"087.790.250/0014-7";"00000068";"0";"2021-07-01T00:00:00";"1000";"0";"1000";"7";"2021";"0";"";"";"1776134";"";"";"";"3172";"7216364";"https://www.camara.leg.br/cota-parlamentar/documentos/publ/3172/2021/7216364.pdf"
"PODE";"";"";"";"2019";"NA";"";"56";"5";"DIVULGAÇÃO DA ATIVIDADE PARLAMENTAR.";"0";"";"FERNANDO IGNACIO VIEIRA-ME";"087.790.250/0014-7";"00000071";"0";"2021-08-02T00:00:00";"1000";"0";"1000";"8";"2021";"0";"";"";"1783083";"";"";"";"3172";"7231508";"https://www.camara.leg.br/cota-parlamentar/documentos/publ/3172/2021/7231508.pdf"
"PODE";"";"";"";"2019";"NA";"";"56";"5";"DIVULGAÇÃO DA ATIVIDADE PARLAMENTAR.";"0";"";"GRAFICPAPER COMERCIO E SERVICOS EIRELI";"273.278.580/0011-1";"652";"4";"2021-07-01T00:00:00";"4500";"0";"4500";"7";"2021";"0";"";"";"1776587";"";"";"";"3172";"7217204";"https://www.camara.leg.br/cota-parlamentar/nota-fiscal-eletronica?ideDocumentoFiscal=7217204"
"PODE";"";"";"";"2019";"NA";"";"56";"5";"DIVULGAÇÃO DA ATIVIDADE PARLAMENTAR.";"0";"";"GRAFICPAPER COMERCIO E SERVIÇOS EIRELI - ME";"273.278.580/0011-1";"737";"4";"2021-08-09T00:00:00";"3700";"0";"3700";"8";"2021";"0";"";"";"1785110";"";"";"";"3172";"7235759";"https://www.camara.leg.br/cota-parlamentar/nota-fiscal-eletronica?ideDocumentoFiscal=7235759"
"PODE";"";"";"";"2019";"NA";"";"56";"5";"DIVULGAÇÃO DA ATIVIDADE PARLAMENTAR.";"0";"";"IV5 CONSULTORIA, IMPRENSA E TREINAMENTO LTDA";"264.249.070/0017-1";"134";"0";"2021-04-07T00:00:00";"1000";"0";"1000";"4";"2021";"0";"";"";"1756628";"";"";"";"3172";"7175748";"https://www.camara.leg.br/cota-parlamentar/documentos/publ/3172/2021/7175748.pdf"
"PODE";"";"";"";"2019";"NA";"";"56";"5";"DIVULGAÇÃO DA ATIVIDADE PARLAMENTAR.";"0";"";"IV5 INTELIGENCIA EM COMUNICACAO E MARKETING EIRELI";"087.790.250/0014-7";"00000077";"0";"2021-09-01T00:00:00";"1000";"0";"1000";"9";"2021";"0";"";"";"1792581";"";"";"";"3172";"7252086";"https://www.camara.leg.br/cota-parlamentar/documentos/publ/3172/2021/7252086.pdf"
"PODE";"";"";"";"2019";"NA";"";"56";"5";"DIVULGAÇÃO DA ATIVIDADE PARLAMENTAR.";"0";"";"IV5 Inteligencia Em Comunicacao e Marketing Eireli";"087.790.250/0014-7";"00000083";"0";"2021-10-01T00:00:00";"1000";"0";"1000";"10";"2021";"0";"";"";"1797871";"";"";"";"3172";"7264206";"https://www.camara.leg.br/cota-parlamentar/documentos/publ/3172/2021/7264206.pdf"
"PODE";"";"";"";"2019";"NA";"";"56";"5";"DIVULGAÇÃO DA ATIVIDADE PARLAMENTAR.";"0";"";"IV5 Inteligencia Em Comunicacao e Marketing Eireli";"087.790.250/0014-7";"00000091";"0";"2021-11-08T00:00:00";"1000";"0";"1000";"11";"2021";"0";"";"";"1806875";"";"";"";"3172";"7284077";"https://www.camara.leg.br/cota-parlamentar/documentos/publ/3172/2021/7284077.pdf"
"PODE";"";"";"";"2019";"NA";"";"56";"5";"DIVULGAÇÃO DA ATIVIDADE PARLAMENTAR.";"0";"";"IV5 INTELIGENCIA EM COMUNICACAO E MARKETING EIRELI";"087.790.250/0014-7";"00000094";"0";"2021-12-01T00:00:00";"1000";"0";"1000";"12";"2021";"0";"";"";"1815563";"";"";"";"3172";"7303051";"https://www.camara.leg.br/cota-parlamentar/documentos/publ/3172/2021/7303051.pdf"
"PODE";"";"";"";"2019";"NA";"";"56";"13";"FORNECIMENTO DE ALIMENTAÇÃO DO PARLAMENTAR";"0";"";"ARTESANAL SERVICOS DE ALIMENTACAO E BUFFET EIRELI";"228.362.100/0015-7";"103";"4";"2021-03-04T00:00:00";"750";"0";"750";"3";"2021";"0";"";"";"1751014";"";"";"";"3172";"7164789";"https://www.camara.leg.br/cota-parlamentar/nota-fiscal-eletronica?ideDocumentoFiscal=7164789"
"PODE";"";"";"";"2019";"NA";"";"56";"13";"FORNECIMENTO DE ALIMENTAÇÃO DO PARLAMENTAR";"0";"";"ARTESANAL SERVICOS DE ALIMENTACAO E BUFFET EIRELI";"228.362.100/0015-7";"112";"4";"2021-03-11T00:00:00";"749.98";"0";"749.98";"3";"2021";"0";"";"";"1752319";"";"";"";"3172";"7167425";"https://www.camara.leg.br/cota-parlamentar/nota-fiscal-eletronica?ideDocumentoFiscal=7167425"
"PODE";"";"";"";"2019";"NA";"";"56";"13";"FORNECIMENTO DE ALIMENTAÇÃO DO PARLAMENTAR";"0";"";"ARTESANAL SERVICOS DE ALIMENTACAO E BUFFET EIRELI";"228.362.100/0015-7";"113";"4";"2021-03-11T00:00:00";"749.98";"0";"749.98";"3";"2021";"0";"";"";"1752318";"";"";"";"3172";"7167424";"https://www.camara.leg.br/cota-parlamentar/nota-fiscal-eletronica?ideDocumentoFiscal=7167424"
"PODE";"";"";"";"2019";"NA";"";"56";"13";"FORNECIMENTO DE ALIMENTAÇÃO DO PARLAMENTAR";"0";"";"ARTESANAL SERVICOS DE ALIMENTACAO E BUFFET EIRELI";"228.362.100/0015-7";"120";"4";"2021-03-18T00:00:00";"750";"0";"750";"3";"2021";"0";"";"";"1753170";"";"";"";"3172";"7169171";"https://www.camara.leg.br/cota-parlamentar/nota-fiscal-eletronica?ideDocumentoFiscal=7169171"
"PODE";"";"";"";"2019";"NA";"";"56";"13";"FORNECIMENTO DE ALIMENTAÇÃO DO PARLAMENTAR";"0";"";"ARTESANAL SERVICOS DE ALIMENTACAO E BUFFET EIRELI";"228.362.100/0015-7";"121";"4";"2021-03-18T00:00:00";"525";"0";"525";"3";"2021";"0";"";"";"1753171";"";"";"";"3172";"7169173";"https://www.camara.leg.br/cota-parlamentar/nota-fiscal-eletronica?ideDocumentoFiscal=7169173"
"PODE";"";"";"";"2019";"NA";"";"56";"13";"FORNECIMENTO DE ALIMENTAÇÃO DO PARLAMENTAR";"0";"";"ARTESANAL SERVICOS DE ALIMENTACAO E BUFFET EIRELI";"228.362.100/0015-7";"133";"4";"2021-04-15T00:00:00";"750";"0";"750";"4";"2021";"0";"";"";"1758332";"";"";"";"3172";"7179280";"https://www.camara.leg.br/cota-parlamentar/nota-fiscal-eletronica?ideDocumentoFiscal=7179280"
"PODE";"";"";"";"2019";"NA";"";"56";"13";"FORNECIMENTO DE ALIMENTAÇÃO DO PARLAMENTAR";"0";"";"ARTESANAL SERVICOS DE ALIMENTACAO E BUFFET EIRELI";"228.362.100/0015-7";"136";"4";"2021-04-29T00:00:00";"750";"0";"750";"4";"2021";"0";"";"";"1761209";"";"";"";"3172";"7185693";"https://www.camara.leg.br/cota-parlamentar/nota-fiscal-eletronica?ideDocumentoFiscal=7185693"
"PODE";"";"";"";"2019";"NA";"";"56";"13";"FORNECIMENTO DE ALIMENTAÇÃO DO PARLAMENTAR";"0";"";"ARTESANAL SERVICOS DE ALIMENTACAO E BUFFET EIRELI";"228.362.100/0015-7";"159";"4";"2021-05-20T00:00:00";"600";"0";"600";"5";"2021";"0";"";"";"1765801";"";"";"";"3172";"7195467";"https://www.camara.leg.br/cota-parlamentar/nota-fiscal-eletronica?ideDocumentoFiscal=7195467"
"PODE";"";"";"";"2019";"NA";"";"56";"13";"FORNECIMENTO DE ALIMENTAÇÃO DO PARLAMENTAR";"0";"";"ARTESANAL SERVICOS DE ALIMENTACAO E BUFFET EIRELI";"228.362.100/0015-7";"165";"4";"2021-05-26T00:00:00";"600";"0";"600";"5";"2021";"0";"";"";"1767034";"";"";"";"3172";"7198193";"https://www.camara.leg.br/cota-parlamentar/nota-fiscal-eletronica?ideDocumentoFiscal=7198193"
"PODE";"";"";"";"2019";"NA";"";"56";"13";"FORNECIMENTO DE ALIMENTAÇÃO DO PARLAMENTAR";"0";"";"ARTESANAL SERVICOS DE ALIMENTACAO E BUFFET EIRELI";"228.362.100/0015-7";"166";"4";"2021-05-26T00:00:00";"600";"0";"600";"5";"2021";"0";"";"";"1767036";"";"";"";"3172";"7198198";"https://www.camara.leg.br/cota-parlamentar/nota-fiscal-eletronica?ideDocumentoFiscal=7198198"
"PODE";"";"";"";"2019";"NA";"";"56";"13";"FORNECIMENTO DE ALIMENTAÇÃO DO PARLAMENTAR";"0";"";"ARTESANAL SERVICOS DE ALIMENTACAO E BUFFET EIRELI";"228.362.100/0015-7";"179";"4";"2021-06-09T00:00:00";"600";"0";"600";"6";"2021";"0";"";"";"1770233";"";"";"";"3172";"7204745";"https://www.camara.leg.br/cota-parlamentar/nota-fiscal-eletronica?ideDocumentoFiscal=7204745"
"PODE";"";"";"";"2019";"NA";"";"56";"13";"FORNECIMENTO DE ALIMENTAÇÃO DO PARLAMENTAR";"0";"";"ARTESANAL SERVICOS DE ALIMENTACAO E BUFFET EIRELI";"228.362.100/0015-7";"180";"4";"2021-06-09T00:00:00";"600";"0";"600";"6";"2021";"0";"";"";"1770234";"";"";"";"3172";"7204749";"https://www.camara.leg.br/cota-parlamentar/nota-fiscal-eletronica?ideDocumentoFiscal=7204749"
"PODE";"";"";"";"2019";"NA";"";"56";"13";"FORNECIMENTO DE ALIMENTAÇÃO DO PARLAMENTAR";"0";"";"ARTESANAL SERVICOS DE ALIMENTACAO E BUFFET EIRELI";"228.362.100/0015-7";"188";"4";"2021-06-16T00:00:00";"600";"0";"600";"6";"2021";"0";"";"";"1771810";"";"";"";"3172";"7208221";"https://www.camara.leg.br/cota-parlamentar/nota-fiscal-eletronica?ideDocumentoFiscal=7208221"
"PODE";"";"";"";"2019";"NA";"";"56";"13";"FORNECIMENTO DE ALIMENTAÇÃO DO PARLAMENTAR";"0";"";"ARTESANAL SERVICOS DE ALIMENTACAO E BUFFET EIRELI";"228.362.100/0015-7";"190";"4";"2021-06-16T00:00:00";"600";"0";"600";"6";"2021";"0";"";"";"1771816";"";"";"";"3172";"7208238";"https://www.camara.leg.br/cota-parlamentar/nota-fiscal-eletronica?ideDocumentoFiscal=7208238"
"PODE";"";"";"";"2019";"NA";"";"56";"13";"FORNECIMENTO DE ALIMENTAÇÃO DO PARLAMENTAR";"0";"";"ARTESANAL SERVICOS DE ALIMENTACAO E BUFFET EIRELI";"228.362.100/0015-7";"198";"4";"2021-06-23T00:00:00";"600";"0";"600";"6";"2021";"0";"";"";"1774066";"";"";"";"3172";"7211950";"https://www.camara.leg.br/cota-parlamentar/nota-fiscal-eletronica?ideDocumentoFiscal=7211950"
"PODE";"";"";"";"2019";"NA";"";"56";"13";"FORNECIMENTO DE ALIMENTAÇÃO DO PARLAMENTAR";"0";"";"ARTESANAL SERVICOS DE ALIMENTACAO E BUFFET EIRELI";"228.362.100/0015-7";"199";"4";"2021-06-23T00:00:00";"600";"0";"600";"6";"2021";"0";"";"";"1774070";"";"";"";"3172";"7211954";"https://www.camara.leg.br/cota-parlamentar/nota-fiscal-eletronica?ideDocumentoFiscal=7211954"
"PODE";"";"";"";"2019";"NA";"";"56";"13";"FORNECIMENTO DE ALIMENTAÇÃO DO PARLAMENTAR";"0";"";"ARTESANAL SERVICOS DE ALIMENTACAO E BUFFET EIRELI";"228.362.100/0015-7";"207";"4";"2021-06-30T00:00:00";"600";"0";"600";"6";"2021";"0";"";"";"1775864";"";"";"";"3172";"7215866";"https://www.camara.leg.br/cota-parlamentar/nota-fiscal-eletronica?ideDocumentoFiscal=7215866"
"PODE";"";"";"";"2019";"NA";"";"56";"13";"FORNECIMENTO DE ALIMENTAÇÃO DO PARLAMENTAR";"0";"";"ARTESANAL SERVICOS DE ALIMENTACAO E BUFFET EIRELI";"228.362.100/0015-7";"208";"4";"2021-06-30T00:00:00";"600";"0";"600";"6";"2021";"0";"";"";"1775865";"";"";"";"3172";"7215869";"https://www.camara.leg.br/cota-parlamentar/nota-fiscal-eletronica?ideDocumentoFiscal=7215869"
"PODE";"";"";"";"2019";"NA";"";"56";"13";"FORNECIMENTO DE ALIMENTAÇÃO DO PARLAMENTAR";"0";"";"ARTESANAL SERVICOS DE ALIMENTACAO E BUFFET EIRELI";"228.362.100/0015-7";"215";"4";"2021-07-07T00:00:00";"600";"0";"600";"7";"2021";"0";"";"";"1778408";"";"";"";"3172";"7220948";"https://www.camara.leg.br/cota-parlamentar/nota-fiscal-eletronica?ideDocumentoFiscal=7220948"
"PODE";"";"";"";"2019";"NA";"";"56";"13";"FORNECIMENTO DE ALIMENTAÇÃO DO PARLAMENTAR";"0";"";"ARTESANAL SERVICOS DE ALIMENTACAO E BUFFET EIRELI";"228.362.100/0015-7";"216";"4";"2021-07-07T00:00:00";"600";"0";"600";"7";"2021";"0";"";"";"1778409";"";"";"";"3172";"7220950";"https://www.camara.leg.br/cota-parlamentar/nota-fiscal-eletronica?ideDocumentoFiscal=7220950"
"PODE";"";"";"";"2019";"NA";"";"56";"13";"FORNECIMENTO DE ALIMENTAÇÃO DO PARLAMENTAR";"0";"";"ARTESANAL SERVICOS DE ALIMENTACAO E BUFFET EIRELI";"228.362.100/0015-7";"228";"4";"2021-07-14T00:00:00";"600";"0";"600";"7";"2021";"0";"";"";"1779755";"";"";"";"3172";"7223772";"https://www.camara.leg.br/cota-parlamentar/nota-fiscal-eletronica?ideDocumentoFiscal=7223772"
"PODE";"";"";"";"2019";"NA";"";"56";"13";"FORNECIMENTO DE ALIMENTAÇÃO DO PARLAMENTAR";"0";"";"ARTESANAL SERVICOS DE ALIMENTACAO E BUFFET EIRELI";"228.362.100/0015-7";"229";"4";"2021-07-14T00:00:00";"600";"0";"600";"7";"2021";"0";"";"";"1779756";"";"";"";"3172";"7223773";"https://www.camara.leg.br/cota-parlamentar/nota-fiscal-eletronica?ideDocumentoFiscal=7223773"
"PODE";"";"";"";"2019";"NA";"";"56";"13";"FORNECIMENTO DE ALIMENTAÇÃO DO PARLAMENTAR";"0";"";"ARTESANAL SERVICOS DE ALIMENTACAO E BUFFET EIRELI";"228.362.100/0015-7";"246";"4";"2021-08-04T00:00:00";"600";"0";"600";"8";"2021";"0";"";"";"1784645";"";"";"";"3172";"7234753";"https://www.camara.leg.br/cota-parlamentar/nota-fiscal-eletronica?ideDocumentoFiscal=7234753"
"PODE";"";"";"";"2019";"NA";"";"56";"13";"FORNECIMENTO DE ALIMENTAÇÃO DO PARLAMENTAR";"0";"";"ARTESANAL SERVICOS DE ALIMENTACAO E BUFFET EIRELI";"228.362.100/0015-7";"247";"4";"2021-08-04T00:00:00";"600";"0";"600";"8";"2021";"0";"";"";"1784647";"";"";"";"3172";"7234758";"https://www.camara.leg.br/cota-parlamentar/nota-fiscal-eletronica?ideDocumentoFiscal=7234758"
"PODE";"";"";"";"2019";"NA";"";"56";"13";"FORNECIMENTO DE ALIMENTAÇÃO DO PARLAMENTAR";"0";"";"ARTESANAL SERVICOS DE ALIMENTACAO E BUFFET EIRELI";"228.362.100/0015-7";"256";"4";"2021-08-11T00:00:00";"600";"0";"600";"8";"2021";"0";"";"";"1786518";"";"";"";"3172";"7238741";"https://www.camara.leg.br/cota-parlamentar/nota-fiscal-eletronica?ideDocumentoFiscal=7238741"
"PODE";"";"";"";"2019";"NA";"";"56";"13";"FORNECIMENTO DE ALIMENTAÇÃO DO PARLAMENTAR";"0";"";"ARTESANAL SERVICOS DE ALIMENTACAO E BUFFET EIRELI";"228.362.100/0015-7";"284";"4";"2021-08-25T00:00:00";"600";"0";"600";"8";"2021";"0";"";"";"1789079";"";"";"";"3172";"7244605";"https://www.camara.leg.br/cota-parlamentar/nota-fiscal-eletronica?ideDocumentoFiscal=7244605"
"PODE";"";"";"";"2019";"NA";"";"56";"13";"FORNECIMENTO DE ALIMENTAÇÃO DO PARLAMENTAR";"0";"";"ARTESANAL SERVICOS DE ALIMENTACAO E BUFFET EIRELI";"228.362.100/0015-7";"285";"4";"2021-08-25T00:00:00";"600";"0";"600";"8";"2021";"0";"";"";"1789080";"";"";"";"3172";"7244608";"https://www.camara.leg.br/cota-parlamentar/nota-fiscal-eletronica?ideDocumentoFiscal=7244608"
"PODE";"";"";"";"2019";"NA";"";"56";"13";"FORNECIMENTO DE ALIMENTAÇÃO DO PARLAMENTAR";"0";"";"ARTESANAL SERVICOS DE ALIMENTACAO E BUFFET EIRELI";"228.362.100/0015-7";"296";"4";"2021-09-01T00:00:00";"600";"0";"600";"9";"2021";"0";"";"";"1790507";"";"";"";"3172";"7247805";"https://www.camara.leg.br/cota-parlamentar/nota-fiscal-eletronica?ideDocumentoFiscal=7247805"
"PODE";"";"";"";"2019";"NA";"";"56";"13";"FORNECIMENTO DE ALIMENTAÇÃO DO PARLAMENTAR";"0";"";"ARTESANAL SERVICOS DE ALIMENTACAO E BUFFET EIRELI";"228.362.100/0015-7";"297";"4";"2021-09-01T00:00:00";"600";"0";"600";"9";"2021";"0";"";"";"1790508";"";"";"";"3172";"7247806";"https://www.camara.leg.br/cota-parlamentar/nota-fiscal-eletronica?ideDocumentoFiscal=7247806"
"PODE";"";"";"";"2019";"NA";"";"56";"13";"FORNECIMENTO DE ALIMENTAÇÃO DO PARLAMENTAR";"0";"";"ARTESANAL SERVICOS DE ALIMENTACAO E BUFFET EIRELI";"228.362.100/0015-7";"309";"4";"2021-09-15T00:00:00";"600";"0";"600";"9";"2021";"0";"";"";"1793860";"";"";"";"3172";"7254906";"https://www.camara.leg.br/cota-parlamentar/nota-fiscal-eletronica?ideDocumentoFiscal=7254906"
"PODE";"";"";"";"2019";"NA";"";"56";"13";"FORNECIMENTO DE ALIMENTAÇÃO DO PARLAMENTAR";"0";"";"ARTESANAL SERVICOS DE ALIMENTACAO E BUFFET EIRELI";"228.362.100/0015-7";"310";"4";"2021-09-15T00:00:00";"600";"0";"600";"9";"2021";"0";"";"";"1793861";"";"";"";"3172";"7254908";"https://www.camara.leg.br/cota-parlamentar/nota-fiscal-eletronica?ideDocumentoFiscal=7254908"
"PODE";"";"";"";"2019";"NA";"";"56";"13";"FORNECIMENTO DE ALIMENTAÇÃO DO PARLAMENTAR";"0";"";"ARTESANAL SERVICOS DE ALIMENTACAO E BUFFET EIRELI";"228.362.100/0015-7";"322";"4";"2021-09-22T00:00:00";"600";"0";"600";"9";"2021";"0";"";"";"1797084";"";"";"";"3172";"7262389";"https://www.camara.leg.br/cota-parlamentar/nota-fiscal-eletronica?ideDocumentoFiscal=7262389"
"PODE";"";"";"";"2019";"NA";"";"56";"13";"FORNECIMENTO DE ALIMENTAÇÃO DO PARLAMENTAR";"0";"";"ARTESANAL SERVICOS DE ALIMENTACAO E BUFFET EIRELI";"228.362.100/0015-7";"332";"4";"2021-09-27T00:00:00";"600";"0";"600";"9";"2021";"0";"";"";"1795969";"";"";"";"3172";"7259728";"https://www.camara.leg.br/cota-parlamentar/nota-fiscal-eletronica?ideDocumentoFiscal=7259728"
"PODE";"";"";"";"2019";"NA";"";"56";"13";"FORNECIMENTO DE ALIMENTAÇÃO DO PARLAMENTAR";"0";"";"ARTESANAL SERVICOS DE ALIMENTACAO E BUFFET EIRELI";"228.362.100/0015-7";"339";"4";"2021-09-29T00:00:00";"600";"0";"600";"9";"2021";"0";"";"";"1796969";"";"";"";"3172";"7262089";"https://www.camara.leg.br/cota-parlamentar/nota-fiscal-eletronica?ideDocumentoFiscal=7262089"
"PODE";"";"";"";"2019";"NA";"";"56";"13";"FORNECIMENTO DE ALIMENTAÇÃO DO PARLAMENTAR";"0";"";"ARTESANAL SERVICOS DE ALIMENTACAO E BUFFET EIRELI";"228.362.100/0015-7";"349";"4";"2021-10-07T00:00:00";"600";"0";"600";"10";"2021";"0";"";"";"1800474";"";"";"";"3172";"7269712";"https://www.camara.leg.br/cota-parlamentar/nota-fiscal-eletronica?ideDocumentoFiscal=7269712"
"PODE";"";"";"";"2019";"NA";"";"56";"13";"FORNECIMENTO DE ALIMENTAÇÃO DO PARLAMENTAR";"0";"";"ARTESANAL SERVICOS DE ALIMENTACAO E BUFFET EIRELI";"228.362.100/0015-7";"350";"4";"2021-10-07T00:00:00";"600";"0";"600";"10";"2021";"0";"";"";"1800475";"";"";"";"3172";"7269713";"https://www.camara.leg.br/cota-parlamentar/nota-fiscal-eletronica?ideDocumentoFiscal=7269713"
"PODE";"";"";"";"2019";"NA";"";"56";"13";"FORNECIMENTO DE ALIMENTAÇÃO DO PARLAMENTAR";"0";"";"ARTESANAL SERVICOS DE ALIMENTACAO E BUFFET EIRELI";"228.362.100/0015-7";"371";"4";"2021-10-20T00:00:00";"600";"0";"600";"10";"2021";"0";"";"";"1805206";"";"";"";"3172";"7280389";"https://www.camara.leg.br/cota-parlamentar/nota-fiscal-eletronica?ideDocumentoFiscal=7280389"
"PODE";"";"";"";"2019";"NA";"";"56";"13";"FORNECIMENTO DE ALIMENTAÇÃO DO PARLAMENTAR";"0";"";"ARTESANAL SERVICOS DE ALIMENTACAO E BUFFET EIRELI";"228.362.100/0015-7";"382";"4";"2021-10-28T00:00:00";"600";"0";"600";"10";"2021";"0";"";"";"1805210";"";"";"";"3172";"7280403";"https://www.camara.leg.br/cota-parlamentar/nota-fiscal-eletronica?ideDocumentoFiscal=7280403"
"PODE";"";"";"";"2019";"NA";"";"56";"13";"FORNECIMENTO DE ALIMENTAÇÃO DO PARLAMENTAR";"0";"";"ARTESANAL SERVICOS DE ALIMENTACAO E BUFFET EIRELI";"228.362.100/0015-7";"383";"4";"2021-10-28T00:00:00";"600";"0";"600";"10";"2021";"0";"";"";"1805212";"";"";"";"3172";"7280398";"https://www.camara.leg.br/cota-parlamentar/nota-fiscal-eletronica?ideDocumentoFiscal=7280398"
"PODE";"";"";"";"2019";"NA";"";"56";"13";"FORNECIMENTO DE ALIMENTAÇÃO DO PARLAMENTAR";"0";"";"ARTESANAL SERVICOS DE ALIMENTACAO E BUFFET EIRELI";"228.362.100/0015-7";"432";"4";"2021-11-18T00:00:00";"600";"0";"600";"11";"2021";"0";"";"";"1809279";"";"";"";"3172";"7289666";"https://www.camara.leg.br/cota-parlamentar/nota-fiscal-eletronica?ideDocumentoFiscal=7289666"
"PODE";"";"";"";"2019";"NA";"";"56";"13";"FORNECIMENTO DE ALIMENTAÇÃO DO PARLAMENTAR";"0";"";"ARTESANAL SERVICOS DE ALIMENTACAO E BUFFET EIRELI";"228.362.100/0015-7";"445";"4";"2021-11-25T00:00:00";"600";"0";"600";"11";"2021";"0";"";"";"1811862";"";"";"";"3172";"7295539";"https://www.camara.leg.br/cota-parlamentar/nota-fiscal-eletronica?ideDocumentoFiscal=7295539"
"PODE";"";"";"";"2019";"NA";"";"56";"13";"FORNECIMENTO DE ALIMENTAÇÃO DO PARLAMENTAR";"0";"";"ARTESANAL SERVICOS DE ALIMENTACAO E BUFFET EIRELI";"228.362.100/0015-7";"464";"4";"2021-12-01T00:00:00";"600";"0";"600";"11";"2021";"0";"";"";"1815560";"";"";"";"3172";"7303045";"https://www.camara.leg.br/cota-parlamentar/nota-fiscal-eletronica?ideDocumentoFiscal=7303045"
"PODE";"";"";"";"2019";"NA";"";"56";"13";"FORNECIMENTO DE ALIMENTAÇÃO DO PARLAMENTAR";"0";"";"ARTESANAL SERVICOS DE ALIMENTACAO E BUFFET EIRELI";"228.362.100/0015-7";"474";"4";"2021-12-14T00:00:00";"600";"0";"600";"12";"2021";"0";"";"";"1816200";"";"";"";"3172";"7304696";"https://www.camara.leg.br/cota-parlamentar/nota-fiscal-eletronica?ideDocumentoFiscal=7304696"
"PODE";"";"";"";"2019";"NA";"";"56";"13";"FORNECIMENTO DE ALIMENTAÇÃO DO PARLAMENTAR";"0";"";"ARTESANAL SERVICOS DE ALIMENTACAO E BUFFET EIRELI";"228.362.100/0015-7";"488";"4";"2021-12-15T00:00:00";"600";"0";"600";"12";"2021";"0";"";"";"1817089";"";"";"";"3172";"7306708";"https://www.camara.leg.br/cota-parlamentar/nota-fiscal-eletronica?ideDocumentoFiscal=7306708"
"PODE";"";"";"";"2019";"NA";"";"56";"13";"FORNECIMENTO DE ALIMENTAÇÃO DO PARLAMENTAR";"0";"";"ARTESANAL SERVICOS DE ALIMENTACAO E BUFFET EIRELI";"228.362.100/0015-7";"489";"4";"2021-12-15T00:00:00";"1050";"0";"1050";"12";"2021";"0";"";"";"1817090";"";"";"";"3172";"7306712";"https://www.camara.leg.br/cota-parlamentar/nota-fiscal-eletronica?ideDocumentoFiscal=7306712"
"PODE";"";"";"";"2019";"NA";"";"56";"13";"FORNECIMENTO DE ALIMENTAÇÃO DO PARLAMENTAR";"0";"";"ARTESANAL SERVICOS DE ALIMENTACAO E BUFFET EIRELI";"228.362.100/0015-7";"490";"4";"2021-12-15T00:00:00";"600";"0";"600";"12";"2021";"0";"";"";"1817091";"";"";"";"3172";"7306715";"https://www.camara.leg.br/cota-parlamentar/nota-fiscal-eletronica?ideDocumentoFiscal=7306715"
"PODE";"";"";"";"2019";"NA";"";"56";"13";"FORNECIMENTO DE ALIMENTAÇÃO DO PARLAMENTAR";"0";"";"ARTESANAL SERVICOS DE ALIMENTACAO E BUFFET EIRELI";"228.362.100/0015-7";"83";"4";"2021-02-03T00:00:00";"800";"0";"800";"2";"2021";"0";"";"";"1743480";"";"";"";"3172";"7150498";"https://www.camara.leg.br/cota-parlamentar/nota-fiscal-eletronica?ideDocumentoFiscal=7150498"
"PODE";"";"";"";"2019";"NA";"";"56";"13";"FORNECIMENTO DE ALIMENTAÇÃO DO PARLAMENTAR";"0";"";"ARTESANAL SERVICOS DE ALIMENTACAO E BUFFET EIRELI";"228.362.100/0015-7";"98";"4";"2021-03-02T00:00:00";"750";"0";"750";"2";"2021";"0";"";"";"1749071";"";"";"";"3172";"7161885";"https://www.camara.leg.br/cota-parlamentar/nota-fiscal-eletronica?ideDocumentoFiscal=7161885"
"PODE";"";"";"";"2019";"NA";"";"56";"13";"FORNECIMENTO DE ALIMENTAÇÃO DO PARLAMENTAR";"0";"";"ARTESANAL SERVICOS DE ALIMENTACAO E BUFFET EIRELI";"228.362.100/0015-7";"99";"4";"2021-03-02T00:00:00";"450";"0";"450";"2";"2021";"0";"";"";"1749069";"";"";"";"3172";"7161888";"https://www.camara.leg.br/cota-parlamentar/nota-fiscal-eletronica?ideDocumentoFiscal=7161888"
"PODE";"";"";"";"2019";"NA";"";"56";"13";"FORNECIMENTO DE ALIMENTAÇÃO DO PARLAMENTAR";"0";"";"RESTAURANTE FIGUEIRA DA VILLA EIRELI - ME";"276.442.560/0019-8";"9134";"4";"2021-02-11T00:00:00";"899";"0";"899";"2";"2021";"0";"";"";"1746099";"";"";"";"3172";"7155823";"https://www.camara.leg.br/cota-parlamentar/nota-fiscal-eletronica?ideDocumentoFiscal=7155823"
"PODE";"";"";"";"2019";"NA";"";"56";"13";"FORNECIMENTO DE ALIMENTAÇÃO DO PARLAMENTAR";"0";"";"RESTAURANTE FIGUEIRA DA VILLA EIRELI - ME";"276.442.560/0019-8";"9162";"4";"2021-02-09T00:00:00";"998";"0";"998";"2";"2021";"0";"";"";"1747113";"";"";"";"3172";"7157954";"https://www.camara.leg.br/cota-parlamentar/nota-fiscal-eletronica?ideDocumentoFiscal=7157954"
"PP";"";"";"";"2019";"NA";"";"56";"13";"FORNECIMENTO DE ALIMENTAÇÃO DO PARLAMENTAR";"0";"";"RONILDA FRANCISCA RIBEIRO DOS REIS";"208.691.310/0011-7";"002166262";"0";"2021-06-21T00:00:00";"1750";"0";"1750";"3";"2021";"0";"";"";"1773907";"";"";"";"3461";"7211586";"https://www.camara.leg.br/cota-parlamentar/documentos/publ/3461/2021/7211586.pdf"
"PP";"";"";"";"2019";"NA";"";"56";"13";"FORNECIMENTO DE ALIMENTAÇÃO DO PARLAMENTAR";"0";"";"RONILDA FRANCISCA RIBEIRO DOS REIS 04480136657";"208.691.310/0011-7";"002161723";"0";"2021-06-16T00:00:00";"7000";"0";"7000";"5";"2021";"0";"";"";"1772212";"";"";"";"3461";"7209223";"https://www.camara.leg.br/cota-parlamentar/documentos/publ/3461/2021/7209223.pdf"
"PP";"";"";"";"2019";"NA";"";"56";"13";"FORNECIMENTO DE ALIMENTAÇÃO DO PARLAMENTAR";"0";"";"RONILDA FRANCISCA RIBEIRO DOS REIS 04480136657";"208.691.310/0011-7";"002166279";"0";"2021-06-21T00:00:00";"5250";"0";"5250";"4";"2021";"0";"";"";"1773908";"";"";"";"3461";"7211608";"https://www.camara.leg.br/cota-parlamentar/documentos/publ/3461/2021/7211608.pdf"
"PP";"";"";"";"2019";"NA";"";"56";"13";"FORNECIMENTO DE ALIMENTAÇÃO DO PARLAMENTAR";"0";"";"RONILDA FRANCISCA RIBEIRO DOS REIS 04480136657";"208.691.310/0011-7";"002190739";"0";"2021-07-08T00:00:00";"7875";"0";"7875";"6";"2021";"0";"";"";"1779125";"";"";"";"3461";"7222459";"https://www.camara.leg.br/cota-parlamentar/documentos/publ/3461/2021/7222459.pdf"
"PP";"";"";"";"2019";"NA";"";"56";"13";"FORNECIMENTO DE ALIMENTAÇÃO DO PARLAMENTAR";"0";"";"RONILDA FRANCISCA RIBEIRO DOS REIS 04480136657";"208.691.310/0011-7";"002225736";"0";"2021-08-08T00:00:00";"3000";"0";"3000";"7";"2021";"0";"";"";"1785400";"";"";"";"3461";"7236465";"https://www.camara.leg.br/cota-parlamentar/documentos/publ/3461/2021/7236465.pdf"
"PP";"";"";"";"2019";"NA";"";"56";"13";"FORNECIMENTO DE ALIMENTAÇÃO DO PARLAMENTAR";"0";"";"RONILDA FRANCISCA RIBEIRO DOS REIS 04480136657";"208.691.310/0011-7";"002271303";"0";"2021-09-15T00:00:00";"7875";"0";"7875";"8";"2021";"0";"";"";"1794681";"";"";"";"3461";"7256678";"https://www.camara.leg.br/cota-parlamentar/documentos/publ/3461/2021/7256678.pdf"
"PP";"";"";"";"2019";"NA";"";"56";"13";"FORNECIMENTO DE ALIMENTAÇÃO DO PARLAMENTAR";"0";"";"RONILDA FRANCISCA RIBEIRO DOS REIS 04480136657";"208.691.310/0011-7";"002305986";"0";"2021-10-14T00:00:00";"7600";"0";"7600";"9";"2021";"0";"";"";"1800539";"";"";"";"3461";"7269844";"https://www.camara.leg.br/cota-parlamentar/documentos/publ/3461/2021/7269844.pdf"
"PP";"";"";"";"2019";"NA";"";"56";"13";"FORNECIMENTO DE ALIMENTAÇÃO DO PARLAMENTAR";"0";"";"RONILDA FRANCISCA RIBEIRO DOS REIS 04480136657";"208.691.310/0011-7";"002358073";"0";"2021-11-23T00:00:00";"6650";"0";"6650";"10";"2021";"0";"";"";"1810978";"";"";"";"3461";"7293389";"https://www.camara.leg.br/cota-parlamentar/documentos/publ/3461/2021/7293389.pdf"
"PP";"";"";"";"2019";"NA";"";"56";"13";"FORNECIMENTO DE ALIMENTAÇÃO DO PARLAMENTAR";"0";"";"RONILDA FRANCISCA RIBEIRO DOS REIS 04480136657";"208.691.310/0011-7";"002385443";"0";"2021-12-10T00:00:00";"7600";"0";"7600";"11";"2021";"0";"";"";"1815847";"";"";"";"3461";"7303763";"https://www.camara.leg.br/cota-parlamentar/documentos/publ/3461/2021/7303763.pdf"
"PP";"";"";"";"2019";"NA";"";"56";"13";"FORNECIMENTO DE ALIMENTAÇÃO DO PARLAMENTAR";"0";"";"RONILDA FRANCISCA RIBEIRO DOS REIS 04480136657";"208.691.310/0011-7";"002394903";"0";"2021-12-16T00:00:00";"4750";"0";"4750";"12";"2021";"0";"";"";"1817775";"";"";"";"3461";"7308074";"https://www.camara.leg.br/cota-parlamentar/documentos/publ/3461/2021/7308074.pdf"
"PROS";"";"";"";"2019";"NA";"";"56";"1";"MANUTENÇÃO DE ESCRITÓRIO DE APOIO À ATIVIDADE PARLAMENTAR";"0";"";"Dlocal Brasil Pagamentos LTDA";"250.213.560/0013-2";"653165501";"0";"2021-03-11T00:00:00";"397.26";"0";"397.26";"3";"2021";"0";"";"";"1752335";"";"";"";"2865";"7167451";"https://www.camara.leg.br/cota-parlamentar/documentos/publ/2865/2021/7167451.pdf"
"PROS";"";"";"";"2019";"NA";"";"56";"1";"MANUTENÇÃO DE ESCRITÓRIO DE APOIO À ATIVIDADE PARLAMENTAR";"0";"";"PPRO BRASIL LTDA";"210.418.400/0017-2";"1361904183";"1";"2021-03-04T00:00:00";"2580";"0";"2580";"3";"2021";"0";"";"";"1749208";"";"";"";"2865";"7162153";"https://www.camara.leg.br/cota-parlamentar/documentos/publ/2865/2021/7162153.pdf"
"PROS";"";"";"";"2019";"NA";"";"56";"5";"DIVULGAÇÃO DA ATIVIDADE PARLAMENTAR.";"0";"";"SBH INFORMATICA LTDA";"088.982.080/0018-1";"29";"0";"2021-09-21T00:00:00";"5000";"0";"5000";"8";"2021";"0";"";"";"1794860";"";"";"";"2865";"7257070";"https://www.camara.leg.br/cota-parlamentar/documentos/publ/2865/2021/7257070.pdf"
"PROS";"";"";"";"2019";"NA";"";"56";"5";"DIVULGAÇÃO DA ATIVIDADE PARLAMENTAR.";"0";"";"SBH INFORMATICA LTDA";"088.982.080/0018-1";"31";"4";"2021-10-01T00:00:00";"5000";"0";"5000";"9";"2021";"0";"";"";"1797786";"";"";"";"2865";"7264028";"https://www.camara.leg.br/cota-parlamentar/nota-fiscal-eletronica?ideDocumentoFiscal=7264028"
"PROS";"";"";"";"2019";"NA";"";"56";"5";"DIVULGAÇÃO DA ATIVIDADE PARLAMENTAR.";"0";"";"SBH INFORMATICA LTDA";"088.982.080/0018-1";"32";"0";"2021-11-03T00:00:00";"5000";"0";"5000";"10";"2021";"0";"";"";"1804493";"";"";"";"2865";"7278911";"https://www.camara.leg.br/cota-parlamentar/documentos/publ/2865/2021/7278911.pdf"
"PROS";"";"";"";"2019";"NA";"";"56";"13";"FORNECIMENTO DE ALIMENTAÇÃO DO PARLAMENTAR";"0";"";"ANGELICA NOGUEIRA DOS SANTOS";"169.781.440/0015-7";"24";"0";"2021-02-05T00:00:00";"1800";"0";"1800";"2";"2021";"0";"";"";"1743952";"";"";"";"2865";"7151279";"https://www.camara.leg.br/cota-parlamentar/documentos/publ/2865/2021/7151279.pdf"
"PROS";"";"";"";"2019";"NA";"";"56";"13";"FORNECIMENTO DE ALIMENTAÇÃO DO PARLAMENTAR";"0";"";"ANGELICA NOGUEIRA DOS SANTOS";"420.629.960/0010-0";"002271651";"0";"2021-09-16T00:00:00";"5750";"0";"5750";"9";"2021";"0";"";"";"1794184";"";"";"";"2865";"7255551";"https://www.camara.leg.br/cota-parlamentar/documentos/publ/2865/2021/7255551.pdf"
"PROS";"";"";"";"2019";"NA";"";"56";"13";"FORNECIMENTO DE ALIMENTAÇÃO DO PARLAMENTAR";"0";"";"ANGELICA NOGUEIRA DOS SANTOS";"420.629.960/0010-0";"002371582";"0";"2021-12-02T00:00:00";"2900";"0";"2900";"11";"2021";"0";"";"";"1813171";"";"";"";"2865";"7298243";"https://www.camara.leg.br/cota-parlamentar/documentos/publ/2865/2021/7298243.pdf"
"PROS";"";"";"";"2019";"NA";"";"56";"13";"FORNECIMENTO DE ALIMENTAÇÃO DO PARLAMENTAR";"0";"";"ANGELICA NOGUEIRA DOS SANTOS 35775394100";"420.629.960/0010-0";"002287006";"0";"2021-09-30T00:00:00";"5750";"0";"5750";"9";"2021";"0";"";"";"1797424";"";"";"";"2865";"7263015";"https://www.camara.leg.br/cota-parlamentar/documentos/publ/2865/2021/7263015.pdf"
"PROS";"";"";"";"2019";"NA";"";"56";"13";"FORNECIMENTO DE ALIMENTAÇÃO DO PARLAMENTAR";"0";"";"ANGELICA NOGUEIRA DOS SANTOS 35775394100";"420.629.960/0010-0";"002329887";"0";"2021-11-03T00:00:00";"5750";"0";"5750";"10";"2021";"0";"";"";"1804442";"";"";"";"2865";"7278790";"https://www.camara.leg.br/cota-parlamentar/documentos/publ/2865/2021/7278790.pdf"
"PROS";"";"";"";"2019";"NA";"";"56";"13";"FORNECIMENTO DE ALIMENTAÇÃO DO PARLAMENTAR";"0";"";"ARTESANAL SERVICOS DE ALIMENTACAO E BUFFET EIRELI";"228.362.100/0015-7";"232";"4";"2021-07-14T00:00:00";"1150";"0";"1150";"7";"2021";"0";"";"";"1779633";"";"";"";"2865";"7223559";"https://www.camara.leg.br/cota-parlamentar/nota-fiscal-eletronica?ideDocumentoFiscal=7223559"
"PROS";"";"";"";"2019";"NA";"";"56";"13";"FORNECIMENTO DE ALIMENTAÇÃO DO PARLAMENTAR";"0";"";"ARTESANAL SERVICOS DE ALIMENTACAO E BUFFET EIRELI";"228.362.100/0015-7";"289";"4";"2021-08-25T00:00:00";"825";"0";"825";"8";"2021";"0";"";"";"1789183";"";"";"";"2865";"7244845";"https://www.camara.leg.br/cota-parlamentar/nota-fiscal-eletronica?ideDocumentoFiscal=7244845"
"PROS";"";"";"";"2019";"NA";"";"56";"13";"FORNECIMENTO DE ALIMENTAÇÃO DO PARLAMENTAR";"0";"";"ARTESANAL SERVICOS DE ALIMENTACAO E BUFFET EIRELI";"228.362.100/0015-7";"414";"4";"2021-11-10T00:00:00";"2200";"0";"2200";"11";"2021";"0";"";"";"1813077";"";"";"";"2865";"7298026";"https://www.camara.leg.br/cota-parlamentar/nota-fiscal-eletronica?ideDocumentoFiscal=7298026"
"PSC";"";"";"";"2019";"NA";"";"56";"13";"FORNECIMENTO DE ALIMENTAÇÃO DO PARLAMENTAR";"0";"";"BISCOITOS CASEIROS HOMONNAI LTDA";"046.448.200/0017-7";"30689";"4";"2021-11-09T00:00:00";"328.83";"0";"328.83";"11";"2021";"0";"";"";"1807388";"";"";"";"2721";"7285148";"https://www.camara.leg.br/cota-parlamentar/nota-fiscal-eletronica?ideDocumentoFiscal=7285148"
"PSC";"";"";"";"2019";"NA";"";"56";"13";"FORNECIMENTO DE ALIMENTAÇÃO DO PARLAMENTAR";"0";"";"THAIS ROCHA GIADA E SILVA 01765424186";"289.373.030/0015-4";"2377868";"0";"2021-12-06T00:00:00";"755";"0";"755";"12";"2021";"0";"";"";"1813991";"";"";"";"2721";"7299992";"https://www.camara.leg.br/cota-parlamentar/documentos/publ/2721/2021/7299992.pdf"
"PSD";"";"";"";"2019";"NA";"";"56";"1";"MANUTENÇÃO DE ESCRITÓRIO DE APOIO À ATIVIDADE PARLAMENTAR";"0";"";"GRAN COFFEE COM. LOC. E SERVICOS S.A.";"087.360.110/0111-8";"39499";"1";"2021-05-17T00:00:00";"300";"0";"300";"4";"2021";"0";"";"";"1774532";"";"";"";"2725";"7205789";"https://www.camara.leg.br/cota-parlamentar/documentos/publ/2725/2021/7205789.pdf"
"PSD";"";"";"";"2019";"NA";"";"56";"1";"MANUTENÇÃO DE ESCRITÓRIO DE APOIO À ATIVIDADE PARLAMENTAR";"0";"";"GRAN COFFEE COM. LOC. E SERVICOS S.A.";"087.360.110/0111-8";"40032";"1";"2021-06-16T00:00:00";"300";"0";"300";"5";"2021";"0";"";"";"1785460";"";"";"";"2725";"7236664";"https://www.camara.leg.br/cota-parlamentar/documentos/publ/2725/2021/7236664.pdf"
"PSD";"";"";"";"2019";"NA";"";"56";"1";"MANUTENÇÃO DE ESCRITÓRIO DE APOIO À ATIVIDADE PARLAMENTAR";"0";"";"GRAN COFFEE COM. LOC. E SERVICOS S.A.";"087.360.110/0111-8";"40828";"1";"2021-07-23T00:00:00";"300";"0";"300";"6";"2021";"0";"";"";"1785461";"";"";"";"2725";"7236665";"https://www.camara.leg.br/cota-parlamentar/documentos/publ/2725/2021/7236665.pdf"
"PSD";"";"";"";"2019";"NA";"";"56";"1";"MANUTENÇÃO DE ESCRITÓRIO DE APOIO À ATIVIDADE PARLAMENTAR";"0";"";"GRAN COFFEE COM. LOC. E SERVICOS S.A.";"087.360.110/0111-8";"40847";"1";"2021-08-01T00:00:00";"300";"0";"300";"7";"2021";"0";"";"";"1791827";"";"";"";"2725";"7250492";"https://www.camara.leg.br/cota-parlamentar/documentos/publ/2725/2021/7250492.pdf"
"PSD";"";"";"";"2019";"NA";"";"56";"1";"MANUTENÇÃO DE ESCRITÓRIO DE APOIO À ATIVIDADE PARLAMENTAR";"0";"";"GRAN COFFEE COM. LOC. E SERVICOS S.A.";"087.360.110/0111-8";"41609";"1";"2021-09-01T00:00:00";"300";"0";"300";"8";"2021";"0";"";"";"1800109";"";"";"";"2725";"7268838";"https://www.camara.leg.br/cota-parlamentar/documentos/publ/2725/2021/7268838.pdf"
"PSD";"";"";"";"2019";"NA";"";"56";"1";"MANUTENÇÃO DE ESCRITÓRIO DE APOIO À ATIVIDADE PARLAMENTAR";"0";"";"GRAN COFFEE COM. LOC. E SERVICOS S.A.";"087.360.110/0111-8";"42950";"1";"2021-11-03T00:00:00";"300";"0";"300";"10";"2021";"0";"";"";"1812547";"";"";"";"2725";"7296999";"https://www.camara.leg.br/cota-parlamentar/documentos/publ/2725/2021/7296999.pdf"
"PSD";"";"";"";"2019";"NA";"";"56";"1";"MANUTENÇÃO DE ESCRITÓRIO DE APOIO À ATIVIDADE PARLAMENTAR";"0";"";"GRAN COFFEE COM. LOC. E SERVICOS S.A.";"087.360.110/0111-8";"43471";"1";"2022-01-03T00:00:00";"300";"0";"300";"11";"2021";"0";"";"";"1824244";"";"";"";"2725";"7320780";"https://www.camara.leg.br/cota-parlamentar/documentos/publ/2725/2022/7320780.pdf"
"PSD";"";"";"";"2019";"NA";"";"56";"1";"MANUTENÇÃO DE ESCRITÓRIO DE APOIO À ATIVIDADE PARLAMENTAR";"0";"";"GRAN COFFEE COM. LOC. E SERVICOS S.A.";"087.360.110/0111-8";"44054";"1";"2022-01-03T00:00:00";"300";"0";"300";"12";"2021";"0";"";"";"1827198";"";"";"";"2725";"7327771";"https://www.camara.leg.br/cota-parlamentar/documentos/publ/2725/2022/7327771.pdf"
"PSD";"";"";"";"2019";"NA";"";"56";"1";"MANUTENÇÃO DE ESCRITÓRIO DE APOIO À ATIVIDADE PARLAMENTAR";"0";"";"GRAN COFFEE COMERCIO, LOCACAO E SERVICOS S.A.";"087.360.110/0111-8";"42423";"1";"2021-10-01T00:00:00";"300";"0";"300";"9";"2021";"0";"";"";"1806466";"";"";"";"2725";"7283103";"https://www.camara.leg.br/cota-parlamentar/documentos/publ/2725/2021/7283103.pdf"
"PSD";"";"";"";"2019";"NA";"";"56";"13";"FORNECIMENTO DE ALIMENTAÇÃO DO PARLAMENTAR";"0";"";"ARTESANAL SERVICOS DE ALIMENTACAO E BUFFET EIRELI";"228.362.100/0015-7";"102";"4";"2021-03-04T00:00:00";"900";"0";"900";"3";"2021";"0";"";"";"1749260";"";"";"";"2725";"7162132";"https://www.camara.leg.br/cota-parlamentar/nota-fiscal-eletronica?ideDocumentoFiscal=7162132"
"PSD";"";"";"";"2019";"NA";"";"56";"13";"FORNECIMENTO DE ALIMENTAÇÃO DO PARLAMENTAR";"0";"";"ARTESANAL SERVICOS DE ALIMENTACAO E BUFFET EIRELI";"228.362.100/0015-7";"107";"4";"2021-03-11T00:00:00";"780";"0";"780";"3";"2021";"0";"";"";"1751816";"";"";"";"2725";"7166390";"https://www.camara.leg.br/cota-parlamentar/nota-fiscal-eletronica?ideDocumentoFiscal=7166390"
"PSD";"";"";"";"2019";"NA";"";"56";"13";"FORNECIMENTO DE ALIMENTAÇÃO DO PARLAMENTAR";"0";"";"ARTESANAL SERVICOS DE ALIMENTACAO E BUFFET EIRELI";"228.362.100/0015-7";"117";"4";"2021-03-17T00:00:00";"780";"0";"780";"3";"2021";"0";"";"";"1753049";"";"";"";"2725";"7168755";"https://www.camara.leg.br/cota-parlamentar/nota-fiscal-eletronica?ideDocumentoFiscal=7168755"
"PSD";"";"";"";"2019";"NA";"";"56";"13";"FORNECIMENTO DE ALIMENTAÇÃO DO PARLAMENTAR";"0";"";"ARTESANAL SERVICOS DE ALIMENTACAO E BUFFET EIRELI";"228.362.100/0015-7";"128";"4";"2021-04-07T00:00:00";"600";"0";"600";"4";"2021";"0";"";"";"1758323";"";"";"";"2725";"7176303";"https://www.camara.leg.br/cota-parlamentar/nota-fiscal-eletronica?ideDocumentoFiscal=7176303"
"PSD";"";"";"";"2019";"NA";"";"56";"13";"FORNECIMENTO DE ALIMENTAÇÃO DO PARLAMENTAR";"0";"";"ARTESANAL SERVICOS DE ALIMENTACAO E BUFFET EIRELI";"228.362.100/0015-7";"132";"4";"2021-04-15T00:00:00";"1550";"0";"1550";"4";"2021";"0";"";"";"1758323";"";"";"";"2725";"7179261";"https://www.camara.leg.br/cota-parlamentar/nota-fiscal-eletronica?ideDocumentoFiscal=7179261"
"PSD";"";"";"";"2019";"NA";"";"56";"13";"FORNECIMENTO DE ALIMENTAÇÃO DO PARLAMENTAR";"0";"";"ARTESANAL SERVICOS DE ALIMENTACAO E BUFFET EIRELI";"228.362.100/0015-7";"138";"4";"2021-04-29T00:00:00";"660";"0";"660";"4";"2021";"0";"";"";"1762010";"";"";"";"2725";"7184811";"https://www.camara.leg.br/cota-parlamentar/nota-fiscal-eletronica?ideDocumentoFiscal=7184811"
"PSD";"";"";"";"2019";"NA";"";"56";"13";"FORNECIMENTO DE ALIMENTAÇÃO DO PARLAMENTAR";"0";"";"ARTESANAL SERVICOS DE ALIMENTACAO E BUFFET EIRELI";"228.362.100/0015-7";"143";"4";"2021-05-05T00:00:00";"1320";"0";"1320";"5";"2021";"0";"";"";"1762470";"";"";"";"2725";"7188058";"https://www.camara.leg.br/cota-parlamentar/nota-fiscal-eletronica?ideDocumentoFiscal=7188058"
"PSD";"";"";"";"2019";"NA";"";"56";"13";"FORNECIMENTO DE ALIMENTAÇÃO DO PARLAMENTAR";"0";"";"ARTESANAL SERVICOS DE ALIMENTACAO E BUFFET EIRELI";"228.362.100/0015-7";"146";"4";"2021-05-12T00:00:00";"1320";"0";"1320";"5";"2021";"0";"";"";"1765710";"";"";"";"2725";"7194127";"https://www.camara.leg.br/cota-parlamentar/nota-fiscal-eletronica?ideDocumentoFiscal=7194127"
"PSD";"";"";"";"2019";"NA";"";"56";"13";"FORNECIMENTO DE ALIMENTAÇÃO DO PARLAMENTAR";"0";"";"ARTESANAL SERVICOS DE ALIMENTACAO E BUFFET EIRELI";"228.362.100/0015-7";"154";"4";"2021-05-20T00:00:00";"1320";"0";"1320";"5";"2021";"0";"";"";"1765710";"";"";"";"2725";"7195246";"https://www.camara.leg.br/cota-parlamentar/nota-fiscal-eletronica?ideDocumentoFiscal=7195246"
"PSD";"";"";"";"2019";"NA";"";"56";"13";"FORNECIMENTO DE ALIMENTAÇÃO DO PARLAMENTAR";"0";"";"ARTESANAL SERVICOS DE ALIMENTACAO E BUFFET EIRELI";"228.362.100/0015-7";"162";"4";"2021-05-26T00:00:00";"1320";"0";"1320";"5";"2021";"0";"";"";"1767218";"";"";"";"2725";"7198564";"https://www.camara.leg.br/cota-parlamentar/nota-fiscal-eletronica?ideDocumentoFiscal=7198564"
"PSD";"";"";"";"2019";"NA";"";"56";"13";"FORNECIMENTO DE ALIMENTAÇÃO DO PARLAMENTAR";"0";"";"ARTESANAL SERVICOS DE ALIMENTACAO E BUFFET EIRELI";"228.362.100/0015-7";"170";"4";"2021-06-02T00:00:00";"660";"0";"660";"6";"2021";"0";"";"";"1770418";"";"";"";"2725";"7201697";"https://www.camara.leg.br/cota-parlamentar/nota-fiscal-eletronica?ideDocumentoFiscal=7201697"
"PSD";"";"";"";"2019";"NA";"";"56";"13";"FORNECIMENTO DE ALIMENTAÇÃO DO PARLAMENTAR";"0";"";"ARTESANAL SERVICOS DE ALIMENTACAO E BUFFET EIRELI";"228.362.100/0015-7";"177";"4";"2021-06-09T00:00:00";"1320";"0";"1320";"6";"2021";"0";"";"";"1770418";"";"";"";"2725";"7204887";"https://www.camara.leg.br/cota-parlamentar/nota-fiscal-eletronica?ideDocumentoFiscal=7204887"
"PSD";"";"";"";"2019";"NA";"";"56";"13";"FORNECIMENTO DE ALIMENTAÇÃO DO PARLAMENTAR";"0";"";"ARTESANAL SERVICOS DE ALIMENTACAO E BUFFET EIRELI";"228.362.100/0015-7";"186";"4";"2021-06-16T00:00:00";"1540";"0";"1540";"6";"2021";"0";"";"";"1772211";"";"";"";"2725";"7208153";"https://www.camara.leg.br/cota-parlamentar/nota-fiscal-eletronica?ideDocumentoFiscal=7208153"
"PSD";"";"";"";"2019";"NA";"";"56";"13";"FORNECIMENTO DE ALIMENTAÇÃO DO PARLAMENTAR";"0";"";"ARTESANAL SERVICOS DE ALIMENTACAO E BUFFET EIRELI";"228.362.100/0015-7";"195";"4";"2021-06-23T00:00:00";"1320";"0";"1320";"6";"2021";"0";"";"";"1774427";"";"";"";"2725";"7212002";"https://www.camara.leg.br/cota-parlamentar/nota-fiscal-eletronica?ideDocumentoFiscal=7212002"
"PSD";"";"";"";"2019";"NA";"";"56";"13";"FORNECIMENTO DE ALIMENTAÇÃO DO PARLAMENTAR";"0";"";"ARTESANAL SERVICOS DE ALIMENTACAO E BUFFET EIRELI";"228.362.100/0015-7";"204";"4";"2021-06-30T00:00:00";"1320";"0";"1320";"6";"2021";"0";"";"";"1776163";"";"";"";"2725";"7215280";"https://www.camara.leg.br/cota-parlamentar/nota-fiscal-eletronica?ideDocumentoFiscal=7215280"
"PSD";"";"";"";"2019";"NA";"";"56";"13";"FORNECIMENTO DE ALIMENTAÇÃO DO PARLAMENTAR";"0";"";"ARTESANAL SERVICOS DE ALIMENTACAO E BUFFET EIRELI";"228.362.100/0015-7";"212";"4";"2021-07-07T00:00:00";"1488";"0";"1488";"7";"2021";"0";"";"";"1777923";"";"";"";"2725";"7219950";"https://www.camara.leg.br/cota-parlamentar/nota-fiscal-eletronica?ideDocumentoFiscal=7219950"
"PSD";"";"";"";"2019";"NA";"";"56";"13";"FORNECIMENTO DE ALIMENTAÇÃO DO PARLAMENTAR";"0";"";"ARTESANAL SERVICOS DE ALIMENTACAO E BUFFET EIRELI";"228.362.100/0015-7";"225";"4";"2021-07-14T00:00:00";"1320";"0";"1320";"7";"2021";"0";"";"";"1779707";"";"";"";"2725";"7223604";"https://www.camara.leg.br/cota-parlamentar/nota-fiscal-eletronica?ideDocumentoFiscal=7223604"
"PSD";"";"";"";"2019";"NA";"";"56";"13";"FORNECIMENTO DE ALIMENTAÇÃO DO PARLAMENTAR";"0";"";"ARTESANAL SERVICOS DE ALIMENTACAO E BUFFET EIRELI";"228.362.100/0015-7";"244";"4";"2021-08-04T00:00:00";"1925";"0";"1925";"8";"2021";"0";"";"";"1784338";"";"";"";"2725";"7234195";"https://www.camara.leg.br/cota-parlamentar/nota-fiscal-eletronica?ideDocumentoFiscal=7234195"
"PSD";"";"";"";"2019";"NA";"";"56";"13";"FORNECIMENTO DE ALIMENTAÇÃO DO PARLAMENTAR";"0";"";"ARTESANAL SERVICOS DE ALIMENTACAO E BUFFET EIRELI";"228.362.100/0015-7";"261";"4";"2021-08-12T00:00:00";"1705";"0";"1705";"8";"2021";"0";"";"";"1787352";"";"";"";"2725";"7237654";"https://www.camara.leg.br/cota-parlamentar/nota-fiscal-eletronica?ideDocumentoFiscal=7237654"
"PSD";"";"";"";"2019";"NA";"";"56";"13";"FORNECIMENTO DE ALIMENTAÇÃO DO PARLAMENTAR";"0";"";"ARTESANAL SERVICOS DE ALIMENTACAO E BUFFET EIRELI";"228.362.100/0015-7";"271";"4";"2021-08-18T00:00:00";"1650";"0";"1650";"8";"2021";"0";"";"";"1787352";"";"";"";"2725";"7240750";"https://www.camara.leg.br/cota-parlamentar/nota-fiscal-eletronica?ideDocumentoFiscal=7240750"
"PSD";"";"";"";"2019";"NA";"";"56";"13";"FORNECIMENTO DE ALIMENTAÇÃO DO PARLAMENTAR";"0";"";"ARTESANAL SERVICOS DE ALIMENTACAO E BUFFET EIRELI";"228.362.100/0015-7";"282";"4";"2021-08-25T00:00:00";"1650";"0";"1650";"8";"2021";"0";"";"";"1789051";"";"";"";"2725";"7244533";"https://www.camara.leg.br/cota-parlamentar/nota-fiscal-eletronica?ideDocumentoFiscal=7244533"
"PSD";"";"";"";"2019";"NA";"";"56";"13";"FORNECIMENTO DE ALIMENTAÇÃO DO PARLAMENTAR";"0";"";"ARTESANAL SERVICOS DE ALIMENTACAO E BUFFET EIRELI";"228.362.100/0015-7";"295";"4";"2021-09-01T00:00:00";"1320";"0";"1320";"9";"2021";"0";"";"";"1790998";"";"";"";"2725";"7247769";"https://www.camara.leg.br/cota-parlamentar/nota-fiscal-eletronica?ideDocumentoFiscal=7247769"
"PSD";"";"";"";"2019";"NA";"";"56";"13";"FORNECIMENTO DE ALIMENTAÇÃO DO PARLAMENTAR";"0";"";"ARTESANAL SERVICOS DE ALIMENTACAO E BUFFET EIRELI";"228.362.100/0015-7";"301";"4";"2021-09-09T00:00:00";"400";"0";"400";"9";"2021";"0";"";"";"1793004";"";"";"";"2725";"7251463";"https://www.camara.leg.br/cota-parlamentar/nota-fiscal-eletronica?ideDocumentoFiscal=7251463"
"PSD";"";"";"";"2019";"NA";"";"56";"13";"FORNECIMENTO DE ALIMENTAÇÃO DO PARLAMENTAR";"0";"";"ARTESANAL SERVICOS DE ALIMENTACAO E BUFFET EIRELI";"228.362.100/0015-7";"308";"4";"2021-09-15T00:00:00";"800";"0";"800";"9";"2021";"0";"";"";"1795162";"";"";"";"2725";"7254999";"https://www.camara.leg.br/cota-parlamentar/nota-fiscal-eletronica?ideDocumentoFiscal=7254999"
"PSD";"";"";"";"2019";"NA";"";"56";"13";"FORNECIMENTO DE ALIMENTAÇÃO DO PARLAMENTAR";"0";"";"ARTESANAL SERVICOS DE ALIMENTACAO E BUFFET EIRELI";"228.362.100/0015-7";"327";"4";"2021-09-22T00:00:00";"400";"0";"400";"9";"2021";"0";"";"";"1795424";"";"";"";"2725";"7258397";"https://www.camara.leg.br/cota-parlamentar/nota-fiscal-eletronica?ideDocumentoFiscal=7258397"
"PSD";"";"";"";"2019";"NA";"";"56";"13";"FORNECIMENTO DE ALIMENTAÇÃO DO PARLAMENTAR";"0";"";"ARTESANAL SERVICOS DE ALIMENTACAO E BUFFET EIRELI";"228.362.100/0015-7";"338";"4";"2021-09-29T00:00:00";"800";"0";"800";"9";"2021";"0";"";"";"1800110";"";"";"";"2725";"7268336";"https://www.camara.leg.br/cota-parlamentar/nota-fiscal-eletronica?ideDocumentoFiscal=7268336"
"PSD";"";"";"";"2019";"NA";"";"56";"13";"FORNECIMENTO DE ALIMENTAÇÃO DO PARLAMENTAR";"0";"";"ARTESANAL SERVICOS DE ALIMENTACAO E BUFFET EIRELI";"228.362.100/0015-7";"348";"4";"2021-10-07T00:00:00";"800";"0";"800";"10";"2021";"0";"";"";"1800112";"";"";"";"2725";"7268331";"https://www.camara.leg.br/cota-parlamentar/nota-fiscal-eletronica?ideDocumentoFiscal=7268331"
"PSD";"";"";"";"2019";"NA";"";"56";"13";"FORNECIMENTO DE ALIMENTAÇÃO DO PARLAMENTAR";"0";"";"ARTESANAL SERVICOS DE ALIMENTACAO E BUFFET EIRELI";"228.362.100/0015-7";"370";"4";"2021-10-20T00:00:00";"1600";"0";"1600";"10";"2021";"0";"";"";"1803982";"";"";"";"2725";"7273881";"https://www.camara.leg.br/cota-parlamentar/nota-fiscal-eletronica?ideDocumentoFiscal=7273881"
"PSD";"";"";"";"2019";"NA";"";"56";"13";"FORNECIMENTO DE ALIMENTAÇÃO DO PARLAMENTAR";"0";"";"ARTESANAL SERVICOS DE ALIMENTACAO E BUFFET EIRELI";"228.362.100/0015-7";"381";"4";"2021-10-28T00:00:00";"1600";"0";"1600";"10";"2021";"0";"";"";"1806040";"";"";"";"2725";"7281176";"https://www.camara.leg.br/cota-parlamentar/nota-fiscal-eletronica?ideDocumentoFiscal=7281176"
"PSD";"";"";"";"2019";"NA";"";"56";"13";"FORNECIMENTO DE ALIMENTAÇÃO DO PARLAMENTAR";"0";"";"ARTESANAL SERVICOS DE ALIMENTACAO E BUFFET EIRELI";"228.362.100/0015-7";"395";"4";"2021-11-04T00:00:00";"600";"0";"600";"11";"2021";"0";"";"";"1805567";"";"";"";"2725";"7281028";"https://www.camara.leg.br/cota-parlamentar/nota-fiscal-eletronica?ideDocumentoFiscal=7281028"
"PSD";"";"";"";"2019";"NA";"";"56";"13";"FORNECIMENTO DE ALIMENTAÇÃO DO PARLAMENTAR";"0";"";"ARTESANAL SERVICOS DE ALIMENTACAO E BUFFET EIRELI";"228.362.100/0015-7";"407";"4";"2021-11-10T00:00:00";"1000";"0";"1000";"11";"2021";"0";"";"";"1808234";"";"";"";"2725";"7287023";"https://www.camara.leg.br/cota-parlamentar/nota-fiscal-eletronica?ideDocumentoFiscal=7287023"
"PSD";"";"";"";"2019";"NA";"";"56";"13";"FORNECIMENTO DE ALIMENTAÇÃO DO PARLAMENTAR";"0";"";"ARTESANAL SERVICOS DE ALIMENTACAO E BUFFET EIRELI";"228.362.100/0015-7";"426";"4";"2021-11-18T00:00:00";"1600";"0";"1600";"11";"2021";"0";"";"";"1811051";"";"";"";"2725";"7293505";"https://www.camara.leg.br/cota-parlamentar/nota-fiscal-eletronica?ideDocumentoFiscal=7293505"
"PSD";"";"";"";"2019";"NA";"";"56";"13";"FORNECIMENTO DE ALIMENTAÇÃO DO PARLAMENTAR";"0";"";"ARTESANAL SERVICOS DE ALIMENTACAO E BUFFET EIRELI";"228.362.100/0015-7";"439";"4";"2021-11-25T00:00:00";"1280";"0";"1280";"11";"2021";"0";"";"";"1811051";"";"";"";"2725";"7293507";"https://www.camara.leg.br/cota-parlamentar/nota-fiscal-eletronica?ideDocumentoFiscal=7293507"
"PSD";"";"";"";"2019";"NA";"";"56";"13";"FORNECIMENTO DE ALIMENTAÇÃO DO PARLAMENTAR";"0";"";"ARTESANAL SERVICOS DE ALIMENTACAO E BUFFET EIRELI";"228.362.100/0015-7";"458";"4";"2021-12-01T00:00:00";"1400";"0";"1400";"12";"2021";"0";"";"";"1812550";"";"";"";"2725";"7296981";"https://www.camara.leg.br/cota-parlamentar/nota-fiscal-eletronica?ideDocumentoFiscal=7296981"
"PSD";"";"";"";"2019";"NA";"";"56";"13";"FORNECIMENTO DE ALIMENTAÇÃO DO PARLAMENTAR";"0";"";"ARTESANAL SERVICOS DE ALIMENTACAO E BUFFET EIRELI";"228.362.100/0015-7";"468";"4";"2021-12-13T00:00:00";"1400";"0";"1400";"12";"2021";"0";"";"";"1817033";"";"";"";"2725";"7304384";"https://www.camara.leg.br/cota-parlamentar/nota-fiscal-eletronica?ideDocumentoFiscal=7304384"
"PSD";"";"";"";"2019";"NA";"";"56";"13";"FORNECIMENTO DE ALIMENTAÇÃO DO PARLAMENTAR";"0";"";"ARTESANAL SERVICOS DE ALIMENTACAO E BUFFET EIRELI";"228.362.100/0015-7";"481";"4";"2021-12-15T00:00:00";"2750";"0";"2750";"12";"2021";"0";"";"";"1817033";"";"";"";"2725";"7306418";"https://www.camara.leg.br/cota-parlamentar/nota-fiscal-eletronica?ideDocumentoFiscal=7306418"
"PSD";"";"";"";"2019";"NA";"";"56";"13";"FORNECIMENTO DE ALIMENTAÇÃO DO PARLAMENTAR";"0";"";"ARTESANAL SERVICOS DE ALIMENTACAO E BUFFET EIRELI";"228.362.100/0015-7";"86";"4";"2021-02-03T00:00:00";"3450";"0";"3450";"2";"2021";"0";"";"";"1744712";"";"";"";"2725";"7152914";"https://www.camara.leg.br/cota-parlamentar/nota-fiscal-eletronica?ideDocumentoFiscal=7152914"
"PSD";"";"";"";"2019";"NA";"";"56";"13";"FORNECIMENTO DE ALIMENTAÇÃO DO PARLAMENTAR";"0";"";"ARTESANAL SERVICOS DE ALIMENTACAO E BUFFET EIRELI";"228.362.100/0015-7";"89";"4";"2021-02-10T00:00:00";"1125";"0";"1125";"2";"2021";"0";"";"";"1744881";"";"";"";"2725";"7153200";"https://www.camara.leg.br/cota-parlamentar/nota-fiscal-eletronica?ideDocumentoFiscal=7153200"
"PSD";"";"";"";"2019";"NA";"";"56";"13";"FORNECIMENTO DE ALIMENTAÇÃO DO PARLAMENTAR";"0";"";"ARTESANAL SERVICOS DE ALIMENTACAO E BUFFET EIRELI";"228.362.100/0015-7";"94";"4";"2021-03-01T00:00:00";"1350";"0";"1350";"2";"2021";"0";"";"";"1749259";"";"";"";"2725";"7161201";"https://www.camara.leg.br/cota-parlamentar/nota-fiscal-eletronica?ideDocumentoFiscal=7161201"
"PSL";"";"";"";"2019";"NA";"";"56";"1";"MANUTENÇÃO DE ESCRITÓRIO DE APOIO À ATIVIDADE PARLAMENTAR";"0";"";"AMORETTO CAFES EXPRESSO LTDA";"085.324.290/0013-1";"26435";"4";"2021-01-05T00:00:00";"800";"0";"800";"1";"2021";"0";"";"";"1739225";"";"";"";"3442";"7141173";"https://www.camara.leg.br/cota-parlamentar/nota-fiscal-eletronica?ideDocumentoFiscal=7141173"
"PSL";"";"";"";"2019";"NA";"";"56";"1";"MANUTENÇÃO DE ESCRITÓRIO DE APOIO À ATIVIDADE PARLAMENTAR";"0";"";"AMORETTO CAFES EXPRESSO LTDA";"085.324.290/0013-1";"26566";"4";"2021-02-02T00:00:00";"800";"0";"800";"2";"2021";"0";"";"";"1749245";"";"";"";"3442";"7161812";"https://www.camara.leg.br/cota-parlamentar/nota-fiscal-eletronica?ideDocumentoFiscal=7161812"
"PSL";"";"";"";"2019";"NA";"";"56";"1";"MANUTENÇÃO DE ESCRITÓRIO DE APOIO À ATIVIDADE PARLAMENTAR";"0";"";"AMORETTO CAFES EXPRESSO LTDA";"085.324.290/0013-1";"26663";"4";"2021-03-03T00:00:00";"800";"0";"800";"3";"2021";"0";"";"";"1752433";"";"";"";"3442";"7167678";"https://www.camara.leg.br/cota-parlamentar/nota-fiscal-eletronica?ideDocumentoFiscal=7167678"
"PSL";"";"";"";"2019";"NA";"";"56";"1";"MANUTENÇÃO DE ESCRITÓRIO DE APOIO À ATIVIDADE PARLAMENTAR";"0";"";"AMORETTO CAFES EXPRESSO LTDA";"085.324.290/0013-1";"26769";"4";"2021-04-06T00:00:00";"800";"0";"800";"4";"2021";"0";"";"";"1758616";"";"";"";"3442";"7179850";"https://www.camara.leg.br/cota-parlamentar/nota-fiscal-eletronica?ideDocumentoFiscal=7179850"
"PSL";"";"";"";"2019";"NA";"";"56";"1";"MANUTENÇÃO DE ESCRITÓRIO DE APOIO À ATIVIDADE PARLAMENTAR";"0";"";"AMORETTO CAFES EXPRESSO LTDA";"085.324.290/0013-1";"26871";"4";"2021-05-06T00:00:00";"800";"0";"800";"5";"2021";"0";"";"";"1763298";"";"";"";"3442";"7189830";"https://www.camara.leg.br/cota-parlamentar/nota-fiscal-eletronica?ideDocumentoFiscal=7189830"
"PSL";"";"";"";"2019";"NA";"";"56";"1";"MANUTENÇÃO DE ESCRITÓRIO DE APOIO À ATIVIDADE PARLAMENTAR";"0";"";"AMORETTO CAFES EXPRESSO LTDA";"085.324.290/0013-1";"26964";"4";"2021-06-02T00:00:00";"800";"0";"800";"6";"2021";"0";"";"";"1770970";"";"";"";"3442";"7206355";"https://www.camara.leg.br/cota-parlamentar/nota-fiscal-eletronica?ideDocumentoFiscal=7206355"
"PSL";"";"";"";"2019";"NA";"";"56";"1";"MANUTENÇÃO DE ESCRITÓRIO DE APOIO À ATIVIDADE PARLAMENTAR";"0";"";"AMORETTO CAFES EXPRESSO LTDA";"085.324.290/0013-1";"27073";"4";"2021-07-06T00:00:00";"800";"0";"800";"7";"2021";"0";"";"";"1781089";"";"";"";"3442";"7226753";"https://www.camara.leg.br/cota-parlamentar/nota-fiscal-eletronica?ideDocumentoFiscal=7226753"
"PSL";"";"";"";"2019";"NA";"";"56";"1";"MANUTENÇÃO DE ESCRITÓRIO DE APOIO À ATIVIDADE PARLAMENTAR";"0";"";"AMORETTO CAFES EXPRESSO LTDA";"085.324.290/0013-1";"27176";"4";"2021-08-05T00:00:00";"800";"0";"800";"8";"2021";"0";"";"";"1786820";"";"";"";"3442";"7239478";"https://www.camara.leg.br/cota-parlamentar/nota-fiscal-eletronica?ideDocumentoFiscal=7239478"
"PSL";"";"";"";"2019";"NA";"";"56";"1";"MANUTENÇÃO DE ESCRITÓRIO DE APOIO À ATIVIDADE PARLAMENTAR";"0";"";"AMORETTO CAFES EXPRESSO LTDA";"085.324.290/0013-1";"27281";"4";"2021-09-02T00:00:00";"800";"0";"800";"9";"2021";"0";"";"";"1800367";"";"";"";"3442";"7269439";"https://www.camara.leg.br/cota-parlamentar/nota-fiscal-eletronica?ideDocumentoFiscal=7269439"
"PSL";"";"";"";"2019";"NA";"";"56";"1";"MANUTENÇÃO DE ESCRITÓRIO DE APOIO À ATIVIDADE PARLAMENTAR";"0";"";"AMORETTO CAFES EXPRESSO LTDA";"085.324.290/0013-1";"27384";"4";"2021-10-04T00:00:00";"800";"0";"800";"10";"2021";"0";"";"";"1806962";"";"";"";"3442";"7284310";"https://www.camara.leg.br/cota-parlamentar/nota-fiscal-eletronica?ideDocumentoFiscal=7284310"
"PSL";"";"";"";"2019";"NA";"";"56";"1";"MANUTENÇÃO DE ESCRITÓRIO DE APOIO À ATIVIDADE PARLAMENTAR";"0";"";"AMORETTO CAFES EXPRESSO LTDA";"085.324.290/0013-1";"27491";"4";"2021-11-04T00:00:00";"800";"0";"800";"11";"2021";"0";"";"";"1808778";"";"";"";"3442";"7288396";"https://www.camara.leg.br/cota-parlamentar/nota-fiscal-eletronica?ideDocumentoFiscal=7288396"
"PSL";"";"";"";"2019";"NA";"";"56";"1";"MANUTENÇÃO DE ESCRITÓRIO DE APOIO À ATIVIDADE PARLAMENTAR";"0";"";"AMORETTO CAFES EXPRESSO LTDA";"085.324.290/0013-1";"27602";"4";"2021-12-02T00:00:00";"800";"0";"800";"12";"2021";"0";"";"";"1817653";"";"";"";"3442";"7307741";"https://www.camara.leg.br/cota-parlamentar/nota-fiscal-eletronica?ideDocumentoFiscal=7307741"
"PSL";"";"";"";"2019";"NA";"";"56";"3";"COMBUSTÍVEIS E LUBRIFICANTES.";"1";"Veículos Automotores";"040 - 415 NORTE - CASCOL COMBUSTIVEIS PARA VEICULOS LTDA";"003.065.970/0400-3";"71905";"4";"2021-10-05T00:00:00";"314.06";"0";"314.06";"10";"2021";"0";"";"";"1797954";"";"";"";"3442";"7264357";"https://www.camara.leg.br/cota-parlamentar/nota-fiscal-eletronica?ideDocumentoFiscal=7264357"
"PSL";"";"";"";"2019";"NA";"";"56";"3";"COMBUSTÍVEIS E LUBRIFICANTES.";"1";"Veículos Automotores";"069 - PENISULA - CASCOL COMBUSTIVEIS PARA VEICULOS LTDA";"003.065.970/0699-5";"99022";"4";"2021-12-14T00:00:00";"331.81";"0";"331.81";"12";"2021";"0";"";"";"1816721";"";"";"";"3442";"7305824";"https://www.camara.leg.br/cota-parlamentar/nota-fiscal-eletronica?ideDocumentoFiscal=7305824"
"PSL";"";"";"";"2019";"NA";"";"56";"3";"COMBUSTÍVEIS E LUBRIFICANTES.";"1";"Veículos Automotores";"072 - 403 SUL - CASCOL COMBUSTIVEIS PARA VEICULOS LTDA";"003.065.970/0729-0";"105107";"0";"2021-09-22T00:00:00";"326.27";"0";"326.27";"9";"2021";"0";"";"";"1795231";"";"";"";"3442";"7257954";"https://www.camara.leg.br/cota-parlamentar/documentos/publ/3442/2021/7257954.pdf"
"PSL";"";"";"";"2019";"NA";"";"56";"3";"COMBUSTÍVEIS E LUBRIFICANTES.";"1";"Veículos Automotores";"AUTO POSTO CASTANHEIRAS DERIVADOS DE PETROLEO LTDA";"320.139.510/0019-1";"12497";"4";"2021-12-05T00:00:00";"100";"0";"100";"12";"2021";"0";"";"";"1814011";"";"";"";"3442";"7300008";"https://www.camara.leg.br/cota-parlamentar/nota-fiscal-eletronica?ideDocumentoFiscal=7300008"
"PSL";"";"";"";"2019";"NA";"";"56";"3";"COMBUSTÍVEIS E LUBRIFICANTES.";"1";"Veículos Automotores";"AUTO POSTO CASTANHEIRAS DERIVADOS DE PETROLEO LTDA";"320.139.510/0019-1";"14817";"4";"2021-12-10T00:00:00";"255.16";"0";"255.16";"12";"2021";"0";"";"";"1816739";"";"";"";"3442";"7305879";"https://www.camara.leg.br/cota-parlamentar/nota-fiscal-eletronica?ideDocumentoFiscal=7305879"
"PSL";"";"";"";"2019";"NA";"";"56";"3";"COMBUSTÍVEIS E LUBRIFICANTES.";"1";"Veículos Automotores";"AUTO POSTO CASTANHEIRAS DERIVADOS DE PETROLEO LTDA";"320.139.510/0019-1";"25005";"0";"2021-11-02T00:00:00";"242.76";"0";"242.76";"11";"2021";"0";"";"";"1804802";"";"";"";"3442";"7279575";"https://www.camara.leg.br/cota-parlamentar/documentos/publ/3442/2021/7279575.pdf"
"PSL";"";"";"";"2019";"NA";"";"56";"3";"COMBUSTÍVEIS E LUBRIFICANTES.";"1";"Veículos Automotores";"AUTO POSTO CASTANHEIRAS DERIVADOS DE PETROLEO LTDA";"320.139.510/0019-1";"29139";"0";"2021-10-22T00:00:00";"199.93";"0";"199.93";"10";"2021";"0";"";"";"1804800";"";"";"";"3442";"7279610";"https://www.camara.leg.br/cota-parlamentar/documentos/publ/3442/2021/7279610.pdf"
"PSL";"";"";"";"2019";"NA";"";"56";"3";"COMBUSTÍVEIS E LUBRIFICANTES.";"1";"Veículos Automotores";"AUTO POSTO CINCO ESTRELAS LTDA";"006.924.180/0134-0";"18043";"4";"2021-08-17T00:00:00";"223.14";"0";"223.14";"8";"2021";"0";"";"";"1787161";"";"";"";"3442";"7240250";"https://www.camara.leg.br/cota-parlamentar/nota-fiscal-eletronica?ideDocumentoFiscal=7240250"
"PSL";"";"";"";"2019";"NA";"";"56";"3";"COMBUSTÍVEIS E LUBRIFICANTES.";"1";"Veículos Automotores";"AUTO POSTO CINCO ESTRELAS LTDA";"006.924.180/0134-0";"18693";"4";"2021-08-24T00:00:00";"264.38";"0";"264.38";"8";"2021";"0";"";"";"1789983";"";"";"";"3442";"7246680";"https://www.camara.leg.br/cota-parlamentar/nota-fiscal-eletronica?ideDocumentoFiscal=7246680"
"PSL";"";"";"";"2019";"NA";"";"56";"3";"COMBUSTÍVEIS E LUBRIFICANTES.";"1";"Veículos Automotores";"AUTO POSTO CINCO ESTRELAS LTDA";"006.924.180/0134-0";"27742";"4";"2021-11-11T00:00:00";"322.77";"0";"322.77";"11";"2021";"0";"";"";"1808099";"";"";"";"3442";"7286852";"https://www.camara.leg.br/cota-parlamentar/nota-fiscal-eletronica?ideDocumentoFiscal=7286852"
"PSL";"";"";"";"2019";"NA";"";"56";"3";"COMBUSTÍVEIS E LUBRIFICANTES.";"1";"Veículos Automotores";"AUTO POSTO CONCORDE LTDA";"288.682.640/0018-0";"47784";"4";"2021-06-29T00:00:00";"284.16";"0";"284.16";"6";"2021";"0";"";"";"1775955";"";"";"";"3442";"7216025";"https://www.camara.leg.br/cota-parlamentar/nota-fiscal-eletronica?ideDocumentoFiscal=7216025"
"PSL";"";"";"";"2019";"NA";"";"56";"3";"COMBUSTÍVEIS E LUBRIFICANTES.";"1";"Veículos Automotores";"AUTO POSTO DE COMBUSTIVEL FLAMINGO LTDA";"361.807.540/0011-8";"108717";"4";"2021-11-06T00:00:00";"265.64";"0";"265.64";"11";"2021";"0";"";"";"1806624";"";"";"";"3442";"7283166";"https://www.camara.leg.br/cota-parlamentar/nota-fiscal-eletronica?ideDocumentoFiscal=7283166"
"PSL";"";"";"";"2019";"NA";"";"56";"3";"COMBUSTÍVEIS E LUBRIFICANTES.";"1";"Veículos Automotores";"AUTO POSTO DE COMBUSTIVEL FLAMINGO LTDA";"361.807.540/0011-8";"110016";"4";"2021-11-16T00:00:00";"312.64";"0";"312.64";"11";"2021";"0";"";"";"1809095";"";"";"";"3442";"7289193";"https://www.camara.leg.br/cota-parlamentar/nota-fiscal-eletronica?ideDocumentoFiscal=7289193"
"PSL";"";"";"";"2019";"NA";"";"56";"3";"COMBUSTÍVEIS E LUBRIFICANTES.";"1";"Veículos Automotores";"AUTO POSTO OLIVEIRA LTDA";"047.533.340/0019-7";"729295";"4";"2021-10-14T00:00:00";"241.38";"0";"241.38";"10";"2021";"0";"";"";"1801217";"";"";"";"3442";"7271409";"https://www.camara.leg.br/cota-parlamentar/nota-fiscal-eletronica?ideDocumentoFiscal=7271409"
"PSL";"";"";"";"2019";"NA";"";"56";"3";"COMBUSTÍVEIS E LUBRIFICANTES.";"1";"Veículos Automotores";"AUTO POSTO OLIVEIRA LTDA";"047.533.340/0019-7";"743774";"4";"2021-11-12T00:00:00";"303.93";"0";"303.93";"11";"2021";"0";"";"";"1808099";"";"";"";"3442";"7286817";"https://www.camara.leg.br/cota-parlamentar/nota-fiscal-eletronica?ideDocumentoFiscal=7286817"
"PSL";"";"";"";"2019";"NA";"";"56";"3";"COMBUSTÍVEIS E LUBRIFICANTES.";"1";"Veículos Automotores";"AUTO POSTO ORIGINAL BRASILIA 409 DERIVADOS DE PETROLEO LTDA";"206.454.130/0013-0";"411416";"4";"2021-06-23T00:00:00";"287.23";"0";"287.23";"6";"2021";"0";"";"";"1775947";"";"";"";"3442";"7216015";"https://www.camara.leg.br/cota-parlamentar/nota-fiscal-eletronica?ideDocumentoFiscal=7216015"
"PSL";"";"";"";"2019";"NA";"";"56";"3";"COMBUSTÍVEIS E LUBRIFICANTES.";"1";"Veículos Automotores";"AUTO POSTO SOF NORTE LTDA";"039.516.720/0017-0";"658699";"4";"2021-09-24T00:00:00";"143.42";"0";"143.42";"9";"2021";"0";"";"";"1796128";"";"";"";"3442";"7260081";"https://www.camara.leg.br/cota-parlamentar/nota-fiscal-eletronica?ideDocumentoFiscal=7260081"
"PSL";"";"";"";"2019";"NA";"";"56";"3";"COMBUSTÍVEIS E LUBRIFICANTES.";"1";"Veículos Automotores";"AUTO POSTO SOF NORTE LTDA";"039.516.720/0017-0";"711481";"4";"2021-12-02T00:00:00";"354.14";"0";"354.14";"12";"2021";"0";"";"";"1814752";"";"";"";"3442";"7301485";"https://www.camara.leg.br/cota-parlamentar/nota-fiscal-eletronica?ideDocumentoFiscal=7301485"
"PSL";"";"";"";"2019";"NA";"";"56";"3";"COMBUSTÍVEIS E LUBRIFICANTES.";"1";"Veículos Automotores";"AUTO POSTO T-4 LTDA";"148.077.610/0016-4";"279729";"0";"2021-06-24T00:00:00";"239.4";"0";"239.4";"6";"2021";"0";"";"";"1775971";"";"";"";"3442";"7216066";"https://www.camara.leg.br/cota-parlamentar/documentos/publ/3442/2021/7216066.pdf"
"PSL";"";"";"";"2019";"NA";"";"56";"3";"COMBUSTÍVEIS E LUBRIFICANTES.";"1";"Veículos Automotores";"BRASAL COMBUSTIVEIS LTDA";"000.976.260/0040-0";"643532";"4";"2021-11-16T00:00:00";"130";"0";"130";"11";"2021";"0";"";"";"1809099";"";"";"";"3442";"7289203";"https://www.camara.leg.br/cota-parlamentar/nota-fiscal-eletronica?ideDocumentoFiscal=7289203"
"PSL";"";"";"";"2019";"NA";"";"56";"3";"COMBUSTÍVEIS E LUBRIFICANTES.";"1";"Veículos Automotores";"CASCOL COMBUSTIVEIS PARA VEICULOS LTDA";"003.065.970/0451-8";"54911";"4";"2021-01-28T00:00:00";"277.84";"0";"277.84";"1";"2021";"0";"";"";"1741502";"";"";"";"3442";"7146592";"https://www.camara.leg.br/cota-parlamentar/nota-fiscal-eletronica?ideDocumentoFiscal=7146592"
"PSL";"";"";"";"2019";"NA";"";"56";"3";"COMBUSTÍVEIS E LUBRIFICANTES.";"1";"Veículos Automotores";"CRUZEIRO COMBUSTIVEIS E SERVICOS S/A";"269.910.670/0012-9";"234907";"4";"2021-12-13T00:00:00";"333.67";"0";"333.67";"12";"2021";"0";"";"";"1816721";"";"";"";"3442";"7305828";"https://www.camara.leg.br/cota-parlamentar/nota-fiscal-eletronica?ideDocumentoFiscal=7305828"
"PSL";"";"";"";"2019";"NA";"";"56";"3";"COMBUSTÍVEIS E LUBRIFICANTES.";"1";"Veículos Automotores";"GOES COMBUSTIVEIS LUBRIRICANTES E GLP LTDA";"054.543.900/0019-3";"416372";"4";"2021-11-03T00:00:00";"346.34";"0";"346.34";"11";"2021";"0";"";"";"1806489";"";"";"";"3442";"7283164";"https://www.camara.leg.br/cota-parlamentar/nota-fiscal-eletronica?ideDocumentoFiscal=7283164"
"PSL";"";"";"";"2019";"NA";"";"56";"3";"COMBUSTÍVEIS E LUBRIFICANTES.";"1";"Veículos Automotores";"JARJOUR FILIAL - 206 NORTE";"001.086.700/0020-7";"179252";"4";"2021-09-30T00:00:00";"290.58";"0";"290.58";"9";"2021";"0";"";"";"1797116";"";"";"";"3442";"7262449";"https://www.camara.leg.br/cota-parlamentar/nota-fiscal-eletronica?ideDocumentoFiscal=7262449"
"PSL";"";"";"";"2019";"NA";"";"56";"3";"COMBUSTÍVEIS E LUBRIFICANTES.";"1";"Veículos Automotores";"JARJOUR FILIAL - 206 NORTE";"001.086.700/0020-7";"181999";"0";"2021-10-29T00:00:00";"331.91";"0";"331.91";"10";"2021";"0";"";"";"1804406";"";"";"";"3442";"7278718";"https://www.camara.leg.br/cota-parlamentar/documentos/publ/3442/2021/7278718.pdf"
"PSL";"";"";"";"2019";"NA";"";"56";"3";"COMBUSTÍVEIS E LUBRIFICANTES.";"1";"Veículos Automotores";"MAXIMUM COMERCIO VAREJISTA DE DERIVADOS DE PETROLEO LTDA";"334.864.250/0010-1";"70427";"4";"2021-10-19T00:00:00";"336.91";"0";"336.91";"10";"2021";"0";"";"";"1801207";"";"";"";"3442";"7271392";"https://www.camara.leg.br/cota-parlamentar/nota-fiscal-eletronica?ideDocumentoFiscal=7271392"
"PSL";"";"";"";"2019";"NA";"";"56";"3";"COMBUSTÍVEIS E LUBRIFICANTES.";"1";"Veículos Automotores";"MAXIMUM COMERCIO VAREJISTA DE DERIVADOS DE PETROLEO LTDA";"334.864.250/0010-1";"72387";"4";"2021-11-09T00:00:00";"332";"0";"332";"11";"2021";"0";"";"";"1806741";"";"";"";"3442";"7283745";"https://www.camara.leg.br/cota-parlamentar/nota-fiscal-eletronica?ideDocumentoFiscal=7283745"
"PSL";"";"";"";"2019";"NA";"";"56";"3";"COMBUSTÍVEIS E LUBRIFICANTES.";"1";"Veículos Automotores";"NACIONAL COMBUSTIVEL EIRELI";"365.825.230/0013-0";"13100";"0";"2021-06-21T00:00:00";"304.84";"0";"304.84";"6";"2021";"0";"";"";"1775903";"";"";"";"3442";"7215937";"https://www.camara.leg.br/cota-parlamentar/documentos/publ/3442/2021/7215937.pdf"
"PSL";"";"";"";"2019";"NA";"";"56";"3";"COMBUSTÍVEIS E LUBRIFICANTES.";"1";"Veículos Automotores";"POSTO CACIQUE LTDA";"378.789.560/0010-9";"463182";"0";"2021-06-18T00:00:00";"264.82";"0";"264.82";"6";"2021";"0";"";"";"1775901";"";"";"";"3442";"7215930";"https://www.camara.leg.br/cota-parlamentar/documentos/publ/3442/2021/7215930.pdf"
"PSL";"";"";"";"2019";"NA";"";"56";"3";"COMBUSTÍVEIS E LUBRIFICANTES.";"1";"Veículos Automotores";"POSTO DE COMBUSTIVEL PH 040 LTDA";"339.779.140/0016-6";"29286";"4";"2021-10-21T00:00:00";"241.75";"0";"241.75";"10";"2021";"0";"";"";"1802629";"";"";"";"3442";"7274622";"https://www.camara.leg.br/cota-parlamentar/nota-fiscal-eletronica?ideDocumentoFiscal=7274622"
"PSL";"";"";"";"2019";"NA";"";"56";"3";"COMBUSTÍVEIS E LUBRIFICANTES.";"1";"Veículos Automotores";"POSTO PARAISO LTDA";"072.146.480/0010-0";"412972";"4";"2021-10-26T00:00:00";"293.91";"0";"293.91";"10";"2021";"0";"";"";"1803392";"";"";"";"3442";"7276300";"https://www.camara.leg.br/cota-parlamentar/nota-fiscal-eletronica?ideDocumentoFiscal=7276300"
"PSL";"";"";"";"2019";"NA";"";"56";"3";"COMBUSTÍVEIS E LUBRIFICANTES.";"1";"Veículos Automotores";"POSTO PARAISO LTDA";"072.146.480/0010-0";"427470";"4";"2021-12-08T00:00:00";"345.46";"0";"345.46";"12";"2021";"0";"";"";"1816721";"";"";"";"3442";"7305818";"https://www.camara.leg.br/cota-parlamentar/nota-fiscal-eletronica?ideDocumentoFiscal=7305818"
"PSL";"";"";"";"2019";"NA";"";"56";"13";"FORNECIMENTO DE ALIMENTAÇÃO DO PARLAMENTAR";"0";"";"AMICO ASA SUL COM?RCIO DE ALIMENTOS EIRELI LTDA - EPP";"265.125.590/0019-4";"89055";"4";"2021-04-26T00:00:00";"315.99";"10.99";"305";"4";"2021";"0";"";"";"1760268";"";"";"";"3442";"7183380";"https://www.camara.leg.br/cota-parlamentar/nota-fiscal-eletronica?ideDocumentoFiscal=7183380"
"PSL";"";"";"";"2019";"NA";"";"56";"13";"FORNECIMENTO DE ALIMENTAÇÃO DO PARLAMENTAR";"0";"";"ARTESANAL SERVICOS DE ALIMENTACAO E BUFFET EIRELI";"228.362.100/0015-7";"114";"4";"2021-03-11T00:00:00";"349.95";"0";"349.95";"3";"2021";"0";"";"";"1752432";"";"";"";"3442";"7167675";"https://www.camara.leg.br/cota-parlamentar/nota-fiscal-eletronica?ideDocumentoFiscal=7167675"
"PSL";"";"";"";"2019";"NA";"";"56";"13";"FORNECIMENTO DE ALIMENTAÇÃO DO PARLAMENTAR";"0";"";"ARTESANAL SERVICOS DE ALIMENTACAO E BUFFET EIRELI";"228.362.100/0015-7";"135";"4";"2021-04-19T00:00:00";"350";"0";"350";"4";"2021";"0";"";"";"1770954";"";"";"";"3442";"7206329";"https://www.camara.leg.br/cota-parlamentar/nota-fiscal-eletronica?ideDocumentoFiscal=7206329"
"PSL";"";"";"";"2019";"NA";"";"56";"13";"FORNECIMENTO DE ALIMENTAÇÃO DO PARLAMENTAR";"0";"";"ARTESANAL SERVICOS DE ALIMENTACAO E BUFFET EIRELI";"228.362.100/0015-7";"140";"4";"2021-04-29T00:00:00";"525";"0";"525";"4";"2021";"0";"";"";"1762562";"";"";"";"3442";"7188263";"https://www.camara.leg.br/cota-parlamentar/nota-fiscal-eletronica?ideDocumentoFiscal=7188263"
"PSL";"";"";"";"2019";"NA";"";"56";"13";"FORNECIMENTO DE ALIMENTAÇÃO DO PARLAMENTAR";"0";"";"ARTESANAL SERVICOS DE ALIMENTACAO E BUFFET EIRELI";"228.362.100/0015-7";"151";"4";"2021-05-12T00:00:00";"450";"0";"450";"5";"2021";"0";"";"";"1764605";"";"";"";"3442";"7192794";"https://www.camara.leg.br/cota-parlamentar/nota-fiscal-eletronica?ideDocumentoFiscal=7192794"
"PSL";"";"";"";"2019";"NA";"";"56";"13";"FORNECIMENTO DE ALIMENTAÇÃO DO PARLAMENTAR";"0";"";"ARTESANAL SERVICOS DE ALIMENTACAO E BUFFET EIRELI";"228.362.100/0015-7";"218";"4";"2021-07-07T00:00:00";"525";"0";"525";"7";"2021";"0";"";"";"1781093";"";"";"";"3442";"7226764";"https://www.camara.leg.br/cota-parlamentar/nota-fiscal-eletronica?ideDocumentoFiscal=7226764"
"PSL";"";"";"";"2019";"NA";"";"56";"13";"FORNECIMENTO DE ALIMENTAÇÃO DO PARLAMENTAR";"0";"";"ARTESANAL SERVICOS DE ALIMENTACAO E BUFFET EIRELI";"228.362.100/0015-7";"259";"4";"2021-08-11T00:00:00";"370";"0";"370";"8";"2021";"0";"";"";"1800396";"";"";"";"3442";"7269504";"https://www.camara.leg.br/cota-parlamentar/nota-fiscal-eletronica?ideDocumentoFiscal=7269504"
"PSL";"";"";"";"2019";"NA";"";"56";"13";"FORNECIMENTO DE ALIMENTAÇÃO DO PARLAMENTAR";"0";"";"ARTESANAL SERVICOS DE ALIMENTACAO E BUFFET EIRELI";"228.362.100/0015-7";"275";"4";"2021-08-18T00:00:00";"555";"0";"555";"8";"2021";"0";"";"";"1787838";"";"";"";"3442";"7241834";"https://www.camara.leg.br/cota-parlamentar/nota-fiscal-eletronica?ideDocumentoFiscal=7241834"
"PSL";"";"";"";"2019";"NA";"";"56";"13";"FORNECIMENTO DE ALIMENTAÇÃO DO PARLAMENTAR";"0";"";"ARTESANAL SERVICOS DE ALIMENTACAO E BUFFET EIRELI";"228.362.100/0015-7";"311";"4";"2021-09-15T00:00:00";"925";"0";"925";"9";"2021";"0";"";"";"1807015";"";"";"";"3442";"7284351";"https://www.camara.leg.br/cota-parlamentar/nota-fiscal-eletronica?ideDocumentoFiscal=7284351"
"PSL";"";"";"";"2019";"NA";"";"56";"13";"FORNECIMENTO DE ALIMENTAÇÃO DO PARLAMENTAR";"0";"";"ARTESANAL SERVICOS DE ALIMENTACAO E BUFFET EIRELI";"228.362.100/0015-7";"323";"4";"2021-09-22T00:00:00";"1665";"0";"1665";"9";"2021";"0";"";"";"1797176";"";"";"";"3442";"7262532";"https://www.camara.leg.br/cota-parlamentar/nota-fiscal-eletronica?ideDocumentoFiscal=7262532"
"PSL";"";"";"";"2019";"NA";"";"56";"13";"FORNECIMENTO DE ALIMENTAÇÃO DO PARLAMENTAR";"0";"";"ARTESANAL SERVICOS DE ALIMENTACAO E BUFFET EIRELI";"228.362.100/0015-7";"355";"4";"2021-10-07T00:00:00";"555";"0";"555";"10";"2021";"0";"";"";"1806979";"";"";"";"3442";"7284335";"https://www.camara.leg.br/cota-parlamentar/nota-fiscal-eletronica?ideDocumentoFiscal=7284335"
"PSL";"";"";"";"2019";"NA";"";"56";"13";"FORNECIMENTO DE ALIMENTAÇÃO DO PARLAMENTAR";"0";"";"ARTESANAL SERVICOS DE ALIMENTACAO E BUFFET EIRELI";"228.362.100/0015-7";"376";"4";"2021-10-20T00:00:00";"555";"0";"555";"10";"2021";"0";"";"";"1807008";"";"";"";"3442";"7284360";"https://www.camara.leg.br/cota-parlamentar/nota-fiscal-eletronica?ideDocumentoFiscal=7284360"
"PSL";"";"";"";"2019";"NA";"";"56";"13";"FORNECIMENTO DE ALIMENTAÇÃO DO PARLAMENTAR";"0";"";"ARTESANAL SERVICOS DE ALIMENTACAO E BUFFET EIRELI";"228.362.100/0015-7";"388";"4";"2021-10-28T00:00:00";"740";"0";"740";"10";"2021";"0";"";"";"1808705";"";"";"";"3442";"7288297";"https://www.camara.leg.br/cota-parlamentar/nota-fiscal-eletronica?ideDocumentoFiscal=7288297"
"PSL";"";"";"";"2019";"NA";"";"56";"13";"FORNECIMENTO DE ALIMENTAÇÃO DO PARLAMENTAR";"0";"";"ARTESANAL SERVICOS DE ALIMENTACAO E BUFFET EIRELI";"228.362.100/0015-7";"413";"4";"2021-11-10T00:00:00";"555";"0";"555";"11";"2021";"0";"";"";"1808969";"";"";"";"3442";"7288929";"https://www.camara.leg.br/cota-parlamentar/nota-fiscal-eletronica?ideDocumentoFiscal=7288929"
"PSL";"";"";"";"2019";"NA";"";"56";"13";"FORNECIMENTO DE ALIMENTAÇÃO DO PARLAMENTAR";"0";"";"ARTESANAL SERVICOS DE ALIMENTACAO E BUFFET EIRELI";"228.362.100/0015-7";"431";"4";"2021-11-18T00:00:00";"555";"0";"555";"11";"2021";"0";"";"";"1828452";"";"";"";"3442";"7330059";"https://www.camara.leg.br/cota-parlamentar/nota-fiscal-eletronica?ideDocumentoFiscal=7330059"
"PSL";"";"";"";"2019";"NA";"";"56";"13";"FORNECIMENTO DE ALIMENTAÇÃO DO PARLAMENTAR";"0";"";"ARTESANAL SERVICOS DE ALIMENTACAO E BUFFET EIRELI";"228.362.100/0015-7";"444";"4";"2021-11-25T00:00:00";"555";"0";"555";"11";"2021";"0";"";"";"1820505";"";"";"";"3442";"7313924";"https://www.camara.leg.br/cota-parlamentar/nota-fiscal-eletronica?ideDocumentoFiscal=7313924"
"PSL";"";"";"";"2019";"NA";"";"56";"13";"FORNECIMENTO DE ALIMENTAÇÃO DO PARLAMENTAR";"0";"";"ARTESANAL SERVICOS DE ALIMENTACAO E BUFFET EIRELI";"228.362.100/0015-7";"463";"4";"2021-12-01T00:00:00";"1110";"0";"1110";"12";"2021";"0";"";"";"1817661";"";"";"";"3442";"7307764";"https://www.camara.leg.br/cota-parlamentar/nota-fiscal-eletronica?ideDocumentoFiscal=7307764"
"PSL";"";"";"";"2019";"NA";"";"56";"13";"FORNECIMENTO DE ALIMENTAÇÃO DO PARLAMENTAR";"0";"";"ARTESANAL SERVICOS DE ALIMENTACAO E BUFFET EIRELI";"228.362.100/0015-7";"472";"4";"2021-12-14T00:00:00";"555";"0";"555";"12";"2021";"0";"";"";"1825076";"";"";"";"3442";"7323447";"https://www.camara.leg.br/cota-parlamentar/nota-fiscal-eletronica?ideDocumentoFiscal=7323447"
"PSL";"";"";"";"2019";"NA";"";"56";"13";"FORNECIMENTO DE ALIMENTAÇÃO DO PARLAMENTAR";"0";"";"ARTESANAL SERVICOS DE ALIMENTACAO E BUFFET EIRELI";"228.362.100/0015-7";"487";"4";"2021-12-15T00:00:00";"825";"0";"825";"12";"2021";"0";"";"";"1817414";"";"";"";"3442";"7307308";"https://www.camara.leg.br/cota-parlamentar/nota-fiscal-eletronica?ideDocumentoFiscal=7307308"
"PSL";"";"";"";"2019";"NA";"";"56";"13";"FORNECIMENTO DE ALIMENTAÇÃO DO PARLAMENTAR";"0";"";"ARTESANAL SERVICOS DE ALIMENTACAO E BUFFET EIRELI";"228.362.100/0015-7";"82";"4";"2021-02-03T00:00:00";"3825";"0";"3825";"2";"2021";"0";"";"";"1742974";"";"";"";"3442";"7149485";"https://www.camara.leg.br/cota-parlamentar/nota-fiscal-eletronica?ideDocumentoFiscal=7149485"
"PSL";"";"";"";"2019";"NA";"";"56";"120";"LOCAÇÃO OU FRETAMENTO DE VEÍCULOS AUTOMOTORES";"0";"";"DALETH VEICULOS LTDA EPP";"045.159.630/0018-9";"1518";"4";"2021-01-14T00:00:00";"600";"0";"600";"1";"2021";"0";"";"";"1739225";"";"";"";"3442";"7141206";"https://www.camara.leg.br/cota-parlamentar/nota-fiscal-eletronica?ideDocumentoFiscal=7141206"
"PSOL";"";"";"";"2019";"NA";"";"56";"4";"CONSULTORIAS, PESQUISAS E TRABALHOS TÉCNICOS.";"0";"";"JOSE JANCE MARQUES GRANGEIRO 02067863100";"330.213.110/0019-6";"36";"4";"2021-04-27T00:00:00";"3000";"0";"3000";"4";"2021";"0";"";"";"1760748";"";"";"";"3150";"7184424";"https://www.camara.leg.br/cota-parlamentar/nota-fiscal-eletronica?ideDocumentoFiscal=7184424"
"PSOL";"";"";"";"2019";"NA";"";"56";"4";"CONSULTORIAS, PESQUISAS E TRABALHOS TÉCNICOS.";"0";"";"JOSE JANCE MARQUES GRANGEIRO 02067863100";"330.213.110/0019-6";"37";"4";"2021-05-24T00:00:00";"3000";"0";"3000";"5";"2021";"0";"";"";"1767209";"";"";"";"3150";"7198556";"https://www.camara.leg.br/cota-parlamentar/nota-fiscal-eletronica?ideDocumentoFiscal=7198556"
"PSOL";"";"";"";"2019";"NA";"";"56";"4";"CONSULTORIAS, PESQUISAS E TRABALHOS TÉCNICOS.";"0";"";"JOSE JANCE MARQUES GRANGEIRO 02067863100";"330.213.110/0019-6";"38";"4";"2021-06-22T00:00:00";"3000";"0";"3000";"6";"2021";"0";"";"";"1774189";"";"";"";"3150";"7212211";"https://www.camara.leg.br/cota-parlamentar/nota-fiscal-eletronica?ideDocumentoFiscal=7212211"
"PSOL";"";"";"";"2019";"NA";"";"56";"4";"CONSULTORIAS, PESQUISAS E TRABALHOS TÉCNICOS.";"0";"";"JOSE JANCE MARQUES GRANGEIRO 02067863100";"330.213.110/0019-6";"39";"0";"2021-07-21T00:00:00";"3000";"0";"3000";"7";"2021";"0";"";"";"1780966";"";"";"";"3150";"7226369";"https://www.camara.leg.br/cota-parlamentar/documentos/publ/3150/2021/7226369.pdf"
"PSOL";"";"";"";"2019";"NA";"";"56";"4";"CONSULTORIAS, PESQUISAS E TRABALHOS TÉCNICOS.";"0";"";"JOSE JANCE MARQUES GRANGEIRO 02067863100";"330.213.110/0019-6";"41";"4";"2021-08-23T00:00:00";"3000";"0";"3000";"8";"2021";"0";"";"";"1788483";"";"";"";"3150";"7243343";"https://www.camara.leg.br/cota-parlamentar/nota-fiscal-eletronica?ideDocumentoFiscal=7243343"
"PSOL";"";"";"";"2019";"NA";"";"56";"4";"CONSULTORIAS, PESQUISAS E TRABALHOS TÉCNICOS.";"0";"";"JOSE JANCE MARQUES GRANGEIRO 02067863100";"330.213.110/0019-6";"43";"0";"2021-09-21T00:00:00";"3000";"0";"3000";"9";"2021";"0";"";"";"1795389";"";"";"";"3150";"7258309";"https://www.camara.leg.br/cota-parlamentar/documentos/publ/3150/2021/7258309.pdf"
"PSOL";"";"";"";"2019";"NA";"";"56";"4";"CONSULTORIAS, PESQUISAS E TRABALHOS TÉCNICOS.";"0";"";"JOSE JANCE MARQUES GRANGEIRO 02067863100";"330.213.110/0019-6";"46";"4";"2021-11-26T00:00:00";"2000";"0";"2000";"11";"2021";"0";"";"";"1812606";"";"";"";"3150";"7297131";"https://www.camara.leg.br/cota-parlamentar/nota-fiscal-eletronica?ideDocumentoFiscal=7297131"
"PSOL";"";"";"";"2019";"NA";"";"56";"4";"CONSULTORIAS, PESQUISAS E TRABALHOS TÉCNICOS.";"0";"";"JOSE JANCE MARQUES GRANGEIRO 02067863100";"330.213.110/0019-6";"47";"4";"2021-12-15T00:00:00";"2000";"0";"2000";"12";"2021";"0";"";"";"1819288";"";"";"";"3150";"7311436";"https://www.camara.leg.br/cota-parlamentar/nota-fiscal-eletronica?ideDocumentoFiscal=7311436"
"PSOL";"";"";"";"2019";"NA";"";"56";"4";"CONSULTORIAS, PESQUISAS E TRABALHOS TÉCNICOS.";"0";"";"MAPEO SERVICOS DE INOVACAO TECNOLOGICA LTDA";"433.820.360/0019-0";"00000020";"0";"2021-11-01T00:00:00";"3800";"0";"3800";"10";"2021";"0";"";"";"1806291";"";"";"";"3150";"7282733";"https://www.camara.leg.br/cota-parlamentar/documentos/publ/3150/2021/7282733.pdf"
"PSOL";"";"";"";"2019";"NA";"";"56";"5";"DIVULGAÇÃO DA ATIVIDADE PARLAMENTAR.";"0";"";"DANIEL COIMBRA SANTOS 00270305122";"250.528.450/0015-1";"002019052";"0";"2021-02-08T00:00:00";"2500";"0";"2500";"1";"2021";"0";"";"";"1746033";"";"";"";"3150";"7155679";"https://www.camara.leg.br/cota-parlamentar/documentos/publ/3150/2021/7155679.pdf"
"PSOL";"";"";"";"2019";"NA";"";"56";"5";"DIVULGAÇÃO DA ATIVIDADE PARLAMENTAR.";"0";"";"DIEGO LUIZ DORGAM AGUILERA";"259.990.230/0018-2";"308";"0";"2021-10-26T00:00:00";"3800";"0";"3800";"9";"2021";"0";"";"";"1803847";"";"";"";"3150";"7277318";"https://www.camara.leg.br/cota-parlamentar/documentos/publ/3150/2021/7277318.pdf"
"PSOL";"";"";"";"2019";"NA";"";"56";"5";"DIVULGAÇÃO DA ATIVIDADE PARLAMENTAR.";"0";"";"ESTUDIO CARBONO LTDA";"217.982.680/0019-0";"54";"0";"2021-02-02T00:00:00";"2000";"0";"2000";"2";"2021";"0";"";"";"1747119";"";"";"";"3150";"7157644";"https://www.camara.leg.br/cota-parlamentar/documentos/publ/3150/2021/7157644.pdf"
"PSOL";"";"";"";"2019";"NA";"";"56";"5";"DIVULGAÇÃO DA ATIVIDADE PARLAMENTAR.";"0";"";"EVAG COMUNICAÇÃO E TECNOLOGIA LTDA";"157.056.970/0017-3";"00000485";"0";"2021-11-23T00:00:00";"4000";"0";"4000";"11";"2021";"0";"";"";"1810965";"";"";"";"3150";"7293291";"https://www.camara.leg.br/cota-parlamentar/documentos/publ/3150/2021/7293291.pdf"
"PSOL";"";"";"";"2019";"NA";"";"56";"5";"DIVULGAÇÃO DA ATIVIDADE PARLAMENTAR.";"0";"";"EVAG COMUNICAÇÃO E TECNOLOGIA LTDA";"157.056.970/0017-3";"00000505";"0";"2021-12-08T00:00:00";"4000";"0";"4000";"12";"2021";"0";"";"";"1815750";"";"";"";"3150";"7303535";"https://www.camara.leg.br/cota-parlamentar/documentos/publ/3150/2021/7303535.pdf"
"PSOL";"";"";"";"2019";"NA";"";"56";"5";"DIVULGAÇÃO DA ATIVIDADE PARLAMENTAR.";"0";"";"FILIPE COSTA BODE 05824017719";"197.314.250/0010-7";"43";"4";"2021-12-01T00:00:00";"280";"0";"280";"11";"2021";"0";"";"";"1813347";"";"";"";"3150";"7298713";"https://www.camara.leg.br/cota-parlamentar/nota-fiscal-eletronica?ideDocumentoFiscal=7298713"
"PSOL";"";"";"";"2019";"NA";"";"56";"5";"DIVULGAÇÃO DA ATIVIDADE PARLAMENTAR.";"0";"";"Mapeo Serviços de Inovação Tecnológica Ltda";"433.820.360/0019-0";"00000053";"0";"2021-12-06T00:00:00";"3800";"0";"3800";"11";"2021";"0";"";"";"1819270";"";"";"";"3150";"7311412";"https://www.camara.leg.br/cota-parlamentar/documentos/publ/3150/2021/7311412.pdf"
"PSOL";"";"";"";"2019";"NA";"";"56";"5";"DIVULGAÇÃO DA ATIVIDADE PARLAMENTAR.";"0";"";"WL SERVICOS E COMUNICACAO VISUAL EIRELI";"062.546.590/0015-0";"2175";"4";"2021-09-23T00:00:00";"1900";"0";"1900";"9";"2021";"0";"";"";"1796139";"";"";"";"3150";"7260102";"https://www.camara.leg.br/cota-parlamentar/nota-fiscal-eletronica?ideDocumentoFiscal=7260102"
"PSOL";"";"";"";"2019";"NA";"";"56";"5";"DIVULGAÇÃO DA ATIVIDADE PARLAMENTAR.";"0";"";"Zoom Video Communications Inc.";"000.000.000/0001-0";"7013040884";"1";"2021-11-29T00:00:00";"87.43";"0";"87.43";"11";"2021";"0";"";"";"1819466";"";"";"";"3150";"7311829";"https://www.camara.leg.br/cota-parlamentar/documentos/publ/3150/2021/7311829.pdf"
"PTB";"";"";"";"2019";"NA";"";"56";"1";"MANUTENÇÃO DE ESCRITÓRIO DE APOIO À ATIVIDADE PARLAMENTAR";"0";"";"TAZZA COMERCIO DE MAQUINAS E INSUMOS EIRELI";"202.388.320/0015-8";"16635";"4";"2021-06-10T00:00:00";"406";"0";"406";"5";"2021";"0";"";"";"1771365";"";"";"";"2722";"7207259";"https://www.camara.leg.br/cota-parlamentar/nota-fiscal-eletronica?ideDocumentoFiscal=7207259"
"PTB";"";"";"";"2019";"NA";"";"56";"1";"MANUTENÇÃO DE ESCRITÓRIO DE APOIO À ATIVIDADE PARLAMENTAR";"0";"";"TAZZA COMERCIO DE MAQUINAS E INSUMOS EIRELI";"202.388.320/0015-8";"17542";"4";"2021-12-15T00:00:00";"406";"0";"406";"12";"2021";"0";"";"";"1817044";"";"";"";"2722";"7306566";"https://www.camara.leg.br/cota-parlamentar/nota-fiscal-eletronica?ideDocumentoFiscal=7306566"
"PTB";"";"";"";"2019";"NA";"";"56";"1";"MANUTENÇÃO DE ESCRITÓRIO DE APOIO À ATIVIDADE PARLAMENTAR";"0";"";"TAZZA COMERCIO DE MAQUINAS E INSUMOS EIRELI  ME";"202.388.320/0015-8";"16214";"4";"2021-03-17T00:00:00";"406";"0";"406";"2";"2021";"0";"";"";"1752829";"";"";"";"2722";"7168461";"https://www.camara.leg.br/cota-parlamentar/nota-fiscal-eletronica?ideDocumentoFiscal=7168461"
"PTB";"";"";"";"2019";"NA";"";"56";"1";"MANUTENÇÃO DE ESCRITÓRIO DE APOIO À ATIVIDADE PARLAMENTAR";"0";"";"TAZZA COMERCIO DE MAQUINAS E INSUMOS EIRELI  ME";"202.388.320/0015-8";"16324";"4";"2021-04-12T00:00:00";"406";"0";"406";"3";"2021";"0";"";"";"1758075";"";"";"";"2722";"7178726";"https://www.camara.leg.br/cota-parlamentar/nota-fiscal-eletronica?ideDocumentoFiscal=7178726"
"PTB";"";"";"";"2019";"NA";"";"56";"1";"MANUTENÇÃO DE ESCRITÓRIO DE APOIO À ATIVIDADE PARLAMENTAR";"0";"";"TAZZA COMERCIO DE MAQUINAS E INSUMOS EIRELI  ME";"202.388.320/0015-8";"16445";"4";"2021-05-04T00:00:00";"406";"0";"406";"4";"2021";"0";"";"";"1761736";"";"";"";"2722";"7186730";"https://www.camara.leg.br/cota-parlamentar/nota-fiscal-eletronica?ideDocumentoFiscal=7186730"
"PTB";"";"";"";"2019";"NA";"";"56";"1";"MANUTENÇÃO DE ESCRITÓRIO DE APOIO À ATIVIDADE PARLAMENTAR";"0";"";"TAZZA COMERCIO DE MAQUINAS E INSUMOS EIRELI  ME";"202.388.320/0015-8";"16774";"4";"2021-07-06T00:00:00";"406";"0";"406";"6";"2021";"0";"";"";"1777222";"";"";"";"2722";"7218453";"https://www.camara.leg.br/cota-parlamentar/nota-fiscal-eletronica?ideDocumentoFiscal=7218453"
"PTB";"";"";"";"2019";"NA";"";"56";"1";"MANUTENÇÃO DE ESCRITÓRIO DE APOIO À ATIVIDADE PARLAMENTAR";"0";"";"TAZZA COMERCIO DE MAQUINAS E INSUMOS EIRELI  ME";"202.388.320/0015-8";"16942";"4";"2021-08-10T00:00:00";"406";"0";"406";"7";"2021";"0";"";"";"1785012";"";"";"";"2722";"7235566";"https://www.camara.leg.br/cota-parlamentar/nota-fiscal-eletronica?ideDocumentoFiscal=7235566"
"PTB";"";"";"";"2019";"NA";"";"56";"1";"MANUTENÇÃO DE ESCRITÓRIO DE APOIO À ATIVIDADE PARLAMENTAR";"0";"";"TAZZA COMERCIO DE MAQUINAS E INSUMOS EIRELI  ME";"202.388.320/0015-8";"17107";"4";"2021-09-13T00:00:00";"406";"0";"406";"8";"2021";"0";"";"";"1792632";"";"";"";"2722";"7252218";"https://www.camara.leg.br/cota-parlamentar/nota-fiscal-eletronica?ideDocumentoFiscal=7252218"
"PTB";"";"";"";"2019";"NA";"";"56";"1";"MANUTENÇÃO DE ESCRITÓRIO DE APOIO À ATIVIDADE PARLAMENTAR";"0";"";"TAZZA COMERCIO DE MAQUINAS E INSUMOS EIRELI  ME";"202.388.320/0015-8";"17212";"4";"2021-10-04T00:00:00";"406";"0";"406";"9";"2021";"0";"";"";"1797567";"";"";"";"2722";"7263519";"https://www.camara.leg.br/cota-parlamentar/nota-fiscal-eletronica?ideDocumentoFiscal=7263519"
"PTB";"";"";"";"2019";"NA";"";"56";"1";"MANUTENÇÃO DE ESCRITÓRIO DE APOIO À ATIVIDADE PARLAMENTAR";"0";"";"TAZZA COMERCIO DE MAQUINAS E INSUMOS EIRELI  ME";"202.388.320/0015-8";"17329";"4";"2021-10-28T00:00:00";"406";"0";"406";"10";"2021";"0";"";"";"1807864";"";"";"";"2722";"7286153";"https://www.camara.leg.br/cota-parlamentar/nota-fiscal-eletronica?ideDocumentoFiscal=7286153"
"PTB";"";"";"";"2019";"NA";"";"56";"1";"MANUTENÇÃO DE ESCRITÓRIO DE APOIO À ATIVIDADE PARLAMENTAR";"0";"";"TAZZA COMERCIO DE MAQUINAS E INSUMOS EIRELI  ME";"202.388.320/0015-8";"17491";"4";"2021-12-01T00:00:00";"406";"0";"406";"11";"2021";"0";"";"";"1812842";"";"";"";"2722";"7297566";"https://www.camara.leg.br/cota-parlamentar/nota-fiscal-eletronica?ideDocumentoFiscal=7297566"
"PTB";"";"";"";"2019";"NA";"";"56";"13";"FORNECIMENTO DE ALIMENTAÇÃO DO PARLAMENTAR";"0";"";"ARTESANAL SERVICOS DE ALIMENTACAO E BUFFET EIRELI";"228.362.100/0015-7";"389";"4";"2021-10-28T00:00:00";"990";"0";"990";"10";"2021";"0";"";"";"1809700";"";"";"";"2722";"7290612";"https://www.camara.leg.br/cota-parlamentar/nota-fiscal-eletronica?ideDocumentoFiscal=7290612"
"PTB";"";"";"";"2019";"NA";"";"56";"13";"FORNECIMENTO DE ALIMENTAÇÃO DO PARLAMENTAR";"0";"";"ARTESANAL SERVICOS DE ALIMENTACAO E BUFFET EIRELI";"228.362.100/0015-7";"399";"4";"2021-11-04T00:00:00";"495";"0";"495";"11";"2021";"0";"";"";"1805535";"";"";"";"2722";"7281048";"https://www.camara.leg.br/cota-parlamentar/nota-fiscal-eletronica?ideDocumentoFiscal=7281048"
"PTB";"";"";"";"2019";"NA";"";"56";"13";"FORNECIMENTO DE ALIMENTAÇÃO DO PARLAMENTAR";"0";"";"ARTESANAL SERVICOS DE ALIMENTACAO E BUFFET EIRELI";"228.362.100/0015-7";"412";"4";"2021-11-10T00:00:00";"1155";"0";"1155";"11";"2021";"0";"";"";"1809702";"";"";"";"2722";"7290617";"https://www.camara.leg.br/cota-parlamentar/nota-fiscal-eletronica?ideDocumentoFiscal=7290617"
"PTB";"";"";"";"2019";"NA";"";"56";"13";"FORNECIMENTO DE ALIMENTAÇÃO DO PARLAMENTAR";"0";"";"ARTESANAL SERVICOS DE ALIMENTACAO E BUFFET EIRELI";"228.362.100/0015-7";"430";"4";"2021-11-18T00:00:00";"1210";"0";"1210";"11";"2021";"0";"";"";"1809702";"";"";"";"2722";"7290620";"https://www.camara.leg.br/cota-parlamentar/nota-fiscal-eletronica?ideDocumentoFiscal=7290620"
"PTB";"";"";"";"2019";"NA";"";"56";"13";"FORNECIMENTO DE ALIMENTAÇÃO DO PARLAMENTAR";"0";"";"ARTESANAL SERVICOS DE ALIMENTACAO E BUFFET EIRELI";"228.362.100/0015-7";"443";"4";"2021-11-25T00:00:00";"1212";"0";"1212";"11";"2021";"0";"";"";"1812011";"";"";"";"2722";"7295871";"https://www.camara.leg.br/cota-parlamentar/nota-fiscal-eletronica?ideDocumentoFiscal=7295871"
"PTB";"";"";"";"2019";"NA";"";"56";"13";"FORNECIMENTO DE ALIMENTAÇÃO DO PARLAMENTAR";"0";"";"ARTESANAL SERVICOS DE ALIMENTACAO E BUFFET EIRELI";"228.362.100/0015-7";"462";"4";"2021-12-01T00:00:00";"990";"0";"990";"12";"2021";"0";"";"";"1812818";"";"";"";"2722";"7297536";"https://www.camara.leg.br/cota-parlamentar/nota-fiscal-eletronica?ideDocumentoFiscal=7297536"
"PTB";"";"";"";"2019";"NA";"";"56";"13";"FORNECIMENTO DE ALIMENTAÇÃO DO PARLAMENTAR";"0";"";"ARTESANAL SERVICOS DE ALIMENTACAO E BUFFET EIRELI";"228.362.100/0015-7";"471";"4";"2021-12-14T00:00:00";"990";"0";"990";"12";"2021";"0";"";"";"1816059";"";"";"";"2722";"7304315";"https://www.camara.leg.br/cota-parlamentar/nota-fiscal-eletronica?ideDocumentoFiscal=7304315"
"PTB";"";"";"";"2019";"NA";"";"56";"13";"FORNECIMENTO DE ALIMENTAÇÃO DO PARLAMENTAR";"0";"";"ARTESANAL SERVICOS DE ALIMENTACAO E BUFFET EIRELI";"228.362.100/0015-7";"486";"4";"2021-12-15T00:00:00";"990";"0";"990";"12";"2021";"0";"";"";"1817067";"";"";"";"2722";"7306571";"https://www.camara.leg.br/cota-parlamentar/nota-fiscal-eletronica?ideDocumentoFiscal=7306571"
"PTB";"";"";"";"2019";"NA";"";"56";"13";"FORNECIMENTO DE ALIMENTAÇÃO DO PARLAMENTAR";"0";"";"BISCOITOS CASEIROS HOMONNAI LTDA";"046.448.200/0017-7";"25919";"0";"2021-02-23T00:00:00";"265.59";"0";"265.59";"2";"2021";"0";"";"";"1747568";"";"";"";"2722";"7158928";"https://www.camara.leg.br/cota-parlamentar/documentos/publ/2722/2021/7158928.pdf"
"PTB";"";"";"";"2019";"NA";"";"56";"13";"FORNECIMENTO DE ALIMENTAÇÃO DO PARLAMENTAR";"0";"";"BISCOITOS CASEIROS HOMONNAI LTDA";"046.448.200/0017-7";"25964";"4";"2021-02-25T00:00:00";"198.73";"20";"178.73";"2";"2021";"0";"";"";"1764752";"";"";"";"2722";"7193217";"https://www.camara.leg.br/cota-parlamentar/nota-fiscal-eletronica?ideDocumentoFiscal=7193217"
"PTB";"";"";"";"2019";"NA";"";"56";"13";"FORNECIMENTO DE ALIMENTAÇÃO DO PARLAMENTAR";"0";"";"BISCOITOS CASEIROS HOMONNAI LTDA";"046.448.200/0017-7";"26048";"4";"2021-03-02T00:00:00";"140.78";"20";"120.78";"3";"2021";"0";"";"";"1753060";"";"";"";"2722";"7168925";"https://www.camara.leg.br/cota-parlamentar/nota-fiscal-eletronica?ideDocumentoFiscal=7168925"
"PTB";"";"";"";"2019";"NA";"";"56";"13";"FORNECIMENTO DE ALIMENTAÇÃO DO PARLAMENTAR";"0";"";"BISCOITOS CASEIROS HOMONNAI LTDA";"046.448.200/0017-7";"26176";"4";"2021-03-09T00:00:00";"99.55";"20";"79.55";"3";"2021";"0";"";"";"1755306";"";"";"";"2722";"7173289";"https://www.camara.leg.br/cota-parlamentar/nota-fiscal-eletronica?ideDocumentoFiscal=7173289"
"PTB";"";"";"";"2019";"NA";"";"56";"13";"FORNECIMENTO DE ALIMENTAÇÃO DO PARLAMENTAR";"0";"";"BISCOITOS CASEIROS HOMONNAI LTDA";"046.448.200/0017-7";"26199";"4";"2021-03-10T00:00:00";"215.64";"20";"195.64";"3";"2021";"0";"";"";"1755306";"";"";"";"2722";"7173294";"https://www.camara.leg.br/cota-parlamentar/nota-fiscal-eletronica?ideDocumentoFiscal=7173294"
"PTB";"";"";"";"2019";"NA";"";"56";"13";"FORNECIMENTO DE ALIMENTAÇÃO DO PARLAMENTAR";"0";"";"BISCOITOS CASEIROS HOMONNAI LTDA";"046.448.200/0017-7";"26332";"4";"2021-03-16T00:00:00";"141.63";"20";"121.63";"3";"2021";"0";"";"";"1755306";"";"";"";"2722";"7173296";"https://www.camara.leg.br/cota-parlamentar/nota-fiscal-eletronica?ideDocumentoFiscal=7173296"
"PTB";"";"";"";"2019";"NA";"";"56";"13";"FORNECIMENTO DE ALIMENTAÇÃO DO PARLAMENTAR";"0";"";"BISCOITOS CASEIROS HOMONNAI LTDA";"046.448.200/0017-7";"26347";"4";"2021-03-17T00:00:00";"223.22";"20";"203.22";"3";"2021";"0";"";"";"1755306";"";"";"";"2722";"7173304";"https://www.camara.leg.br/cota-parlamentar/nota-fiscal-eletronica?ideDocumentoFiscal=7173304"
"PTB";"";"";"";"2019";"NA";"";"56";"13";"FORNECIMENTO DE ALIMENTAÇÃO DO PARLAMENTAR";"0";"";"BISCOITOS CASEIROS HOMONNAI LTDA";"046.448.200/0017-7";"26736";"4";"2021-04-06T00:00:00";"220.09";"20";"200.09";"4";"2021";"0";"";"";"1759282";"";"";"";"2722";"7181248";"https://www.camara.leg.br/cota-parlamentar/nota-fiscal-eletronica?ideDocumentoFiscal=7181248"
"PTB";"";"";"";"2019";"NA";"";"56";"13";"FORNECIMENTO DE ALIMENTAÇÃO DO PARLAMENTAR";"0";"";"BISCOITOS CASEIROS HOMONNAI LTDA";"046.448.200/0017-7";"26757";"4";"2021-04-07T00:00:00";"187.47";"0";"187.47";"4";"2021";"0";"";"";"1759282";"";"";"";"2722";"7181250";"https://www.camara.leg.br/cota-parlamentar/nota-fiscal-eletronica?ideDocumentoFiscal=7181250"
"PTB";"";"";"";"2019";"NA";"";"56";"13";"FORNECIMENTO DE ALIMENTAÇÃO DO PARLAMENTAR";"0";"";"BISCOITOS CASEIROS HOMONNAI LTDA";"046.448.200/0017-7";"26864";"4";"2021-04-13T00:00:00";"218.07";"20";"198.07";"4";"2021";"0";"";"";"1772326";"";"";"";"2722";"7209383";"https://www.camara.leg.br/cota-parlamentar/nota-fiscal-eletronica?ideDocumentoFiscal=7209383"
"PTB";"";"";"";"2019";"NA";"";"56";"13";"FORNECIMENTO DE ALIMENTAÇÃO DO PARLAMENTAR";"0";"";"BISCOITOS CASEIROS HOMONNAI LTDA";"046.448.200/0017-7";"26884";"4";"2021-04-14T00:00:00";"180.78";"0";"180.78";"4";"2021";"0";"";"";"1761433";"";"";"";"2722";"7186211";"https://www.camara.leg.br/cota-parlamentar/nota-fiscal-eletronica?ideDocumentoFiscal=7186211"
"PTB";"";"";"";"2019";"NA";"";"56";"13";"FORNECIMENTO DE ALIMENTAÇÃO DO PARLAMENTAR";"0";"";"BISCOITOS CASEIROS HOMONNAI LTDA";"046.448.200/0017-7";"27122";"4";"2021-04-27T00:00:00";"207.28";"0";"207.28";"4";"2021";"0";"";"";"1764748";"";"";"";"2722";"7193219";"https://www.camara.leg.br/cota-parlamentar/nota-fiscal-eletronica?ideDocumentoFiscal=7193219"
"PTB";"";"";"";"2019";"NA";"";"56";"13";"FORNECIMENTO DE ALIMENTAÇÃO DO PARLAMENTAR";"0";"";"BISCOITOS CASEIROS HOMONNAI LTDA";"046.448.200/0017-7";"27136";"4";"2021-04-28T00:00:00";"236.42";"0";"236.42";"4";"2021";"0";"";"";"1764748";"";"";"";"2722";"7193213";"https://www.camara.leg.br/cota-parlamentar/nota-fiscal-eletronica?ideDocumentoFiscal=7193213"
"PTB";"";"";"";"2019";"NA";"";"56";"13";"FORNECIMENTO DE ALIMENTAÇÃO DO PARLAMENTAR";"0";"";"BISCOITOS CASEIROS HOMONNAI LTDA";"046.448.200/0017-7";"27244";"4";"2021-05-04T00:00:00";"227.84";"20";"207.84";"5";"2021";"0";"";"";"1766379";"";"";"";"2722";"7196735";"https://www.camara.leg.br/cota-parlamentar/nota-fiscal-eletronica?ideDocumentoFiscal=7196735"
"PTB";"";"";"";"2019";"NA";"";"56";"13";"FORNECIMENTO DE ALIMENTAÇÃO DO PARLAMENTAR";"0";"";"BISCOITOS CASEIROS HOMONNAI LTDA";"046.448.200/0017-7";"27261";"4";"2021-05-05T00:00:00";"166.05";"20";"146.05";"5";"2021";"0";"";"";"1766379";"";"";"";"2722";"7196732";"https://www.camara.leg.br/cota-parlamentar/nota-fiscal-eletronica?ideDocumentoFiscal=7196732"
"PTB";"";"";"";"2019";"NA";"";"56";"13";"FORNECIMENTO DE ALIMENTAÇÃO DO PARLAMENTAR";"0";"";"BISCOITOS CASEIROS HOMONNAI LTDA";"046.448.200/0017-7";"27398";"4";"2021-05-11T00:00:00";"484.11";"0";"484.11";"5";"2021";"0";"";"";"1769734";"";"";"";"2722";"7202977";"https://www.camara.leg.br/cota-parlamentar/nota-fiscal-eletronica?ideDocumentoFiscal=7202977"
"PTB";"";"";"";"2019";"NA";"";"56";"13";"FORNECIMENTO DE ALIMENTAÇÃO DO PARLAMENTAR";"0";"";"BISCOITOS CASEIROS HOMONNAI LTDA";"046.448.200/0017-7";"27414";"4";"2021-05-12T00:00:00";"196.16";"0";"196.16";"5";"2021";"0";"";"";"1769734";"";"";"";"2722";"7202971";"https://www.camara.leg.br/cota-parlamentar/nota-fiscal-eletronica?ideDocumentoFiscal=7202971"
"PTB";"";"";"";"2019";"NA";"";"56";"13";"FORNECIMENTO DE ALIMENTAÇÃO DO PARLAMENTAR";"0";"";"BISCOITOS CASEIROS HOMONNAI LTDA";"046.448.200/0017-7";"27522";"4";"2021-05-18T00:00:00";"205.88";"20";"185.88";"5";"2021";"0";"";"";"1772328";"";"";"";"2722";"7209390";"https://www.camara.leg.br/cota-parlamentar/nota-fiscal-eletronica?ideDocumentoFiscal=7209390"
"PTB";"";"";"";"2019";"NA";"";"56";"13";"FORNECIMENTO DE ALIMENTAÇÃO DO PARLAMENTAR";"0";"";"BISCOITOS CASEIROS HOMONNAI LTDA";"046.448.200/0017-7";"27543";"4";"2021-05-19T00:00:00";"231.83";"20";"211.83";"5";"2021";"0";"";"";"1772328";"";"";"";"2722";"7209388";"https://www.camara.leg.br/cota-parlamentar/nota-fiscal-eletronica?ideDocumentoFiscal=7209388"
"PTB";"";"";"";"2019";"NA";"";"56";"13";"FORNECIMENTO DE ALIMENTAÇÃO DO PARLAMENTAR";"0";"";"BISCOITOS CASEIROS HOMONNAI LTDA";"046.448.200/0017-7";"27653";"4";"2021-05-25T00:00:00";"227.71";"18";"209.71";"5";"2021";"0";"";"";"1772328";"";"";"";"2722";"7209393";"https://www.camara.leg.br/cota-parlamentar/nota-fiscal-eletronica?ideDocumentoFiscal=7209393"
"PTB";"";"";"";"2019";"NA";"";"56";"13";"FORNECIMENTO DE ALIMENTAÇÃO DO PARLAMENTAR";"0";"";"BISCOITOS CASEIROS HOMONNAI LTDA";"046.448.200/0017-7";"27674";"4";"2021-05-26T00:00:00";"227.99";"18";"209.99";"5";"2021";"0";"";"";"1772328";"";"";"";"2722";"7209386";"https://www.camara.leg.br/cota-parlamentar/nota-fiscal-eletronica?ideDocumentoFiscal=7209386"
"PTB";"";"";"";"2019";"NA";"";"56";"13";"FORNECIMENTO DE ALIMENTAÇÃO DO PARLAMENTAR";"0";"";"BISCOITOS CASEIROS HOMONNAI LTDA";"046.448.200/0017-7";"27895";"4";"2021-06-08T00:00:00";"296.55";"20";"276.55";"6";"2021";"0";"";"";"1771120";"";"";"";"2722";"7206681";"https://www.camara.leg.br/cota-parlamentar/nota-fiscal-eletronica?ideDocumentoFiscal=7206681"
"PTB";"";"";"";"2019";"NA";"";"56";"13";"FORNECIMENTO DE ALIMENTAÇÃO DO PARLAMENTAR";"0";"";"BISCOITOS CASEIROS HOMONNAI LTDA";"046.448.200/0017-7";"27909";"4";"2021-06-09T00:00:00";"227.63";"20";"207.63";"6";"2021";"0";"";"";"1775638";"";"";"";"2722";"7215409";"https://www.camara.leg.br/cota-parlamentar/nota-fiscal-eletronica?ideDocumentoFiscal=7215409"
"PTB";"";"";"";"2019";"NA";"";"56";"13";"FORNECIMENTO DE ALIMENTAÇÃO DO PARLAMENTAR";"0";"";"BISCOITOS CASEIROS HOMONNAI LTDA";"046.448.200/0017-7";"28012";"4";"2021-06-15T00:00:00";"229.36";"20";"209.36";"6";"2021";"0";"";"";"1775638";"";"";"";"2722";"7215413";"https://www.camara.leg.br/cota-parlamentar/nota-fiscal-eletronica?ideDocumentoFiscal=7215413"
"PTB";"";"";"";"2019";"NA";"";"56";"13";"FORNECIMENTO DE ALIMENTAÇÃO DO PARLAMENTAR";"0";"";"BISCOITOS CASEIROS HOMONNAI LTDA";"046.448.200/0017-7";"28035";"4";"2021-06-16T00:00:00";"283.04";"20";"263.04";"6";"2021";"0";"";"";"1775638";"";"";"";"2722";"7215415";"https://www.camara.leg.br/cota-parlamentar/nota-fiscal-eletronica?ideDocumentoFiscal=7215415"
"PTB";"";"";"";"2019";"NA";"";"56";"13";"FORNECIMENTO DE ALIMENTAÇÃO DO PARLAMENTAR";"0";"";"BISCOITOS CASEIROS HOMONNAI LTDA";"046.448.200/0017-7";"28150";"4";"2021-06-22T00:00:00";"366.74";"20";"346.74";"6";"2021";"0";"";"";"1777811";"";"";"";"2722";"7219750";"https://www.camara.leg.br/cota-parlamentar/nota-fiscal-eletronica?ideDocumentoFiscal=7219750"
"PTB";"";"";"";"2019";"NA";"";"56";"13";"FORNECIMENTO DE ALIMENTAÇÃO DO PARLAMENTAR";"0";"";"BISCOITOS CASEIROS HOMONNAI LTDA";"046.448.200/0017-7";"28180";"4";"2021-06-23T00:00:00";"343.39";"20";"323.39";"6";"2021";"0";"";"";"1777811";"";"";"";"2722";"7219743";"https://www.camara.leg.br/cota-parlamentar/nota-fiscal-eletronica?ideDocumentoFiscal=7219743"
"PTB";"";"";"";"2019";"NA";"";"56";"13";"FORNECIMENTO DE ALIMENTAÇÃO DO PARLAMENTAR";"0";"";"BISCOITOS CASEIROS HOMONNAI LTDA";"046.448.200/0017-7";"28295";"4";"2021-06-29T00:00:00";"269.67";"20";"249.67";"6";"2021";"0";"";"";"1778734";"";"";"";"2722";"7221615";"https://www.camara.leg.br/cota-parlamentar/nota-fiscal-eletronica?ideDocumentoFiscal=7221615"
"PTB";"";"";"";"2019";"NA";"";"56";"13";"FORNECIMENTO DE ALIMENTAÇÃO DO PARLAMENTAR";"0";"";"BISCOITOS CASEIROS HOMONNAI LTDA";"046.448.200/0017-7";"28315";"4";"2021-06-30T00:00:00";"266.88";"20";"246.88";"6";"2021";"0";"";"";"1778734";"";"";"";"2722";"7221619";"https://www.camara.leg.br/cota-parlamentar/nota-fiscal-eletronica?ideDocumentoFiscal=7221619"
"PTB";"";"";"";"2019";"NA";"";"56";"13";"FORNECIMENTO DE ALIMENTAÇÃO DO PARLAMENTAR";"0";"";"BISCOITOS CASEIROS HOMONNAI LTDA";"046.448.200/0017-7";"28428";"4";"2021-07-06T00:00:00";"231.92";"20";"211.92";"7";"2021";"0";"";"";"1778746";"";"";"";"2722";"7221643";"https://www.camara.leg.br/cota-parlamentar/nota-fiscal-eletronica?ideDocumentoFiscal=7221643"
"PTB";"";"";"";"2019";"NA";"";"56";"13";"FORNECIMENTO DE ALIMENTAÇÃO DO PARLAMENTAR";"0";"";"BISCOITOS CASEIROS HOMONNAI LTDA";"046.448.200/0017-7";"28442";"4";"2021-07-07T00:00:00";"216.54";"20";"196.54";"7";"2021";"0";"";"";"1778746";"";"";"";"2722";"7221644";"https://www.camara.leg.br/cota-parlamentar/nota-fiscal-eletronica?ideDocumentoFiscal=7221644"
"PTB";"";"";"";"2019";"NA";"";"56";"13";"FORNECIMENTO DE ALIMENTAÇÃO DO PARLAMENTAR";"0";"";"BISCOITOS CASEIROS HOMONNAI LTDA";"046.448.200/0017-7";"28547";"4";"2021-07-13T00:00:00";"419.16";"0";"419.16";"7";"2021";"0";"";"";"1782536";"";"";"";"2722";"7230192";"https://www.camara.leg.br/cota-parlamentar/nota-fiscal-eletronica?ideDocumentoFiscal=7230192"
"PTB";"";"";"";"2019";"NA";"";"56";"13";"FORNECIMENTO DE ALIMENTAÇÃO DO PARLAMENTAR";"0";"";"BISCOITOS CASEIROS HOMONNAI LTDA";"046.448.200/0017-7";"28569";"4";"2021-07-14T00:00:00";"259.01";"20";"239.01";"7";"2021";"0";"";"";"1782536";"";"";"";"2722";"7230195";"https://www.camara.leg.br/cota-parlamentar/nota-fiscal-eletronica?ideDocumentoFiscal=7230195"
"PTB";"";"";"";"2019";"NA";"";"56";"13";"FORNECIMENTO DE ALIMENTAÇÃO DO PARLAMENTAR";"0";"";"BISCOITOS CASEIROS HOMONNAI LTDA";"046.448.200/0017-7";"28904";"4";"2021-08-03T00:00:00";"299.85";"20";"279.85";"8";"2021";"0";"";"";"1786904";"";"";"";"2722";"7239643";"https://www.camara.leg.br/cota-parlamentar/nota-fiscal-eletronica?ideDocumentoFiscal=7239643"
"PTB";"";"";"";"2019";"NA";"";"56";"13";"FORNECIMENTO DE ALIMENTAÇÃO DO PARLAMENTAR";"0";"";"BISCOITOS CASEIROS HOMONNAI LTDA";"046.448.200/0017-7";"28924";"4";"2021-08-04T00:00:00";"203.02";"20";"183.02";"8";"2021";"0";"";"";"1786904";"";"";"";"2722";"7239641";"https://www.camara.leg.br/cota-parlamentar/nota-fiscal-eletronica?ideDocumentoFiscal=7239641"
"PTB";"";"";"";"2019";"NA";"";"56";"13";"FORNECIMENTO DE ALIMENTAÇÃO DO PARLAMENTAR";"0";"";"BISCOITOS CASEIROS HOMONNAI LTDA";"046.448.200/0017-7";"29039";"4";"2021-08-10T00:00:00";"281.87";"20";"261.87";"8";"2021";"0";"";"";"1786904";"";"";"";"2722";"7239640";"https://www.camara.leg.br/cota-parlamentar/nota-fiscal-eletronica?ideDocumentoFiscal=7239640"
"PTB";"";"";"";"2019";"NA";"";"56";"13";"FORNECIMENTO DE ALIMENTAÇÃO DO PARLAMENTAR";"0";"";"BISCOITOS CASEIROS HOMONNAI LTDA";"046.448.200/0017-7";"29064";"4";"2021-08-11T00:00:00";"262.14";"20";"242.14";"8";"2021";"0";"";"";"1788826";"";"";"";"2722";"7244107";"https://www.camara.leg.br/cota-parlamentar/nota-fiscal-eletronica?ideDocumentoFiscal=7244107"
"PTB";"";"";"";"2019";"NA";"";"56";"13";"FORNECIMENTO DE ALIMENTAÇÃO DO PARLAMENTAR";"0";"";"BISCOITOS CASEIROS HOMONNAI LTDA";"046.448.200/0017-7";"29167";"4";"2021-08-17T00:00:00";"258.74";"0";"258.74";"8";"2021";"0";"";"";"1790130";"";"";"";"2722";"7247006";"https://www.camara.leg.br/cota-parlamentar/nota-fiscal-eletronica?ideDocumentoFiscal=7247006"
"PTB";"";"";"";"2019";"NA";"";"56";"13";"FORNECIMENTO DE ALIMENTAÇÃO DO PARLAMENTAR";"0";"";"BISCOITOS CASEIROS HOMONNAI LTDA";"046.448.200/0017-7";"29189";"4";"2021-08-18T00:00:00";"364.58";"20";"344.58";"8";"2021";"0";"";"";"1790130";"";"";"";"2722";"7247007";"https://www.camara.leg.br/cota-parlamentar/nota-fiscal-eletronica?ideDocumentoFiscal=7247007"
"PTB";"";"";"";"2019";"NA";"";"56";"13";"FORNECIMENTO DE ALIMENTAÇÃO DO PARLAMENTAR";"0";"";"BISCOITOS CASEIROS HOMONNAI LTDA";"046.448.200/0017-7";"29284";"4";"2021-08-24T00:00:00";"120.39";"20";"100.39";"8";"2021";"0";"";"";"1790130";"";"";"";"2722";"7247009";"https://www.camara.leg.br/cota-parlamentar/nota-fiscal-eletronica?ideDocumentoFiscal=7247009"
"PTB";"";"";"";"2019";"NA";"";"56";"13";"FORNECIMENTO DE ALIMENTAÇÃO DO PARLAMENTAR";"0";"";"BISCOITOS CASEIROS HOMONNAI LTDA";"046.448.200/0017-7";"29304";"4";"2021-08-25T00:00:00";"129.09";"20";"109.09";"8";"2021";"0";"";"";"1794202";"";"";"";"2722";"7255581";"https://www.camara.leg.br/cota-parlamentar/nota-fiscal-eletronica?ideDocumentoFiscal=7255581"
"PTB";"";"";"";"2019";"NA";"";"56";"13";"FORNECIMENTO DE ALIMENTAÇÃO DO PARLAMENTAR";"0";"";"BISCOITOS CASEIROS HOMONNAI LTDA";"046.448.200/0017-7";"29402";"4";"2021-08-31T00:00:00";"288.05";"18";"270.05";"8";"2021";"0";"";"";"1794202";"";"";"";"2722";"7255576";"https://www.camara.leg.br/cota-parlamentar/nota-fiscal-eletronica?ideDocumentoFiscal=7255576"
"PTB";"";"";"";"2019";"NA";"";"56";"13";"FORNECIMENTO DE ALIMENTAÇÃO DO PARLAMENTAR";"0";"";"BISCOITOS CASEIROS HOMONNAI LTDA";"046.448.200/0017-7";"29425";"4";"2021-09-01T00:00:00";"292.67";"18";"274.67";"9";"2021";"0";"";"";"1794203";"";"";"";"2722";"7255583";"https://www.camara.leg.br/cota-parlamentar/nota-fiscal-eletronica?ideDocumentoFiscal=7255583"
"PTB";"";"";"";"2019";"NA";"";"56";"13";"FORNECIMENTO DE ALIMENTAÇÃO DO PARLAMENTAR";"0";"";"BISCOITOS CASEIROS HOMONNAI LTDA";"046.448.200/0017-7";"29634";"4";"2021-09-14T00:00:00";"237.54";"20";"217.54";"9";"2021";"0";"";"";"1796996";"";"";"";"2722";"7262191";"https://www.camara.leg.br/cota-parlamentar/nota-fiscal-eletronica?ideDocumentoFiscal=7262191"
"PTB";"";"";"";"2019";"NA";"";"56";"13";"FORNECIMENTO DE ALIMENTAÇÃO DO PARLAMENTAR";"0";"";"BISCOITOS CASEIROS HOMONNAI LTDA";"046.448.200/0017-7";"29653";"4";"2021-09-15T00:00:00";"320.55";"20";"300.55";"9";"2021";"0";"";"";"1796996";"";"";"";"2722";"7262185";"https://www.camara.leg.br/cota-parlamentar/nota-fiscal-eletronica?ideDocumentoFiscal=7262185"
"PTB";"";"";"";"2019";"NA";"";"56";"13";"FORNECIMENTO DE ALIMENTAÇÃO DO PARLAMENTAR";"0";"";"BISCOITOS CASEIROS HOMONNAI LTDA";"046.448.200/0017-7";"29776";"4";"2021-09-21T00:00:00";"280.24";"20";"260.24";"9";"2021";"0";"";"";"1797938";"";"";"";"2722";"7264313";"https://www.camara.leg.br/cota-parlamentar/nota-fiscal-eletronica?ideDocumentoFiscal=7264313"
"PTB";"";"";"";"2019";"NA";"";"56";"13";"FORNECIMENTO DE ALIMENTAÇÃO DO PARLAMENTAR";"0";"";"BISCOITOS CASEIROS HOMONNAI LTDA";"046.448.200/0017-7";"29791";"4";"2021-09-22T00:00:00";"247.93";"0";"247.93";"9";"2021";"0";"";"";"1797938";"";"";"";"2722";"7264318";"https://www.camara.leg.br/cota-parlamentar/nota-fiscal-eletronica?ideDocumentoFiscal=7264318"
"PTB";"";"";"";"2019";"NA";"";"56";"13";"FORNECIMENTO DE ALIMENTAÇÃO DO PARLAMENTAR";"0";"";"BISCOITOS CASEIROS HOMONNAI LTDA";"046.448.200/0017-7";"29904";"4";"2021-09-28T00:00:00";"247.19";"20";"227.19";"9";"2021";"0";"";"";"1800020";"";"";"";"2722";"7268678";"https://www.camara.leg.br/cota-parlamentar/nota-fiscal-eletronica?ideDocumentoFiscal=7268678"
"PTB";"";"";"";"2019";"NA";"";"56";"13";"FORNECIMENTO DE ALIMENTAÇÃO DO PARLAMENTAR";"0";"";"BISCOITOS CASEIROS HOMONNAI LTDA";"046.448.200/0017-7";"29922";"4";"2021-09-29T00:00:00";"266.67";"20";"246.67";"9";"2021";"0";"";"";"1800020";"";"";"";"2722";"7268683";"https://www.camara.leg.br/cota-parlamentar/nota-fiscal-eletronica?ideDocumentoFiscal=7268683"
"PTB";"";"";"";"2019";"NA";"";"56";"13";"FORNECIMENTO DE ALIMENTAÇÃO DO PARLAMENTAR";"0";"";"BISCOITOS CASEIROS HOMONNAI LTDA";"046.448.200/0017-7";"30037";"4";"2021-10-05T00:00:00";"283.04";"20";"263.04";"10";"2021";"0";"";"";"1800940";"";"";"";"2722";"7270731";"https://www.camara.leg.br/cota-parlamentar/nota-fiscal-eletronica?ideDocumentoFiscal=7270731"
"PTB";"";"";"";"2019";"NA";"";"56";"13";"FORNECIMENTO DE ALIMENTAÇÃO DO PARLAMENTAR";"0";"";"BISCOITOS CASEIROS HOMONNAI LTDA";"046.448.200/0017-7";"30055";"4";"2021-10-06T00:00:00";"276.06";"20";"256.06";"10";"2021";"0";"";"";"1800940";"";"";"";"2722";"7270733";"https://www.camara.leg.br/cota-parlamentar/nota-fiscal-eletronica?ideDocumentoFiscal=7270733"
"PTB";"";"";"";"2019";"NA";"";"56";"13";"FORNECIMENTO DE ALIMENTAÇÃO DO PARLAMENTAR";"0";"";"BISCOITOS CASEIROS HOMONNAI LTDA";"046.448.200/0017-7";"30263";"4";"2021-10-19T00:00:00";"273.65";"20";"253.65";"10";"2021";"0";"";"";"1805304";"";"";"";"2722";"7280578";"https://www.camara.leg.br/cota-parlamentar/nota-fiscal-eletronica?ideDocumentoFiscal=7280578"
"PTB";"";"";"";"2019";"NA";"";"56";"13";"FORNECIMENTO DE ALIMENTAÇÃO DO PARLAMENTAR";"0";"";"BISCOITOS CASEIROS HOMONNAI LTDA";"046.448.200/0017-7";"30285";"4";"2021-10-20T00:00:00";"310.95";"20";"290.95";"10";"2021";"0";"";"";"1805304";"";"";"";"2722";"7280572";"https://www.camara.leg.br/cota-parlamentar/nota-fiscal-eletronica?ideDocumentoFiscal=7280572"
"PTB";"";"";"";"2019";"NA";"";"56";"13";"FORNECIMENTO DE ALIMENTAÇÃO DO PARLAMENTAR";"0";"";"MERCADINHO LA PALMA LTDA";"006.726.000/0010-4";"25313";"0";"2021-02-01T00:00:00";"192.86";"0";"192.86";"2";"2021";"0";"";"";"1746319";"";"";"";"2722";"7155653";"https://www.camara.leg.br/cota-parlamentar/documentos/publ/2722/2021/7155653.pdf"
"PTB";"";"";"";"2019";"NA";"";"56";"13";"FORNECIMENTO DE ALIMENTAÇÃO DO PARLAMENTAR";"0";"";"MERCADINHO LA PALMA LTDA";"006.726.000/0010-4";"25319";"0";"2021-02-02T00:00:00";"143.29";"0";"143.29";"2";"2021";"0";"";"";"1746319";"";"";"";"2722";"7155656";"https://www.camara.leg.br/cota-parlamentar/documentos/publ/2722/2021/7155656.pdf"
"PTB";"";"";"";"2019";"NA";"";"56";"13";"FORNECIMENTO DE ALIMENTAÇÃO DO PARLAMENTAR";"0";"";"MERCADINHO LA PALMA LTDA";"006.726.000/0010-4";"25365";"0";"2021-02-09T00:00:00";"128.29";"0";"128.29";"2";"2021";"0";"";"";"1747481";"";"";"";"2722";"7158707";"https://www.camara.leg.br/cota-parlamentar/documentos/publ/2722/2021/7158707.pdf"
"PTB";"";"";"";"2019";"NA";"";"56";"13";"FORNECIMENTO DE ALIMENTAÇÃO DO PARLAMENTAR";"0";"";"MERCADINHO LA PALMA LTDA";"006.726.000/0010-4";"25385";"4";"2021-02-22T00:00:00";"190.41";"0";"190.41";"2";"2021";"0";"";"";"1751403";"";"";"";"2722";"7165580";"https://www.camara.leg.br/cota-parlamentar/nota-fiscal-eletronica?ideDocumentoFiscal=7165580"
"PTB";"";"";"";"2019";"NA";"";"56";"13";"FORNECIMENTO DE ALIMENTAÇÃO DO PARLAMENTAR";"0";"";"MERCADINHO LA PALMA LTDA";"006.726.000/0010-4";"25471";"4";"2021-03-01T00:00:00";"94.07";"0";"94.07";"3";"2021";"0";"";"";"1752666";"";"";"";"2722";"7168117";"https://www.camara.leg.br/cota-parlamentar/nota-fiscal-eletronica?ideDocumentoFiscal=7168117"
"PTB";"";"";"";"2019";"NA";"";"56";"13";"FORNECIMENTO DE ALIMENTAÇÃO DO PARLAMENTAR";"0";"";"MERCADINHO LA PALMA LTDA";"006.726.000/0010-4";"25491";"4";"2021-03-09T00:00:00";"102.97";"0";"102.97";"3";"2021";"0";"";"";"1755306";"";"";"";"2722";"7173291";"https://www.camara.leg.br/cota-parlamentar/nota-fiscal-eletronica?ideDocumentoFiscal=7173291"
"PTB";"";"";"";"2019";"NA";"";"56";"13";"FORNECIMENTO DE ALIMENTAÇÃO DO PARLAMENTAR";"0";"";"MERCADINHO LA PALMA LTDA";"006.726.000/0010-4";"25533";"4";"2021-03-16T00:00:00";"119.86";"0";"119.86";"3";"2021";"0";"";"";"1755306";"";"";"";"2722";"7173307";"https://www.camara.leg.br/cota-parlamentar/nota-fiscal-eletronica?ideDocumentoFiscal=7173307"
"PTB";"";"";"";"2019";"NA";"";"56";"13";"FORNECIMENTO DE ALIMENTAÇÃO DO PARLAMENTAR";"0";"";"MERCADINHO LA PALMA LTDA";"006.726.000/0010-4";"25592";"4";"2021-04-06T00:00:00";"119.41";"0";"119.41";"4";"2021";"0";"";"";"1759282";"";"";"";"2722";"7181254";"https://www.camara.leg.br/cota-parlamentar/nota-fiscal-eletronica?ideDocumentoFiscal=7181254"
"PTB";"";"";"";"2019";"NA";"";"56";"13";"FORNECIMENTO DE ALIMENTAÇÃO DO PARLAMENTAR";"0";"";"MERCADINHO LA PALMA LTDA";"006.726.000/0010-4";"25657";"4";"2021-04-13T00:00:00";"129.2";"0";"129.2";"4";"2021";"0";"";"";"1761422";"";"";"";"2722";"7186177";"https://www.camara.leg.br/cota-parlamentar/nota-fiscal-eletronica?ideDocumentoFiscal=7186177"
"PTB";"";"";"";"2019";"NA";"";"56";"13";"FORNECIMENTO DE ALIMENTAÇÃO DO PARLAMENTAR";"0";"";"MERCADINHO LA PALMA LTDA";"006.726.000/0010-4";"25712";"4";"2021-04-26T00:00:00";"152.69";"0";"152.69";"4";"2021";"0";"";"";"1764748";"";"";"";"2722";"7193216";"https://www.camara.leg.br/cota-parlamentar/nota-fiscal-eletronica?ideDocumentoFiscal=7193216"
"PTB";"";"";"";"2019";"NA";"";"56";"13";"FORNECIMENTO DE ALIMENTAÇÃO DO PARLAMENTAR";"0";"";"MERCADINHO LA PALMA LTDA";"006.726.000/0010-4";"25735";"4";"2021-05-03T00:00:00";"150.96";"0";"150.96";"5";"2021";"0";"";"";"1766379";"";"";"";"2722";"7196730";"https://www.camara.leg.br/cota-parlamentar/nota-fiscal-eletronica?ideDocumentoFiscal=7196730"
"PTB";"";"";"";"2019";"NA";"";"56";"13";"FORNECIMENTO DE ALIMENTAÇÃO DO PARLAMENTAR";"0";"";"MERCADINHO LA PALMA LTDA";"006.726.000/0010-4";"25766";"4";"2021-05-10T00:00:00";"153.57";"0";"153.57";"5";"2021";"0";"";"";"1769734";"";"";"";"2722";"7202982";"https://www.camara.leg.br/cota-parlamentar/nota-fiscal-eletronica?ideDocumentoFiscal=7202982"
"PTB";"";"";"";"2019";"NA";"";"56";"13";"FORNECIMENTO DE ALIMENTAÇÃO DO PARLAMENTAR";"0";"";"MERCADINHO LA PALMA LTDA";"006.726.000/0010-4";"25782";"4";"2021-05-17T00:00:00";"131.02";"0";"131.02";"5";"2021";"0";"";"";"1771119";"";"";"";"2722";"7206673";"https://www.camara.leg.br/cota-parlamentar/nota-fiscal-eletronica?ideDocumentoFiscal=7206673"
"PTB";"";"";"";"2019";"NA";"";"56";"13";"FORNECIMENTO DE ALIMENTAÇÃO DO PARLAMENTAR";"0";"";"MERCADINHO LA PALMA LTDA";"006.726.000/0010-4";"25824";"4";"2021-05-24T00:00:00";"149.82";"0";"149.82";"5";"2021";"0";"";"";"1771119";"";"";"";"2722";"7206674";"https://www.camara.leg.br/cota-parlamentar/nota-fiscal-eletronica?ideDocumentoFiscal=7206674"
"PTB";"";"";"";"2019";"NA";"";"56";"13";"FORNECIMENTO DE ALIMENTAÇÃO DO PARLAMENTAR";"0";"";"MERCADINHO LA PALMA LTDA";"006.726.000/0010-4";"25843";"4";"2021-05-31T00:00:00";"122.53";"0";"122.53";"5";"2021";"0";"";"";"1771119";"";"";"";"2722";"7206675";"https://www.camara.leg.br/cota-parlamentar/nota-fiscal-eletronica?ideDocumentoFiscal=7206675"
"PTB";"";"";"";"2019";"NA";"";"56";"13";"FORNECIMENTO DE ALIMENTAÇÃO DO PARLAMENTAR";"0";"";"MERCADINHO LA PALMA LTDA";"006.726.000/0010-4";"25869";"4";"2021-06-07T00:00:00";"193.51";"0";"193.51";"6";"2021";"0";"";"";"1771120";"";"";"";"2722";"7206679";"https://www.camara.leg.br/cota-parlamentar/nota-fiscal-eletronica?ideDocumentoFiscal=7206679"
"PTB";"";"";"";"2019";"NA";"";"56";"13";"FORNECIMENTO DE ALIMENTAÇÃO DO PARLAMENTAR";"0";"";"MERCADINHO LA PALMA LTDA";"006.726.000/0010-4";"25896";"4";"2021-06-14T00:00:00";"135.03";"20";"115.03";"6";"2021";"0";"";"";"1775638";"";"";"";"2722";"7215411";"https://www.camara.leg.br/cota-parlamentar/nota-fiscal-eletronica?ideDocumentoFiscal=7215411"
"PTB";"";"";"";"2019";"NA";"";"56";"13";"FORNECIMENTO DE ALIMENTAÇÃO DO PARLAMENTAR";"0";"";"MERCADINHO LA PALMA LTDA";"006.726.000/0010-4";"25916";"4";"2021-06-21T00:00:00";"158.21";"0";"158.21";"6";"2021";"0";"";"";"1777811";"";"";"";"2722";"7219747";"https://www.camara.leg.br/cota-parlamentar/nota-fiscal-eletronica?ideDocumentoFiscal=7219747"
"PTB";"";"";"";"2019";"NA";"";"56";"13";"FORNECIMENTO DE ALIMENTAÇÃO DO PARLAMENTAR";"0";"";"MERCADINHO LA PALMA LTDA";"006.726.000/0010-4";"25947";"4";"2021-06-28T00:00:00";"202.47";"0";"202.47";"6";"2021";"0";"";"";"1778734";"";"";"";"2722";"7221611";"https://www.camara.leg.br/cota-parlamentar/nota-fiscal-eletronica?ideDocumentoFiscal=7221611"
"PTB";"";"";"";"2019";"NA";"";"56";"13";"FORNECIMENTO DE ALIMENTAÇÃO DO PARLAMENTAR";"0";"";"MERCADINHO LA PALMA LTDA";"006.726.000/0010-4";"25972";"4";"2021-07-05T00:00:00";"144.48";"0";"144.48";"7";"2021";"0";"";"";"1778746";"";"";"";"2722";"7221641";"https://www.camara.leg.br/cota-parlamentar/nota-fiscal-eletronica?ideDocumentoFiscal=7221641"
"PTB";"";"";"";"2019";"NA";"";"56";"13";"FORNECIMENTO DE ALIMENTAÇÃO DO PARLAMENTAR";"0";"";"MERCADINHO LA PALMA LTDA";"006.726.000/0010-4";"25990";"4";"2021-07-12T00:00:00";"162.05";"0";"162.05";"7";"2021";"0";"";"";"1782536";"";"";"";"2722";"7230186";"https://www.camara.leg.br/cota-parlamentar/nota-fiscal-eletronica?ideDocumentoFiscal=7230186"
"PTB";"";"";"";"2019";"NA";"";"56";"13";"FORNECIMENTO DE ALIMENTAÇÃO DO PARLAMENTAR";"0";"";"MERCADINHO LA PALMA LTDA";"006.726.000/0010-4";"26075";"4";"2021-08-03T00:00:00";"218.94";"0";"218.94";"8";"2021";"0";"";"";"1786904";"";"";"";"2722";"7239646";"https://www.camara.leg.br/cota-parlamentar/nota-fiscal-eletronica?ideDocumentoFiscal=7239646"
"PTB";"";"";"";"2019";"NA";"";"56";"13";"FORNECIMENTO DE ALIMENTAÇÃO DO PARLAMENTAR";"0";"";"MERCADINHO LA PALMA LTDA";"006.726.000/0010-4";"26105";"4";"2021-08-10T00:00:00";"213.56";"0";"213.56";"8";"2021";"0";"";"";"1788826";"";"";"";"2722";"7244110";"https://www.camara.leg.br/cota-parlamentar/nota-fiscal-eletronica?ideDocumentoFiscal=7244110"
"PTB";"";"";"";"2019";"NA";"";"56";"13";"FORNECIMENTO DE ALIMENTAÇÃO DO PARLAMENTAR";"0";"";"MERCADINHO LA PALMA LTDA";"006.726.000/0010-4";"26106";"4";"2021-08-10T00:00:00";"43.03";"0";"43.03";"8";"2021";"0";"";"";"1788826";"";"";"";"2722";"7244108";"https://www.camara.leg.br/cota-parlamentar/nota-fiscal-eletronica?ideDocumentoFiscal=7244108"
"PTB";"";"";"";"2019";"NA";"";"56";"13";"FORNECIMENTO DE ALIMENTAÇÃO DO PARLAMENTAR";"0";"";"MERCADINHO LA PALMA LTDA";"006.726.000/0010-4";"26127";"4";"2021-08-16T00:00:00";"251.53";"0";"251.53";"8";"2021";"0";"";"";"1790130";"";"";"";"2722";"7247002";"https://www.camara.leg.br/cota-parlamentar/nota-fiscal-eletronica?ideDocumentoFiscal=7247002"
"PTB";"";"";"";"2019";"NA";"";"56";"13";"FORNECIMENTO DE ALIMENTAÇÃO DO PARLAMENTAR";"0";"";"MERCADINHO LA PALMA LTDA";"006.726.000/0010-4";"26144";"4";"2021-08-23T00:00:00";"193.7";"0";"193.7";"8";"2021";"0";"";"";"1794202";"";"";"";"2722";"7255580";"https://www.camara.leg.br/cota-parlamentar/nota-fiscal-eletronica?ideDocumentoFiscal=7255580"
"PTB";"";"";"";"2019";"NA";"";"56";"13";"FORNECIMENTO DE ALIMENTAÇÃO DO PARLAMENTAR";"0";"";"MERCADINHO LA PALMA LTDA";"006.726.000/0010-4";"26163";"4";"2021-08-30T00:00:00";"231.34";"0";"231.34";"8";"2021";"0";"";"";"1794202";"";"";"";"2722";"7255578";"https://www.camara.leg.br/cota-parlamentar/nota-fiscal-eletronica?ideDocumentoFiscal=7255578"
"PTB";"";"";"";"2019";"NA";"";"56";"13";"FORNECIMENTO DE ALIMENTAÇÃO DO PARLAMENTAR";"0";"";"MERCADINHO LA PALMA LTDA";"006.726.000/0010-4";"26208";"4";"2021-09-13T00:00:00";"201.71";"0";"201.71";"9";"2021";"0";"";"";"1796996";"";"";"";"2722";"7262195";"https://www.camara.leg.br/cota-parlamentar/nota-fiscal-eletronica?ideDocumentoFiscal=7262195"
"PTB";"";"";"";"2019";"NA";"";"56";"13";"FORNECIMENTO DE ALIMENTAÇÃO DO PARLAMENTAR";"0";"";"MERCADINHO LA PALMA LTDA";"006.726.000/0010-4";"26226";"4";"2021-09-20T00:00:00";"212.34";"0";"212.34";"9";"2021";"0";"";"";"1797938";"";"";"";"2722";"7264316";"https://www.camara.leg.br/cota-parlamentar/nota-fiscal-eletronica?ideDocumentoFiscal=7264316"
"PTB";"";"";"";"2019";"NA";"";"56";"13";"FORNECIMENTO DE ALIMENTAÇÃO DO PARLAMENTAR";"0";"";"MERCADINHO LA PALMA LTDA";"006.726.000/0010-4";"26277";"4";"2021-09-27T00:00:00";"211.68";"0";"211.68";"9";"2021";"0";"";"";"1800020";"";"";"";"2722";"7268680";"https://www.camara.leg.br/cota-parlamentar/nota-fiscal-eletronica?ideDocumentoFiscal=7268680"
"PTB";"";"";"";"2019";"NA";"";"56";"13";"FORNECIMENTO DE ALIMENTAÇÃO DO PARLAMENTAR";"0";"";"MERCADINHO LA PALMA LTDA";"006.726.000/0010-4";"26296";"4";"2021-10-04T00:00:00";"203.61";"0";"203.61";"10";"2021";"0";"";"";"1800940";"";"";"";"2722";"7270729";"https://www.camara.leg.br/cota-parlamentar/nota-fiscal-eletronica?ideDocumentoFiscal=7270729"
"PTB";"";"";"";"2019";"NA";"";"56";"13";"FORNECIMENTO DE ALIMENTAÇÃO DO PARLAMENTAR";"0";"";"MERCADINHO LA PALMA LTDA";"006.726.000/0010-4";"26343";"4";"2021-10-18T00:00:00";"238.38";"0";"238.38";"10";"2021";"0";"";"";"1805304";"";"";"";"2722";"7280575";"https://www.camara.leg.br/cota-parlamentar/nota-fiscal-eletronica?ideDocumentoFiscal=7280575"
"PTB";"";"";"";"2019";"NA";"";"56";"13";"FORNECIMENTO DE ALIMENTAÇÃO DO PARLAMENTAR";"0";"";"MERCADINHO LA PALMA LTDA";"006.726.000/0010-4";"26373";"4";"2021-10-25T00:00:00";"165.45";"0";"165.45";"10";"2021";"0";"";"";"1806222";"";"";"";"2722";"7282613";"https://www.camara.leg.br/cota-parlamentar/nota-fiscal-eletronica?ideDocumentoFiscal=7282613"
"REPUBLICANOS";"";"";"";"2019";"NA";"";"56";"3";"COMBUSTÍVEIS E LUBRIFICANTES.";"3";"Aeronaves";"PIONEIRO COMBUSTIVEIS LTDA";"840.100.400/0509-2";"573";"4";"2021-12-03T00:00:00";"6192";"192";"6000";"12";"2021";"0";"";"";"1821157";"";"";"";"3457";"7315203";"https://www.camara.leg.br/cota-parlamentar/nota-fiscal-eletronica?ideDocumentoFiscal=7315203"
"REPUBLICANOS";"";"";"";"2019";"NA";"";"56";"5";"DIVULGAÇÃO DA ATIVIDADE PARLAMENTAR.";"0";"";"CONNECT FILMES - PRODUCAO DE FILMES E PUBLICIDADE EIRELI";"300.071.190/0015-7";"65";"4";"2021-12-01T00:00:00";"15000";"0";"15000";"11";"2021";"0";"";"";"1812815";"";"";"";"3457";"7297512";"https://www.camara.leg.br/cota-parlamentar/nota-fiscal-eletronica?ideDocumentoFiscal=7297512"
"REPUBLICANOS";"";"";"";"2019";"NA";"";"56";"5";"DIVULGAÇÃO DA ATIVIDADE PARLAMENTAR.";"0";"";"CONNECT FILMES PRODUCAO DE FILMES E PUBLICIDADE EIRELI";"300.071.190/0015-7";"64";"4";"2021-11-30T00:00:00";"15000";"0";"15000";"10";"2021";"0";"";"";"1812186";"";"";"";"3457";"7296215";"https://www.camara.leg.br/cota-parlamentar/nota-fiscal-eletronica?ideDocumentoFiscal=7296215"
"REPUBLICANOS";"";"";"";"2019";"NA";"";"56";"9";"PASSAGEM AÉREA - REEMBOLSO";"0";"";"Latam AirLines";"020.128.620/0016-0";"9572165677564";"0";"2021-12-29T00:00:00";"3262.26";"0";"3262.26";"12";"2021";"0";"";"";"1821156";"";"";"";"3457";"7315197";"https://www.camara.leg.br/cota-parlamentar/documentos/publ/3457/2022/7315197.pdf"
"REPUBLICANOS";"";"";"";"2019";"NA";"";"56";"9";"PASSAGEM AÉREA - REEMBOLSO";"0";"";"Latam AirLines";"020.128.620/0016-0";"9572165678110";"0";"2021-12-27T00:00:00";"2112.72";"0";"2112.72";"12";"2021";"0";"";"";"1821156";"";"";"";"3457";"7315200";"https://www.camara.leg.br/cota-parlamentar/documentos/publ/3457/2022/7315200.pdf"
"SDD";"";"";"";"2019";"NA";"";"56";"1";"MANUTENÇÃO DE ESCRITÓRIO DE APOIO À ATIVIDADE PARLAMENTAR";"0";"";"AMORETTO CAFES EXPRESSO LTDA";"085.324.290/0013-1";"26414";"4";"2021-01-05T00:00:00";"321.15";"0";"321.15";"1";"2021";"0";"";"";"1741752";"";"";"";"2864";"7147027";"https://www.camara.leg.br/cota-parlamentar/nota-fiscal-eletronica?ideDocumentoFiscal=7147027"
"SDD";"";"";"";"2019";"NA";"";"56";"1";"MANUTENÇÃO DE ESCRITÓRIO DE APOIO À ATIVIDADE PARLAMENTAR";"0";"";"PPRO BRASIL LTDA";"000.000.000/0001-0";"1377165561";"1";"2021-03-30T00:00:00";"2580";"0";"2580";"3";"2021";"0";"";"";"1754895";"";"";"";"2864";"7172543";"https://www.camara.leg.br/cota-parlamentar/documentos/publ/2864/2021/7172543.pdf"
"SDD";"";"";"";"2019";"NA";"";"56";"4";"CONSULTORIAS, PESQUISAS E TRABALHOS TÉCNICOS.";"0";"";"INOP - INSTITUTO NACIONAL DE ORCAMENTO PUBLICO LTDA";"326.927.080/0014-7";"192";"4";"2021-10-18T00:00:00";"10000";"0";"10000";"9";"2021";"0";"";"";"1801041";"";"";"";"2864";"7270997";"https://www.camara.leg.br/cota-parlamentar/nota-fiscal-eletronica?ideDocumentoFiscal=7270997"
"SDD";"";"";"";"2019";"NA";"";"56";"4";"CONSULTORIAS, PESQUISAS E TRABALHOS TÉCNICOS.";"0";"";"INOP - INSTITUTO NACIONAL DE ORCAMENTO PUBLICO LTDA";"326.927.080/0014-7";"197";"4";"2021-11-04T00:00:00";"10000";"0";"10000";"10";"2021";"0";"";"";"1805710";"";"";"";"2864";"7281407";"https://www.camara.leg.br/cota-parlamentar/nota-fiscal-eletronica?ideDocumentoFiscal=7281407"
"SDD";"";"";"";"2019";"NA";"";"56";"4";"CONSULTORIAS, PESQUISAS E TRABALHOS TÉCNICOS.";"0";"";"INOP - INSTITUTO NACIONAL DE ORCAMENTO PUBLICO LTDA";"326.927.080/0014-7";"208";"4";"2021-12-01T00:00:00";"10000";"0";"10000";"11";"2021";"0";"";"";"1812474";"";"";"";"2864";"7296789";"https://www.camara.leg.br/cota-parlamentar/nota-fiscal-eletronica?ideDocumentoFiscal=7296789"
"SDD";"";"";"";"2019";"NA";"";"56";"4";"CONSULTORIAS, PESQUISAS E TRABALHOS TÉCNICOS.";"0";"";"INOP - INSTITUTO NACIONAL DE ORCAMENTO PUBLICO LTDA";"326.927.080/0014-7";"216";"4";"2022-01-04T00:00:00";"10000";"0";"10000";"12";"2021";"0";"";"";"1820141";"";"";"";"2864";"7313168";"https://www.camara.leg.br/cota-parlamentar/nota-fiscal-eletronica?ideDocumentoFiscal=7313168"
"SDD";"";"";"";"2019";"NA";"";"56";"13";"FORNECIMENTO DE ALIMENTAÇÃO DO PARLAMENTAR";"0";"";"ARTESANAL SERVICOS DE ALIMENTACAO E BUFFET EIRELI";"228.362.100/0015-7";"313";"4";"2021-09-15T00:00:00";"550";"0";"550";"9";"2021";"0";"";"";"1793869";"";"";"";"2864";"7254925";"https://www.camara.leg.br/cota-parlamentar/nota-fiscal-eletronica?ideDocumentoFiscal=7254925"
"Danilo Forte";"";"62881";"91";"2019";"CE";"PP";"56";"1";"MANUTENÇÃO DE ESCRITÓRIO DE APOIO À ATIVIDADE PARLAMENTAR";"0";"";"COMPANHIA ENERGÉTICA DO CEARÁ";"070.472.510/0017-0";"112562270";"0";"2021-05-17T00:00:00";"1021.2";"0";"1021.2";"5";"2021";"0";"";"";"1782882";"";"";"";"2227";"7230851";"https://www.camara.leg.br/cota-parlamentar/documentos/publ/2227/2021/7230851.pdf"
"Danilo Forte";"";"62881";"91";"2019";"CE";"PP";"56";"1";"MANUTENÇÃO DE ESCRITÓRIO DE APOIO À ATIVIDADE PARLAMENTAR";"0";"";"COMPANHIA ENERGÉTICA DO CEARÁ";"070.472.510/0017-0";"124924045";"0";"2021-08-17T00:00:00";"2480.52";"1058.91";"1421.61";"7";"2021";"0";"";"";"1788687";"";"";"";"2227";"7243814";"https://www.camara.leg.br/cota-parlamentar/documentos/publ/2227/2021/7243814.pdf"
"Danilo Forte";"";"62881";"91";"2019";"CE";"PP";"56";"1";"MANUTENÇÃO DE ESCRITÓRIO DE APOIO À ATIVIDADE PARLAMENTAR";"0";"";"COMPANHIA ENERGÉTICA DO CEARÁ";"070.472.510/0017-0";"136978051";"0";"2021-11-16T00:00:00";"1837.9";"1012.05";"825.85";"11";"2021";"0";"";"";"1812476";"";"";"";"2227";"7296679";"https://www.camara.leg.br/cota-parlamentar/documentos/publ/2227/2021/7296679.pdf"
"Danilo Forte";"";"62881";"91";"2019";"CE";"PP";"56";"1";"MANUTENÇÃO DE ESCRITÓRIO DE APOIO À ATIVIDADE PARLAMENTAR";"0";"";"COMPANHIA ENERGETICA DO CEARA";"070.472.510/0017-0";"142425241";"0";"2021-12-16T00:00:00";"1957.96";"1009.12";"948.84";"12";"2021";"0";"";"";"1820019";"";"";"";"2227";"7312961";"https://www.camara.leg.br/cota-parlamentar/documentos/publ/2227/2022/7312961.pdf"
"Danilo Forte";"";"62881";"91";"2019";"CE";"PP";"56";"1";"MANUTENÇÃO DE ESCRITÓRIO DE APOIO À ATIVIDADE PARLAMENTAR";"0";"";"COND. TRADE CENTER";"014.374.200/0010-0";"05742797-4";"1";"2021-04-26T00:00:00";"808.33";"0";"808.33";"4";"2021";"0";"";"";"1763928";"";"";"";"2227";"7191155";"https://www.camara.leg.br/cota-parlamentar/documentos/publ/2227/2021/7191155.pdf"
"Danilo Forte";"";"62881";"91";"2019";"CE";"PP";"56";"1";"MANUTENÇÃO DE ESCRITÓRIO DE APOIO À ATIVIDADE PARLAMENTAR";"0";"";"COND. TRADE CENTER";"014.374.200/0010-0";"408209";"1";"2021-03-22T00:00:00";"96.63";"2.13";"94.5";"3";"2021";"0";"";"";"1763927";"";"";"";"2227";"7191148";"https://www.camara.leg.br/cota-parlamentar/documentos/publ/2227/2021/7191148.pdf"
"Danilo Forte";"";"62881";"91";"2019";"CE";"PP";"56";"1";"MANUTENÇÃO DE ESCRITÓRIO DE APOIO À ATIVIDADE PARLAMENTAR";"0";"";"COND. TRADE CENTER";"014.374.200/0010-0";"509219";"1";"2021-05-04T00:00:00";"788.4";"0";"788.4";"5";"2021";"0";"";"";"1769841";"";"";"";"2227";"7203983";"https://www.camara.leg.br/cota-parlamentar/documentos/publ/2227/2021/7203983.pdf"
"Danilo Forte";"";"62881";"91";"2019";"CE";"PP";"56";"1";"MANUTENÇÃO DE ESCRITÓRIO DE APOIO À ATIVIDADE PARLAMENTAR";"0";"";"COND. TRADE CENTER";"014.374.200/0010-0";"523198";"1";"2021-06-24T00:00:00";"810.07";"15.81";"794.26";"6";"2021";"0";"";"";"1775926";"";"";"";"2227";"7215936";"https://www.camara.leg.br/cota-parlamentar/documentos/publ/2227/2021/7215936.pdf"
"Danilo Forte";"";"62881";"91";"2019";"CE";"PP";"56";"1";"MANUTENÇÃO DE ESCRITÓRIO DE APOIO À ATIVIDADE PARLAMENTAR";"0";"";"COND. TRADE CENTER";"014.374.200/0010-0";"529390";"1";"2021-07-15T00:00:00";"96.54";"0";"96.54";"6";"2021";"0";"";"";"1782872";"";"";"";"2227";"7230813";"https://www.camara.leg.br/cota-parlamentar/documentos/publ/2227/2021/7230813.pdf"
"Danilo Forte";"";"62881";"91";"2019";"CE";"PP";"56";"1";"MANUTENÇÃO DE ESCRITÓRIO DE APOIO À ATIVIDADE PARLAMENTAR";"0";"";"COND. TRADE CENTER";"014.374.200/0010-0";"529516";"1";"2021-07-08T00:00:00";"788.4";"0";"788.4";"7";"2021";"0";"";"";"1782872";"";"";"";"2227";"7230807";"https://www.camara.leg.br/cota-parlamentar/documentos/publ/2227/2021/7230807.pdf"
"Danilo Forte";"";"62881";"91";"2019";"CE";"PP";"56";"1";"MANUTENÇÃO DE ESCRITÓRIO DE APOIO À ATIVIDADE PARLAMENTAR";"0";"";"COND. TRADE CENTER";"014.374.200/0010-0";"551734";"1";"2021-08-03T00:00:00";"94.5";"0";"94.5";"7";"2021";"0";"";"";"1788687";"";"";"";"2227";"7243848";"https://www.camara.leg.br/cota-parlamentar/documentos/publ/2227/2021/7243848.pdf"
"Danilo Forte";"";"62881";"91";"2019";"CE";"PP";"56";"1";"MANUTENÇÃO DE ESCRITÓRIO DE APOIO À ATIVIDADE PARLAMENTAR";"0";"";"COND. TRADE CENTER";"014.374.200/0010-0";"551860";"1";"2021-08-20T00:00:00";"806.77";"0";"806.77";"7";"2021";"0";"";"";"1788687";"";"";"";"2227";"7243824";"https://www.camara.leg.br/cota-parlamentar/documentos/publ/2227/2021/7243824.pdf"
"Danilo Forte";"";"62881";"91";"2019";"CE";"PP";"56";"1";"MANUTENÇÃO DE ESCRITÓRIO DE APOIO À ATIVIDADE PARLAMENTAR";"0";"";"COND. TRADE CENTER";"014.374.200/0010-0";"563938";"1";"2021-09-10T00:00:00";"788.4";"0";"788.4";"9";"2021";"0";"";"";"1794902";"";"";"";"2227";"7257102";"https://www.camara.leg.br/cota-parlamentar/documentos/publ/2227/2021/7257102.pdf"
"Danilo Forte";"";"62881";"91";"2019";"CE";"PP";"56";"1";"MANUTENÇÃO DE ESCRITÓRIO DE APOIO À ATIVIDADE PARLAMENTAR";"0";"";"COND. TRADE CENTER";"014.374.200/0010-0";"573930";"0";"2021-09-27T00:00:00";"788.4";"0";"788.4";"10";"2021";"0";"";"";"1801686";"";"";"";"2227";"7272442";"https://www.camara.leg.br/cota-parlamentar/documentos/publ/2227/2021/7272442.pdf"
"Danilo Forte";"";"62881";"91";"2019";"CE";"PP";"56";"1";"MANUTENÇÃO DE ESCRITÓRIO DE APOIO À ATIVIDADE PARLAMENTAR";"0";"";"COND. TRADE CENTER";"014.374.200/0010-0";"585290";"1";"2021-11-10T00:00:00";"94.5";"0";"94.5";"11";"2021";"0";"";"";"1809566";"";"";"";"2227";"7290298";"https://www.camara.leg.br/cota-parlamentar/documentos/publ/2227/2021/7290298.pdf"
"Danilo Forte";"";"62881";"91";"2019";"CE";"PP";"56";"1";"MANUTENÇÃO DE ESCRITÓRIO DE APOIO À ATIVIDADE PARLAMENTAR";"0";"";"COND. TRADE CENTER";"014.374.200/0010-0";"585416";"1";"2021-11-10T00:00:00";"788.4";"0";"788.4";"11";"2021";"0";"";"";"1809571";"";"";"";"2227";"7290309";"https://www.camara.leg.br/cota-parlamentar/documentos/publ/2227/2021/7290309.pdf"
"Danilo Forte";"";"62881";"91";"2019";"CE";"PP";"56";"1";"MANUTENÇÃO DE ESCRITÓRIO DE APOIO À ATIVIDADE PARLAMENTAR";"0";"";"COND. TRADE CENTER";"014.374.200/0010-0";"601651";"1";"2021-11-26T00:00:00";"94.5";"0";"79.34";"12";"2021";"1";"";"";"1816394";"";"";"";"2227";"7305040";"https://www.camara.leg.br/cota-parlamentar/documentos/publ/2227/2021/7305040.pdf"
"Danilo Forte";"";"62881";"91";"2019";"CE";"PP";"56";"1";"MANUTENÇÃO DE ESCRITÓRIO DE APOIO À ATIVIDADE PARLAMENTAR";"0";"";"COND. TRADE CENTER";"014.374.200/0010-0";"601777";"1";"2021-11-28T00:00:00";"788.4";"0";"788.4";"12";"2021";"0";"";"";"1816394";"";"";"";"2227";"7305038";"https://www.camara.leg.br/cota-parlamentar/documentos/publ/2227/2021/7305038.pdf"
"Danilo Forte";"";"62881";"91";"2019";"CE";"PP";"56";"1";"MANUTENÇÃO DE ESCRITÓRIO DE APOIO À ATIVIDADE PARLAMENTAR";"0";"";"CONDE & DELL ARINGA - DES DE SOFTWARES";"096.137.720/0017-3";"10374";"0";"2021-02-01T00:00:00";"400";"0";"400";"1";"2021";"0";"";"";"1745605";"";"";"";"2227";"7154723";"https://www.camara.leg.br/cota-parlamentar/documentos/publ/2227/2021/7154723.pdf"
"Danilo Forte";"";"62881";"91";"2019";"CE";"PP";"56";"1";"MANUTENÇÃO DE ESCRITÓRIO DE APOIO À ATIVIDADE PARLAMENTAR";"0";"";"CONDE & DELL ARINGA - DES DE SOFTWARES";"096.137.720/0017-3";"10427";"0";"2021-03-02T00:00:00";"400";"0";"400";"2";"2021";"0";"";"";"1754262";"";"";"";"2227";"7171396";"https://www.camara.leg.br/cota-parlamentar/documentos/publ/2227/2021/7171396.pdf"
"Danilo Forte";"";"62881";"91";"2019";"CE";"PP";"56";"1";"MANUTENÇÃO DE ESCRITÓRIO DE APOIO À ATIVIDADE PARLAMENTAR";"0";"";"CONDE & DELL ARINGA - DES DE SOFTWARES";"096.137.720/0017-3";"10481";"0";"2021-04-01T00:00:00";"400";"0";"400";"3";"2021";"0";"";"";"1761316";"";"";"";"2227";"7185924";"https://www.camara.leg.br/cota-parlamentar/documentos/publ/2227/2021/7185924.pdf"
"Danilo Forte";"";"62881";"91";"2019";"CE";"PP";"56";"1";"MANUTENÇÃO DE ESCRITÓRIO DE APOIO À ATIVIDADE PARLAMENTAR";"0";"";"CONDE & DELL ARINGA - DES DE SOFTWARES";"096.137.720/0017-3";"10534";"0";"2021-05-03T00:00:00";"400";"0";"400";"4";"2021";"0";"";"";"1766739";"";"";"";"2227";"7197527";"https://www.camara.leg.br/cota-parlamentar/documentos/publ/2227/2021/7197527.pdf"
"Danilo Forte";"";"62881";"91";"2019";"CE";"PP";"56";"1";"MANUTENÇÃO DE ESCRITÓRIO DE APOIO À ATIVIDADE PARLAMENTAR";"0";"";"CONDE & DELL ARINGA - DES DE SOFTWARES";"096.137.720/0017-3";"10585";"0";"2021-06-01T00:00:00";"400";"0";"400";"5";"2021";"0";"";"";"1774371";"";"";"";"2227";"7212638";"https://www.camara.leg.br/cota-parlamentar/documentos/publ/2227/2021/7212638.pdf"
"Danilo Forte";"";"62881";"91";"2019";"CE";"PP";"56";"1";"MANUTENÇÃO DE ESCRITÓRIO DE APOIO À ATIVIDADE PARLAMENTAR";"0";"";"CONDE & DELL ARINGA - DES DE SOFTWARES";"096.137.720/0017-3";"10638";"0";"2021-07-01T00:00:00";"400";"0";"400";"6";"2021";"0";"";"";"1784121";"";"";"";"2227";"7233806";"https://www.camara.leg.br/cota-parlamentar/documentos/publ/2227/2021/7233806.pdf"
"Danilo Forte";"";"62881";"91";"2019";"CE";"PP";"56";"1";"MANUTENÇÃO DE ESCRITÓRIO DE APOIO À ATIVIDADE PARLAMENTAR";"0";"";"CONDE & DELL ARINGA - DES DE SOFTWARES";"096.137.720/0017-3";"10691";"0";"2021-08-02T00:00:00";"400";"0";"400";"7";"2021";"0";"";"";"1788781";"";"";"";"2227";"7244031";"https://www.camara.leg.br/cota-parlamentar/documentos/publ/2227/2021/7244031.pdf"
"Danilo Forte";"";"62881";"91";"2019";"CE";"PP";"56";"1";"MANUTENÇÃO DE ESCRITÓRIO DE APOIO À ATIVIDADE PARLAMENTAR";"0";"";"CONDE & DELL ARINGA - DES DE SOFTWARES";"096.137.720/0017-3";"10743";"0";"2021-09-01T00:00:00";"400";"0";"400";"8";"2021";"0";"";"";"1795464";"";"";"";"2227";"7258476";"https://www.camara.leg.br/cota-parlamentar/documentos/publ/2227/2021/7258476.pdf"
"Danilo Forte";"";"62881";"91";"2019";"CE";"PP";"56";"1";"MANUTENÇÃO DE ESCRITÓRIO DE APOIO À ATIVIDADE PARLAMENTAR";"0";"";"CONDE & DELL ARINGA - DES DE SOFTWARES";"096.137.720/0017-3";"10797";"0";"2021-10-04T00:00:00";"400";"0";"400";"9";"2021";"0";"";"";"1802506";"";"";"";"2227";"7274344";"https://www.camara.leg.br/cota-parlamentar/documentos/publ/2227/2021/7274344.pdf"
"Danilo Forte";"";"62881";"91";"2019";"CE";"PP";"56";"1";"MANUTENÇÃO DE ESCRITÓRIO DE APOIO À ATIVIDADE PARLAMENTAR";"0";"";"CONDE & DELL ARINGA - DES DE SOFTWARES";"096.137.720/0017-3";"10909";"0";"2021-12-01T00:00:00";"400";"0";"400";"11";"2021";"0";"";"";"1817937";"";"";"";"2227";"7308440";"https://www.camara.leg.br/cota-parlamentar/documentos/publ/2227/2021/7308440.pdf"
"Danilo Forte";"";"62881";"91";"2019";"CE";"PP";"56";"1";"MANUTENÇÃO DE ESCRITÓRIO DE APOIO À ATIVIDADE PARLAMENTAR";"0";"";"CONDE & DELL ARINGA - DES DE SOFTWARES";"096.137.720/0017-3";"10963";"0";"2022-01-03T00:00:00";"400";"0";"400";"12";"2021";"0";"";"";"1823939";"";"";"";"2227";"7321061";"https://www.camara.leg.br/cota-parlamentar/documentos/publ/2227/2022/7321061.pdf"
"Danilo Forte";"";"62881";"91";"2019";"CE";"PP";"56";"1";"MANUTENÇÃO DE ESCRITÓRIO DE APOIO À ATIVIDADE PARLAMENTAR";"0";"";"CONDE & DELL ARINGA - DESENVOLVIMENTO DE SOFTWARES LTDA";"096.137.720/0017-3";"10853";"0";"2021-11-03T00:00:00";"400";"0";"400";"10";"2021";"0";"";"";"1811539";"";"";"";"2227";"7294829";"https://www.camara.leg.br/cota-parlamentar/documentos/publ/2227/2021/7294829.pdf"
"Danilo Forte";"";"62881";"91";"2019";"CE";"PP";"56";"1";"MANUTENÇÃO DE ESCRITÓRIO DE APOIO À ATIVIDADE PARLAMENTAR";"0";"";"EDMILSOM PONTES CUNHA";"060.782.226/00  -";".";"0";"2021-03-05T00:00:00";"1600";"0";"1600";"2";"2021";"0";"";"";"1757915";"";"";"";"2227";"7178392";"https://www.camara.leg.br/cota-parlamentar/documentos/publ/2227/2021/7178392.pdf"
"Danilo Forte";"";"62881";"91";"2019";"CE";"PP";"56";"1";"MANUTENÇÃO DE ESCRITÓRIO DE APOIO À ATIVIDADE PARLAMENTAR";"0";"";"EDMILSOM PONTES CUNHA";"060.782.226/00  -";".";"1";"2021-05-05T00:00:00";"1600";"0";"1600";"3";"2021";"0";"";"";"1763605";"";"";"";"2227";"7190477";"https://www.camara.leg.br/cota-parlamentar/documentos/publ/2227/2021/7190477.pdf"
"Danilo Forte";"";"62881";"91";"2019";"CE";"PP";"56";"1";"MANUTENÇÃO DE ESCRITÓRIO DE APOIO À ATIVIDADE PARLAMENTAR";"0";"";"EDMILSOM PONTES CUNHA";"060.782.226/00  -";".";"1";"2021-07-14T00:00:00";"1600";"0";"1600";"6";"2021";"0";"";"";"1783219";"";"";"";"2227";"7231579";"https://www.camara.leg.br/cota-parlamentar/documentos/publ/2227/2021/7231579.pdf"
"Danilo Forte";"";"62881";"91";"2019";"CE";"PP";"56";"1";"MANUTENÇÃO DE ESCRITÓRIO DE APOIO À ATIVIDADE PARLAMENTAR";"0";"";"EDMILSOM PONTES CUNHA";"060.782.226/00  -";".";"1";"2021-09-21T00:00:00";"1600";"0";"1600";"8";"2021";"0";"";"";"1794903";"";"";"";"2227";"7257089";"https://www.camara.leg.br/cota-parlamentar/documentos/publ/2227/2021/7257089.pdf"
"Danilo Forte";"";"62881";"91";"2019";"CE";"PP";"56";"1";"MANUTENÇÃO DE ESCRITÓRIO DE APOIO À ATIVIDADE PARLAMENTAR";"0";"";"EDMILSOM PONTES CUNHA";"060.782.226/00  -";"11";"1";"2021-11-04T00:00:00";"1600";"0";"1600";"10";"2021";"0";"";"";"1809450";"";"";"";"2227";"7290042";"https://www.camara.leg.br/cota-parlamentar/documentos/publ/2227/2021/7290042.pdf"
"Danilo Forte";"";"62881";"91";"2019";"CE";"PP";"56";"1";"MANUTENÇÃO DE ESCRITÓRIO DE APOIO À ATIVIDADE PARLAMENTAR";"0";"";"EDMILSOM PONTES CUNHA";"060.782.226/00  -";"s/n";"1";"2021-06-02T00:00:00";"1600";"0";"1600";"5";"2021";"0";"";"";"1770577";"";"";"";"2227";"7205522";"https://www.camara.leg.br/cota-parlamentar/documentos/publ/2227/2021/7205522.pdf"
"Danilo Forte";"";"62881";"91";"2019";"CE";"PP";"56";"1";"MANUTENÇÃO DE ESCRITÓRIO DE APOIO À ATIVIDADE PARLAMENTAR";"0";"";"EDMILSOM PONTES CUNHA";"060.782.226/00  -";"s/n";"1";"2021-08-02T00:00:00";"1600";"0";"1600";"7";"2021";"0";"";"";"1788688";"";"";"";"2227";"7243602";"https://www.camara.leg.br/cota-parlamentar/documentos/publ/2227/2021/7243602.pdf"
"Danilo Forte";"";"62881";"91";"2019";"CE";"PP";"56";"1";"MANUTENÇÃO DE ESCRITÓRIO DE APOIO À ATIVIDADE PARLAMENTAR";"0";"";"EDMILSOM PONTES CUNHA";"060.782.226/00  -";"s/n";"1";"2021-10-06T00:00:00";"1600";"0";"1600";"9";"2021";"0";"";"";"1801094";"";"";"";"2227";"7270813";"https://www.camara.leg.br/cota-parlamentar/documentos/publ/2227/2021/7270813.pdf"
"Danilo Forte";"";"62881";"91";"2019";"CE";"PP";"56";"1";"MANUTENÇÃO DE ESCRITÓRIO DE APOIO À ATIVIDADE PARLAMENTAR";"0";"";"EDMILSOM PONTES CUNHA";"060.782.226/00  -";"SN";"1";"2021-02-05T00:00:00";"1600";"0";"1600";"1";"2021";"0";"";"";"1757914";"";"";"";"2227";"7178391";"https://www.camara.leg.br/cota-parlamentar/documentos/publ/2227/2021/7178391.pdf"
"Danilo Forte";"";"62881";"91";"2019";"CE";"PP";"56";"1";"MANUTENÇÃO DE ESCRITÓRIO DE APOIO À ATIVIDADE PARLAMENTAR";"0";"";"EDMILSOM PONTES CUNHA";"060.782.226/00  -";"SN";"1";"2021-12-06T00:00:00";"1600";"0";"1600";"11";"2021";"0";"";"";"1816433";"";"";"";"2227";"7305261";"https://www.camara.leg.br/cota-parlamentar/documentos/publ/2227/2021/7305261.pdf"
"Danilo Forte";"";"62881";"91";"2019";"CE";"PP";"56";"1";"MANUTENÇÃO DE ESCRITÓRIO DE APOIO À ATIVIDADE PARLAMENTAR";"0";"";"EDMILSOM PONTES CUNHA";"060.782.226/00  -";"sn";"1";"2021-12-30T00:00:00";"1600";"0";"1600";"12";"2021";"0";"";"";"1821596";"";"";"";"2227";"7316241";"https://www.camara.leg.br/cota-parlamentar/documentos/publ/2227/2022/7316241.pdf"
"Danilo Forte";"";"62881";"91";"2019";"CE";"PP";"56";"1";"MANUTENÇÃO DE ESCRITÓRIO DE APOIO À ATIVIDADE PARLAMENTAR";"0";"";"Plena Informatica Ltda";"030.388.750/0017-0";"2539";"0";"2021-03-04T00:00:00";"112.5";"0";"112.5";"3";"2021";"0";"";"";"1749450";"";"";"";"2227";"7162590";"https://www.camara.leg.br/cota-parlamentar/documentos/publ/2227/2021/7162590.pdf"
"Danilo Forte";"";"62881";"91";"2019";"CE";"PP";"56";"1";"MANUTENÇÃO DE ESCRITÓRIO DE APOIO À ATIVIDADE PARLAMENTAR";"0";"";"Plena Informatica Ltda";"030.388.750/0017-0";"2597";"0";"2021-06-14T00:00:00";"120";"0";"120";"6";"2021";"0";"";"";"1771062";"";"";"";"2227";"7206575";"https://www.camara.leg.br/cota-parlamentar/documentos/publ/2227/2021/7206575.pdf"
"Danilo Forte";"";"62881";"91";"2019";"CE";"PP";"56";"1";"MANUTENÇÃO DE ESCRITÓRIO DE APOIO À ATIVIDADE PARLAMENTAR";"0";"";"Plena Informatica Ltda";"030.388.750/0017-0";"2642";"0";"2021-08-31T00:00:00";"110";"0";"110";"8";"2021";"0";"";"";"1790282";"";"";"";"2227";"7247324";"https://www.camara.leg.br/cota-parlamentar/documentos/publ/2227/2021/7247324.pdf"
"Danilo Forte";"";"62881";"91";"2019";"CE";"PP";"56";"1";"MANUTENÇÃO DE ESCRITÓRIO DE APOIO À ATIVIDADE PARLAMENTAR";"0";"";"Plena Informatica Ltda";"030.388.750/0017-0";"2686";"0";"2021-11-09T00:00:00";"112.5";"0";"112.5";"11";"2021";"0";"";"";"1807041";"";"";"";"2227";"7284479";"https://www.camara.leg.br/cota-parlamentar/documentos/publ/2227/2021/7284479.pdf"
"Danilo Forte";"";"62881";"91";"2019";"CE";"PP";"56";"1";"MANUTENÇÃO DE ESCRITÓRIO DE APOIO À ATIVIDADE PARLAMENTAR";"0";"";"VIDEOMAR REDE NORDESTE S/A";"633.560.420/0018-0";"1709151";"0";"2021-02-16T00:00:00";"141.42";"0";"141.42";"2";"2021";"0";"";"";"1763926";"";"";"";"2227";"7191131";"https://www.camara.leg.br/cota-parlamentar/documentos/publ/2227/2021/7191131.pdf"
"Danilo Forte";"";"62881";"91";"2019";"CE";"PP";"56";"1";"MANUTENÇÃO DE ESCRITÓRIO DE APOIO À ATIVIDADE PARLAMENTAR";"0";"";"VIDEOMAR REDE NORDESTE S/A";"633.560.420/0018-0";"1800845";"0";"2021-03-18T00:00:00";"147.75";"1.74";"146.01";"3";"2021";"0";"";"";"1763604";"";"";"";"2227";"7190464";"https://www.camara.leg.br/cota-parlamentar/documentos/publ/2227/2021/7190464.pdf"
"Danilo Forte";"";"62881";"91";"2019";"CE";"PP";"56";"1";"MANUTENÇÃO DE ESCRITÓRIO DE APOIO À ATIVIDADE PARLAMENTAR";"0";"";"VIDEOMAR REDE NORDESTE S/A";"633.560.420/0018-0";"1880848";"0";"2021-04-16T00:00:00";"144.53";"0.43";"144.1";"4";"2021";"0";"";"";"1769828";"";"";"";"2227";"7203966";"https://www.camara.leg.br/cota-parlamentar/documentos/publ/2227/2021/7203966.pdf"
"Danilo Forte";"";"62881";"91";"2019";"CE";"PP";"56";"1";"MANUTENÇÃO DE ESCRITÓRIO DE APOIO À ATIVIDADE PARLAMENTAR";"0";"";"VIDEOMAR REDE NORDESTE S/A";"633.560.420/0018-0";"1963493";"0";"2021-05-17T00:00:00";"144.36";"2.94";"141.42";"5";"2021";"0";"";"";"1775924";"";"";"";"2227";"7215926";"https://www.camara.leg.br/cota-parlamentar/documentos/publ/2227/2021/7215926.pdf"
"Danilo Forte";"";"62881";"91";"2019";"CE";"PP";"56";"1";"MANUTENÇÃO DE ESCRITÓRIO DE APOIO À ATIVIDADE PARLAMENTAR";"0";"";"VIDEOMAR REDE NORDESTE S/A";"633.560.420/0018-0";"2046758";"0";"2021-06-14T00:00:00";"141.42";"0";"141.42";"6";"2021";"0";"";"";"1782872";"";"";"";"2227";"7230819";"https://www.camara.leg.br/cota-parlamentar/documentos/publ/2227/2021/7230819.pdf"
"Danilo Forte";"";"62881";"91";"2019";"CE";"PP";"56";"1";"MANUTENÇÃO DE ESCRITÓRIO DE APOIO À ATIVIDADE PARLAMENTAR";"0";"";"VIDEOMAR REDE NORDESTE S/A";"633.560.420/0018-0";"2129179";"0";"2021-07-19T00:00:00";"144.83";"0.31";"144.52";"7";"2021";"0";"";"";"1788687";"";"";"";"2227";"7243820";"https://www.camara.leg.br/cota-parlamentar/documentos/publ/2227/2021/7243820.pdf"
"Danilo Forte";"";"62881";"91";"2019";"CE";"PP";"56";"1";"MANUTENÇÃO DE ESCRITÓRIO DE APOIO À ATIVIDADE PARLAMENTAR";"0";"";"VIDEOMAR REDE NORDESTE S/A";"633.560.420/0018-0";"2291400";"0";"2021-09-14T00:00:00";"141.42";"0";"141.42";"9";"2021";"0";"";"";"1801093";"";"";"";"2227";"7270814";"https://www.camara.leg.br/cota-parlamentar/documentos/publ/2227/2021/7270814.pdf"
"Danilo Forte";"";"62881";"91";"2019";"CE";"PP";"56";"1";"MANUTENÇÃO DE ESCRITÓRIO DE APOIO À ATIVIDADE PARLAMENTAR";"0";"";"VIDEOMAR REDE NORDESTE S/A";"633.560.420/0018-0";"2370944";"0";"2021-10-19T00:00:00";"140.53";"0";"140.53";"10";"2021";"0";"";"";"1809554";"";"";"";"2227";"7290275";"https://www.camara.leg.br/cota-parlamentar/documentos/publ/2227/2021/7290275.pdf"
"Danilo Forte";"";"62881";"91";"2019";"CE";"PP";"56";"1";"MANUTENÇÃO DE ESCRITÓRIO DE APOIO À ATIVIDADE PARLAMENTAR";"0";"";"VIDEOMAR REDE NORDESTE S/A";"633.560.420/0018-0";"2450854";"0";"2021-11-18T00:00:00";"144.32";"0";"144.32";"11";"2021";"0";"";"";"1816396";"";"";"";"2227";"7305065";"https://www.camara.leg.br/cota-parlamentar/documentos/publ/2227/2021/7305065.pdf"
"Danilo Forte";"";"62881";"91";"2019";"CE";"PP";"56";"3";"COMBUSTÍVEIS E LUBRIFICANTES.";"1";"Veículos Automotores";"063 - 311 SUL - CASCOL COMBUSTIVEIS PARA VEICULOS LTDA";"003.065.970/0630-8";"197459";"0";"2021-07-13T00:00:00";"230";"0";"230";"7";"2021";"0";"";"";"1779345";"";"";"";"2227";"7222959";"https://www.camara.leg.br/cota-parlamentar/documentos/publ/2227/2021/7222959.pdf"
"Danilo Forte";"";"62881";"91";"2019";"CE";"PP";"56";"3";"COMBUSTÍVEIS E LUBRIFICANTES.";"1";"Veículos Automotores";"063 - 311 SUL - CASCOL COMBUSTIVEIS PARA VEICULOS LTDA";"003.065.970/0630-8";"207370";"0";"2021-08-10T00:00:00";"200";"0";"200";"8";"2021";"0";"";"";"1785696";"";"";"";"2227";"7237148";"https://www.camara.leg.br/cota-parlamentar/documentos/publ/2227/2021/7237148.pdf"
"Danilo Forte";"";"62881";"91";"2019";"CE";"PP";"56";"3";"COMBUSTÍVEIS E LUBRIFICANTES.";"1";"Veículos Automotores";"063 - 311 SUL - CASCOL COMBUSTIVEIS PARA VEICULOS LTDA";"003.065.970/0630-8";"233322";"0";"2021-10-25T00:00:00";"200";"0";"200";"10";"2021";"0";"";"";"1803507";"";"";"";"2227";"7276549";"https://www.camara.leg.br/cota-parlamentar/documentos/publ/2227/2021/7276549.pdf"
"Danilo Forte";"";"62881";"91";"2019";"CE";"PP";"56";"3";"COMBUSTÍVEIS E LUBRIFICANTES.";"1";"Veículos Automotores";"072 - 403 SUL - CASCOL COMBUSTIVEIS PARA VEICULOS LTDA";"003.065.970/0729-0";"103092";"0";"2021-09-15T00:00:00";"255";"0";"255";"9";"2021";"0";"";"";"1793875";"";"";"";"2227";"7254952";"https://www.camara.leg.br/cota-parlamentar/documentos/publ/2227/2021/7254952.pdf"
"Danilo Forte";"";"62881";"91";"2019";"CE";"PP";"56";"3";"COMBUSTÍVEIS E LUBRIFICANTES.";"1";"Veículos Automotores";"072 - 403 SUL - CASCOL COMBUSTIVEIS PARA VEICULOS LTDA";"003.065.970/0729-0";"104696";"0";"2021-09-21T00:00:00";"200";"0";"200";"9";"2021";"0";"";"";"1794799";"";"";"";"2227";"7256910";"https://www.camara.leg.br/cota-parlamentar/documentos/publ/2227/2021/7256910.pdf"
"Danilo Forte";"";"62881";"91";"2019";"CE";"PP";"56";"3";"COMBUSTÍVEIS E LUBRIFICANTES.";"1";"Veículos Automotores";"072 - 403 SUL - CASCOL COMBUSTIVEIS PARA VEICULOS LTDA";"003.065.970/0729-0";"113042";"4";"2021-10-20T00:00:00";"200";"0";"200";"10";"2021";"0";"";"";"1801684";"";"";"";"2227";"7272450";"https://www.camara.leg.br/cota-parlamentar/nota-fiscal-eletronica?ideDocumentoFiscal=7272450"
"Danilo Forte";"";"62881";"91";"2019";"CE";"PP";"56";"3";"COMBUSTÍVEIS E LUBRIFICANTES.";"1";"Veículos Automotores";"072 - 403 SUL - CASCOL COMBUSTIVEIS PARA VEICULOS LTDA";"003.065.970/0729-0";"122113";"0";"2021-11-23T00:00:00";"300";"0";"300";"11";"2021";"0";"";"";"1810794";"";"";"";"2227";"7293027";"https://www.camara.leg.br/cota-parlamentar/documentos/publ/2227/2021/7293027.pdf"
"Danilo Forte";"";"62881";"91";"2019";"CE";"PP";"56";"3";"COMBUSTÍVEIS E LUBRIFICANTES.";"1";"Veículos Automotores";"072 - 403 SUL - CASCOL COMBUSTIVEIS PARA VEICULOS LTDA";"003.065.970/0729-0";"126040";"0";"2021-12-07T00:00:00";"200";"0";"200";"12";"2021";"0";"";"";"1813861";"";"";"";"2227";"7299770";"https://www.camara.leg.br/cota-parlamentar/documentos/publ/2227/2021/7299770.pdf"
"Danilo Forte";"";"62881";"91";"2019";"CE";"PP";"56";"3";"COMBUSTÍVEIS E LUBRIFICANTES.";"1";"Veículos Automotores";"072 - 403 SUL - CASCOL COMBUSTIVEIS PARA VEICULOS LTDA";"003.065.970/0729-0";"128433";"0";"2021-12-15T00:00:00";"200";"0";"200";"12";"2021";"0";"";"";"1816763";"";"";"";"2227";"7305957";"https://www.camara.leg.br/cota-parlamentar/documentos/publ/2227/2021/7305957.pdf"
"Danilo Forte";"";"62881";"91";"2019";"CE";"PP";"56";"3";"COMBUSTÍVEIS E LUBRIFICANTES.";"1";"Veículos Automotores";"ARCANJO E VASCONCELOS DISTRIB. DE COMBUST. E LUBRI";"072.040.490/0010-5";"095694";"0";"2021-07-23T00:00:00";"278.78";"0";"278.78";"7";"2021";"0";"";"";"1782873";"";"";"";"2227";"7230896";"https://www.camara.leg.br/cota-parlamentar/documentos/publ/2227/2021/7230896.pdf"
"Danilo Forte";"";"62881";"91";"2019";"CE";"PP";"56";"3";"COMBUSTÍVEIS E LUBRIFICANTES.";"1";"Veículos Automotores";"AUTO POSTO CINCO ESTRELAS LTDA";"006.924.180/0010-7";"117345";"4";"2021-11-11T00:00:00";"300";"0";"300";"11";"2021";"0";"";"";"1807739";"";"";"";"2227";"7285965";"https://www.camara.leg.br/cota-parlamentar/nota-fiscal-eletronica?ideDocumentoFiscal=7285965"
"Danilo Forte";"";"62881";"91";"2019";"CE";"PP";"56";"3";"COMBUSTÍVEIS E LUBRIFICANTES.";"1";"Veículos Automotores";"AUTO POSTO CINCO ESTRELAS LTDA";"006.924.180/0061-1";"22224";"4";"2021-01-27T00:00:00";"265.04";"0";"265.04";"1";"2021";"0";"";"";"1742553";"";"";"";"2227";"7148773";"https://www.camara.leg.br/cota-parlamentar/nota-fiscal-eletronica?ideDocumentoFiscal=7148773"
"Danilo Forte";"";"62881";"91";"2019";"CE";"PP";"56";"3";"COMBUSTÍVEIS E LUBRIFICANTES.";"1";"Veículos Automotores";"AUTO POSTO CINCO ESTRELAS LTDA";"006.924.180/0070-0";"70008";"0";"2021-12-19T00:00:00";"319.29";"0";"319.29";"12";"2021";"0";"";"";"1817938";"";"";"";"2227";"7308441";"https://www.camara.leg.br/cota-parlamentar/documentos/publ/2227/2021/7308441.pdf"
"Danilo Forte";"";"62881";"91";"2019";"CE";"PP";"56";"3";"COMBUSTÍVEIS E LUBRIFICANTES.";"1";"Veículos Automotores";"AUTO POSTO CINCO ESTRELAS LTDA";"006.924.180/0223-1";"138083";"0";"2021-08-18T00:00:00";"200";"0";"200";"8";"2021";"0";"";"";"1787507";"";"";"";"2227";"7241104";"https://www.camara.leg.br/cota-parlamentar/documentos/publ/2227/2021/7241104.pdf"
"Danilo Forte";"";"62881";"91";"2019";"CE";"PP";"56";"3";"COMBUSTÍVEIS E LUBRIFICANTES.";"1";"Veículos Automotores";"AUTO POSTO DE COMBUSTÍVEIS CAPUAN LTDA";"227.887.840/0010-5";"191597";"0";"2021-08-21T00:00:00";"277.03";"0";"277.03";"8";"2021";"0";"";"";"1788689";"";"";"";"2227";"7243595";"https://www.camara.leg.br/cota-parlamentar/documentos/publ/2227/2021/7243595.pdf"
"Danilo Forte";"";"62881";"91";"2019";"CE";"PP";"56";"3";"COMBUSTÍVEIS E LUBRIFICANTES.";"1";"Veículos Automotores";"AUTO POSTO JUAZEIRO";"311.244.600/0015-5";"071235";"0";"2021-12-28T00:00:00";"200";"0";"200";"12";"2021";"0";"";"";"1819938";"";"";"";"2227";"7312803";"https://www.camara.leg.br/cota-parlamentar/documentos/publ/2227/2022/7312803.pdf"
"Danilo Forte";"";"62881";"91";"2019";"CE";"PP";"56";"3";"COMBUSTÍVEIS E LUBRIFICANTES.";"1";"Veículos Automotores";"AUTO POSTO MATEUS";"153.145.350/0010-4";"023414";"0";"2021-07-27T00:00:00";"281.03";"0";"281.03";"7";"2021";"0";"";"";"1782873";"";"";"";"2227";"7230901";"https://www.camara.leg.br/cota-parlamentar/documentos/publ/2227/2021/7230901.pdf"
"Danilo Forte";"";"62881";"91";"2019";"CE";"PP";"56";"3";"COMBUSTÍVEIS E LUBRIFICANTES.";"1";"Veículos Automotores";"AUTO POSTO UIRAPURU COM DE COMBUS E LUBRIFICANTES";"263.274.020/0019-9";"060465";"0";"2021-10-02T00:00:00";"315.07";"0";"315.07";"10";"2021";"0";"";"";"1798338";"";"";"";"2227";"7264989";"https://www.camara.leg.br/cota-parlamentar/documentos/publ/2227/2021/7264989.pdf"
"Danilo Forte";"";"62881";"91";"2019";"CE";"PP";"56";"3";"COMBUSTÍVEIS E LUBRIFICANTES.";"1";"Veículos Automotores";"AUTO POSTO VIA ESTRUTURAL LTDA - LAGO SUL";"235.970.310/0025-8";"11610";"0";"2021-09-28T00:00:00";"200";"0";"200";"9";"2021";"0";"";"";"1796809";"";"";"";"2227";"7261150";"https://www.camara.leg.br/cota-parlamentar/documentos/publ/2227/2021/7261150.pdf"
"Danilo Forte";"";"62881";"91";"2019";"CE";"PP";"56";"3";"COMBUSTÍVEIS E LUBRIFICANTES.";"1";"Veículos Automotores";"BRASAL COMBUSTIVEIS LTDA";"000.976.260/0040-0";"628722";"0";"2021-08-25T00:00:00";"200";"0";"200";"8";"2021";"0";"";"";"1789048";"";"";"";"2227";"7244535";"https://www.camara.leg.br/cota-parlamentar/documentos/publ/2227/2021/7244535.pdf"
"Danilo Forte";"";"62881";"91";"2019";"CE";"PP";"56";"3";"COMBUSTÍVEIS E LUBRIFICANTES.";"1";"Veículos Automotores";"CASCOL COMBUSTIVEIS PARA VEICULOS LTDA";"003.065.970/0605-7";"58209";"4";"2021-02-12T00:00:00";"200";"0";"200";"2";"2021";"0";"";"";"1746208";"";"";"";"2227";"7156057";"https://www.camara.leg.br/cota-parlamentar/nota-fiscal-eletronica?ideDocumentoFiscal=7156057"
"Danilo Forte";"";"62881";"91";"2019";"CE";"PP";"56";"3";"COMBUSTÍVEIS E LUBRIFICANTES.";"1";"Veículos Automotores";"COMERCIAL DE COMBUSTIVEL BRAGA LTDA";"029.388.860/0014-4";"055134";"0";"2021-05-29T00:00:00";"233.05";"0";"233.05";"5";"2021";"0";"";"";"1769660";"";"";"";"2227";"7203680";"https://www.camara.leg.br/cota-parlamentar/documentos/publ/2227/2021/7203680.pdf"
"Danilo Forte";"";"62881";"91";"2019";"CE";"PP";"56";"3";"COMBUSTÍVEIS E LUBRIFICANTES.";"1";"Veículos Automotores";"COMERCIAL DE PETROLEO PARAIBANO LTDA";"054.832.700/0011-4";"092373";"0";"2021-09-25T00:00:00";"305.02";"0";"305.02";"9";"2021";"0";"";"";"1796809";"";"";"";"2227";"7261155";"https://www.camara.leg.br/cota-parlamentar/documentos/publ/2227/2021/7261155.pdf"
"Danilo Forte";"";"62881";"91";"2019";"CE";"PP";"56";"3";"COMBUSTÍVEIS E LUBRIFICANTES.";"1";"Veículos Automotores";"COMERCIAL JOAO FERREIRA PETROLEO LTDA";"414.148.220/0010-4";"175847";"0";"2021-09-09T00:00:00";"201.67";"0";"201.67";"9";"2021";"0";"";"";"1794904";"";"";"";"2227";"7257120";"https://www.camara.leg.br/cota-parlamentar/documentos/publ/2227/2021/7257120.pdf"
"Danilo Forte";"";"62881";"91";"2019";"CE";"PP";"56";"3";"COMBUSTÍVEIS E LUBRIFICANTES.";"1";"Veículos Automotores";"COMERCIAL JOAO FERREIRA PETROLEO LTDA";"414.148.220/0010-4";"177116";"0";"2021-09-14T00:00:00";"200";"0";"200";"9";"2021";"0";"";"";"1794904";"";"";"";"2227";"7257116";"https://www.camara.leg.br/cota-parlamentar/documentos/publ/2227/2021/7257116.pdf"
"Danilo Forte";"";"62881";"91";"2019";"CE";"PP";"56";"3";"COMBUSTÍVEIS E LUBRIFICANTES.";"1";"Veículos Automotores";"COMERCIAL PINHEIRO DE PETROLEO LTDA";"055.442.930/0019-1";"127109";"0";"2021-10-13T00:00:00";"182.09";"0";"182.09";"10";"2021";"0";"";"";"1801684";"";"";"";"2227";"7272441";"https://www.camara.leg.br/cota-parlamentar/documentos/publ/2227/2021/7272441.pdf"
"Danilo Forte";"";"62881";"91";"2019";"CE";"PP";"56";"3";"COMBUSTÍVEIS E LUBRIFICANTES.";"1";"Veículos Automotores";"COMERCIO DE COMBUSTIVEIS GERALDO CRUZ LTDA";"075.440.590/0019-0";"002805";"0";"2021-12-29T00:00:00";"268.55";"0";"268.55";"12";"2021";"0";"";"";"1819938";"";"";"";"2227";"7312810";"https://www.camara.leg.br/cota-parlamentar/documentos/publ/2227/2022/7312810.pdf"
"Danilo Forte";"";"62881";"91";"2019";"CE";"PP";"56";"3";"COMBUSTÍVEIS E LUBRIFICANTES.";"1";"Veículos Automotores";"COMERCIO DE COMBUSTIVEIS GERALDO CRUZ LTDA";"075.440.590/0019-0";"105845";"0";"2021-05-07T00:00:00";"276.07";"0";"276.07";"5";"2021";"0";"";"";"1763606";"";"";"";"2227";"7190461";"https://www.camara.leg.br/cota-parlamentar/documentos/publ/2227/2021/7190461.pdf"
"Danilo Forte";"";"62881";"91";"2019";"CE";"PP";"56";"3";"COMBUSTÍVEIS E LUBRIFICANTES.";"1";"Veículos Automotores";"COMERCIO DE COMBUSTIVEIS GERALDO CRUZ LTDA";"075.440.590/0019-0";"122985";"0";"2021-07-24T00:00:00";"285.02";"0";"285.02";"7";"2021";"0";"";"";"1782873";"";"";"";"2227";"7230885";"https://www.camara.leg.br/cota-parlamentar/documentos/publ/2227/2021/7230885.pdf"
"Danilo Forte";"";"62881";"91";"2019";"CE";"PP";"56";"3";"COMBUSTÍVEIS E LUBRIFICANTES.";"1";"Veículos Automotores";"COMERCIO DE PETROLEO M P LTDA";"633.821.470/0010-3";"119720";"0";"2021-11-25T00:00:00";"50";"0";"50";"11";"2021";"0";"";"";"1812475";"";"";"";"2227";"7296723";"https://www.camara.leg.br/cota-parlamentar/documentos/publ/2227/2021/7296723.pdf"
"Danilo Forte";"";"62881";"91";"2019";"CE";"PP";"56";"3";"COMBUSTÍVEIS E LUBRIFICANTES.";"1";"Veículos Automotores";"H P N CHAVES COMERCIO DE";"294.158.270/0014-8";"028287";"0";"2021-09-05T00:00:00";"280.04";"0";"280.04";"9";"2021";"0";"";"";"1793517";"";"";"";"2227";"7254162";"https://www.camara.leg.br/cota-parlamentar/documentos/publ/2227/2021/7254162.pdf"
"Danilo Forte";"";"62881";"91";"2019";"CE";"PP";"56";"3";"COMBUSTÍVEIS E LUBRIFICANTES.";"1";"Veículos Automotores";"J C COMERCIO E DERIVADO";"069.101.850/0015-8";"009856";"0";"2021-01-10T00:00:00";"200.03";"0";"200.03";"1";"2021";"0";"";"";"1738605";"";"";"";"2227";"7140317";"https://www.camara.leg.br/cota-parlamentar/documentos/publ/2227/2021/7140317.pdf"
"Danilo Forte";"";"62881";"91";"2019";"CE";"PP";"56";"3";"COMBUSTÍVEIS E LUBRIFICANTES.";"1";"Veículos Automotores";"JC COMERCIO DE COMBUSTIVEL LTDA";"235.700.620/0013-4";"038457";"0";"2021-05-28T00:00:00";"215.02";"0";"215.02";"5";"2021";"0";"";"";"1769660";"";"";"";"2227";"7203676";"https://www.camara.leg.br/cota-parlamentar/documentos/publ/2227/2021/7203676.pdf"
"Danilo Forte";"";"62881";"91";"2019";"CE";"PP";"56";"3";"COMBUSTÍVEIS E LUBRIFICANTES.";"1";"Veículos Automotores";"JG COMERCIO DE PETROLEO LTDA";"021.354.960/0021-7";"362349";"0";"2021-11-24T00:00:00";"50";"0";"50";"11";"2021";"0";"";"";"1812475";"";"";"";"2227";"7296732";"https://www.camara.leg.br/cota-parlamentar/documentos/publ/2227/2021/7296732.pdf"
"Danilo Forte";"";"62881";"91";"2019";"CE";"PP";"56";"3";"COMBUSTÍVEIS E LUBRIFICANTES.";"1";"Veículos Automotores";"JP COM. DE COMBUSTIVEIS E LUBRIFICANTES LTDA";"053.521.580/0030-6";"124057";"0";"2021-03-08T00:00:00";"166.1";"0";"166.1";"3";"2021";"0";"";"";"1751224";"";"";"";"2227";"7165172";"https://www.camara.leg.br/cota-parlamentar/documentos/publ/2227/2021/7165172.pdf"
"Danilo Forte";"";"62881";"91";"2019";"CE";"PP";"56";"3";"COMBUSTÍVEIS E LUBRIFICANTES.";"1";"Veículos Automotores";"M FRANKLIN CASTRO GONDIM LTDA";"350.692.930/0014-8";"079495";"0";"2021-05-30T00:00:00";"95.02";"0";"95.02";"5";"2021";"0";"";"";"1769660";"";"";"";"2227";"7203684";"https://www.camara.leg.br/cota-parlamentar/documentos/publ/2227/2021/7203684.pdf"
"Danilo Forte";"";"62881";"91";"2019";"CE";"PP";"56";"3";"COMBUSTÍVEIS E LUBRIFICANTES.";"1";"Veículos Automotores";"MARIA ALZENIRA QUEIROZ BEZERRA - POSTO ITABRAS";"350.832.940/0014-7";"033369";"0";"2021-10-30T00:00:00";"280";"0";"280";"10";"2021";"0";"";"";"1804336";"";"";"";"2227";"7278599";"https://www.camara.leg.br/cota-parlamentar/documentos/publ/2227/2021/7278599.pdf"
"Danilo Forte";"";"62881";"91";"2019";"CE";"PP";"56";"3";"COMBUSTÍVEIS E LUBRIFICANTES.";"1";"Veículos Automotores";"ORGANIZACAO HELIO MEIRELES PETROLEO LTDA";"736.761.400/0031-0";"181239";"0";"2021-12-29T00:00:00";"200";"0";"200";"12";"2021";"0";"";"";"1819938";"";"";"";"2227";"7312805";"https://www.camara.leg.br/cota-parlamentar/documentos/publ/2227/2022/7312805.pdf"
"Danilo Forte";"";"62881";"91";"2019";"CE";"PP";"56";"3";"COMBUSTÍVEIS E LUBRIFICANTES.";"1";"Veículos Automotores";"PETROCAR COMERCIO DE PETROLEO LTDA";"738.300.690/0046-9";"112172";"0";"2021-11-05T00:00:00";"200";"0";"200";"11";"2021";"0";"";"";"1807737";"";"";"";"2227";"7285499";"https://www.camara.leg.br/cota-parlamentar/documentos/publ/2227/2021/7285499.pdf"
"Danilo Forte";"";"62881";"91";"2019";"CE";"PP";"56";"3";"COMBUSTÍVEIS E LUBRIFICANTES.";"1";"Veículos Automotores";"PETROCAR COMERCIO DE PETROLEO LTDA";"738.300.690/0046-9";"113064";"0";"2021-11-09T00:00:00";"100";"0";"100";"11";"2021";"0";"";"";"1807737";"";"";"";"2227";"7285496";"https://www.camara.leg.br/cota-parlamentar/documentos/publ/2227/2021/7285496.pdf"
"Danilo Forte";"";"62881";"91";"2019";"CE";"PP";"56";"3";"COMBUSTÍVEIS E LUBRIFICANTES.";"1";"Veículos Automotores";"PETROCAR COMERCIO DE PETROLEO LTDA";"738.300.690/0046-9";"117012";"0";"2021-11-18T00:00:00";"100";"0";"100";"11";"2021";"0";"";"";"1812475";"";"";"";"2227";"7296739";"https://www.camara.leg.br/cota-parlamentar/documentos/publ/2227/2021/7296739.pdf"
"Danilo Forte";"";"62881";"91";"2019";"CE";"PP";"56";"3";"COMBUSTÍVEIS E LUBRIFICANTES.";"1";"Veículos Automotores";"PONTES E LANDIM COMBUSTIVEIS LTDA - EPP";"171.209.540/0013-0";"024828";"0";"2021-12-12T00:00:00";"400.03";"0";"400.03";"12";"2021";"0";"";"";"1816394";"";"";"";"2227";"7305033";"https://www.camara.leg.br/cota-parlamentar/documentos/publ/2227/2021/7305033.pdf"
"Danilo Forte";"";"62881";"91";"2019";"CE";"PP";"56";"3";"COMBUSTÍVEIS E LUBRIFICANTES.";"1";"Veículos Automotores";"POSTO 109 SUL DERIV DE PET LTDA";"051.583.350/0015-6";"99319";"4";"2021-06-16T00:00:00";"285.02";"0";"285.02";"6";"2021";"0";"";"";"1771923";"";"";"";"2227";"7208529";"https://www.camara.leg.br/cota-parlamentar/nota-fiscal-eletronica?ideDocumentoFiscal=7208529"
"Danilo Forte";"";"62881";"91";"2019";"CE";"PP";"56";"3";"COMBUSTÍVEIS E LUBRIFICANTES.";"1";"Veículos Automotores";"POSTO 5 COMERCIO DE COMBUSTIVEIS LTDA";"290.550.910/0014-4";"21602";"0";"2021-05-25T00:00:00";"320.04";"0";"320.04";"5";"2021";"0";"";"";"1766479";"";"";"";"2227";"7196980";"https://www.camara.leg.br/cota-parlamentar/documentos/publ/2227/2021/7196980.pdf"
"Danilo Forte";"";"62881";"91";"2019";"CE";"PP";"56";"3";"COMBUSTÍVEIS E LUBRIFICANTES.";"1";"Veículos Automotores";"Posto Alfa";"351.572.690/0016-0";"098443";"0";"2021-05-15T00:00:00";"142.62";"0";"142.62";"5";"2021";"0";"";"";"1765421";"";"";"";"2227";"7194618";"https://www.camara.leg.br/cota-parlamentar/documentos/publ/2227/2021/7194618.pdf"
"Danilo Forte";"";"62881";"91";"2019";"CE";"PP";"56";"3";"COMBUSTÍVEIS E LUBRIFICANTES.";"1";"Veículos Automotores";"POSTO DA TORRE EIRELI EPP";"044.731.930/0015-9";"13610";"4";"2021-03-01T00:00:00";"302.52";"0";"302.52";"3";"2021";"0";"";"";"1748324";"";"";"";"2227";"7160374";"https://www.camara.leg.br/cota-parlamentar/nota-fiscal-eletronica?ideDocumentoFiscal=7160374"
"Danilo Forte";"";"62881";"91";"2019";"CE";"PP";"56";"3";"COMBUSTÍVEIS E LUBRIFICANTES.";"1";"Veículos Automotores";"POSTO DE COMBUSTIVEIS 310 SUL LTDA";"325.902.570/0013-7";"104570";"4";"2021-04-27T00:00:00";"318.73";"0";"318.73";"4";"2021";"0";"";"";"1762638";"";"";"";"2227";"7188389";"https://www.camara.leg.br/cota-parlamentar/nota-fiscal-eletronica?ideDocumentoFiscal=7188389"
"Danilo Forte";"";"62881";"91";"2019";"CE";"PP";"56";"3";"COMBUSTÍVEIS E LUBRIFICANTES.";"1";"Veículos Automotores";"POSTO DE COMBUSTIVEIS CACIQUE LTDA";"094.974.210/0014-4";"091553";"0";"2021-07-10T00:00:00";"238.02";"0";"238.02";"7";"2021";"0";"";"";"1779046";"";"";"";"2227";"7222348";"https://www.camara.leg.br/cota-parlamentar/documentos/publ/2227/2021/7222348.pdf"
"Danilo Forte";"";"62881";"91";"2019";"CE";"PP";"56";"3";"COMBUSTÍVEIS E LUBRIFICANTES.";"1";"Veículos Automotores";"POSTO DE COMBUSTIVEIS CACIQUE LTDA";"094.974.210/0014-4";"092217";"0";"2021-07-17T00:00:00";"345.65";"0";"345.65";"7";"2021";"0";"";"";"1782873";"";"";"";"2227";"7230906";"https://www.camara.leg.br/cota-parlamentar/documentos/publ/2227/2021/7230906.pdf"
"Danilo Forte";"";"62881";"91";"2019";"CE";"PP";"56";"3";"COMBUSTÍVEIS E LUBRIFICANTES.";"1";"Veículos Automotores";"POSTO DE COMBUSTIVEIS CACIQUE LTDA";"094.974.210/0014-4";"1081137";"0";"2021-12-31T00:00:00";"180";"0";"180";"12";"2021";"0";"";"";"1820019";"";"";"";"2227";"7312951";"https://www.camara.leg.br/cota-parlamentar/documentos/publ/2227/2022/7312951.pdf"
"Danilo Forte";"";"62881";"91";"2019";"CE";"PP";"56";"3";"COMBUSTÍVEIS E LUBRIFICANTES.";"1";"Veículos Automotores";"POSTO DE COMBUSTIVEL CEASA LTDA";"339.779.400/0019-4";"46099";"4";"2021-03-27T00:00:00";"297.54";"0";"297.54";"4";"2021";"0";"";"";"1756668";"";"";"";"2227";"7175807";"https://www.camara.leg.br/cota-parlamentar/nota-fiscal-eletronica?ideDocumentoFiscal=7175807"
"Danilo Forte";"";"62881";"91";"2019";"CE";"PP";"56";"3";"COMBUSTÍVEIS E LUBRIFICANTES.";"1";"Veículos Automotores";"POSTO ESTRELA";"350.172.010/0018-6";"057515";"0";"2021-04-17T00:00:00";"270.03";"0";"270.03";"4";"2021";"0";"";"";"1759804";"";"";"";"2227";"7182331";"https://www.camara.leg.br/cota-parlamentar/documentos/publ/2227/2021/7182331.pdf"
"Danilo Forte";"";"62881";"91";"2019";"CE";"PP";"56";"3";"COMBUSTÍVEIS E LUBRIFICANTES.";"1";"Veículos Automotores";"POSTO FX";"361.955.650/0011-9";"025417";"0";"2021-11-16T00:00:00";"50";"0";"50";"11";"2021";"0";"";"";"1812475";"";"";"";"2227";"7296717";"https://www.camara.leg.br/cota-parlamentar/documentos/publ/2227/2021/7296717.pdf"
"Danilo Forte";"";"62881";"91";"2019";"CE";"PP";"56";"3";"COMBUSTÍVEIS E LUBRIFICANTES.";"1";"Veículos Automotores";"POSTO FX";"361.955.650/0011-9";"025564";"0";"2021-11-19T00:00:00";"50";"0";"50";"11";"2021";"0";"";"";"1812475";"";"";"";"2227";"7296726";"https://www.camara.leg.br/cota-parlamentar/documentos/publ/2227/2021/7296726.pdf"
"Danilo Forte";"";"62881";"91";"2019";"CE";"PP";"56";"3";"COMBUSTÍVEIS E LUBRIFICANTES.";"1";"Veículos Automotores";"POSTO FX";"361.955.650/0011-9";"026151";"0";"2021-11-28T00:00:00";"50";"0";"50";"11";"2021";"0";"";"";"1812475";"";"";"";"2227";"7296729";"https://www.camara.leg.br/cota-parlamentar/documentos/publ/2227/2021/7296729.pdf"
"Danilo Forte";"";"62881";"91";"2019";"CE";"PP";"56";"3";"COMBUSTÍVEIS E LUBRIFICANTES.";"1";"Veículos Automotores";"POSTO FX";"361.955.650/0011-9";"026580";"0";"2021-12-06T00:00:00";"50";"0";"50";"12";"2021";"0";"";"";"1813754";"";"";"";"2227";"7299528";"https://www.camara.leg.br/cota-parlamentar/documentos/publ/2227/2021/7299528.pdf"
"Danilo Forte";"";"62881";"91";"2019";"CE";"PP";"56";"3";"COMBUSTÍVEIS E LUBRIFICANTES.";"1";"Veículos Automotores";"POSTO ITAJAVE LTDA";"024.397.200/0018-3";"212932";"0";"2021-11-03T00:00:00";"336.99";"0";"336.99";"11";"2021";"0";"";"";"1807737";"";"";"";"2227";"7285501";"https://www.camara.leg.br/cota-parlamentar/documentos/publ/2227/2021/7285501.pdf"
"Danilo Forte";"";"62881";"91";"2019";"CE";"PP";"56";"3";"COMBUSTÍVEIS E LUBRIFICANTES.";"1";"Veículos Automotores";"POSTO SANTO ANTONIO LTDA ME";"171.986.030/0014-2";"158959";"0";"2021-09-08T00:00:00";"135.06";"0";"135.06";"9";"2021";"0";"";"";"1793517";"";"";"";"2227";"7254150";"https://www.camara.leg.br/cota-parlamentar/documentos/publ/2227/2021/7254150.pdf"
"Danilo Forte";"";"62881";"91";"2019";"CE";"PP";"56";"3";"COMBUSTÍVEIS E LUBRIFICANTES.";"1";"Veículos Automotores";"POSTO SÃO FRANCISCO LTDA";"016.768.210/0010-5";"009979";"0";"2021-09-26T00:00:00";"190.01";"0";"190.01";"9";"2021";"0";"";"";"1796809";"";"";"";"2227";"7261146";"https://www.camara.leg.br/cota-parlamentar/documentos/publ/2227/2021/7261146.pdf"
"Danilo Forte";"";"62881";"91";"2019";"CE";"PP";"56";"3";"COMBUSTÍVEIS E LUBRIFICANTES.";"1";"Veículos Automotores";"POSTO SHOPPING MANGUE LTDA";"868.706.800/0011-0";"113897";"0";"2021-09-28T00:00:00";"247.66";"0";"247.66";"9";"2021";"0";"";"";"1797006";"";"";"";"2227";"7262121";"https://www.camara.leg.br/cota-parlamentar/documentos/publ/2227/2021/7262121.pdf"
"Danilo Forte";"";"62881";"91";"2019";"CE";"PP";"56";"3";"COMBUSTÍVEIS E LUBRIFICANTES.";"1";"Veículos Automotores";"POSTO TRIANGULO DO MACICO LTDA";"034.794.240/0017-9";"034103";"0";"2021-09-08T00:00:00";"284.15";"0";"284.15";"9";"2021";"0";"";"";"1793517";"";"";"";"2227";"7254156";"https://www.camara.leg.br/cota-parlamentar/documentos/publ/2227/2021/7254156.pdf"
"Danilo Forte";"";"62881";"91";"2019";"CE";"PP";"56";"3";"COMBUSTÍVEIS E LUBRIFICANTES.";"1";"Veículos Automotores";"POSTO UMARITUBA LTDA";"036.601.280/0017-0";"088352";"0";"2021-06-25T00:00:00";"200.02";"0";"200.02";"6";"2021";"0";"";"";"1775926";"";"";"";"2227";"7215944";"https://www.camara.leg.br/cota-parlamentar/documentos/publ/2227/2021/7215944.pdf"
"Danilo Forte";"";"62881";"91";"2019";"CE";"PP";"56";"3";"COMBUSTÍVEIS E LUBRIFICANTES.";"1";"Veículos Automotores";"POSTO UMARITUBA LTDA";"036.601.280/0017-0";"089064";"0";"2021-06-28T00:00:00";"290.07";"0";"290.07";"6";"2021";"0";"";"";"1775926";"";"";"";"2227";"7215941";"https://www.camara.leg.br/cota-parlamentar/documentos/publ/2227/2021/7215941.pdf"
"Danilo Forte";"";"62881";"91";"2019";"CE";"PP";"56";"3";"COMBUSTÍVEIS E LUBRIFICANTES.";"1";"Veículos Automotores";"POSTO UMARITUBA LTDA";"036.601.280/0017-0";"106601";"0";"2021-09-17T00:00:00";"250";"0";"250";"9";"2021";"0";"";"";"1794904";"";"";"";"2227";"7257129";"https://www.camara.leg.br/cota-parlamentar/documentos/publ/2227/2021/7257129.pdf"
"Danilo Forte";"";"62881";"91";"2019";"CE";"PP";"56";"3";"COMBUSTÍVEIS E LUBRIFICANTES.";"1";"Veículos Automotores";"ROTA 7";"237.424.710/0017-0";"015192";"0";"2021-09-11T00:00:00";"164.67";"0";"164.67";"9";"2021";"0";"";"";"1793517";"";"";"";"2227";"7254139";"https://www.camara.leg.br/cota-parlamentar/documentos/publ/2227/2021/7254139.pdf"
"Danilo Forte";"";"62881";"91";"2019";"CE";"PP";"56";"3";"COMBUSTÍVEIS E LUBRIFICANTES.";"1";"Veículos Automotores";"SAO LUIZ COMERCIO DE DERIVADOS DE PETROLEO LTDA";"075.809.460/0011-3";"076828";"0";"2021-06-03T00:00:00";"273.99";"0";"273.99";"6";"2021";"0";"";"";"1769663";"";"";"";"2227";"7203691";"https://www.camara.leg.br/cota-parlamentar/documentos/publ/2227/2021/7203691.pdf"
"Danilo Forte";"";"62881";"91";"2019";"CE";"PP";"56";"3";"COMBUSTÍVEIS E LUBRIFICANTES.";"1";"Veículos Automotores";"SEVERINO ALMEIDA CHAVES POSTO CEARA 1";"094.115.390/0010-8";"362029";"0";"2021-09-10T00:00:00";"256.41";"0";"256.41";"9";"2021";"0";"";"";"1793517";"";"";"";"2227";"7254144";"https://www.camara.leg.br/cota-parlamentar/documentos/publ/2227/2021/7254144.pdf"
"Danilo Forte";"";"62881";"91";"2019";"CE";"PP";"56";"3";"COMBUSTÍVEIS E LUBRIFICANTES.";"1";"Veículos Automotores";"sobral & Palacio petroleo LTDA";"072.406.410/0466-4";"001132";"0";"2021-10-29T00:00:00";"200";"0";"200";"10";"2021";"0";"";"";"1804517";"";"";"";"2227";"7278979";"https://www.camara.leg.br/cota-parlamentar/documentos/publ/2227/2021/7278979.pdf"
"Danilo Forte";"";"62881";"91";"2019";"CE";"PP";"56";"3";"COMBUSTÍVEIS E LUBRIFICANTES.";"1";"Veículos Automotores";"sobral & Palacio petroleo LTDA";"072.406.410/0466-4";"005785";"0";"2021-12-03T00:00:00";"375.03";"0";"375.03";"12";"2021";"0";"";"";"1813754";"";"";"";"2227";"7299531";"https://www.camara.leg.br/cota-parlamentar/documentos/publ/2227/2021/7299531.pdf"
"Danilo Forte";"";"62881";"91";"2019";"CE";"PP";"56";"3";"COMBUSTÍVEIS E LUBRIFICANTES.";"1";"Veículos Automotores";"sobral & Palacio petroleo LTDA";"072.406.410/0466-4";"011250";"0";"2021-10-07T00:00:00";"300";"0";"300";"10";"2021";"0";"";"";"1801264";"";"";"";"2227";"7270812";"https://www.camara.leg.br/cota-parlamentar/documentos/publ/2227/2021/7270812.pdf"
"Danilo Forte";"";"62881";"91";"2019";"CE";"PP";"56";"3";"COMBUSTÍVEIS E LUBRIFICANTES.";"1";"Veículos Automotores";"SUPER COMERCIO DE COMB. DE SÃO GONÇALO LTDA";"205.394.780/0010-0";"168642";"0";"2021-01-01T00:00:00";"255.03";"0";"255.03";"1";"2021";"0";"";"";"1738605";"";"";"";"2227";"7140288";"https://www.camara.leg.br/cota-parlamentar/documentos/publ/2227/2021/7140288.pdf"
"Danilo Forte";"";"62881";"91";"2019";"CE";"PP";"56";"3";"COMBUSTÍVEIS E LUBRIFICANTES.";"1";"Veículos Automotores";"SUPER COMERCIO DE COMB. DE SÃO GONÇALO LTDA";"205.394.780/0010-0";"194027";"0";"2021-06-05T00:00:00";"150.02";"0";"150.02";"6";"2021";"0";"";"";"1775667";"";"";"";"2227";"7215476";"https://www.camara.leg.br/cota-parlamentar/documentos/publ/2227/2021/7215476.pdf"
"Danilo Forte";"";"62881";"91";"2019";"CE";"PP";"56";"3";"COMBUSTÍVEIS E LUBRIFICANTES.";"1";"Veículos Automotores";"SUPER COMERCIO DE COMBUSTIVEIS LTDA";"037.206.750/0010-1";"122021";"0";"2021-02-04T00:00:00";"217.39";"0";"217.39";"2";"2021";"0";"";"";"1745607";"";"";"";"2227";"7154727";"https://www.camara.leg.br/cota-parlamentar/documentos/publ/2227/2021/7154727.pdf"
"Danilo Forte";"";"62881";"91";"2019";"CE";"PP";"56";"3";"COMBUSTÍVEIS E LUBRIFICANTES.";"1";"Veículos Automotores";"SUPER COMERCIO DE COMBUSTIVEIS LTDA";"037.206.750/0010-1";"129780";"0";"2021-04-23T00:00:00";"226.01";"0";"226.01";"4";"2021";"0";"";"";"1759804";"";"";"";"2227";"7182334";"https://www.camara.leg.br/cota-parlamentar/documentos/publ/2227/2021/7182334.pdf"
"Danilo Forte";"";"62881";"91";"2019";"CE";"PP";"56";"3";"COMBUSTÍVEIS E LUBRIFICANTES.";"1";"Veículos Automotores";"SUPER COMERCIO DE COMBUSTIVEIS LTDA";"037.206.750/0010-1";"135353";"0";"2021-06-19T00:00:00";"300.7";"0";"300.7";"6";"2021";"0";"";"";"1772479";"";"";"";"2227";"7209748";"https://www.camara.leg.br/cota-parlamentar/documentos/publ/2227/2021/7209748.pdf"
"Danilo Forte";"";"62881";"91";"2019";"CE";"PP";"56";"3";"COMBUSTÍVEIS E LUBRIFICANTES.";"1";"Veículos Automotores";"SUPER COMERCIO DE COMBUSTIVEIS LTDA";"037.206.750/0010-1";"138627";"0";"2021-07-20T00:00:00";"202.74";"0";"202.74";"7";"2021";"0";"";"";"1782887";"";"";"";"2227";"7230890";"https://www.camara.leg.br/cota-parlamentar/documentos/publ/2227/2021/7230890.pdf"
"Danilo Forte";"";"62881";"91";"2019";"CE";"PP";"56";"3";"COMBUSTÍVEIS E LUBRIFICANTES.";"1";"Veículos Automotores";"SUPER COMERCIO DE COMBUSTIVEIS LTDA";"037.206.750/0010-1";"146088";"0";"2021-09-26T00:00:00";"168.02";"0";"168.02";"9";"2021";"0";"";"";"1796809";"";"";"";"2227";"7261153";"https://www.camara.leg.br/cota-parlamentar/documentos/publ/2227/2021/7261153.pdf"
"Danilo Forte";"";"62881";"91";"2019";"CE";"PP";"56";"3";"COMBUSTÍVEIS E LUBRIFICANTES.";"1";"Veículos Automotores";"SUPER COMERCIO DE COMBUSTIVEIS LTDA";"037.206.750/0010-1";"147462";"0";"2021-10-08T00:00:00";"251.46";"0";"251.46";"10";"2021";"0";"";"";"1801083";"";"";"";"2227";"7270824";"https://www.camara.leg.br/cota-parlamentar/documentos/publ/2227/2021/7270824.pdf"
"Danilo Forte";"";"62881";"91";"2019";"CE";"PP";"56";"3";"COMBUSTÍVEIS E LUBRIFICANTES.";"1";"Veículos Automotores";"SUPER COMERCIO DE COMBUSTIVEIS LTDA";"037.206.750/0010-1";"147834";"0";"2021-10-11T00:00:00";"295.06";"0";"295.06";"10";"2021";"0";"";"";"1801079";"";"";"";"2227";"7270825";"https://www.camara.leg.br/cota-parlamentar/documentos/publ/2227/2021/7270825.pdf"
"Danilo Forte";"";"62881";"91";"2019";"CE";"PP";"56";"3";"COMBUSTÍVEIS E LUBRIFICANTES.";"1";"Veículos Automotores";"SUPER COMERCIO DE COMBUSTIVEIS LTDA";"037.206.750/0010-1";"157229";"0";"2021-12-31T00:00:00";"339.06";"0";"339.06";"12";"2021";"0";"";"";"1819938";"";"";"";"2227";"7312800";"https://www.camara.leg.br/cota-parlamentar/documentos/publ/2227/2022/7312800.pdf"
"Danilo Forte";"";"62881";"91";"2019";"CE";"PP";"56";"3";"COMBUSTÍVEIS E LUBRIFICANTES.";"1";"Veículos Automotores";"tiangua petroleo ltda";"046.345.170/0035-5";"079105";"0";"2021-01-21T00:00:00";"163.01";"0";"163.01";"1";"2021";"0";"";"";"1740860";"";"";"";"2227";"7145065";"https://www.camara.leg.br/cota-parlamentar/documentos/publ/2227/2021/7145065.pdf"
"Danilo Forte";"";"62881";"91";"2019";"CE";"PP";"56";"3";"COMBUSTÍVEIS E LUBRIFICANTES.";"1";"Veículos Automotores";"VALE DO JAGUARIBE COMERCIAL DE PETROLEO LTDA";"142.420.300/0011-9";"29995";"0";"2021-01-08T00:00:00";"165.02";"0";"165.02";"1";"2021";"0";"";"";"1738605";"";"";"";"2227";"7140294";"https://www.camara.leg.br/cota-parlamentar/documentos/publ/2227/2021/7140294.pdf"
"Danilo Forte";"";"62881";"91";"2019";"CE";"PP";"56";"4";"CONSULTORIAS, PESQUISAS E TRABALHOS TÉCNICOS.";"0";"";"NACIONAL DADOS - PESQUISA E SERVICOS LTDA";"433.020.950/0010-0";"2";"0";"2021-09-16T00:00:00";"32000";"0";"32000";"8";"2021";"0";"";"";"1794065";"";"";"";"2227";"7255331";"https://www.camara.leg.br/cota-parlamentar/documentos/publ/2227/2021/7255331.pdf"
"Danilo Forte";"";"62881";"91";"2019";"CE";"PP";"56";"5";"DIVULGAÇÃO DA ATIVIDADE PARLAMENTAR.";"0";"";"ALVARO BOEMIO DE OLIVEIRA 70594570891";"362.772.640/0013-4";"3";"0";"2021-06-10T00:00:00";"2000";"0";"2000";"5";"2021";"0";"";"";"1774525";"";"";"";"2227";"7212989";"https://www.camara.leg.br/cota-parlamentar/documentos/publ/2227/2021/7212989.pdf"
"Danilo Forte";"";"62881";"91";"2019";"CE";"PP";"56";"5";"DIVULGAÇÃO DA ATIVIDADE PARLAMENTAR.";"0";"";"AMIZADE PRESTACAO DE SERVICOS LTDA";"114.035.540/0015-6";"0000000437";"0";"2021-09-30T00:00:00";"1300";"0";"1300";"9";"2021";"0";"";"";"1799932";"";"";"";"2227";"7268436";"https://www.camara.leg.br/cota-parlamentar/documentos/publ/2227/2021/7268436.pdf"
"Danilo Forte";"";"62881";"91";"2019";"CE";"PP";"56";"5";"DIVULGAÇÃO DA ATIVIDADE PARLAMENTAR.";"0";"";"ANA PAULA DOS SANTOS BARBOSA 65869575320";"192.360.800/0010-7";"618";"0";"2021-03-16T00:00:00";"3000";"0";"3000";"2";"2021";"0";"";"";"1753235";"";"";"";"2227";"7169305";"https://www.camara.leg.br/cota-parlamentar/documentos/publ/2227/2021/7169305.pdf"
"Danilo Forte";"";"62881";"91";"2019";"CE";"PP";"56";"5";"DIVULGAÇÃO DA ATIVIDADE PARLAMENTAR.";"0";"";"ASSOCIACAO CIVIL PARA O DESENVOLVIMENTO DA BARBALHA - ACDB";"042.049.940/0011-9";"102";"0";"2021-05-03T00:00:00";"1000";"0";"1000";"5";"2021";"0";"";"";"1762637";"";"";"";"2227";"7188394";"https://www.camara.leg.br/cota-parlamentar/documentos/publ/2227/2021/7188394.pdf"
"Danilo Forte";"";"62881";"91";"2019";"CE";"PP";"56";"5";"DIVULGAÇÃO DA ATIVIDADE PARLAMENTAR.";"0";"";"ASSOCIACAO CIVIL PARA O DESENVOLVIMENTO DA BARBALHA - ACDB";"042.049.940/0011-9";"107";"0";"2021-06-03T00:00:00";"1000";"0";"1000";"6";"2021";"0";"";"";"1775924";"";"";"";"2227";"7215948";"https://www.camara.leg.br/cota-parlamentar/documentos/publ/2227/2021/7215948.pdf"
"Danilo Forte";"";"62881";"91";"2019";"CE";"PP";"56";"5";"DIVULGAÇÃO DA ATIVIDADE PARLAMENTAR.";"0";"";"ASSOCIACAO CIVIL PARA O DESENVOLVIMENTO DA BARBALHA - ACDB";"042.049.940/0011-9";"139";"0";"2021-11-04T00:00:00";"1000";"0";"1000";"11";"2021";"0";"";"";"1807736";"";"";"";"2227";"7285503";"https://www.camara.leg.br/cota-parlamentar/documentos/publ/2227/2021/7285503.pdf"
"Danilo Forte";"";"62881";"91";"2019";"CE";"PP";"56";"5";"DIVULGAÇÃO DA ATIVIDADE PARLAMENTAR.";"0";"";"ASSOCIAÇÃO CIVIL PARA O DESENVOLVIMENTO DE BARBALHA - ACDB";"042.049.940/0011-9";"119";"0";"2021-07-06T00:00:00";"1000";"0";"1000";"7";"2021";"0";"";"";"1777747";"";"";"";"2227";"7219610";"https://www.camara.leg.br/cota-parlamentar/documentos/publ/2227/2021/7219610.pdf"
"Danilo Forte";"";"62881";"91";"2019";"CE";"PP";"56";"5";"DIVULGAÇÃO DA ATIVIDADE PARLAMENTAR.";"0";"";"ASSOCIAÇÃO CIVIL PARA O DESENVOLVIMENTO DE BARBALHA - ACDB";"042.049.940/0011-9";"125";"0";"2021-08-02T00:00:00";"1000";"0";"1000";"8";"2021";"0";"";"";"1785691";"";"";"";"2227";"7237133";"https://www.camara.leg.br/cota-parlamentar/documentos/publ/2227/2021/7237133.pdf"
"Danilo Forte";"";"62881";"91";"2019";"CE";"PP";"56";"5";"DIVULGAÇÃO DA ATIVIDADE PARLAMENTAR.";"0";"";"ASSOCIAÇÃO CIVIL PARA O DESENVOLVIMENTO DE BARBALHA - ACDB";"042.049.940/0011-9";"126";"0";"2021-09-01T00:00:00";"1000";"0";"1000";"9";"2021";"0";"";"";"1794066";"";"";"";"2227";"7255336";"https://www.camara.leg.br/cota-parlamentar/documentos/publ/2227/2021/7255336.pdf"
"Danilo Forte";"";"62881";"91";"2019";"CE";"PP";"56";"5";"DIVULGAÇÃO DA ATIVIDADE PARLAMENTAR.";"0";"";"ASSOCIAÇÃO CIVIL PARA O DESENVOLVIMENTO DE BARBALHA - ACDB";"042.049.940/0011-9";"134";"0";"2021-10-04T00:00:00";"1000";"0";"1000";"10";"2021";"0";"";"";"1798339";"";"";"";"2227";"7265005";"https://www.camara.leg.br/cota-parlamentar/documentos/publ/2227/2021/7265005.pdf"
"Danilo Forte";"";"62881";"91";"2019";"CE";"PP";"56";"5";"DIVULGAÇÃO DA ATIVIDADE PARLAMENTAR.";"0";"";"ASSOCIAÇÃO CIVIL PARA O DESENVOLVIMENTO DE BARBALHA - ACDB";"042.049.940/0011-9";"98";"0";"2021-04-05T00:00:00";"1000";"0";"1000";"3";"2021";"0";"";"";"1756264";"";"";"";"2227";"7175079";"https://www.camara.leg.br/cota-parlamentar/documentos/publ/2227/2021/7175079.pdf"
"Danilo Forte";"";"62881";"91";"2019";"CE";"PP";"56";"5";"DIVULGAÇÃO DA ATIVIDADE PARLAMENTAR.";"0";"";"AURIMAR FELIZARDO DE HOLANDA";"363.527.770/0016-2";"15";"0";"2021-04-07T00:00:00";"1000";"0";"1000";"3";"2021";"0";"";"";"1756666";"";"";"";"2227";"7175853";"https://www.camara.leg.br/cota-parlamentar/documentos/publ/2227/2021/7175853.pdf"
"Danilo Forte";"";"62881";"91";"2019";"CE";"PP";"56";"5";"DIVULGAÇÃO DA ATIVIDADE PARLAMENTAR.";"0";"";"AURIMAR FELIZARDO DE HOLANDA";"363.527.770/0016-2";"16";"0";"2021-06-08T00:00:00";"1000";"0";"1000";"5";"2021";"0";"";"";"1769829";"";"";"";"2227";"7203935";"https://www.camara.leg.br/cota-parlamentar/documentos/publ/2227/2021/7203935.pdf"
"Danilo Forte";"";"62881";"91";"2019";"CE";"PP";"56";"5";"DIVULGAÇÃO DA ATIVIDADE PARLAMENTAR.";"0";"";"AURIMAR FELIZARDO DE HOLANDA";"363.527.770/0016-2";"17";"0";"2021-07-15T00:00:00";"1000";"0";"1000";"6";"2021";"0";"";"";"1780138";"";"";"";"2227";"7224619";"https://www.camara.leg.br/cota-parlamentar/documentos/publ/2227/2021/7224619.pdf"
"Danilo Forte";"";"62881";"91";"2019";"CE";"PP";"56";"5";"DIVULGAÇÃO DA ATIVIDADE PARLAMENTAR.";"0";"";"AURIMAR FELIZARDO DE HOLANDA";"363.527.770/0016-2";"18";"0";"2021-09-15T00:00:00";"1000";"0";"1000";"8";"2021";"0";"";"";"1793969";"";"";"";"2227";"7255133";"https://www.camara.leg.br/cota-parlamentar/documentos/publ/2227/2021/7255133.pdf"
"Danilo Forte";"";"62881";"91";"2019";"CE";"PP";"56";"5";"DIVULGAÇÃO DA ATIVIDADE PARLAMENTAR.";"0";"";"AURIMAR FELIZARDO DE HOLANDA";"363.527.770/0016-2";"19";"0";"2021-10-22T00:00:00";"1000";"0";"1000";"9";"2021";"0";"";"";"1802723";"";"";"";"2227";"7274876";"https://www.camara.leg.br/cota-parlamentar/documentos/publ/2227/2021/7274876.pdf"
"Danilo Forte";"";"62881";"91";"2019";"CE";"PP";"56";"5";"DIVULGAÇÃO DA ATIVIDADE PARLAMENTAR.";"0";"";"AURIMAR FELIZARDO DE HOLANDA";"363.527.770/0016-2";"20";"0";"2021-11-22T00:00:00";"1000";"0";"1000";"10";"2021";"0";"";"";"1810641";"";"";"";"2227";"7292698";"https://www.camara.leg.br/cota-parlamentar/documentos/publ/2227/2021/7292698.pdf"
"Danilo Forte";"";"62881";"91";"2019";"CE";"PP";"56";"5";"DIVULGAÇÃO DA ATIVIDADE PARLAMENTAR.";"0";"";"AURIMAR FELIZARDO DE HOLANDA";"363.527.770/0016-2";"21";"0";"2022-01-25T00:00:00";"1000";"0";"1000";"12";"2021";"0";"";"";"1822894";"";"";"";"2227";"7318961";"https://www.camara.leg.br/cota-parlamentar/documentos/publ/2227/2022/7318961.pdf"
"Danilo Forte";"";"62881";"91";"2019";"CE";"PP";"56";"5";"DIVULGAÇÃO DA ATIVIDADE PARLAMENTAR.";"0";"";"AURIMAR FELIZARDO DE HOLANDA 20885008391";"363.527.770/0016-2";"14";"0";"2021-02-23T00:00:00";"1000";"0";"1000";"1";"2021";"0";"";"";"1746917";"";"";"";"2227";"7157541";"https://www.camara.leg.br/cota-parlamentar/documentos/publ/2227/2021/7157541.pdf"
"Danilo Forte";"";"62881";"91";"2019";"CE";"PP";"56";"5";"DIVULGAÇÃO DA ATIVIDADE PARLAMENTAR.";"0";"";"BCP AGENCIA DE NOTICIA EIRELI";"116.303.180/0017-2";"585";"0";"2021-10-06T00:00:00";"1750";"0";"1750";"9";"2021";"0";"";"";"1802724";"";"";"";"2227";"7274865";"https://www.camara.leg.br/cota-parlamentar/documentos/publ/2227/2021/7274865.pdf"
"Danilo Forte";"";"62881";"91";"2019";"CE";"PP";"56";"5";"DIVULGAÇÃO DA ATIVIDADE PARLAMENTAR.";"0";"";"E.R. MELO MESQUITA PUBLICIDADE";"224.096.890/0014-5";"294";"0";"2021-07-27T00:00:00";"640";"0";"640";"7";"2021";"0";"";"";"1789782";"";"";"";"2227";"7246220";"https://www.camara.leg.br/cota-parlamentar/documentos/publ/2227/2021/7246220.pdf"
"Danilo Forte";"";"62881";"91";"2019";"CE";"PP";"56";"5";"DIVULGAÇÃO DA ATIVIDADE PARLAMENTAR.";"0";"";"ER MELO PUBLICIDADE";"224.096.890/0014-5";"325";"0";"2021-11-15T00:00:00";"640";"0";"640";"11";"2021";"0";"";"";"1808843";"";"";"";"2227";"7288645";"https://www.camara.leg.br/cota-parlamentar/documentos/publ/2227/2021/7288645.pdf"
"Danilo Forte";"";"62881";"91";"2019";"CE";"PP";"56";"5";"DIVULGAÇÃO DA ATIVIDADE PARLAMENTAR.";"0";"";"FLORIANO RIOS";"327.790.290/0010-0";"002388268";"0";"2021-12-13T00:00:00";"2000";"0";"2000";"11";"2021";"0";"";"";"1816754";"";"";"";"2227";"7305920";"https://www.camara.leg.br/cota-parlamentar/documentos/publ/2227/2021/7305920.pdf"
"Danilo Forte";"";"62881";"91";"2019";"CE";"PP";"56";"5";"DIVULGAÇÃO DA ATIVIDADE PARLAMENTAR.";"0";"";"FLORIANO RIOS 14467844104";"327.790.290/0010-0";"002276305";"0";"2021-09-21T00:00:00";"2000";"0";"2000";"8";"2021";"0";"";"";"1796137";"";"";"";"2227";"7259867";"https://www.camara.leg.br/cota-parlamentar/documentos/publ/2227/2021/7259867.pdf"
"Danilo Forte";"";"62881";"91";"2019";"CE";"PP";"56";"5";"DIVULGAÇÃO DA ATIVIDADE PARLAMENTAR.";"0";"";"FRANCISCO DE A DUARTE FERREIRA";"170.932.670/0017-3";"6";"0";"2021-08-18T00:00:00";"1000";"0";"1000";"7";"2021";"0";"";"";"1789852";"";"";"";"2227";"7246341";"https://www.camara.leg.br/cota-parlamentar/documentos/publ/2227/2021/7246341.pdf"
"Danilo Forte";"";"62881";"91";"2019";"CE";"PP";"56";"5";"DIVULGAÇÃO DA ATIVIDADE PARLAMENTAR.";"0";"";"FRANCISCO MICHAEL COELHO DE SOUSA 04305172380";"439.308.640/0011-5";"0000000006";"0";"2021-11-29T00:00:00";"500";"0";"500";"10";"2021";"0";"";"";"1811908";"";"";"";"2227";"7295620";"https://www.camara.leg.br/cota-parlamentar/documentos/publ/2227/2021/7295620.pdf"
"Danilo Forte";"";"62881";"91";"2019";"CE";"PP";"56";"5";"DIVULGAÇÃO DA ATIVIDADE PARLAMENTAR.";"0";"";"FRANCISCO MICHAEL COELHO DED SOUSA";"439.308.640/0011-5";"0000000007";"0";"2021-12-30T00:00:00";"500";"0";"500";"12";"2021";"0";"";"";"1820777";"";"";"";"2227";"7314485";"https://www.camara.leg.br/cota-parlamentar/documentos/publ/2227/2022/7314485.pdf"
"Danilo Forte";"";"62881";"91";"2019";"CE";"PP";"56";"5";"DIVULGAÇÃO DA ATIVIDADE PARLAMENTAR.";"0";"";"FRANCISCO ROSALIO LOPES DANIEL";"085.831.560/0015-4";"0000000289";"0";"2021-10-18T00:00:00";"3000";"0";"3000";"10";"2021";"0";"";"";"1801882";"";"";"";"2227";"7272932";"https://www.camara.leg.br/cota-parlamentar/documentos/publ/2227/2021/7272932.pdf"
"Danilo Forte";"";"62881";"91";"2019";"CE";"PP";"56";"5";"DIVULGAÇÃO DA ATIVIDADE PARLAMENTAR.";"0";"";"J P BASTOS GERAUD MONTEIRO - ME";"105.302.990/0014-0";"891";"0";"2021-02-04T00:00:00";"2000";"0";"2000";"2";"2021";"0";"";"";"1743931";"";"";"";"2227";"7150455";"https://www.camara.leg.br/cota-parlamentar/documentos/publ/2227/2021/7150455.pdf"
"Danilo Forte";"";"62881";"91";"2019";"CE";"PP";"56";"5";"DIVULGAÇÃO DA ATIVIDADE PARLAMENTAR.";"0";"";"JAMILE CARVALHO DA SILVA SOUSA 05459321301";"245.176.560/0014-4";"72";"0";"2021-09-03T00:00:00";"3000";"0";"3000";"8";"2021";"0";"";"";"1791808";"";"";"";"2227";"7250444";"https://www.camara.leg.br/cota-parlamentar/documentos/publ/2227/2021/7250444.pdf"
"Danilo Forte";"";"62881";"91";"2019";"CE";"PP";"56";"5";"DIVULGAÇÃO DA ATIVIDADE PARLAMENTAR.";"0";"";"JC8 COMUNICAÇÃO E CONSULTORIA";"245.176.560/0014-4";"74";"0";"2021-10-06T00:00:00";"3000";"0";"3000";"9";"2021";"0";"";"";"1799887";"";"";"";"2227";"7268332";"https://www.camara.leg.br/cota-parlamentar/documentos/publ/2227/2021/7268332.pdf"
"Danilo Forte";"";"62881";"91";"2019";"CE";"PP";"56";"5";"DIVULGAÇÃO DA ATIVIDADE PARLAMENTAR.";"0";"";"JC8 COMUNICAÇÃO E CONSULTORIA";"245.176.560/0014-4";"76";"0";"2021-11-09T00:00:00";"3000";"0";"3000";"10";"2021";"0";"";"";"1807003";"";"";"";"2227";"7284376";"https://www.camara.leg.br/cota-parlamentar/documentos/publ/2227/2021/7284376.pdf"
"Danilo Forte";"";"62881";"91";"2019";"CE";"PP";"56";"5";"DIVULGAÇÃO DA ATIVIDADE PARLAMENTAR.";"0";"";"JC8 COMUNICAÇÃO E CONSULTORIA";"245.176.560/0014-4";"80";"0";"2021-12-08T00:00:00";"3000";"0";"3000";"11";"2021";"0";"";"";"1814502";"";"";"";"2227";"7300965";"https://www.camara.leg.br/cota-parlamentar/documentos/publ/2227/2021/7300965.pdf"
"Danilo Forte";"";"62881";"91";"2019";"CE";"PP";"56";"5";"DIVULGAÇÃO DA ATIVIDADE PARLAMENTAR.";"0";"";"JOBSON MELO VAZ";"422.092.300/0010-5";"00001";"0";"2021-11-10T00:00:00";"500";"0";"500";"10";"2021";"0";"";"";"1807736";"";"";"";"2227";"7285505";"https://www.camara.leg.br/cota-parlamentar/documentos/publ/2227/2021/7285505.pdf"
"Danilo Forte";"";"62881";"91";"2019";"CE";"PP";"56";"5";"DIVULGAÇÃO DA ATIVIDADE PARLAMENTAR.";"0";"";"JONAS DE MELO LOPES ME";"107.581.010/0018-0";"1047";"0";"2021-02-23T00:00:00";"1000";"0";"1000";"2";"2021";"0";"";"";"1746917";"";"";"";"2227";"7157547";"https://www.camara.leg.br/cota-parlamentar/documentos/publ/2227/2021/7157547.pdf"
"Danilo Forte";"";"62881";"91";"2019";"CE";"PP";"56";"5";"DIVULGAÇÃO DA ATIVIDADE PARLAMENTAR.";"0";"";"L & L COMUNICACAO, MARKETING E EVENTOS LTDA";"062.315.640/0011-1";"0000000034";"0";"2021-11-29T00:00:00";"3000";"0";"3000";"11";"2021";"0";"";"";"1811541";"";"";"";"2227";"7294736";"https://www.camara.leg.br/cota-parlamentar/documentos/publ/2227/2021/7294736.pdf"
"Danilo Forte";"";"62881";"91";"2019";"CE";"PP";"56";"5";"DIVULGAÇÃO DA ATIVIDADE PARLAMENTAR.";"0";"";"LUIZ DE FRANCA FELICIANO CAMERINO 70794421334";"378.644.390/0017-2";"0000000006";"0";"2021-10-15T00:00:00";"800";"0";"800";"10";"2021";"0";"";"";"1807000";"";"";"";"2227";"7284365";"https://www.camara.leg.br/cota-parlamentar/documentos/publ/2227/2021/7284365.pdf"
"Danilo Forte";"";"62881";"91";"2019";"CE";"PP";"56";"5";"DIVULGAÇÃO DA ATIVIDADE PARLAMENTAR.";"0";"";"LUIZ HONORATO DE CARVALHO NETO";"430.047.920/0018-5";"00003";"0";"2021-12-07T00:00:00";"2000";"0";"2000";"9";"2021";"0";"";"";"1814501";"";"";"";"2227";"7300884";"https://www.camara.leg.br/cota-parlamentar/documentos/publ/2227/2021/7300884.pdf"
"Danilo Forte";"";"62881";"91";"2019";"CE";"PP";"56";"5";"DIVULGAÇÃO DA ATIVIDADE PARLAMENTAR.";"0";"";"M A B COSTA ME";"102.947.140/0010-3";"226";"0";"2021-12-02T00:00:00";"3000";"0";"3000";"11";"2021";"0";"";"";"1813153";"";"";"";"2227";"7298215";"https://www.camara.leg.br/cota-parlamentar/documentos/publ/2227/2021/7298215.pdf"
"Danilo Forte";"";"62881";"91";"2019";"CE";"PP";"56";"5";"DIVULGAÇÃO DA ATIVIDADE PARLAMENTAR.";"0";"";"M A B COSTA ME";"102.947.140/0010-3";"235";"0";"2022-01-04T00:00:00";"2000";"0";"2000";"12";"2021";"0";"";"";"1823464";"";"";"";"2227";"7320083";"https://www.camara.leg.br/cota-parlamentar/documentos/publ/2227/2022/7320083.pdf"
"Danilo Forte";"";"62881";"91";"2019";"CE";"PP";"56";"5";"DIVULGAÇÃO DA ATIVIDADE PARLAMENTAR.";"0";"";"MAIKO JERONIMO DA SILVA";"284.131.430/0014-4";"210";"0";"2021-09-21T00:00:00";"1000";"0";"1000";"9";"2021";"0";"";"";"1794796";"";"";"";"2227";"7256912";"https://www.camara.leg.br/cota-parlamentar/documentos/publ/2227/2021/7256912.pdf"
"Danilo Forte";"";"62881";"91";"2019";"CE";"PP";"56";"5";"DIVULGAÇÃO DA ATIVIDADE PARLAMENTAR.";"0";"";"MAIKO JERONIMO DA SILVA";"284.131.430/0014-4";"212";"0";"2021-10-26T00:00:00";"1000";"0";"1000";"10";"2021";"0";"";"";"1803845";"";"";"";"2227";"7277384";"https://www.camara.leg.br/cota-parlamentar/documentos/publ/2227/2021/7277384.pdf"
"Danilo Forte";"";"62881";"91";"2019";"CE";"PP";"56";"5";"DIVULGAÇÃO DA ATIVIDADE PARLAMENTAR.";"0";"";"MAIKO JERONIMO DA SILVA";"284.131.430/0014-4";"216";"0";"2021-12-06T00:00:00";"2000";"0";"2000";"11";"2021";"0";"";"";"1813857";"";"";"";"2227";"7299747";"https://www.camara.leg.br/cota-parlamentar/documentos/publ/2227/2021/7299747.pdf"
"Danilo Forte";"";"62881";"91";"2019";"CE";"PP";"56";"5";"DIVULGAÇÃO DA ATIVIDADE PARLAMENTAR.";"0";"";"MONICA RODRIGUES DOS SANTOS";"217.761.470/0014-8";"19";"0";"2021-05-13T00:00:00";"3000";"0";"3000";"2";"2021";"0";"";"";"1764655";"";"";"";"2227";"7192970";"https://www.camara.leg.br/cota-parlamentar/documentos/publ/2227/2021/7192970.pdf"
"Danilo Forte";"";"62881";"91";"2019";"CE";"PP";"56";"5";"DIVULGAÇÃO DA ATIVIDADE PARLAMENTAR.";"0";"";"MONICA RODRIGUES DOS SANTOS";"217.761.470/0014-8";"20";"0";"2021-06-07T00:00:00";"3000";"0";"3000";"3";"2021";"0";"";"";"1769831";"";"";"";"2227";"7203941";"https://www.camara.leg.br/cota-parlamentar/documentos/publ/2227/2021/7203941.pdf"
"Danilo Forte";"";"62881";"91";"2019";"CE";"PP";"56";"5";"DIVULGAÇÃO DA ATIVIDADE PARLAMENTAR.";"0";"";"MONICA RODRIGUES DOS SANTOS";"217.761.470/0014-8";"21";"0";"2021-07-02T00:00:00";"3000";"0";"3000";"4";"2021";"0";"";"";"1777255";"";"";"";"2227";"7218511";"https://www.camara.leg.br/cota-parlamentar/documentos/publ/2227/2021/7218511.pdf"
"Danilo Forte";"";"62881";"91";"2019";"CE";"PP";"56";"5";"DIVULGAÇÃO DA ATIVIDADE PARLAMENTAR.";"0";"";"MONICA RODRIGUES DOS SANTOS";"217.761.470/0014-8";"23";"0";"2021-09-17T00:00:00";"3000";"0";"3000";"6";"2021";"0";"";"";"1794346";"";"";"";"2227";"7255873";"https://www.camara.leg.br/cota-parlamentar/documentos/publ/2227/2021/7255873.pdf"
"Danilo Forte";"";"62881";"91";"2019";"CE";"PP";"56";"5";"DIVULGAÇÃO DA ATIVIDADE PARLAMENTAR.";"0";"";"MONICA RODRIGUES DOS SANTOS";"217.761.470/0014-8";"24";"0";"2021-09-17T00:00:00";"2500";"0";"2500";"7";"2021";"0";"";"";"1794347";"";"";"";"2227";"7255877";"https://www.camara.leg.br/cota-parlamentar/documentos/publ/2227/2021/7255877.pdf"
"Danilo Forte";"";"62881";"91";"2019";"CE";"PP";"56";"5";"DIVULGAÇÃO DA ATIVIDADE PARLAMENTAR.";"0";"";"MONICA RODRIGUES DOS SANTOS";"217.761.470/0014-8";"26";"0";"2021-10-25T00:00:00";"2500";"0";"2500";"8";"2021";"0";"";"";"1802722";"";"";"";"2227";"7274869";"https://www.camara.leg.br/cota-parlamentar/documentos/publ/2227/2021/7274869.pdf"
"Danilo Forte";"";"62881";"91";"2019";"CE";"PP";"56";"5";"DIVULGAÇÃO DA ATIVIDADE PARLAMENTAR.";"0";"";"MONICA RODRIGUES DOS SANTOS";"217.761.470/0014-8";"27";"0";"2021-10-21T00:00:00";"2500";"0";"2500";"9";"2021";"0";"";"";"1802724";"";"";"";"2227";"7274867";"https://www.camara.leg.br/cota-parlamentar/documentos/publ/2227/2021/7274867.pdf"
"Danilo Forte";"";"62881";"91";"2019";"CE";"PP";"56";"5";"DIVULGAÇÃO DA ATIVIDADE PARLAMENTAR.";"0";"";"MONICA RODRIGUES DOS SANTOS";"217.761.470/0014-8";"28";"0";"2021-11-08T00:00:00";"2500";"0";"2500";"10";"2021";"0";"";"";"1806991";"";"";"";"2227";"7284353";"https://www.camara.leg.br/cota-parlamentar/documentos/publ/2227/2021/7284353.pdf"
"Danilo Forte";"";"62881";"91";"2019";"CE";"PP";"56";"5";"DIVULGAÇÃO DA ATIVIDADE PARLAMENTAR.";"0";"";"MONICA RODRIGUES DOS SANTOS";"217.761.470/0014-8";"30";"0";"2021-12-17T00:00:00";"2500";"0";"2500";"11";"2021";"0";"";"";"1818622";"";"";"";"2227";"7310058";"https://www.camara.leg.br/cota-parlamentar/documentos/publ/2227/2021/7310058.pdf"
"Danilo Forte";"";"62881";"91";"2019";"CE";"PP";"56";"5";"DIVULGAÇÃO DA ATIVIDADE PARLAMENTAR.";"0";"";"MONICA RODRIGUES DOS SANTOS";"217.761.470/0014-8";"31";"0";"2021-12-17T00:00:00";"2500";"0";"2500";"12";"2021";"0";"";"";"1818624";"";"";"";"2227";"7310055";"https://www.camara.leg.br/cota-parlamentar/documentos/publ/2227/2021/7310055.pdf"
"Danilo Forte";"";"62881";"91";"2019";"CE";"PP";"56";"5";"DIVULGAÇÃO DA ATIVIDADE PARLAMENTAR.";"0";"";"MONICA RODRIGUES DOS SANTOS 02681180350";"217.761.470/0014-8";"22";"0";"2021-08-03T00:00:00";"3000";"0";"3000";"5";"2021";"0";"";"";"1783240";"";"";"";"2227";"7231887";"https://www.camara.leg.br/cota-parlamentar/documentos/publ/2227/2021/7231887.pdf"
"Danilo Forte";"";"62881";"91";"2019";"CE";"PP";"56";"5";"DIVULGAÇÃO DA ATIVIDADE PARLAMENTAR.";"0";"";"PROMOÇÕES CONSULTORIA E EDITORA PROCEL";"053.195.280/0014-1";"0000000853";"0";"2021-08-26T00:00:00";"2000";"0";"2000";"8";"2021";"0";"";"";"1789754";"";"";"";"2227";"7246189";"https://www.camara.leg.br/cota-parlamentar/documentos/publ/2227/2021/7246189.pdf"
"Danilo Forte";"";"62881";"91";"2019";"CE";"PP";"56";"5";"DIVULGAÇÃO DA ATIVIDADE PARLAMENTAR.";"0";"";"PROMOCOES CONSULTORIA E EDITORIA LTDA - PROCEL";"053.195.280/0014-1";"0000000836";"0";"2021-06-10T00:00:00";"2000";"0";"2000";"5";"2021";"0";"";"";"1771052";"";"";"";"2227";"7206549";"https://www.camara.leg.br/cota-parlamentar/documentos/publ/2227/2021/7206549.pdf"
"Danilo Forte";"";"62881";"91";"2019";"CE";"PP";"56";"5";"DIVULGAÇÃO DA ATIVIDADE PARLAMENTAR.";"0";"";"PROMOCOES CONSULTORIA E EDITORIA LTDA - PROCEL";"053.195.280/0014-1";"0000000868";"0";"2021-10-20T00:00:00";"2000";"0";"2000";"10";"2021";"0";"";"";"1802490";"";"";"";"2227";"7274279";"https://www.camara.leg.br/cota-parlamentar/documentos/publ/2227/2021/7274279.pdf"
"Danilo Forte";"";"62881";"91";"2019";"CE";"PP";"56";"5";"DIVULGAÇÃO DA ATIVIDADE PARLAMENTAR.";"0";"";"PROMOCOES CONSULTORIA E EDITORIA LTDA - PROCEL";"053.195.280/0014-1";"0000000881";"0";"2021-12-07T00:00:00";"2000";"0";"2000";"12";"2021";"0";"";"";"1814896";"";"";"";"2227";"7301767";"https://www.camara.leg.br/cota-parlamentar/documentos/publ/2227/2021/7301767.pdf"
"Danilo Forte";"";"62881";"91";"2019";"CE";"PP";"56";"5";"DIVULGAÇÃO DA ATIVIDADE PARLAMENTAR.";"0";"";"QUALIGRAF - EDITORA E GRAFICA LTDA";"029.333.020/0014-8";"12717";"0";"2021-04-22T00:00:00";"11000";"0";"11000";"4";"2021";"0";"";"";"1759331";"";"";"";"2227";"7181378";"https://www.camara.leg.br/cota-parlamentar/documentos/publ/2227/2021/7181378.pdf"
"Danilo Forte";"";"62881";"91";"2019";"CE";"PP";"56";"5";"DIVULGAÇÃO DA ATIVIDADE PARLAMENTAR.";"0";"";"QUALYGRAF EDITORA E GRAFICA LTDA - EPP";"029.333.020/0014-8";"12939";"0";"2021-12-17T00:00:00";"47985";"0";"47985";"12";"2021";"0";"";"";"1817875";"";"";"";"2227";"7308290";"https://www.camara.leg.br/cota-parlamentar/documentos/publ/2227/2021/7308290.pdf"
"Danilo Forte";"";"62881";"91";"2019";"CE";"PP";"56";"5";"DIVULGAÇÃO DA ATIVIDADE PARLAMENTAR.";"0";"";"R O CASCAES BARBOSA";"330.124.640/0017-7";"0000000095";"0";"2021-04-15T00:00:00";"2000";"0";"2000";"3";"2021";"0";"";"";"1759293";"";"";"";"2227";"7181281";"https://www.camara.leg.br/cota-parlamentar/documentos/publ/2227/2021/7181281.pdf"
"Danilo Forte";"";"62881";"91";"2019";"CE";"PP";"56";"5";"DIVULGAÇÃO DA ATIVIDADE PARLAMENTAR.";"0";"";"RADIO ARARIPE DE CEDRO LTDA";"065.977.510/0011-3";"237";"0";"2021-04-07T00:00:00";"1000";"0";"1000";"3";"2021";"0";"";"";"1756755";"";"";"";"2227";"7176114";"https://www.camara.leg.br/cota-parlamentar/documentos/publ/2227/2021/7176114.pdf"
"Danilo Forte";"";"62881";"91";"2019";"CE";"PP";"56";"5";"DIVULGAÇÃO DA ATIVIDADE PARLAMENTAR.";"0";"";"RADIO ARARIPE DE CEDRO LTDA";"065.977.510/0011-3";"241";"0";"2021-06-02T00:00:00";"1500";"0";"1500";"5";"2021";"0";"";"";"1769045";"";"";"";"2227";"7202314";"https://www.camara.leg.br/cota-parlamentar/documentos/publ/2227/2021/7202314.pdf"
"Danilo Forte";"";"62881";"91";"2019";"CE";"PP";"56";"5";"DIVULGAÇÃO DA ATIVIDADE PARLAMENTAR.";"0";"";"RADIO ARARIPE DE CEDRO LTDA";"065.977.510/0011-3";"248";"0";"2021-07-02T00:00:00";"1500";"0";"1500";"6";"2021";"0";"";"";"1776446";"";"";"";"2227";"7217034";"https://www.camara.leg.br/cota-parlamentar/documentos/publ/2227/2021/7217034.pdf"
"Danilo Forte";"";"62881";"91";"2019";"CE";"PP";"56";"5";"DIVULGAÇÃO DA ATIVIDADE PARLAMENTAR.";"0";"";"RADIO ARARIPE DE CEDRO LTDA";"065.977.510/0011-3";"263";"0";"2021-08-16T00:00:00";"1500";"0";"1500";"7";"2021";"0";"";"";"1787724";"";"";"";"2227";"7241508";"https://www.camara.leg.br/cota-parlamentar/documentos/publ/2227/2021/7241508.pdf"
"Danilo Forte";"";"62881";"91";"2019";"CE";"PP";"56";"5";"DIVULGAÇÃO DA ATIVIDADE PARLAMENTAR.";"0";"";"RADIO ARARIPE DE CEDRO LTDA";"065.977.510/0011-3";"265";"0";"2021-09-21T00:00:00";"1500";"0";"1500";"8";"2021";"0";"";"";"1795067";"";"";"";"2227";"7257555";"https://www.camara.leg.br/cota-parlamentar/documentos/publ/2227/2021/7257555.pdf"
"Danilo Forte";"";"62881";"91";"2019";"CE";"PP";"56";"5";"DIVULGAÇÃO DA ATIVIDADE PARLAMENTAR.";"0";"";"RADIO ARARIPE DE CEDRO LTDA";"065.977.510/0011-3";"279";"0";"2021-09-24T00:00:00";"1500";"0";"1500";"9";"2021";"0";"";"";"1802491";"";"";"";"2227";"7274284";"https://www.camara.leg.br/cota-parlamentar/documentos/publ/2227/2021/7274284.pdf"
"Danilo Forte";"";"62881";"91";"2019";"CE";"PP";"56";"5";"DIVULGAÇÃO DA ATIVIDADE PARLAMENTAR.";"0";"";"RADIO ARARIPE DE CEDRO LTDA";"065.977.510/0011-3";"285";"0";"2021-12-01T00:00:00";"1500";"0";"1500";"11";"2021";"0";"";"";"1813050";"";"";"";"2227";"7297976";"https://www.camara.leg.br/cota-parlamentar/documentos/publ/2227/2021/7297976.pdf"
"Danilo Forte";"";"62881";"91";"2019";"CE";"PP";"56";"5";"DIVULGAÇÃO DA ATIVIDADE PARLAMENTAR.";"0";"";"RADIO ARARIPE DE CEDRO LTDA";"065.977.510/0011-3";"286";"0";"2021-12-01T00:00:00";"1500";"0";"1500";"10";"2021";"0";"";"";"1813048";"";"";"";"2227";"7297964";"https://www.camara.leg.br/cota-parlamentar/documentos/publ/2227/2021/7297964.pdf"
"Danilo Forte";"";"62881";"91";"2019";"CE";"PP";"56";"5";"DIVULGAÇÃO DA ATIVIDADE PARLAMENTAR.";"0";"";"RADIO ARARIPE DE CEDRO LTDA";"065.977.510/0011-3";"293";"0";"2022-01-19T00:00:00";"1500";"0";"1500";"12";"2021";"0";"";"";"1822163";"";"";"";"2227";"7317443";"https://www.camara.leg.br/cota-parlamentar/documentos/publ/2227/2022/7317443.pdf"
"Danilo Forte";"";"62881";"91";"2019";"CE";"PP";"56";"5";"DIVULGAÇÃO DA ATIVIDADE PARLAMENTAR.";"0";"";"RADIO CAMPO MAIOR DE QUIXERAMOBIM LTDA";"075.454.290/0010-3";"0000002024";"0";"2021-08-03T00:00:00";"2000";"0";"2000";"7";"2021";"0";"";"";"1786211";"";"";"";"2227";"7238095";"https://www.camara.leg.br/cota-parlamentar/documentos/publ/2227/2021/7238095.pdf"
"Danilo Forte";"";"62881";"91";"2019";"CE";"PP";"56";"5";"DIVULGAÇÃO DA ATIVIDADE PARLAMENTAR.";"0";"";"RADIO CAMPO MAIOR DE QUIXERAMOBIM LTDA";"075.454.290/0010-3";"0000002069";"0";"2021-10-07T00:00:00";"2000";"0";"2000";"9";"2021";"0";"";"";"1799924";"";"";"";"2227";"7268385";"https://www.camara.leg.br/cota-parlamentar/documentos/publ/2227/2021/7268385.pdf"
"Danilo Forte";"";"62881";"91";"2019";"CE";"PP";"56";"5";"DIVULGAÇÃO DA ATIVIDADE PARLAMENTAR.";"0";"";"RADIO DIFUSORA CRISTAL LTDA";"077.436.510/0011-0";"0000000988";"0";"2021-02-09T00:00:00";"2000";"0";"2000";"1";"2021";"0";"";"";"1746094";"";"";"";"2227";"7155824";"https://www.camara.leg.br/cota-parlamentar/documentos/publ/2227/2021/7155824.pdf"
"Danilo Forte";"";"62881";"91";"2019";"CE";"PP";"56";"5";"DIVULGAÇÃO DA ATIVIDADE PARLAMENTAR.";"0";"";"RADIO DIFUSORA CRISTAL LTDA";"077.436.510/0011-0";"0000000998";"0";"2021-03-22T00:00:00";"2000";"0";"2000";"2";"2021";"0";"";"";"1754263";"";"";"";"2227";"7171393";"https://www.camara.leg.br/cota-parlamentar/documentos/publ/2227/2021/7171393.pdf"
"Danilo Forte";"";"62881";"91";"2019";"CE";"PP";"56";"5";"DIVULGAÇÃO DA ATIVIDADE PARLAMENTAR.";"0";"";"RADIO DIFUSORA CRISTAL LTDA";"077.436.510/0011-0";"0000001005";"0";"2021-04-05T00:00:00";"2000";"0";"2000";"3";"2021";"0";"";"";"1756265";"";"";"";"2227";"7175077";"https://www.camara.leg.br/cota-parlamentar/documentos/publ/2227/2021/7175077.pdf"
"Danilo Forte";"";"62881";"91";"2019";"CE";"PP";"56";"5";"DIVULGAÇÃO DA ATIVIDADE PARLAMENTAR.";"0";"";"RADIO DIFUSORA CRISTAL LTDA";"077.436.510/0011-0";"0000001017";"0";"2021-05-06T00:00:00";"2000";"0";"2000";"4";"2021";"0";"";"";"1763362";"";"";"";"2227";"7189966";"https://www.camara.leg.br/cota-parlamentar/documentos/publ/2227/2021/7189966.pdf"
"Danilo Forte";"";"62881";"91";"2019";"CE";"PP";"56";"5";"DIVULGAÇÃO DA ATIVIDADE PARLAMENTAR.";"0";"";"RADIO DIFUSORA CRISTAL LTDA";"077.436.510/0011-0";"0000001024";"0";"2021-06-10T00:00:00";"2000";"0";"2000";"5";"2021";"0";"";"";"1771052";"";"";"";"2227";"7206545";"https://www.camara.leg.br/cota-parlamentar/documentos/publ/2227/2021/7206545.pdf"
"Danilo Forte";"";"62881";"91";"2019";"CE";"PP";"56";"5";"DIVULGAÇÃO DA ATIVIDADE PARLAMENTAR.";"0";"";"RADIO DIFUSORA CRISTAL LTDA";"077.436.510/0011-0";"0000001035";"0";"2021-07-05T00:00:00";"2000";"0";"2000";"6";"2021";"0";"";"";"1776978";"";"";"";"2227";"7217921";"https://www.camara.leg.br/cota-parlamentar/documentos/publ/2227/2021/7217921.pdf"
"Danilo Forte";"";"62881";"91";"2019";"CE";"PP";"56";"5";"DIVULGAÇÃO DA ATIVIDADE PARLAMENTAR.";"0";"";"RADIO DIFUSORA CRISTAL LTDA";"077.436.510/0011-0";"0000001043";"0";"2021-08-04T00:00:00";"2000";"0";"2000";"7";"2021";"0";"";"";"1783879";"";"";"";"2227";"7233325";"https://www.camara.leg.br/cota-parlamentar/documentos/publ/2227/2021/7233325.pdf"
"Danilo Forte";"";"62881";"91";"2019";"CE";"PP";"56";"5";"DIVULGAÇÃO DA ATIVIDADE PARLAMENTAR.";"0";"";"RADIO DIFUSORA CRISTAL LTDA";"077.436.510/0011-0";"0000001057";"0";"2021-09-08T00:00:00";"2000";"0";"2000";"8";"2021";"0";"";"";"1792143";"";"";"";"2227";"7251184";"https://www.camara.leg.br/cota-parlamentar/documentos/publ/2227/2021/7251184.pdf"
"Danilo Forte";"";"62881";"91";"2019";"CE";"PP";"56";"5";"DIVULGAÇÃO DA ATIVIDADE PARLAMENTAR.";"0";"";"RADIO DIFUSORA CRISTAL LTDA";"077.436.510/0011-0";"0000001069";"0";"2021-10-05T00:00:00";"2000";"0";"2000";"9";"2021";"0";"";"";"1798340";"";"";"";"2227";"7265000";"https://www.camara.leg.br/cota-parlamentar/documentos/publ/2227/2021/7265000.pdf"
"Danilo Forte";"";"62881";"91";"2019";"CE";"PP";"56";"5";"DIVULGAÇÃO DA ATIVIDADE PARLAMENTAR.";"0";"";"RADIO DIFUSORA CRISTAL LTDA";"077.436.510/0011-0";"0000001078";"0";"2021-11-05T00:00:00";"2000";"0";"2000";"10";"2021";"0";"";"";"1806123";"";"";"";"2227";"7282397";"https://www.camara.leg.br/cota-parlamentar/documentos/publ/2227/2021/7282397.pdf"
"Danilo Forte";"";"62881";"91";"2019";"CE";"PP";"56";"5";"DIVULGAÇÃO DA ATIVIDADE PARLAMENTAR.";"0";"";"RADIO DIFUSORA CRISTAL LTDA";"077.436.510/0011-0";"0000001087";"0";"2021-12-02T00:00:00";"2000";"0";"2000";"11";"2021";"0";"";"";"1813184";"";"";"";"2227";"7298274";"https://www.camara.leg.br/cota-parlamentar/documentos/publ/2227/2021/7298274.pdf"
"Danilo Forte";"";"62881";"91";"2019";"CE";"PP";"56";"5";"DIVULGAÇÃO DA ATIVIDADE PARLAMENTAR.";"0";"";"RADIO FM CANAVIAL LTDA";"350.364.170/0019-9";"517";"0";"2021-08-20T00:00:00";"5750";"0";"5750";"8";"2021";"0";"";"";"1787725";"";"";"";"2227";"7241510";"https://www.camara.leg.br/cota-parlamentar/documentos/publ/2227/2021/7241510.pdf"
"Danilo Forte";"";"62881";"91";"2019";"CE";"PP";"56";"5";"DIVULGAÇÃO DA ATIVIDADE PARLAMENTAR.";"0";"";"RADIO FM CRATEUS LTDA";"105.280.730/0010-4";"408";"0";"2021-08-20T00:00:00";"4250";"0";"4250";"8";"2021";"0";"";"";"1787725";"";"";"";"2227";"7241522";"https://www.camara.leg.br/cota-parlamentar/documentos/publ/2227/2021/7241522.pdf"
"Danilo Forte";"";"62881";"91";"2019";"CE";"PP";"56";"5";"DIVULGAÇÃO DA ATIVIDADE PARLAMENTAR.";"0";"";"RCLN ASSESSORIA CONSULTORIA E COMUNICACAO EIRELI";"061.838.900/0010-9";"01086";"0";"2021-06-01T00:00:00";"4450";"0";"4450";"5";"2021";"0";"";"";"1769047";"";"";"";"2227";"7202323";"https://www.camara.leg.br/cota-parlamentar/documentos/publ/2227/2021/7202323.pdf"
"Danilo Forte";"";"62881";"91";"2019";"CE";"PP";"56";"5";"DIVULGAÇÃO DA ATIVIDADE PARLAMENTAR.";"0";"";"RCLN ASSESSORIA CONSULTORIA E COMUNICAÇÃO LTDA";"061.838.900/0010-9";"01104";"0";"2021-07-27T00:00:00";"4450";"0";"4450";"7";"2021";"0";"";"";"1785694";"";"";"";"2227";"7237123";"https://www.camara.leg.br/cota-parlamentar/documentos/publ/2227/2021/7237123.pdf"
"Danilo Forte";"";"62881";"91";"2019";"CE";"PP";"56";"5";"DIVULGAÇÃO DA ATIVIDADE PARLAMENTAR.";"0";"";"SB ASSESSORIA E SERVICOS EIRELI";"416.045.110/0010-8";"00013";"0";"2021-09-14T00:00:00";"5500";"0";"5500";"9";"2021";"0";"";"";"1801626";"";"";"";"2227";"7272348";"https://www.camara.leg.br/cota-parlamentar/documentos/publ/2227/2021/7272348.pdf"
"Danilo Forte";"";"62881";"91";"2019";"CE";"PP";"56";"5";"DIVULGAÇÃO DA ATIVIDADE PARLAMENTAR.";"0";"";"SERGIO RHUAN ANDRADE PESSOA 61188576364";"344.995.530/0015-2";"4";"0";"2021-07-07T00:00:00";"3210";"0";"3210";"6";"2021";"0";"";"";"1779791";"";"";"";"2227";"7223847";"https://www.camara.leg.br/cota-parlamentar/documentos/publ/2227/2021/7223847.pdf"
"Danilo Forte";"";"62881";"91";"2019";"CE";"PP";"56";"5";"DIVULGAÇÃO DA ATIVIDADE PARLAMENTAR.";"0";"";"SIMONETTI COMERCIO E COMUNICACAO VISUAL LTDA";"077.436.510/0011-0";"0000001096";"0";"2022-01-05T00:00:00";"2000";"0";"2000";"12";"2021";"0";"";"";"1822163";"";"";"";"2227";"7317446";"https://www.camara.leg.br/cota-parlamentar/documentos/publ/2227/2022/7317446.pdf"
"Danilo Forte";"";"62881";"91";"2019";"CE";"PP";"56";"9";"PASSAGEM AÉREA - REEMBOLSO";"0";"";"LATAM AIRLINES GROUP S/A";"339.376.810/0017-8";"9572149186267";"0";"2021-06-19T00:00:00";"1503.4";"0";"1503.4";"6";"2021";"0";"";"";"1774394";"";"";"";"2227";"7212703";"https://www.camara.leg.br/cota-parlamentar/documentos/publ/2227/2021/7212703.pdf"
"Danilo Forte";"";"62881";"91";"2019";"CE";"PP";"56";"10";"TELEFONIA";"0";"";"FRANCISCO DANILO BASTOS FORTE";"024.214.210/0291-2";"009796236";"0";"2021-11-19T00:00:00";"186.06";"0";"186.06";"11";"2021";"0";"";"";"1816396";"";"";"";"2227";"7305054";"https://www.camara.leg.br/cota-parlamentar/documentos/publ/2227/2021/7305054.pdf"
"Danilo Forte";"";"62881";"91";"2019";"CE";"PP";"56";"10";"TELEFONIA";"0";"";"TELEFÔNICA BRASIL S. A. - VIVO";"025.581.570/0016-2";"00001300044919";"0";"2021-10-01T00:00:00";"175.98";"0";"175.98";"9";"2021";"0";"";"";"1801635";"";"";"";"2227";"7272364";"https://www.camara.leg.br/cota-parlamentar/documentos/publ/2227/2021/7272364.pdf"
"Danilo Forte";"";"62881";"91";"2019";"CE";"PP";"56";"10";"TELEFONIA";"0";"";"TELEFÔÑICA BRASIL S. A. VIVO";"025.581.570/0016-2";".";"0";"2021-07-01T00:00:00";"51.17";"1.18";"49.99";"6";"2021";"0";"";"";"1782872";"";"";"";"2227";"7230828";"https://www.camara.leg.br/cota-parlamentar/documentos/publ/2227/2021/7230828.pdf"
"Danilo Forte";"";"62881";"91";"2019";"CE";"PP";"56";"10";"TELEFONIA";"0";"";"Telefônica Brasil S. A. VIVO";"025.581.570/0016-2";"00001309044919";"0";"2021-06-01T00:00:00";"50.99";"1";"49.99";"5";"2021";"0";"";"";"1775924";"";"";"";"2227";"7215928";"https://www.camara.leg.br/cota-parlamentar/documentos/publ/2227/2021/7215928.pdf"
"Danilo Forte";"";"62881";"91";"2019";"CE";"PP";"56";"10";"TELEFONIA";"0";"";"TELEFÔNICA BRASIL S. A. VIVO";"025.581.570/0016-2";"00001309044919";"0";"2021-11-01T00:00:00";"175.98";"0";"175.98";"10";"2021";"0";"";"";"1810452";"";"";"";"2227";"7290313";"https://www.camara.leg.br/cota-parlamentar/documentos/publ/2227/2021/7290313.pdf"
"Danilo Forte";"";"62881";"91";"2019";"CE";"PP";"56";"10";"TELEFONIA";"0";"";"TELEFÔNICA BRASIL S. A. VIVO";"025.581.570/0016-2";"00001389044919";"0";"2021-09-01T00:00:00";"138.39";"1.13";"137.26";"8";"2021";"0";"";"";"1794902";"";"";"";"2227";"7257112";"https://www.camara.leg.br/cota-parlamentar/documentos/publ/2227/2021/7257112.pdf"
"Danilo Forte";"";"62881";"91";"2019";"CE";"PP";"56";"10";"TELEFONIA";"0";"";"TELEFONICA BRASIL S.A.";"025.581.570/0016-2";"00001309044919";"0";"2021-05-01T00:00:00";"51.17";"1.18";"49.99";"4";"2021";"0";"";"";"1769828";"";"";"";"2227";"7203951";"https://www.camara.leg.br/cota-parlamentar/documentos/publ/2227/2021/7203951.pdf"
"Danilo Forte";"";"62881";"91";"2019";"CE";"PP";"56";"10";"TELEFONIA";"0";"";"TELEFONICA BRASIL S.A.";"025.581.570/0113-4";".";"0";"2021-03-01T00:00:00";"49.99";"0";"49.99";"2";"2021";"0";"";"";"1763926";"";"";"";"2227";"7191174";"https://www.camara.leg.br/cota-parlamentar/documentos/publ/2227/2021/7191174.pdf"
"Danilo Forte";"";"62881";"91";"2019";"CE";"PP";"56";"10";"TELEFONIA";"0";"";"TELEFONICA BRASIL S.A.";"025.581.570/0113-4";"00001309044919";"0";"2021-04-01T00:00:00";"51.05";"1.06";"49.99";"3";"2021";"0";"";"";"1763927";"";"";"";"2227";"7191170";"https://www.camara.leg.br/cota-parlamentar/documentos/publ/2227/2021/7191170.pdf"
"Danilo Forte";"";"62881";"91";"2019";"CE";"PP";"56";"10";"TELEFONIA";"0";"";"TELEFONICA BRASIL S.A.";"025.581.570/0113-4";"2891848";"0";"2021-12-01T00:00:00";"179.57";"3.59";"175.98";"11";"2021";"0";"";"";"1816396";"";"";"";"2227";"7305073";"https://www.camara.leg.br/cota-parlamentar/documentos/publ/2227/2021/7305073.pdf"
"Danilo Forte";"";"62881";"91";"2019";"CE";"PP";"56";"10";"TELEFONIA";"0";"";"TIM S.A.";"024.214.210/0291-2";"000167332-BC";"0";"2021-05-19T00:00:00";"180.33";"4.13";"176.2";"5";"2021";"0";"";"";"1779050";"";"";"";"2227";"7222353";"https://www.camara.leg.br/cota-parlamentar/documentos/publ/2227/2021/7222353.pdf"
"Danilo Forte";"";"62881";"91";"2019";"CE";"PP";"56";"10";"TELEFONIA";"0";"";"TIM S.A.";"024.214.210/0291-2";"000172273";"0";"2021-06-19T00:00:00";"178.85";"0";"178.85";"6";"2021";"0";"";"";"1782872";"";"";"";"2227";"7230835";"https://www.camara.leg.br/cota-parlamentar/documentos/publ/2227/2021/7230835.pdf"
"Danilo Forte";"";"62881";"91";"2019";"CE";"PP";"56";"10";"TELEFONIA";"0";"";"TIM S.A.";"024.214.210/0291-2";"4433425067";"0";"2021-02-19T00:00:00";"181.39";"0";"181.39";"2";"2021";"0";"";"";"1763926";"";"";"";"2227";"7191160";"https://www.camara.leg.br/cota-parlamentar/documentos/publ/2227/2021/7191160.pdf"
"Danilo Forte";"";"62881";"91";"2019";"CE";"PP";"56";"10";"TELEFONIA";"0";"";"TIM S.A.";"024.214.210/0291-2";"4471349848";"0";"2021-04-19T00:00:00";"179.26";"0";"179.26";"4";"2021";"0";"";"";"1769828";"";"";"";"2227";"7203958";"https://www.camara.leg.br/cota-parlamentar/documentos/publ/2227/2021/7203958.pdf"
"Danilo Forte";"";"62881";"91";"2019";"CE";"PP";"56";"10";"TELEFONIA";"0";"";"TIM S/A";"024.214.210/0011-1";"4452393297";"0";"2021-03-19T00:00:00";"176.09";"0";"176.09";"3";"2021";"0";"";"";"1763604";"";"";"";"2227";"7190441";"https://www.camara.leg.br/cota-parlamentar/documentos/publ/2227/2021/7190441.pdf"
"Danilo Forte";"";"62881";"91";"2019";"CE";"PP";"56";"12";"ASSINATURA DE PUBLICAÇÕES";"0";"";"EDITORA VERDES MARES LTDA - CE";"072.092.990/0013-8";"279878";"0";"2021-02-05T00:00:00";"740";"0";"740";"2";"2021";"0";"";"";"1745607";"";"";"";"2227";"7154726";"https://www.camara.leg.br/cota-parlamentar/documentos/publ/2227/2021/7154726.pdf"
"Danilo Forte";"";"62881";"91";"2019";"CE";"PP";"56";"12";"ASSINATURA DE PUBLICAÇÕES";"0";"";"EMPRESA JORNALISTICA O POVO S A";"072.225.650/0016-2";"17060";"0";"2021-02-19T00:00:00";"118.8";"0";"118.8";"2";"2021";"0";"";"";"1746207";"";"";"";"2227";"7156062";"https://www.camara.leg.br/cota-parlamentar/documentos/publ/2227/2021/7156062.pdf"
"Danilo Forte";"";"62881";"91";"2019";"CE";"PP";"56";"13";"FORNECIMENTO DE ALIMENTAÇÃO DO PARLAMENTAR";"0";"";"BANGS CARNES E BEBIDAS";"161.061.270/0012-0";"034350";"0";"2021-10-07T00:00:00";"120";"55.15";"64.85";"10";"2021";"0";"";"";"1801265";"";"";"";"2227";"7270811";"https://www.camara.leg.br/cota-parlamentar/documentos/publ/2227/2021/7270811.pdf"
"Danilo Forte";"";"62881";"91";"2019";"CE";"PP";"56";"13";"FORNECIMENTO DE ALIMENTAÇÃO DO PARLAMENTAR";"0";"";"BUCA SERVICOS DE ALIMENTACAO LTDA";"224.578.410/0016-5";"065958";"0";"2021-02-15T00:00:00";"90";"0";"90";"2";"2021";"0";"";"";"1745650";"";"";"";"2227";"7154817";"https://www.camara.leg.br/cota-parlamentar/documentos/publ/2227/2021/7154817.pdf"
"Danilo Forte";"";"62881";"91";"2019";"CE";"PP";"56";"13";"FORNECIMENTO DE ALIMENTAÇÃO DO PARLAMENTAR";"0";"";"C.B. BRASILIA COMERCIO DE ALIMENTOS LTDA";"119.037.890/0010-7";"121286";"0";"2021-12-17T00:00:00";"120";"0";"120";"12";"2021";"0";"";"";"1817939";"";"";"";"2227";"7308443";"https://www.camara.leg.br/cota-parlamentar/documentos/publ/2227/2021/7308443.pdf"
"Danilo Forte";"";"62881";"91";"2019";"CE";"PP";"56";"13";"FORNECIMENTO DE ALIMENTAÇÃO DO PARLAMENTAR";"0";"";"C.B. BRASILIA COMERCIO DE ALIMENTOS LTDA";"119.037.890/0010-7";"42646";"4";"2021-01-28T00:00:00";"100";"0";"100";"1";"2021";"0";"";"";"1741482";"";"";"";"2227";"7146572";"https://www.camara.leg.br/cota-parlamentar/nota-fiscal-eletronica?ideDocumentoFiscal=7146572"
"Danilo Forte";"";"62881";"91";"2019";"CE";"PP";"56";"13";"FORNECIMENTO DE ALIMENTAÇÃO DO PARLAMENTAR";"0";"";"C.B. BRASILIA COMERCIO DE ALIMENTOS LTDA";"119.037.890/0010-7";"58999";"0";"2021-05-06T00:00:00";"110";"17.73";"92.27";"5";"2021";"0";"";"";"1763607";"";"";"";"2227";"7190483";"https://www.camara.leg.br/cota-parlamentar/documentos/publ/2227/2021/7190483.pdf"
"Danilo Forte";"";"62881";"91";"2019";"CE";"PP";"56";"13";"FORNECIMENTO DE ALIMENTAÇÃO DO PARLAMENTAR";"0";"";"CAFE VIRIATO EIRELI ME";"107.485.460/0018-9";"146374";"0";"2021-07-29T00:00:00";"20";"0";"20";"7";"2021";"0";"";"";"1782874";"";"";"";"2227";"7230935";"https://www.camara.leg.br/cota-parlamentar/documentos/publ/2227/2021/7230935.pdf"
"Danilo Forte";"";"62881";"91";"2019";"CE";"PP";"56";"13";"FORNECIMENTO DE ALIMENTAÇÃO DO PARLAMENTAR";"0";"";"CAIO NAPOLEAO BRAGA SOARES";"014.052.790/0015-6";"102758";"0";"2021-01-23T00:00:00";"60";"3.5";"56.5";"1";"2021";"0";"";"";"1745606";"";"";"";"2227";"7154730";"https://www.camara.leg.br/cota-parlamentar/documentos/publ/2227/2021/7154730.pdf"
"Danilo Forte";"";"62881";"91";"2019";"CE";"PP";"56";"13";"FORNECIMENTO DE ALIMENTAÇÃO DO PARLAMENTAR";"0";"";"CAMINITO ASA NORTE";"356.315.240/0016-5";"73639";"0";"2021-08-03T00:00:00";"126.72";"0";"126.72";"8";"2021";"0";"";"";"1783236";"";"";"";"2227";"7231873";"https://www.camara.leg.br/cota-parlamentar/documentos/publ/2227/2021/7231873.pdf"
"Danilo Forte";"";"62881";"91";"2019";"CE";"PP";"56";"13";"FORNECIMENTO DE ALIMENTAÇÃO DO PARLAMENTAR";"0";"";"Camitino";"356.315.240/0032-7";"12629";"4";"2021-05-03T00:00:00";"65";"0";"65";"5";"2021";"0";"";"";"1762639";"";"";"";"2227";"7188391";"https://www.camara.leg.br/cota-parlamentar/nota-fiscal-eletronica?ideDocumentoFiscal=7188391"
"Danilo Forte";"";"62881";"91";"2019";"CE";"PP";"56";"13";"FORNECIMENTO DE ALIMENTAÇÃO DO PARLAMENTAR";"0";"";"CARNE DE SOL 111 LTDA";"005.954.620/0010-7";"101172";"0";"2021-09-29T00:00:00";"80";"0";"80";"9";"2021";"0";"";"";"1797007";"";"";"";"2227";"7262174";"https://www.camara.leg.br/cota-parlamentar/documentos/publ/2227/2021/7262174.pdf"
"Danilo Forte";"";"62881";"91";"2019";"CE";"PP";"56";"13";"FORNECIMENTO DE ALIMENTAÇÃO DO PARLAMENTAR";"0";"";"CARNE DE SOL 111 LTDA";"005.954.620/0010-7";"105087";"0";"2021-10-22T00:00:00";"120";"0";"120";"12";"2021";"0";"";"";"1818896";"";"";"";"2227";"7310640";"https://www.camara.leg.br/cota-parlamentar/documentos/publ/2227/2021/7310640.pdf"
"Danilo Forte";"";"62881";"91";"2019";"CE";"PP";"56";"13";"FORNECIMENTO DE ALIMENTAÇÃO DO PARLAMENTAR";"0";"";"CARNE DE SOL 111 LTDA";"005.954.620/0010-7";"95630";"0";"2021-05-26T00:00:00";"50";"0";"50";"5";"2021";"0";"";"";"1769830";"";"";"";"2227";"7203930";"https://www.camara.leg.br/cota-parlamentar/documentos/publ/2227/2021/7203930.pdf"
"Danilo Forte";"";"62881";"91";"2019";"CE";"PP";"56";"13";"FORNECIMENTO DE ALIMENTAÇÃO DO PARLAMENTAR";"0";"";"CBJK COMERCIO DE ALIMENTOS LTDA.";"142.822.270/0018-1";"245116";"0";"2021-02-12T00:00:00";"90";"0";"90";"2";"2021";"0";"";"";"1745650";"";"";"";"2227";"7154814";"https://www.camara.leg.br/cota-parlamentar/documentos/publ/2227/2021/7154814.pdf"
"Danilo Forte";"";"62881";"91";"2019";"CE";"PP";"56";"13";"FORNECIMENTO DE ALIMENTAÇÃO DO PARLAMENTAR";"0";"";"CHICAGO PRIME ALIMENTOS EIRELI";"190.994.390/0030-3";"38506";"0";"2021-08-31T00:00:00";"80";"0";"80";"8";"2021";"0";"";"";"1790283";"";"";"";"2227";"7247303";"https://www.camara.leg.br/cota-parlamentar/documentos/publ/2227/2021/7247303.pdf"
"Danilo Forte";"";"62881";"91";"2019";"CE";"PP";"56";"13";"FORNECIMENTO DE ALIMENTAÇÃO DO PARLAMENTAR";"0";"";"CHURRASCARIA DOS MOTORISTAS LTDA - ME";"081.940.960/0018-8";"010229";"0";"2021-01-21T00:00:00";"70";"0";"70";"1";"2021";"0";"";"";"1740861";"";"";"";"2227";"7145049";"https://www.camara.leg.br/cota-parlamentar/documentos/publ/2227/2021/7145049.pdf"
"Danilo Forte";"";"62881";"91";"2019";"CE";"PP";"56";"13";"FORNECIMENTO DE ALIMENTAÇÃO DO PARLAMENTAR";"0";"";"CHURRASCARIA DOS MOTORISTAS LTDA - ME";"081.940.960/0018-8";"030382";"0";"2021-12-11T00:00:00";"80";"0";"80";"12";"2021";"0";"";"";"1816397";"";"";"";"2227";"7305067";"https://www.camara.leg.br/cota-parlamentar/documentos/publ/2227/2021/7305067.pdf"
"Danilo Forte";"";"62881";"91";"2019";"CE";"PP";"56";"13";"FORNECIMENTO DE ALIMENTAÇÃO DO PARLAMENTAR";"0";"";"CHURRASCARIA DOS MOTORISTAS LTDA - ME";"081.940.960/0018-8";"031909";"0";"2021-12-30T00:00:00";"50";"0";"50";"12";"2021";"0";"";"";"1819939";"";"";"";"2227";"7312808";"https://www.camara.leg.br/cota-parlamentar/documentos/publ/2227/2022/7312808.pdf"
"Danilo Forte";"";"62881";"91";"2019";"CE";"PP";"56";"13";"FORNECIMENTO DE ALIMENTAÇÃO DO PARLAMENTAR";"0";"";"COMPLEXO GASTRONOMICO LTDA";"392.750.020/0020-0";"22770";"0";"2021-05-17T00:00:00";"110";"0";"110";"5";"2021";"0";"";"";"1766480";"";"";"";"2227";"7196977";"https://www.camara.leg.br/cota-parlamentar/documentos/publ/2227/2021/7196977.pdf"
"Danilo Forte";"";"62881";"91";"2019";"CE";"PP";"56";"13";"FORNECIMENTO DE ALIMENTAÇÃO DO PARLAMENTAR";"0";"";"COMPLEXO GASTRONOMICO LTDA";"392.750.020/0020-0";"8803";"4";"2021-01-27T00:00:00";"90";"0";"90";"1";"2021";"0";"";"";"1741084";"";"";"";"2227";"7145638";"https://www.camara.leg.br/cota-parlamentar/nota-fiscal-eletronica?ideDocumentoFiscal=7145638"
"Danilo Forte";"";"62881";"91";"2019";"CE";"PP";"56";"13";"FORNECIMENTO DE ALIMENTAÇÃO DO PARLAMENTAR";"0";"";"DB COMERCIO DE ALIMENTOS EIRELI - EPP";"101.567.930/0019-6";"019227";"0";"2021-11-04T00:00:00";"56.99";"0";"56.99";"11";"2021";"0";"";"";"1807738";"";"";"";"2227";"7285497";"https://www.camara.leg.br/cota-parlamentar/documentos/publ/2227/2021/7285497.pdf"
"Danilo Forte";"";"62881";"91";"2019";"CE";"PP";"56";"13";"FORNECIMENTO DE ALIMENTAÇÃO DO PARLAMENTAR";"0";"";"DB COMERCIO DE ALIMENTOS EIRELI - EPP";"101.567.930/0019-6";"022845";"0";"2021-12-13T00:00:00";"50";"0";"50";"12";"2021";"0";"";"";"1816395";"";"";"";"2227";"7305111";"https://www.camara.leg.br/cota-parlamentar/documentos/publ/2227/2021/7305111.pdf"
"Danilo Forte";"";"62881";"91";"2019";"CE";"PP";"56";"13";"FORNECIMENTO DE ALIMENTAÇÃO DO PARLAMENTAR";"0";"";"DOM FRANCISCO RESTAURANTE";"033.271.910/0019-9";"73598";"0";"2021-10-27T00:00:00";"195";"0";"195";"10";"2021";"0";"";"";"1807026";"";"";"";"2227";"7284438";"https://www.camara.leg.br/cota-parlamentar/documentos/publ/2227/2021/7284438.pdf"
"Danilo Forte";"";"62881";"91";"2019";"CE";"PP";"56";"13";"FORNECIMENTO DE ALIMENTAÇÃO DO PARLAMENTAR";"0";"";"DOM FRANCISCO RESTAURANTE";"033.271.910/0019-9";"74912";"0";"2021-11-22T00:00:00";"144.65";"13.15";"131.5";"11";"2021";"0";"";"";"1811573";"";"";"";"2227";"7294887";"https://www.camara.leg.br/cota-parlamentar/documentos/publ/2227/2021/7294887.pdf"
"Danilo Forte";"";"62881";"91";"2019";"CE";"PP";"56";"13";"FORNECIMENTO DE ALIMENTAÇÃO DO PARLAMENTAR";"0";"";"FAST FOOD ITALIANO COMERCIO DE MASSAS LTDA";"349.880.390/0018-0";"35269";"0";"2021-07-05T00:00:00";"85.8";"7.8";"78";"7";"2021";"0";"";"";"1777308";"";"";"";"2227";"7218610";"https://www.camara.leg.br/cota-parlamentar/documentos/publ/2227/2021/7218610.pdf"
"Danilo Forte";"";"62881";"91";"2019";"CE";"PP";"56";"13";"FORNECIMENTO DE ALIMENTAÇÃO DO PARLAMENTAR";"0";"";"FAST FOOD ITALIANO COMERCIO DE MASSAS LTDA";"349.880.390/0018-0";"35428";"0";"2021-07-08T00:00:00";"78.5";"0";"78.5";"7";"2021";"0";"";"";"1778470";"";"";"";"2227";"7221081";"https://www.camara.leg.br/cota-parlamentar/documentos/publ/2227/2021/7221081.pdf"
"Danilo Forte";"";"62881";"91";"2019";"CE";"PP";"56";"13";"FORNECIMENTO DE ALIMENTAÇÃO DO PARLAMENTAR";"0";"";"FGW COMERCIO DE BEBIDAS E ALIMENTOS LTDA";"105.990.570/0029-3";"49270";"4";"2021-01-29T00:00:00";"120";"0";"120";"1";"2021";"0";"";"";"1741727";"";"";"";"2227";"7147041";"https://www.camara.leg.br/cota-parlamentar/nota-fiscal-eletronica?ideDocumentoFiscal=7147041"
"Danilo Forte";"";"62881";"91";"2019";"CE";"PP";"56";"13";"FORNECIMENTO DE ALIMENTAÇÃO DO PARLAMENTAR";"0";"";"FGW COMERCIO DE BEBIDAS E ALIMENTOS LTDA";"105.990.570/0029-3";"54863";"4";"2021-05-05T00:00:00";"95";"0";"95";"5";"2021";"0";"";"";"1762639";"";"";"";"2227";"7188392";"https://www.camara.leg.br/cota-parlamentar/nota-fiscal-eletronica?ideDocumentoFiscal=7188392"
"Danilo Forte";"";"62881";"91";"2019";"CE";"PP";"56";"13";"FORNECIMENTO DE ALIMENTAÇÃO DO PARLAMENTAR";"0";"";"FGW COMERCIO DE BEBIDAS E ALIMENTOS LTDA";"105.990.570/0029-3";"57525";"0";"2021-06-14T00:00:00";"42";"0";"42";"6";"2021";"0";"";"";"1771237";"";"";"";"2227";"7206967";"https://www.camara.leg.br/cota-parlamentar/documentos/publ/2227/2021/7206967.pdf"
"Danilo Forte";"";"62881";"91";"2019";"CE";"PP";"56";"13";"FORNECIMENTO DE ALIMENTAÇÃO DO PARLAMENTAR";"0";"";"FRANCISCA VERONICA FURTADO PEREIRA";"069.161.780/0016-3";"098902";"0";"2021-09-10T00:00:00";"100";"0";"100";"9";"2021";"0";"";"";"1793518";"";"";"";"2227";"7254148";"https://www.camara.leg.br/cota-parlamentar/documentos/publ/2227/2021/7254148.pdf"
"Danilo Forte";"";"62881";"91";"2019";"CE";"PP";"56";"13";"FORNECIMENTO DE ALIMENTAÇÃO DO PARLAMENTAR";"0";"";"FRANCISCA VERONICA FURTADO PEREIRA";"069.161.780/0016-3";"288359";"0";"2021-01-20T00:00:00";"120";"0";"120";"1";"2021";"0";"";"";"1740861";"";"";"";"2227";"7145060";"https://www.camara.leg.br/cota-parlamentar/documentos/publ/2227/2021/7145060.pdf"
"Danilo Forte";"";"62881";"91";"2019";"CE";"PP";"56";"13";"FORNECIMENTO DE ALIMENTAÇÃO DO PARLAMENTAR";"0";"";"GRELHA GALETERIA LTDA";"046.182.910/0013-7";"116159";"0";"2021-08-24T00:00:00";"70";"0";"70";"8";"2021";"0";"";"";"1788353";"";"";"";"2227";"7243091";"https://www.camara.leg.br/cota-parlamentar/documentos/publ/2227/2021/7243091.pdf"
"Danilo Forte";"";"62881";"91";"2019";"CE";"PP";"56";"13";"FORNECIMENTO DE ALIMENTAÇÃO DO PARLAMENTAR";"0";"";"LKT VENDENDO SONHOS LTDA";"393.942.020/0010-9";"10084";"0";"2021-09-16T00:00:00";"120";"0";"120";"9";"2021";"0";"";"";"1794797";"";"";"";"2227";"7256905";"https://www.camara.leg.br/cota-parlamentar/documentos/publ/2227/2021/7256905.pdf"
"Danilo Forte";"";"62881";"91";"2019";"CE";"PP";"56";"13";"FORNECIMENTO DE ALIMENTAÇÃO DO PARLAMENTAR";"0";"";"LKT VENDENDO SONHOS LTDA";"393.942.020/0010-9";"10916";"0";"2021-09-30T00:00:00";"120";"28.2";"91.8";"9";"2021";"0";"";"";"1797972";"";"";"";"2227";"7264382";"https://www.camara.leg.br/cota-parlamentar/documentos/publ/2227/2021/7264382.pdf"
"Danilo Forte";"";"62881";"91";"2019";"CE";"PP";"56";"13";"FORNECIMENTO DE ALIMENTAÇÃO DO PARLAMENTAR";"0";"";"LKT VENDENDO SONHOS LTDA";"393.942.020/0010-9";"6227";"0";"2021-07-15T00:00:00";"152";"0";"152";"7";"2021";"0";"";"";"1780140";"";"";"";"2227";"7224627";"https://www.camara.leg.br/cota-parlamentar/documentos/publ/2227/2021/7224627.pdf"
"Danilo Forte";"";"62881";"91";"2019";"CE";"PP";"56";"13";"FORNECIMENTO DE ALIMENTAÇÃO DO PARLAMENTAR";"0";"";"MADERO INDUSTRIA E COMERCIO S.";"137.832.210/1566-1";"02670";"0";"2021-06-10T00:00:00";"94.27";"8.57";"85.7";"6";"2021";"0";"";"";"1771237";"";"";"";"2227";"7206976";"https://www.camara.leg.br/cota-parlamentar/documentos/publ/2227/2021/7206976.pdf"
"Danilo Forte";"";"62881";"91";"2019";"CE";"PP";"56";"13";"FORNECIMENTO DE ALIMENTAÇÃO DO PARLAMENTAR";"0";"";"MADERO INDUSTRIA E COMERCIO S.";"137.832.210/1566-1";"4107";"0";"2021-11-13T00:00:00";"103.18";"9.38";"93.8";"11";"2021";"0";"";"";"1809535";"";"";"";"2227";"7290238";"https://www.camara.leg.br/cota-parlamentar/documentos/publ/2227/2021/7290238.pdf"
"Danilo Forte";"";"62881";"91";"2019";"CE";"PP";"56";"13";"FORNECIMENTO DE ALIMENTAÇÃO DO PARLAMENTAR";"0";"";"MADERO INDUSTRIA E COMERCIO S.";"137.832.210/1566-1";"56488";"4";"2021-02-16T00:00:00";"80";"0";"80";"2";"2021";"0";"";"";"1745651";"";"";"";"2227";"7154810";"https://www.camara.leg.br/cota-parlamentar/nota-fiscal-eletronica?ideDocumentoFiscal=7154810"
"Danilo Forte";"";"62881";"91";"2019";"CE";"PP";"56";"13";"FORNECIMENTO DE ALIMENTAÇÃO DO PARLAMENTAR";"0";"";"MADERO INDUSTRIA E COMERCIO S.";"137.832.210/1566-1";"57032";"0";"2021-03-11T00:00:00";"95.81";"21.61";"74.2";"3";"2021";"0";"";"";"1752323";"";"";"";"2227";"7167440";"https://www.camara.leg.br/cota-parlamentar/documentos/publ/2227/2021/7167440.pdf"
"Danilo Forte";"";"62881";"91";"2019";"CE";"PP";"56";"13";"FORNECIMENTO DE ALIMENTAÇÃO DO PARLAMENTAR";"0";"";"MANZUA RESTAURANTE LTDA";"194.651.340/0010-6";"46882";"0";"2021-08-12T00:00:00";"150";"0";"150";"8";"2021";"0";"";"";"1786159";"";"";"";"2227";"7237992";"https://www.camara.leg.br/cota-parlamentar/documentos/publ/2227/2021/7237992.pdf"
"Danilo Forte";"";"62881";"91";"2019";"CE";"PP";"56";"13";"FORNECIMENTO DE ALIMENTAÇÃO DO PARLAMENTAR";"0";"";"MELIA BRASIL ADMINISTRACAO HOTELEIRA E COMERCIAL LTDA.";"624.138.770/0199-0";"00518472";"0";"2021-12-13T00:00:00";"2088.08";"10.78";"2077.3";"12";"2021";"0";"";"";"1826532";"";"";"";"2227";"7326361";"https://www.camara.leg.br/cota-parlamentar/documentos/publ/2227/2022/7326361.pdf"
"Danilo Forte";"";"62881";"91";"2019";"CE";"PP";"56";"13";"FORNECIMENTO DE ALIMENTAÇÃO DO PARLAMENTAR";"0";"";"MR PRODUTOS ALIMENTICIOS LTDA";"262.717.430/0019-0";"29719";"0";"2021-11-29T00:00:00";"50";"0";"50";"11";"2021";"0";"";"";"1812747";"";"";"";"2227";"7295356";"https://www.camara.leg.br/cota-parlamentar/documentos/publ/2227/2021/7295356.pdf"
"Danilo Forte";"";"62881";"91";"2019";"CE";"PP";"56";"13";"FORNECIMENTO DE ALIMENTAÇÃO DO PARLAMENTAR";"0";"";"MULT COMERCIO DE PRODUTOS ALIMENTICIOS LTDA";"356.315.240/0032-7";"6854";"0";"2021-10-21T00:00:00";"61.7";"0";"61.7";"10";"2021";"0";"";"";"1802501";"";"";"";"2227";"7274334";"https://www.camara.leg.br/cota-parlamentar/documentos/publ/2227/2021/7274334.pdf"
"Danilo Forte";"";"62881";"91";"2019";"CE";"PP";"56";"13";"FORNECIMENTO DE ALIMENTAÇÃO DO PARLAMENTAR";"0";"";"NATIVAS GRILL";"383.202.320/0010-8";"014017";"0";"2021-04-23T00:00:00";"80";"0";"80";"4";"2021";"0";"";"";"1764307";"";"";"";"2227";"7192100";"https://www.camara.leg.br/cota-parlamentar/documentos/publ/2227/2021/7192100.pdf"
"Danilo Forte";"";"62881";"91";"2019";"CE";"PP";"56";"13";"FORNECIMENTO DE ALIMENTAÇÃO DO PARLAMENTAR";"0";"";"PBJM COMERCIO DE GENEROS ALIMENTICIOS LTDA";"090.541.580/0011-9";"111034";"4";"2021-02-26T00:00:00";"95";"0";"95";"2";"2021";"0";"";"";"1748322";"";"";"";"2227";"7160379";"https://www.camara.leg.br/cota-parlamentar/nota-fiscal-eletronica?ideDocumentoFiscal=7160379"
"Danilo Forte";"";"62881";"91";"2019";"CE";"PP";"56";"13";"FORNECIMENTO DE ALIMENTAÇÃO DO PARLAMENTAR";"0";"";"PBJM COMERCIO DE GENEROS ALIMENTICIOS LTDA";"090.541.580/0011-9";"121854";"0";"2021-06-09T00:00:00";"80";"0";"80";"6";"2021";"0";"";"";"1771237";"";"";"";"2227";"7206972";"https://www.camara.leg.br/cota-parlamentar/documentos/publ/2227/2021/7206972.pdf"
"Danilo Forte";"";"62881";"91";"2019";"CE";"PP";"56";"13";"FORNECIMENTO DE ALIMENTAÇÃO DO PARLAMENTAR";"0";"";"PBJM COMERCIO DE GENEROS ALIMENTICIOS LTDA";"090.541.580/0011-9";"144003";"0";"2021-12-23T00:00:00";"120";"0";"120";"12";"2021";"0";"";"";"1818897";"";"";"";"2227";"7310646";"https://www.camara.leg.br/cota-parlamentar/documentos/publ/2227/2021/7310646.pdf"
"Danilo Forte";"";"62881";"91";"2019";"CE";"PP";"56";"13";"FORNECIMENTO DE ALIMENTAÇÃO DO PARLAMENTAR";"0";"";"PH PINTO NETO ME";"061.538.750/0010-0";"033043";"0";"2021-12-31T00:00:00";"70";"0";"70";"12";"2021";"0";"";"";"1820020";"";"";"";"2227";"7312950";"https://www.camara.leg.br/cota-parlamentar/documentos/publ/2227/2022/7312950.pdf"
"Danilo Forte";"";"62881";"91";"2019";"CE";"PP";"56";"13";"FORNECIMENTO DE ALIMENTAÇÃO DO PARLAMENTAR";"0";"";"PORTUGUESA MAC LOPES DA SILVA";"328.869.600/0019-7";"118336";"0";"2021-05-08T00:00:00";"35";"0";"35";"5";"2021";"0";"";"";"1764667";"";"";"";"2227";"7193014";"https://www.camara.leg.br/cota-parlamentar/documentos/publ/2227/2021/7193014.pdf"
"Danilo Forte";"";"62881";"91";"2019";"CE";"PP";"56";"13";"FORNECIMENTO DE ALIMENTAÇÃO DO PARLAMENTAR";"0";"";"PORTUGUESA MAC LOPES DA SILVA";"328.869.600/0019-7";"230072255";"0";"2021-02-06T00:00:00";"30";"0";"30";"2";"2021";"0";"";"";"1751222";"";"";"";"2227";"7165186";"https://www.camara.leg.br/cota-parlamentar/documentos/publ/2227/2021/7165186.pdf"
"Danilo Forte";"";"62881";"91";"2019";"CE";"PP";"56";"13";"FORNECIMENTO DE ALIMENTAÇÃO DO PARLAMENTAR";"0";"";"PRIMUS BOUTIQUE COMERCVIO DE CARNES ESPECIAIS LTDA";"370.930.630/0022-0";"9262";"0";"2021-10-25T00:00:00";"49.37";"4.48";"44.89";"10";"2021";"0";"";"";"1803508";"";"";"";"2227";"7276555";"https://www.camara.leg.br/cota-parlamentar/documentos/publ/2227/2021/7276555.pdf"
"Danilo Forte";"";"62881";"91";"2019";"CE";"PP";"56";"13";"FORNECIMENTO DE ALIMENTAÇÃO DO PARLAMENTAR";"0";"";"PRINCESA DO NORTE CONCEITO";"202.415.420/0016-3";"236207";"0";"2021-07-23T00:00:00";"25";"0";"25";"7";"2021";"0";"";"";"1782874";"";"";"";"2227";"7230921";"https://www.camara.leg.br/cota-parlamentar/documentos/publ/2227/2021/7230921.pdf"
"Danilo Forte";"";"62881";"91";"2019";"CE";"PP";"56";"13";"FORNECIMENTO DE ALIMENTAÇÃO DO PARLAMENTAR";"0";"";"RESTAURANTE CACIQUE LTDA";"145.602.190/0015-0";"217446";"0";"2021-05-29T00:00:00";"25";"0";"25";"5";"2021";"0";"";"";"1769661";"";"";"";"2227";"7203690";"https://www.camara.leg.br/cota-parlamentar/documentos/publ/2227/2021/7203690.pdf"
"Danilo Forte";"";"62881";"91";"2019";"CE";"PP";"56";"13";"FORNECIMENTO DE ALIMENTAÇÃO DO PARLAMENTAR";"0";"";"RESTAURANTE CACIQUE LTDA";"145.602.190/0015-0";"236011";"0";"2021-07-11T00:00:00";"120";"0";"120";"7";"2021";"0";"";"";"1779047";"";"";"";"2227";"7222344";"https://www.camara.leg.br/cota-parlamentar/documentos/publ/2227/2021/7222344.pdf"
"Danilo Forte";"";"62881";"91";"2019";"CE";"PP";"56";"13";"FORNECIMENTO DE ALIMENTAÇÃO DO PARLAMENTAR";"0";"";"RESTAURANTE CACIQUE LTDA";"145.602.190/0015-0";"280803";"0";"2021-10-13T00:00:00";"15";"0";"15";"10";"2021";"0";"";"";"1801084";"";"";"";"2227";"7270821";"https://www.camara.leg.br/cota-parlamentar/documentos/publ/2227/2021/7270821.pdf"
"Danilo Forte";"";"62881";"91";"2019";"CE";"PP";"56";"13";"FORNECIMENTO DE ALIMENTAÇÃO DO PARLAMENTAR";"0";"";"RESTAURANTE CACIQUE LTDA";"145.602.190/0015-0";"319703";"0";"2021-12-31T00:00:00";"20";"0";"20";"12";"2021";"0";"";"";"1820020";"";"";"";"2227";"7312956";"https://www.camara.leg.br/cota-parlamentar/documentos/publ/2227/2022/7312956.pdf"
"Danilo Forte";"";"62881";"91";"2019";"CE";"PP";"56";"13";"FORNECIMENTO DE ALIMENTAÇÃO DO PARLAMENTAR";"0";"";"RESTAURANTE DA GRACA EIRELI";"266.662.860/0013-2";"2529";"0";"2021-11-30T00:00:00";"60";"0";"60";"11";"2021";"0";"";"";"1813043";"";"";"";"2227";"7297941";"https://www.camara.leg.br/cota-parlamentar/documentos/publ/2227/2021/7297941.pdf"
"Danilo Forte";"";"62881";"91";"2019";"CE";"PP";"56";"13";"FORNECIMENTO DE ALIMENTAÇÃO DO PARLAMENTAR";"0";"";"RESTAURANTE RNK EIRELLI";"170.803.320/0012-6";"012568";"0";"2021-02-15T00:00:00";"150";"0";"150";"2";"2021";"0";"";"";"1745650";"";"";"";"2227";"7154807";"https://www.camara.leg.br/cota-parlamentar/documentos/publ/2227/2021/7154807.pdf"
"Danilo Forte";"";"62881";"91";"2019";"CE";"PP";"56";"13";"FORNECIMENTO DE ALIMENTAÇÃO DO PARLAMENTAR";"0";"";"RITZ IGUATEMI BAR E LANCHES LTDA";"128.620.080/0014-6";"105802";"0";"2021-02-14T00:00:00";"90";"0";"90";"2";"2021";"0";"";"";"1745650";"";"";"";"2227";"7154819";"https://www.camara.leg.br/cota-parlamentar/documentos/publ/2227/2021/7154819.pdf"
"Danilo Forte";"";"62881";"91";"2019";"CE";"PP";"56";"13";"FORNECIMENTO DE ALIMENTAÇÃO DO PARLAMENTAR";"0";"";"SAL E BRASA E CHURRASCARIA LTDA";"073.425.410/0014-7";"065698";"0";"2021-08-28T00:00:00";"120";"31.53";"88.47";"8";"2021";"0";"";"";"1790283";"";"";"";"2227";"7247250";"https://www.camara.leg.br/cota-parlamentar/documentos/publ/2227/2021/7247250.pdf"
"Danilo Forte";"";"62881";"91";"2019";"CE";"PP";"56";"13";"FORNECIMENTO DE ALIMENTAÇÃO DO PARLAMENTAR";"0";"";"SAL E BRASA E CHURRASCARIA LTDA";"073.425.410/0014-7";"071945";"0";"2021-10-12T00:00:00";"95";"29.85";"65.15";"10";"2021";"0";"";"";"1801685";"";"";"";"2227";"7272440";"https://www.camara.leg.br/cota-parlamentar/documentos/publ/2227/2021/7272440.pdf"
"Danilo Forte";"";"62881";"91";"2019";"CE";"PP";"56";"13";"FORNECIMENTO DE ALIMENTAÇÃO DO PARLAMENTAR";"0";"";"SUPERDELI INDUSTRIA E COMERCIO DE ALIMENTOS LTDA";"051.025.310/0010-9";"028864";"0";"2021-09-06T00:00:00";"80";"0";"80";"9";"2021";"0";"";"";"1793518";"";"";"";"2227";"7254135";"https://www.camara.leg.br/cota-parlamentar/documentos/publ/2227/2021/7254135.pdf"
"Danilo Forte";"";"62881";"91";"2019";"CE";"PP";"56";"13";"FORNECIMENTO DE ALIMENTAÇÃO DO PARLAMENTAR";"0";"";"ZRC COMERCIO DE ALIMENTOS EIRELI";"276.882.390/0015-2";"26486";"0";"2021-07-14T00:00:00";"150";"0";"150";"7";"2021";"0";"";"";"1779780";"";"";"";"2227";"7223832";"https://www.camara.leg.br/cota-parlamentar/documentos/publ/2227/2021/7223832.pdf"
"Danilo Forte";"";"62881";"91";"2019";"CE";"PP";"56";"14";"HOSPEDAGEM ,EXCETO DO PARLAMENTAR NO DISTRITO FEDERAL.";"0";"";"GMC DE ARAUJO SOUSA-ME";"347.576.590/0010-9";"116";"0";"2021-05-31T00:00:00";"411";"0";"411";"5";"2021";"0";"";"";"1769044";"";"";"";"2227";"7202312";"https://www.camara.leg.br/cota-parlamentar/documentos/publ/2227/2021/7202312.pdf"
"Danilo Forte";"";"62881";"91";"2019";"CE";"PP";"56";"14";"HOSPEDAGEM ,EXCETO DO PARLAMENTAR NO DISTRITO FEDERAL.";"0";"";"GMC DE ARAUJO SOUSA-ME";"347.576.590/0010-9";"150";"0";"2021-09-27T00:00:00";"160";"0";"160";"9";"2021";"0";"";"";"1797006";"";"";"";"2227";"7262123";"https://www.camara.leg.br/cota-parlamentar/documentos/publ/2227/2021/7262123.pdf"
"Danilo Forte";"";"62881";"91";"2019";"CE";"PP";"56";"14";"HOSPEDAGEM ,EXCETO DO PARLAMENTAR NO DISTRITO FEDERAL.";"0";"";"ICH ADMINISTRACAO DE HOTEIS S.A.";"025.849.240/0380-8";"00070213";"0";"2021-03-06T00:00:00";"369.5";"0";"369.5";"3";"2021";"0";"";"";"1752856";"";"";"";"2227";"7168540";"https://www.camara.leg.br/cota-parlamentar/documentos/publ/2227/2021/7168540.pdf"
"Danilo Forte";"";"62881";"91";"2019";"CE";"PP";"56";"14";"HOSPEDAGEM ,EXCETO DO PARLAMENTAR NO DISTRITO FEDERAL.";"0";"";"ICH ADMINISTRACAO DE HOTEIS S.A.";"025.849.240/0380-8";"00070305";"0";"2021-03-13T00:00:00";"369.5";"0";"369.5";"3";"2021";"0";"";"";"1752310";"";"";"";"2227";"7167418";"https://www.camara.leg.br/cota-parlamentar/documentos/publ/2227/2021/7167418.pdf"
"Danilo Forte";"";"62881";"91";"2019";"CE";"PP";"56";"14";"HOSPEDAGEM ,EXCETO DO PARLAMENTAR NO DISTRITO FEDERAL.";"0";"";"ICH ADMINISTRACAO DE HOTEIS S.A.";"025.849.240/0380-8";"00070850";"0";"2021-04-14T00:00:00";"732.38";"0";"732.38";"4";"2021";"0";"";"";"1764211";"";"";"";"2227";"7191824";"https://www.camara.leg.br/cota-parlamentar/documentos/publ/2227/2021/7191824.pdf"
"Danilo Forte";"";"62881";"91";"2019";"CE";"PP";"56";"14";"HOSPEDAGEM ,EXCETO DO PARLAMENTAR NO DISTRITO FEDERAL.";"0";"";"ICH ADMINISTRACAO DE HOTEIS S.A.";"025.849.240/0380-8";"00071958";"0";"2021-05-24T00:00:00";"496";"0";"496";"5";"2021";"0";"";"";"1769476";"";"";"";"2227";"7203281";"https://www.camara.leg.br/cota-parlamentar/documentos/publ/2227/2021/7203281.pdf"
"Danilo Forte";"";"62881";"91";"2019";"CE";"PP";"56";"14";"HOSPEDAGEM ,EXCETO DO PARLAMENTAR NO DISTRITO FEDERAL.";"0";"";"ICH ADMINISTRACAO DE HOTEIS S.A.";"025.849.240/0380-8";"00075372";"0";"2021-10-04T00:00:00";"209.74";"0";"209.74";"10";"2021";"0";"";"";"1799945";"";"";"";"2227";"7268474";"https://www.camara.leg.br/cota-parlamentar/documentos/publ/2227/2021/7268474.pdf"
"Danilo Forte";"";"62881";"91";"2019";"CE";"PP";"56";"14";"HOSPEDAGEM ,EXCETO DO PARLAMENTAR NO DISTRITO FEDERAL.";"0";"";"ICH ADMINISTRACAO DE HOTEIS S.A.";"025.849.240/0380-8";"00075734";"0";"2021-10-18T00:00:00";"825.03";"0";"825.03";"10";"2021";"0";"";"";"1802504";"";"";"";"2227";"7274341";"https://www.camara.leg.br/cota-parlamentar/documentos/publ/2227/2021/7274341.pdf"
"Danilo Forte";"";"62881";"91";"2019";"CE";"PP";"56";"14";"HOSPEDAGEM ,EXCETO DO PARLAMENTAR NO DISTRITO FEDERAL.";"0";"";"M. DE F. VELOSO SOARES MOTA BASTOS & CIA LTDA";"102.941.870/0013-7";"0000014086";"0";"2021-10-28T00:00:00";"350";"0";"350";"10";"2021";"0";"";"";"1804548";"";"";"";"2227";"7279036";"https://www.camara.leg.br/cota-parlamentar/documentos/publ/2227/2021/7279036.pdf"
"Danilo Forte";"";"62881";"91";"2019";"CE";"PP";"56";"14";"HOSPEDAGEM ,EXCETO DO PARLAMENTAR NO DISTRITO FEDERAL.";"0";"";"MELIA BRASIL ADMINISTRACAO HOTELEIRA E COMERCIAL LTDA.";"624.138.770/0199-0";"00504722";"0";"2021-02-17T00:00:00";"1472.08";"0";"1472.08";"2";"2021";"0";"";"";"1749444";"";"";"";"2227";"7162580";"https://www.camara.leg.br/cota-parlamentar/documentos/publ/2227/2021/7162580.pdf"
"Danilo Forte";"";"62881";"91";"2019";"CE";"PP";"56";"14";"HOSPEDAGEM ,EXCETO DO PARLAMENTAR NO DISTRITO FEDERAL.";"0";"";"MELIA BRASIL ADMINISTRACAO HOTELEIRA E COMERCIAL LTDA.";"624.138.770/0199-0";"00507724";"0";"2021-06-15T00:00:00";"1672.3";"32.7";"1639.6";"6";"2021";"0";"";"";"1775608";"";"";"";"2227";"7215339";"https://www.camara.leg.br/cota-parlamentar/documentos/publ/2227/2021/7215339.pdf"
"Danilo Forte";"";"62881";"91";"2019";"CE";"PP";"56";"14";"HOSPEDAGEM ,EXCETO DO PARLAMENTAR NO DISTRITO FEDERAL.";"0";"";"MELIA BRASIL ADMINISTRACAO HOTELEIRA E COMERCIAL LTDA.";"624.138.770/0199-0";"00510359";"0";"2021-08-11T00:00:00";"1570.8";"0";"1570.8";"8";"2021";"0";"";"";"1786157";"";"";"";"2227";"7237983";"https://www.camara.leg.br/cota-parlamentar/documentos/publ/2227/2021/7237983.pdf"
"Danilo Forte";"";"62881";"91";"2019";"CE";"PP";"56";"14";"HOSPEDAGEM ,EXCETO DO PARLAMENTAR NO DISTRITO FEDERAL.";"0";"";"MELIA BRASIL ADMINISTRACAO HOTELEIRA E COMERCIAL LTDA.";"624.138.770/0199-0";"00512932";"0";"2021-09-27T00:00:00";"633.99";"5.85";"628.14";"9";"2021";"0";"";"";"1796809";"";"";"";"2227";"7261144";"https://www.camara.leg.br/cota-parlamentar/documentos/publ/2227/2021/7261144.pdf"
"Danilo Forte";"";"62881";"91";"2019";"CE";"PP";"56";"14";"HOSPEDAGEM ,EXCETO DO PARLAMENTAR NO DISTRITO FEDERAL.";"0";"";"MORUMBY HOTEIS LTDA";"603.424.250/0010-0";"794736";"0";"2021-11-09T00:00:00";"1219.96";"0";"1219.96";"11";"2021";"0";"";"";"1811540";"";"";"";"2227";"7294812";"https://www.camara.leg.br/cota-parlamentar/documentos/publ/2227/2021/7294812.pdf"
"Danilo Forte";"";"62881";"91";"2019";"CE";"PP";"56";"14";"HOSPEDAGEM ,EXCETO DO PARLAMENTAR NO DISTRITO FEDERAL.";"0";"";"PINHEIRO HOTEL - A. G. PINHEIRO APART HOTEL";"071.890.040/0010-9";"013772";"0";"2021-01-07T00:00:00";"315";"0";"315";"1";"2021";"0";"";"";"1738151";"";"";"";"2227";"7139237";"https://www.camara.leg.br/cota-parlamentar/documentos/publ/2227/2021/7139237.pdf"
"Danilo Forte";"";"62881";"91";"2019";"CE";"PP";"56";"14";"HOSPEDAGEM ,EXCETO DO PARLAMENTAR NO DISTRITO FEDERAL.";"0";"";"PONTES & LANDIM HOTELARIA E ALUGUEIS LTDA";"260.700.640/0015-2";"415";"0";"2021-08-04T00:00:00";"240";"0";"240";"8";"2021";"0";"";"";"1784715";"";"";"";"2227";"7234866";"https://www.camara.leg.br/cota-parlamentar/documentos/publ/2227/2021/7234866.pdf"
"Danilo Forte";"";"62881";"91";"2019";"CE";"PP";"56";"14";"HOSPEDAGEM ,EXCETO DO PARLAMENTAR NO DISTRITO FEDERAL.";"0";"";"SOUSA RIBEIRO MASSAS HOSPEDAGEM E TURISMO LTDA";"031.294.930/0015-2";"0000009866";"0";"2021-10-11T00:00:00";"150";"0";"150";"10";"2021";"0";"";"";"1801079";"";"";"";"2227";"7270828";"https://www.camara.leg.br/cota-parlamentar/documentos/publ/2227/2021/7270828.pdf"
"Danilo Forte";"";"62881";"91";"2019";"CE";"PP";"56";"14";"HOSPEDAGEM ,EXCETO DO PARLAMENTAR NO DISTRITO FEDERAL.";"0";"";"VERDE VALE HOTEL S/A";"070.273.780/0012-8";"0000049626";"0";"2021-09-25T00:00:00";"202";"0";"202";"9";"2021";"0";"";"";"1797006";"";"";"";"2227";"7262171";"https://www.camara.leg.br/cota-parlamentar/documentos/publ/2227/2021/7262171.pdf"
"Danilo Forte";"";"62881";"91";"2019";"CE";"PP";"56";"14";"HOSPEDAGEM ,EXCETO DO PARLAMENTAR NO DISTRITO FEDERAL.";"0";"";"VERDE VALE HOTEL S/A";"070.273.780/0012-8";"0000050691";"0";"2021-12-29T00:00:00";"606";"0";"606";"12";"2021";"0";"";"";"1819450";"";"";"";"2227";"7311806";"https://www.camara.leg.br/cota-parlamentar/documentos/publ/2227/2021/7311806.pdf"
"Danilo Forte";"";"62881";"91";"2019";"CE";"PP";"56";"14";"HOSPEDAGEM ,EXCETO DO PARLAMENTAR NO DISTRITO FEDERAL.";"0";"";"VITRINE EMPREENDIMENTOS LTDA";"060.338.350/0039-6";"0000041859";"0";"2021-10-23T00:00:00";"225.75";"0";"225.75";"10";"2021";"0";"";"";"1802758";"";"";"";"2227";"7274962";"https://www.camara.leg.br/cota-parlamentar/documentos/publ/2227/2021/7274962.pdf"
"Danilo Forte";"";"62881";"91";"2019";"CE";"PP";"56";"119";"LOCAÇÃO OU FRETAMENTO DE AERONAVES";"0";"";"NORTH STAR TAXI AEREO LTDA";"018.068.230/0025-2";"320";"0";"2021-08-02T00:00:00";"14000";"0";"14000";"8";"2021";"0";"";"";"1782880";"";"";"";"2227";"7230946";"https://www.camara.leg.br/cota-parlamentar/documentos/publ/2227/2021/7230946.pdf"
"Danilo Forte";"";"62881";"91";"2019";"CE";"PP";"56";"119";"LOCAÇÃO OU FRETAMENTO DE AERONAVES";"0";"";"NORTH STAR TAXI AEREO LTDA";"018.068.230/0025-2";"341";"0";"2021-08-24T00:00:00";"10000";"0";"10000";"8";"2021";"0";"";"";"1791296";"";"";"";"2227";"7249320";"https://www.camara.leg.br/cota-parlamentar/documentos/publ/2227/2021/7249320.pdf"
"Danilo Forte";"";"62881";"91";"2019";"CE";"PP";"56";"120";"LOCAÇÃO OU FRETAMENTO DE VEÍCULOS AUTOMOTORES";"0";"";"LOCALIZA RENT A CAR SA";"166.700.850/5262-7";"78731";"1";"2021-09-28T00:00:00";"1962.15";"30";"1932.15";"9";"2021";"0";"";"";"1813014";"";"";"";"2227";"7297862";"https://www.camara.leg.br/cota-parlamentar/documentos/publ/2227/2021/7297862.pdf"
"Danilo Forte";"";"62881";"91";"2019";"CE";"PP";"56";"122";"SERVIÇO DE TÁXI, PEDÁGIO E ESTACIONAMENTO";"0";"";"GGFF INTERMEDIACAO E NEGOCIO EM GERAL LTDA.";"335.513.880/0017-8";"020229";"1";"2021-08-02T00:00:00";"28.59";"0";"28.59";"8";"2021";"0";"";"";"1782930";"";"";"";"2227";"7231111";"https://www.camara.leg.br/cota-parlamentar/documentos/publ/2227/2021/7231111.pdf"
"Norma Ayub";"";"66179";"282";"2019";"ES";"PP";"56";"1";"MANUTENÇÃO DE ESCRITÓRIO DE APOIO À ATIVIDADE PARLAMENTAR";"0";"";"A NOSSA LIVRARIA,PAPELARIA E INFORMATICA LTDA ME";"048.082.680/0010-5";"22622";"4";"2021-09-02T00:00:00";"40";"0";"40";"9";"2021";"0";"";"";"1790984";"";"";"";"3163";"7248728";"https://www.camara.leg.br/cota-parlamentar/nota-fiscal-eletronica?ideDocumentoFiscal=7248728"
"Norma Ayub";"";"66179";"282";"2019";"ES";"PP";"56";"1";"MANUTENÇÃO DE ESCRITÓRIO DE APOIO À ATIVIDADE PARLAMENTAR";"0";"";"ATACADO SAO PAULO LTDA";"284.100.740/0011-5";"122706";"4";"2021-02-25T00:00:00";"263.71";"12.68";"251.03";"2";"2021";"0";"";"";"1747541";"";"";"";"3163";"7158867";"https://www.camara.leg.br/cota-parlamentar/nota-fiscal-eletronica?ideDocumentoFiscal=7158867"
"Norma Ayub";"";"66179";"282";"2019";"ES";"PP";"56";"1";"MANUTENÇÃO DE ESCRITÓRIO DE APOIO À ATIVIDADE PARLAMENTAR";"0";"";"ATACADO SAO PAULO LTDA";"284.100.740/0011-5";"142502";"4";"2021-08-03T00:00:00";"83.3";"13.1";"70.2";"8";"2021";"0";"";"";"1782721";"";"";"";"3163";"7230516";"https://www.camara.leg.br/cota-parlamentar/nota-fiscal-eletronica?ideDocumentoFiscal=7230516"
"Norma Ayub";"";"66179";"282";"2019";"ES";"PP";"56";"1";"MANUTENÇÃO DE ESCRITÓRIO DE APOIO À ATIVIDADE PARLAMENTAR";"0";"";"COMERCIAL DE SERVICOS UNIAO LTDA ME";"058.072.000/0017-4";"6709";"4";"2021-06-24T00:00:00";"9.2";"0";"9.2";"6";"2021";"0";"";"";"1774407";"";"";"";"3163";"7212741";"https://www.camara.leg.br/cota-parlamentar/nota-fiscal-eletronica?ideDocumentoFiscal=7212741"
"Norma Ayub";"";"66179";"282";"2019";"ES";"PP";"56";"1";"MANUTENÇÃO DE ESCRITÓRIO DE APOIO À ATIVIDADE PARLAMENTAR";"0";"";"CONDOMINIO EDIFICIO MASTER TOWER";"047.883.560/0019-2";"00588554";"1";"2021-07-30T00:00:00";"405.54";"15.86";"389.68";"8";"2021";"0";"";"";"1782824";"";"";"";"3163";"7230588";"https://www.camara.leg.br/cota-parlamentar/documentos/publ/3163/2021/7230588.pdf"
"Norma Ayub";"";"66179";"282";"2019";"ES";"PP";"56";"1";"MANUTENÇÃO DE ESCRITÓRIO DE APOIO À ATIVIDADE PARLAMENTAR";"0";"";"CONDOMINIO EDIFICIO MASTER TOWER";"047.883.560/0019-2";"00588555";"1";"2021-07-30T00:00:00";"414";"16.19";"397.81";"8";"2021";"0";"";"";"1782824";"";"";"";"3163";"7230820";"https://www.camara.leg.br/cota-parlamentar/documentos/publ/3163/2021/7230820.pdf"
"Norma Ayub";"";"66179";"282";"2019";"ES";"PP";"56";"1";"MANUTENÇÃO DE ESCRITÓRIO DE APOIO À ATIVIDADE PARLAMENTAR";"0";"";"COPITEC";"394.015.260/0011-9";"6040";"1";"2021-02-22T00:00:00";"129.23";"0";"129.23";"2";"2021";"0";"";"";"1747735";"";"";"";"3163";"7158453";"https://www.camara.leg.br/cota-parlamentar/documentos/publ/3163/2021/7158453.pdf"
"Norma Ayub";"";"66179";"282";"2019";"ES";"PP";"56";"1";"MANUTENÇÃO DE ESCRITÓRIO DE APOIO À ATIVIDADE PARLAMENTAR";"0";"";"COPITEC COMERCIO E SERVICOS DE INFORMATICA EIRELI";"394.015.260/0011-9";"5899";"1";"2021-01-22T00:00:00";"129.23";"0";"129.23";"1";"2021";"0";"";"";"1740519";"";"";"";"3163";"7144396";"https://www.camara.leg.br/cota-parlamentar/documentos/publ/3163/2021/7144396.pdf"
"Norma Ayub";"";"66179";"282";"2019";"ES";"PP";"56";"1";"MANUTENÇÃO DE ESCRITÓRIO DE APOIO À ATIVIDADE PARLAMENTAR";"0";"";"EDP ESPIRITO SANTO DISTRIBUICAO DE ENERGIA S.A.";"281.526.500/0017-1";"061346067";"0";"2021-01-26T00:00:00";"36.11";"0";"36.11";"1";"2021";"0";"";"";"1744200";"";"";"";"3163";"7151922";"https://www.camara.leg.br/cota-parlamentar/documentos/publ/3163/2021/7151922.pdf"
"Norma Ayub";"";"66179";"282";"2019";"ES";"PP";"56";"1";"MANUTENÇÃO DE ESCRITÓRIO DE APOIO À ATIVIDADE PARLAMENTAR";"0";"";"EDP ESPIRITO SANTO DISTRIBUICAO DE ENERGIA S.A.";"281.526.500/0017-1";"061346202";"0";"2021-01-26T00:00:00";"36.11";"0";"36.11";"1";"2021";"0";"";"";"1744200";"";"";"";"3163";"7151919";"https://www.camara.leg.br/cota-parlamentar/documentos/publ/3163/2021/7151919.pdf"
"Norma Ayub";"";"66179";"282";"2019";"ES";"PP";"56";"1";"MANUTENÇÃO DE ESCRITÓRIO DE APOIO À ATIVIDADE PARLAMENTAR";"0";"";"EDP ESPIRITO SANTO DISTRIBUICAO DE ENERGIA S.A.";"281.526.500/0017-1";"061346246";"0";"2021-01-26T00:00:00";"36.11";"0";"36.11";"1";"2021";"0";"";"";"1744200";"";"";"";"3163";"7151917";"https://www.camara.leg.br/cota-parlamentar/documentos/publ/3163/2021/7151917.pdf"
"Norma Ayub";"";"66179";"282";"2019";"ES";"PP";"56";"1";"MANUTENÇÃO DE ESCRITÓRIO DE APOIO À ATIVIDADE PARLAMENTAR";"0";"";"EDP ESPIRITO SANTO DISTRIBUICAO DE ENERGIA S.A.";"281.526.500/0017-1";"061346299";"0";"2021-01-26T00:00:00";"36.11";"0";"36.11";"1";"2021";"0";"";"";"1744200";"";"";"";"3163";"7151924";"https://www.camara.leg.br/cota-parlamentar/documentos/publ/3163/2021/7151924.pdf"
"Norma Ayub";"";"66179";"282";"2019";"ES";"PP";"56";"1";"MANUTENÇÃO DE ESCRITÓRIO DE APOIO À ATIVIDADE PARLAMENTAR";"0";"";"EDP ESPIRITO SANTO DISTRIBUICAO DE ENERGIA S.A.";"281.526.500/0017-1";"063082963";"0";"2021-02-24T00:00:00";"36.3";"0";"36.3";"2";"2021";"0";"";"";"1750574";"";"";"";"3163";"7163923";"https://www.camara.leg.br/cota-parlamentar/documentos/publ/3163/2021/7163923.pdf"
"Norma Ayub";"";"66179";"282";"2019";"ES";"PP";"56";"1";"MANUTENÇÃO DE ESCRITÓRIO DE APOIO À ATIVIDADE PARLAMENTAR";"0";"";"EDP ESPIRITO SANTO DISTRIBUICAO DE ENERGIA S.A.";"281.526.500/0017-1";"063083065";"0";"2021-02-24T00:00:00";"36.3";"0";"36.3";"2";"2021";"0";"";"";"1750574";"";"";"";"3163";"7163927";"https://www.camara.leg.br/cota-parlamentar/documentos/publ/3163/2021/7163927.pdf"
"Norma Ayub";"";"66179";"282";"2019";"ES";"PP";"56";"1";"MANUTENÇÃO DE ESCRITÓRIO DE APOIO À ATIVIDADE PARLAMENTAR";"0";"";"EDP ESPIRITO SANTO DISTRIBUICAO DE ENERGIA S.A.";"281.526.500/0017-1";"063083118";"0";"2021-02-24T00:00:00";"73.56";"0";"73.56";"2";"2021";"0";"";"";"1750574";"";"";"";"3163";"7163931";"https://www.camara.leg.br/cota-parlamentar/documentos/publ/3163/2021/7163931.pdf"
"Norma Ayub";"";"66179";"282";"2019";"ES";"PP";"56";"1";"MANUTENÇÃO DE ESCRITÓRIO DE APOIO À ATIVIDADE PARLAMENTAR";"0";"";"EDP ESPIRITO SANTO DISTRIBUICAO DE ENERGIA S.A.";"281.526.500/0017-1";"063083171";"0";"2021-02-24T00:00:00";"37.14";"0";"37.14";"2";"2021";"0";"";"";"1750574";"";"";"";"3163";"7163933";"https://www.camara.leg.br/cota-parlamentar/documentos/publ/3163/2021/7163933.pdf"
"Norma Ayub";"";"66179";"282";"2019";"ES";"PP";"56";"1";"MANUTENÇÃO DE ESCRITÓRIO DE APOIO À ATIVIDADE PARLAMENTAR";"0";"";"EDP ESPIRITO SANTO DISTRIBUICAO DE ENERGIA S.A.";"281.526.500/0017-1";"064943942";"0";"2021-03-29T00:00:00";"37";"0";"37";"3";"2021";"0";"";"";"1755633";"";"";"";"3163";"7173927";"https://www.camara.leg.br/cota-parlamentar/documentos/publ/3163/2021/7173927.pdf"
"Norma Ayub";"";"66179";"282";"2019";"ES";"PP";"56";"1";"MANUTENÇÃO DE ESCRITÓRIO DE APOIO À ATIVIDADE PARLAMENTAR";"0";"";"EDP ESPIRITO SANTO DISTRIBUICAO DE ENERGIA S.A.";"281.526.500/0017-1";"064943943";"0";"2021-03-29T00:00:00";"37";"0";"37";"3";"2021";"0";"";"";"1755633";"";"";"";"3163";"7173924";"https://www.camara.leg.br/cota-parlamentar/documentos/publ/3163/2021/7173924.pdf"
"Norma Ayub";"";"66179";"282";"2019";"ES";"PP";"56";"1";"MANUTENÇÃO DE ESCRITÓRIO DE APOIO À ATIVIDADE PARLAMENTAR";"0";"";"EDP ESPIRITO SANTO DISTRIBUICAO DE ENERGIA S.A.";"281.526.500/0017-1";"064943944";"0";"2021-03-29T00:00:00";"60.45";"0";"60.45";"3";"2021";"0";"";"";"1755633";"";"";"";"3163";"7173935";"https://www.camara.leg.br/cota-parlamentar/documentos/publ/3163/2021/7173935.pdf"
"Norma Ayub";"";"66179";"282";"2019";"ES";"PP";"56";"1";"MANUTENÇÃO DE ESCRITÓRIO DE APOIO À ATIVIDADE PARLAMENTAR";"0";"";"EDP ESPIRITO SANTO DISTRIBUICAO DE ENERGIA S.A.";"281.526.500/0017-1";"064943945";"0";"2021-03-29T00:00:00";"71.67";"0";"71.67";"3";"2021";"0";"";"";"1755633";"";"";"";"3163";"7173931";"https://www.camara.leg.br/cota-parlamentar/documentos/publ/3163/2021/7173931.pdf"
"Norma Ayub";"";"66179";"282";"2019";"ES";"PP";"56";"1";"MANUTENÇÃO DE ESCRITÓRIO DE APOIO À ATIVIDADE PARLAMENTAR";"0";"";"EDP ESPIRITO SANTO DISTRIBUICAO DE ENERGIA S.A.";"281.526.500/0017-1";"066651561";"0";"2021-04-28T00:00:00";"36.45";"0";"36.45";"4";"2021";"0";"";"";"1763814";"";"";"";"3163";"7190902";"https://www.camara.leg.br/cota-parlamentar/documentos/publ/3163/2021/7190902.pdf"
"Norma Ayub";"";"66179";"282";"2019";"ES";"PP";"56";"1";"MANUTENÇÃO DE ESCRITÓRIO DE APOIO À ATIVIDADE PARLAMENTAR";"0";"";"EDP ESPIRITO SANTO DISTRIBUICAO DE ENERGIA S.A.";"281.526.500/0017-1";"066651562";"0";"2021-04-28T00:00:00";"36.45";"0";"36.45";"4";"2021";"0";"";"";"1763814";"";"";"";"3163";"7190899";"https://www.camara.leg.br/cota-parlamentar/documentos/publ/3163/2021/7190899.pdf"
"Norma Ayub";"";"66179";"282";"2019";"ES";"PP";"56";"1";"MANUTENÇÃO DE ESCRITÓRIO DE APOIO À ATIVIDADE PARLAMENTAR";"0";"";"EDP ESPIRITO SANTO DISTRIBUICAO DE ENERGIA S.A.";"281.526.500/0017-1";"066651563";"0";"2021-04-28T00:00:00";"36.45";"0";"36.45";"4";"2021";"0";"";"";"1763814";"";"";"";"3163";"7190913";"https://www.camara.leg.br/cota-parlamentar/documentos/publ/3163/2021/7190913.pdf"
"Norma Ayub";"";"66179";"282";"2019";"ES";"PP";"56";"1";"MANUTENÇÃO DE ESCRITÓRIO DE APOIO À ATIVIDADE PARLAMENTAR";"0";"";"EDP ESPIRITO SANTO DISTRIBUICAO DE ENERGIA S.A.";"281.526.500/0017-1";"066651564";"0";"2021-04-28T00:00:00";"109.48";"0";"109.48";"4";"2021";"0";"";"";"1763814";"";"";"";"3163";"7190910";"https://www.camara.leg.br/cota-parlamentar/documentos/publ/3163/2021/7190910.pdf"
"Norma Ayub";"";"66179";"282";"2019";"ES";"PP";"56";"1";"MANUTENÇÃO DE ESCRITÓRIO DE APOIO À ATIVIDADE PARLAMENTAR";"0";"";"EDP ESPIRITO SANTO DISTRIBUICAO DE ENERGIA S.A.";"281.526.500/0017-1";"068365424";"0";"2021-05-28T00:00:00";"37.65";"0";"37.65";"5";"2021";"0";"";"";"1767685";"";"";"";"3163";"7199527";"https://www.camara.leg.br/cota-parlamentar/documentos/publ/3163/2021/7199527.pdf"
"Norma Ayub";"";"66179";"282";"2019";"ES";"PP";"56";"1";"MANUTENÇÃO DE ESCRITÓRIO DE APOIO À ATIVIDADE PARLAMENTAR";"0";"";"EDP ESPIRITO SANTO DISTRIBUICAO DE ENERGIA S.A.";"281.526.500/0017-1";"068365425";"0";"2021-05-28T00:00:00";"37.65";"0";"37.65";"5";"2021";"0";"";"";"1767685";"";"";"";"3163";"7199520";"https://www.camara.leg.br/cota-parlamentar/documentos/publ/3163/2021/7199520.pdf"
"Norma Ayub";"";"66179";"282";"2019";"ES";"PP";"56";"1";"MANUTENÇÃO DE ESCRITÓRIO DE APOIO À ATIVIDADE PARLAMENTAR";"0";"";"EDP ESPIRITO SANTO DISTRIBUICAO DE ENERGIA S.A.";"281.526.500/0017-1";"068365426";"0";"2021-05-28T00:00:00";"38.3";"0";"38.3";"5";"2021";"0";"";"";"1767685";"";"";"";"3163";"7199538";"https://www.camara.leg.br/cota-parlamentar/documentos/publ/3163/2021/7199538.pdf"
"Norma Ayub";"";"66179";"282";"2019";"ES";"PP";"56";"1";"MANUTENÇÃO DE ESCRITÓRIO DE APOIO À ATIVIDADE PARLAMENTAR";"0";"";"EDP ESPIRITO SANTO DISTRIBUICAO DE ENERGIA S.A.";"281.526.500/0017-1";"068365427";"0";"2021-05-28T00:00:00";"39.62";"0";"39.62";"5";"2021";"0";"";"";"1767685";"";"";"";"3163";"7199533";"https://www.camara.leg.br/cota-parlamentar/documentos/publ/3163/2021/7199533.pdf"
"Norma Ayub";"";"66179";"282";"2019";"ES";"PP";"56";"1";"MANUTENÇÃO DE ESCRITÓRIO DE APOIO À ATIVIDADE PARLAMENTAR";"0";"";"EDP ESPIRITO SANTO DISTRIBUICAO DE ENERGIA S.A.";"281.526.500/0017-1";"070091378";"0";"2021-06-28T00:00:00";"38.31";"0";"38.31";"6";"2021";"0";"";"";"1777588";"";"";"";"3163";"7219220";"https://www.camara.leg.br/cota-parlamentar/documentos/publ/3163/2021/7219220.pdf"
"Norma Ayub";"";"66179";"282";"2019";"ES";"PP";"56";"1";"MANUTENÇÃO DE ESCRITÓRIO DE APOIO À ATIVIDADE PARLAMENTAR";"0";"";"EDP ESPIRITO SANTO DISTRIBUICAO DE ENERGIA S.A.";"281.526.500/0017-1";"070091379";"0";"2021-06-28T00:00:00";"39.15";"0";"39.15";"6";"2021";"0";"";"";"1777588";"";"";"";"3163";"7219219";"https://www.camara.leg.br/cota-parlamentar/documentos/publ/3163/2021/7219219.pdf"
"Norma Ayub";"";"66179";"282";"2019";"ES";"PP";"56";"1";"MANUTENÇÃO DE ESCRITÓRIO DE APOIO À ATIVIDADE PARLAMENTAR";"0";"";"EDP ESPIRITO SANTO DISTRIBUICAO DE ENERGIA S.A.";"281.526.500/0017-1";"070091380";"0";"2021-06-28T00:00:00";"38.31";"0";"38.31";"6";"2021";"0";"";"";"1777588";"";"";"";"3163";"7219222";"https://www.camara.leg.br/cota-parlamentar/documentos/publ/3163/2021/7219222.pdf"
"Norma Ayub";"";"66179";"282";"2019";"ES";"PP";"56";"1";"MANUTENÇÃO DE ESCRITÓRIO DE APOIO À ATIVIDADE PARLAMENTAR";"0";"";"EDP ESPIRITO SANTO DISTRIBUICAO DE ENERGIA S.A.";"281.526.500/0017-1";"070091381";"0";"2021-06-28T00:00:00";"39.15";"0";"39.15";"6";"2021";"0";"";"";"1777588";"";"";"";"3163";"7219221";"https://www.camara.leg.br/cota-parlamentar/documentos/publ/3163/2021/7219221.pdf"
"Norma Ayub";"";"66179";"282";"2019";"ES";"PP";"56";"1";"MANUTENÇÃO DE ESCRITÓRIO DE APOIO À ATIVIDADE PARLAMENTAR";"0";"";"EDP ESPIRITO SANTO DISTRIBUICAO DE ENERGIA S.A.";"281.526.500/0017-1";"071813847";"0";"2021-07-28T00:00:00";"41.23";"0";"41.23";"7";"2021";"0";"";"";"1784837";"";"";"";"3163";"7235147";"https://www.camara.leg.br/cota-parlamentar/documentos/publ/3163/2021/7235147.pdf"
"Norma Ayub";"";"66179";"282";"2019";"ES";"PP";"56";"1";"MANUTENÇÃO DE ESCRITÓRIO DE APOIO À ATIVIDADE PARLAMENTAR";"0";"";"EDP ESPIRITO SANTO DISTRIBUICAO DE ENERGIA S.A.";"281.526.500/0017-1";"071813848";"0";"2021-07-28T00:00:00";"41.23";"0";"41.23";"7";"2021";"0";"";"";"1784837";"";"";"";"3163";"7235144";"https://www.camara.leg.br/cota-parlamentar/documentos/publ/3163/2021/7235144.pdf"
"Norma Ayub";"";"66179";"282";"2019";"ES";"PP";"56";"1";"MANUTENÇÃO DE ESCRITÓRIO DE APOIO À ATIVIDADE PARLAMENTAR";"0";"";"EDP ESPIRITO SANTO DISTRIBUICAO DE ENERGIA S.A.";"281.526.500/0017-1";"071813849";"0";"2021-07-28T00:00:00";"41.23";"0";"41.23";"7";"2021";"0";"";"";"1784837";"";"";"";"3163";"7235149";"https://www.camara.leg.br/cota-parlamentar/documentos/publ/3163/2021/7235149.pdf"
"Norma Ayub";"";"66179";"282";"2019";"ES";"PP";"56";"1";"MANUTENÇÃO DE ESCRITÓRIO DE APOIO À ATIVIDADE PARLAMENTAR";"0";"";"EDP ESPIRITO SANTO DISTRIBUICAO DE ENERGIA S.A.";"281.526.500/0017-1";"071813850";"0";"2021-07-28T00:00:00";"98.91";"0";"98.91";"7";"2021";"0";"";"";"1784837";"";"";"";"3163";"7235148";"https://www.camara.leg.br/cota-parlamentar/documentos/publ/3163/2021/7235148.pdf"
"Norma Ayub";"";"66179";"282";"2019";"ES";"PP";"56";"1";"MANUTENÇÃO DE ESCRITÓRIO DE APOIO À ATIVIDADE PARLAMENTAR";"0";"";"EDP ESPIRITO SANTO DISTRIBUICAO DE ENERGIA S.A.";"281.526.500/0017-1";"073536732";"0";"2021-08-26T00:00:00";"43.75";"0";"43.75";"8";"2021";"0";"";"";"1792570";"";"";"";"3163";"7252068";"https://www.camara.leg.br/cota-parlamentar/documentos/publ/3163/2021/7252068.pdf"
"Norma Ayub";"";"66179";"282";"2019";"ES";"PP";"56";"1";"MANUTENÇÃO DE ESCRITÓRIO DE APOIO À ATIVIDADE PARLAMENTAR";"0";"";"EDP ESPIRITO SANTO DISTRIBUICAO DE ENERGIA S.A.";"281.526.500/0017-1";"073536733";"0";"2021-08-26T00:00:00";"43.75";"0";"43.75";"8";"2021";"0";"";"";"1792570";"";"";"";"3163";"7252067";"https://www.camara.leg.br/cota-parlamentar/documentos/publ/3163/2021/7252067.pdf"
"Norma Ayub";"";"66179";"282";"2019";"ES";"PP";"56";"1";"MANUTENÇÃO DE ESCRITÓRIO DE APOIO À ATIVIDADE PARLAMENTAR";"0";"";"EDP ESPIRITO SANTO DISTRIBUICAO DE ENERGIA S.A.";"281.526.500/0017-1";"073536734";"0";"2021-08-26T00:00:00";"43.75";"0";"43.75";"8";"2021";"0";"";"";"1792570";"";"";"";"3163";"7252071";"https://www.camara.leg.br/cota-parlamentar/documentos/publ/3163/2021/7252071.pdf"
"Norma Ayub";"";"66179";"282";"2019";"ES";"PP";"56";"1";"MANUTENÇÃO DE ESCRITÓRIO DE APOIO À ATIVIDADE PARLAMENTAR";"0";"";"EDP ESPIRITO SANTO DISTRIBUICAO DE ENERGIA S.A.";"281.526.500/0017-1";"073536735";"0";"2021-08-26T00:00:00";"140.35";"0";"140.35";"8";"2021";"0";"";"";"1792570";"";"";"";"3163";"7252069";"https://www.camara.leg.br/cota-parlamentar/documentos/publ/3163/2021/7252069.pdf"
"Norma Ayub";"";"66179";"282";"2019";"ES";"PP";"56";"1";"MANUTENÇÃO DE ESCRITÓRIO DE APOIO À ATIVIDADE PARLAMENTAR";"0";"";"EDP ESPIRITO SANTO DISTRIBUICAO DE ENERGIA S.A.";"281.526.500/0017-1";"075271985";"0";"2021-09-28T00:00:00";"46.64";"0";"46.64";"9";"2021";"0";"";"";"1797905";"";"";"";"3163";"7264254";"https://www.camara.leg.br/cota-parlamentar/documentos/publ/3163/2021/7264254.pdf"
"Norma Ayub";"";"66179";"282";"2019";"ES";"PP";"56";"1";"MANUTENÇÃO DE ESCRITÓRIO DE APOIO À ATIVIDADE PARLAMENTAR";"0";"";"EDP ESPIRITO SANTO DISTRIBUICAO DE ENERGIA S.A.";"281.526.500/0017-1";"075271986";"0";"2021-09-28T00:00:00";"65.27";"0";"65.27";"9";"2021";"0";"";"";"1797905";"";"";"";"3163";"7264248";"https://www.camara.leg.br/cota-parlamentar/documentos/publ/3163/2021/7264248.pdf"
"Norma Ayub";"";"66179";"282";"2019";"ES";"PP";"56";"1";"MANUTENÇÃO DE ESCRITÓRIO DE APOIO À ATIVIDADE PARLAMENTAR";"0";"";"EDP ESPIRITO SANTO DISTRIBUICAO DE ENERGIA S.A.";"281.526.500/0017-1";"075271987";"0";"2021-09-28T00:00:00";"47.48";"0";"47.48";"9";"2021";"0";"";"";"1797905";"";"";"";"3163";"7264260";"https://www.camara.leg.br/cota-parlamentar/documentos/publ/3163/2021/7264260.pdf"
"Norma Ayub";"";"66179";"282";"2019";"ES";"PP";"56";"1";"MANUTENÇÃO DE ESCRITÓRIO DE APOIO À ATIVIDADE PARLAMENTAR";"0";"";"EDP ESPIRITO SANTO DISTRIBUICAO DE ENERGIA S.A.";"281.526.500/0017-1";"075271988";"0";"2021-09-28T00:00:00";"206.6";"0";"206.6";"9";"2021";"0";"";"";"1797905";"";"";"";"3163";"7264257";"https://www.camara.leg.br/cota-parlamentar/documentos/publ/3163/2021/7264257.pdf"
"Norma Ayub";"";"66179";"282";"2019";"ES";"PP";"56";"1";"MANUTENÇÃO DE ESCRITÓRIO DE APOIO À ATIVIDADE PARLAMENTAR";"0";"";"EDP ESPIRITO SANTO DISTRIBUICAO DE ENERGIA S.A.";"281.526.500/0017-1";"077002701";"0";"2021-10-28T00:00:00";"48.08";"0";"48.08";"10";"2021";"0";"";"";"1806493";"";"";"";"3163";"7283181";"https://www.camara.leg.br/cota-parlamentar/documentos/publ/3163/2021/7283181.pdf"
"Norma Ayub";"";"66179";"282";"2019";"ES";"PP";"56";"1";"MANUTENÇÃO DE ESCRITÓRIO DE APOIO À ATIVIDADE PARLAMENTAR";"0";"";"EDP ESPIRITO SANTO DISTRIBUICAO DE ENERGIA S.A.";"281.526.500/0017-1";"077002702";"0";"2021-10-28T00:00:00";"48.92";"0";"48.92";"10";"2021";"0";"";"";"1806493";"";"";"";"3163";"7283178";"https://www.camara.leg.br/cota-parlamentar/documentos/publ/3163/2021/7283178.pdf"
"Norma Ayub";"";"66179";"282";"2019";"ES";"PP";"56";"1";"MANUTENÇÃO DE ESCRITÓRIO DE APOIO À ATIVIDADE PARLAMENTAR";"0";"";"EDP ESPIRITO SANTO DISTRIBUICAO DE ENERGIA S.A.";"281.526.500/0017-1";"077002703";"0";"2021-10-28T00:00:00";"79.11";"0";"79.11";"10";"2021";"0";"";"";"1806493";"";"";"";"3163";"7283186";"https://www.camara.leg.br/cota-parlamentar/documentos/publ/3163/2021/7283186.pdf"
"Norma Ayub";"";"66179";"282";"2019";"ES";"PP";"56";"1";"MANUTENÇÃO DE ESCRITÓRIO DE APOIO À ATIVIDADE PARLAMENTAR";"0";"";"EDP ESPIRITO SANTO DISTRIBUICAO DE ENERGIA S.A.";"281.526.500/0017-1";"077002704";"0";"2021-10-28T00:00:00";"231.5";"0";"231.5";"10";"2021";"0";"";"";"1806493";"";"";"";"3163";"7283184";"https://www.camara.leg.br/cota-parlamentar/documentos/publ/3163/2021/7283184.pdf"
"Norma Ayub";"";"66179";"282";"2019";"ES";"PP";"56";"1";"MANUTENÇÃO DE ESCRITÓRIO DE APOIO À ATIVIDADE PARLAMENTAR";"0";"";"EDP ESPIRITO SANTO DISTRIBUICAO DE ENERGIA S.A.";"281.526.500/0017-1";"078739141";"0";"2021-11-26T00:00:00";"48.08";"0";"48.08";"11";"2021";"0";"";"";"1813056";"";"";"";"3163";"7297980";"https://www.camara.leg.br/cota-parlamentar/documentos/publ/3163/2021/7297980.pdf"
"Norma Ayub";"";"66179";"282";"2019";"ES";"PP";"56";"1";"MANUTENÇÃO DE ESCRITÓRIO DE APOIO À ATIVIDADE PARLAMENTAR";"0";"";"EDP ESPIRITO SANTO DISTRIBUICAO DE ENERGIA S.A.";"281.526.500/0017-1";"078739142";"0";"2021-11-26T00:00:00";"48.92";"0";"48.92";"11";"2021";"0";"";"";"1813056";"";"";"";"3163";"7297972";"https://www.camara.leg.br/cota-parlamentar/documentos/publ/3163/2021/7297972.pdf"
"Norma Ayub";"";"66179";"282";"2019";"ES";"PP";"56";"1";"MANUTENÇÃO DE ESCRITÓRIO DE APOIO À ATIVIDADE PARLAMENTAR";"0";"";"EDP ESPIRITO SANTO DISTRIBUICAO DE ENERGIA S.A.";"281.526.500/0017-1";"078739143";"0";"2021-11-26T00:00:00";"48.92";"0";"48.92";"11";"2021";"0";"";"";"1813056";"";"";"";"3163";"7297993";"https://www.camara.leg.br/cota-parlamentar/documentos/publ/3163/2021/7297993.pdf"
"Norma Ayub";"";"66179";"282";"2019";"ES";"PP";"56";"1";"MANUTENÇÃO DE ESCRITÓRIO DE APOIO À ATIVIDADE PARLAMENTAR";"0";"";"EDP ESPIRITO SANTO DISTRIBUICAO DE ENERGIA S.A.";"281.526.500/0017-1";"078739144";"0";"2021-11-26T00:00:00";"215.24";"0";"215.24";"11";"2021";"0";"";"";"1813056";"";"";"";"3163";"7297985";"https://www.camara.leg.br/cota-parlamentar/documentos/publ/3163/2021/7297985.pdf"
"Norma Ayub";"";"66179";"282";"2019";"ES";"PP";"56";"1";"MANUTENÇÃO DE ESCRITÓRIO DE APOIO À ATIVIDADE PARLAMENTAR";"0";"";"EDP ESPIRITO SANTO DISTRIBUICAO DE ENERGIA S.A.";"281.526.500/0017-1";"080496834";"0";"2021-12-28T00:00:00";"48.08";"0";"48.08";"12";"2021";"0";"";"";"1820522";"";"";"";"3163";"7313969";"https://www.camara.leg.br/cota-parlamentar/documentos/publ/3163/2022/7313969.pdf"
"Norma Ayub";"";"66179";"282";"2019";"ES";"PP";"56";"1";"MANUTENÇÃO DE ESCRITÓRIO DE APOIO À ATIVIDADE PARLAMENTAR";"0";"";"EDP ESPIRITO SANTO DISTRIBUICAO DE ENERGIA S.A.";"281.526.500/0017-1";"080496835";"0";"2021-12-28T00:00:00";"74.79";"0";"74.79";"12";"2021";"0";"";"";"1820522";"";"";"";"3163";"7313971";"https://www.camara.leg.br/cota-parlamentar/documentos/publ/3163/2022/7313971.pdf"
"Norma Ayub";"";"66179";"282";"2019";"ES";"PP";"56";"1";"MANUTENÇÃO DE ESCRITÓRIO DE APOIO À ATIVIDADE PARLAMENTAR";"0";"";"EDP ESPIRITO SANTO DISTRIBUICAO DE ENERGIA S.A.";"281.526.500/0017-1";"080496836";"0";"2021-12-28T00:00:00";"72.62";"0";"72.62";"12";"2021";"0";"";"";"1820522";"";"";"";"3163";"7313967";"https://www.camara.leg.br/cota-parlamentar/documentos/publ/3163/2022/7313967.pdf"
"Norma Ayub";"";"66179";"282";"2019";"ES";"PP";"56";"1";"MANUTENÇÃO DE ESCRITÓRIO DE APOIO À ATIVIDADE PARLAMENTAR";"0";"";"EDP ESPIRITO SANTO DISTRIBUICAO DE ENERGIA S.A.";"281.526.500/0017-1";"080496837";"0";"2021-12-28T00:00:00";"283.31";"0";"283.31";"12";"2021";"0";"";"";"1820522";"";"";"";"3163";"7313968";"https://www.camara.leg.br/cota-parlamentar/documentos/publ/3163/2022/7313968.pdf"
"Norma Ayub";"";"66179";"282";"2019";"ES";"PP";"56";"1";"MANUTENÇÃO DE ESCRITÓRIO DE APOIO À ATIVIDADE PARLAMENTAR";"0";"";"INPREXTEC COMERCIO E SERVICO LTDA";"368.324.650/0015-6";"720";"1";"2021-10-21T00:00:00";"129.23";"0";"129.23";"10";"2021";"0";"";"";"1803377";"";"";"";"3163";"7276279";"https://www.camara.leg.br/cota-parlamentar/documentos/publ/3163/2021/7276279.pdf"
"Norma Ayub";"";"66179";"282";"2019";"ES";"PP";"56";"1";"MANUTENÇÃO DE ESCRITÓRIO DE APOIO À ATIVIDADE PARLAMENTAR";"0";"";"INPREXTEC COMERCIO E SERVICO LTDA";"368.324.650/0015-6";"814";"1";"2021-04-22T00:00:00";"129.23";"0";"129.23";"4";"2021";"0";"";"";"1759910";"";"";"";"3163";"7182568";"https://www.camara.leg.br/cota-parlamentar/documentos/publ/3163/2021/7182568.pdf"
"Norma Ayub";"";"66179";"282";"2019";"ES";"PP";"56";"1";"MANUTENÇÃO DE ESCRITÓRIO DE APOIO À ATIVIDADE PARLAMENTAR";"0";"";"LOGA ADMINISTRACAO DE ATIVOS EIRELI";"303.681.650/0018-1";"00313823";"0";"2021-10-11T00:00:00";"82.11";"2.83";"79.28";"9";"2021";"0";"";"";"1801664";"";"";"";"3163";"7272417";"https://www.camara.leg.br/cota-parlamentar/documentos/publ/3163/2021/7272417.pdf"
"Norma Ayub";"";"66179";"282";"2019";"ES";"PP";"56";"1";"MANUTENÇÃO DE ESCRITÓRIO DE APOIO À ATIVIDADE PARLAMENTAR";"0";"";"LOGA ADMINISTRACAO DE ATIVOS EIRELI";"303.681.650/0018-1";"34450030000002023";"0";"2021-11-10T00:00:00";"144.9";"5";"139.9";"10";"2021";"0";"";"";"1809379";"";"";"";"3163";"7289902";"https://www.camara.leg.br/cota-parlamentar/documentos/publ/3163/2021/7289902.pdf"
"Norma Ayub";"";"66179";"282";"2019";"ES";"PP";"56";"1";"MANUTENÇÃO DE ESCRITÓRIO DE APOIO À ATIVIDADE PARLAMENTAR";"0";"";"LOGA ADMINISTRACAO DE ATIVOS EIRELI";"303.681.650/0018-1";"34450030000010763";"0";"2021-12-10T00:00:00";"139.9";"0";"139.9";"11";"2021";"0";"";"";"1818911";"";"";"";"3163";"7310690";"https://www.camara.leg.br/cota-parlamentar/documentos/publ/3163/2021/7310690.pdf"
"Norma Ayub";"";"66179";"282";"2019";"ES";"PP";"56";"1";"MANUTENÇÃO DE ESCRITÓRIO DE APOIO À ATIVIDADE PARLAMENTAR";"0";"";"LOGA ADMINISTRACAO DE ATIVOS LTDA";"303.681.650/0018-1";"34450030000020093";"1";"2022-01-10T00:00:00";"144.9";"5";"139.9";"12";"2021";"0";"";"";"1821942";"";"";"";"3163";"7316950";"https://www.camara.leg.br/cota-parlamentar/documentos/publ/3163/2022/7316950.pdf"
"Norma Ayub";"";"66179";"282";"2019";"ES";"PP";"56";"1";"MANUTENÇÃO DE ESCRITÓRIO DE APOIO À ATIVIDADE PARLAMENTAR";"0";"";"MASTER TOWER";"047.883.560/0019-2";"00518341";"1";"2020-12-18T00:00:00";"399.12";"15.86";"383.26";"1";"2021";"0";"";"";"1738900";"";"";"";"3163";"7140893";"https://www.camara.leg.br/cota-parlamentar/documentos/publ/3163/2021/7140893.pdf"
"Norma Ayub";"";"66179";"282";"2019";"ES";"PP";"56";"1";"MANUTENÇÃO DE ESCRITÓRIO DE APOIO À ATIVIDADE PARLAMENTAR";"0";"";"MASTER TOWER";"047.883.560/0019-2";"00518342";"1";"2020-12-18T00:00:00";"407.45";"16.19";"391.26";"1";"2021";"0";"";"";"1738900";"";"";"";"3163";"7140891";"https://www.camara.leg.br/cota-parlamentar/documentos/publ/3163/2021/7140891.pdf"
"Norma Ayub";"";"66179";"282";"2019";"ES";"PP";"56";"1";"MANUTENÇÃO DE ESCRITÓRIO DE APOIO À ATIVIDADE PARLAMENTAR";"0";"";"MASTER TOWER";"047.883.560/0019-2";"00518343";"1";"2020-12-18T00:00:00";"415.78";"16.52";"399.26";"1";"2021";"0";"";"";"1738900";"";"";"";"3163";"7140882";"https://www.camara.leg.br/cota-parlamentar/documentos/publ/3163/2021/7140882.pdf"
"Norma Ayub";"";"66179";"282";"2019";"ES";"PP";"56";"1";"MANUTENÇÃO DE ESCRITÓRIO DE APOIO À ATIVIDADE PARLAMENTAR";"0";"";"MASTER TOWER";"047.883.560/0019-2";"00518344";"1";"2020-12-18T00:00:00";"424.41";"16.87";"407.54";"1";"2021";"0";"";"";"1738900";"";"";"";"3163";"7140894";"https://www.camara.leg.br/cota-parlamentar/documentos/publ/3163/2021/7140894.pdf"
"Norma Ayub";"";"66179";"282";"2019";"ES";"PP";"56";"1";"MANUTENÇÃO DE ESCRITÓRIO DE APOIO À ATIVIDADE PARLAMENTAR";"0";"";"MASTER TOWER";"047.883.560/0019-2";"00527171";"1";"2021-01-19T00:00:00";"409";"15.86";"393.14";"2";"2021";"0";"";"";"1741819";"";"";"";"3163";"7147205";"https://www.camara.leg.br/cota-parlamentar/documentos/publ/3163/2021/7147205.pdf"
"Norma Ayub";"";"66179";"282";"2019";"ES";"PP";"56";"1";"MANUTENÇÃO DE ESCRITÓRIO DE APOIO À ATIVIDADE PARLAMENTAR";"0";"";"MASTER TOWER";"047.883.560/0019-2";"00527172";"1";"2021-01-19T00:00:00";"417.54";"16.19";"401.35";"2";"2021";"0";"";"";"1741819";"";"";"";"3163";"7147220";"https://www.camara.leg.br/cota-parlamentar/documentos/publ/3163/2021/7147220.pdf"
"Norma Ayub";"";"66179";"282";"2019";"ES";"PP";"56";"1";"MANUTENÇÃO DE ESCRITÓRIO DE APOIO À ATIVIDADE PARLAMENTAR";"0";"";"MASTER TOWER";"047.883.560/0019-2";"00527173";"1";"2021-01-19T00:00:00";"426.07";"16.52";"409.55";"2";"2021";"0";"";"";"1741819";"";"";"";"3163";"7147218";"https://www.camara.leg.br/cota-parlamentar/documentos/publ/3163/2021/7147218.pdf"
"Norma Ayub";"";"66179";"282";"2019";"ES";"PP";"56";"1";"MANUTENÇÃO DE ESCRITÓRIO DE APOIO À ATIVIDADE PARLAMENTAR";"0";"";"MASTER TOWER";"047.883.560/0019-2";"00527174";"1";"2021-01-19T00:00:00";"434.92";"16.87";"418.05";"2";"2021";"0";"";"";"1741820";"";"";"";"3163";"7147212";"https://www.camara.leg.br/cota-parlamentar/documentos/publ/3163/2021/7147212.pdf"
"Norma Ayub";"";"66179";"282";"2019";"ES";"PP";"56";"1";"MANUTENÇÃO DE ESCRITÓRIO DE APOIO À ATIVIDADE PARLAMENTAR";"0";"";"MASTER TOWER";"047.883.560/0019-2";"00546048";"1";"2021-02-19T00:00:00";"396.26";"15.86";"380.4";"3";"2021";"0";"";"";"1748689";"";"";"";"3163";"7161183";"https://www.camara.leg.br/cota-parlamentar/documentos/publ/3163/2021/7161183.pdf"
"Norma Ayub";"";"66179";"282";"2019";"ES";"PP";"56";"1";"MANUTENÇÃO DE ESCRITÓRIO DE APOIO À ATIVIDADE PARLAMENTAR";"0";"";"MASTER TOWER";"047.883.560/0019-2";"00546050";"1";"2021-02-19T00:00:00";"412.8";"16.52";"396.28";"3";"2021";"0";"";"";"1748689";"";"";"";"3163";"7161186";"https://www.camara.leg.br/cota-parlamentar/documentos/publ/3163/2021/7161186.pdf"
"Norma Ayub";"";"66179";"282";"2019";"ES";"PP";"56";"1";"MANUTENÇÃO DE ESCRITÓRIO DE APOIO À ATIVIDADE PARLAMENTAR";"0";"";"MASTER TOWER";"047.883.560/0019-2";"00546051";"1";"2021-02-19T00:00:00";"421.37";"16.87";"404.5";"3";"2021";"0";"";"";"1748689";"";"";"";"3163";"7161188";"https://www.camara.leg.br/cota-parlamentar/documentos/publ/3163/2021/7161188.pdf"
"Norma Ayub";"";"66179";"282";"2019";"ES";"PP";"56";"1";"MANUTENÇÃO DE ESCRITÓRIO DE APOIO À ATIVIDADE PARLAMENTAR";"0";"";"MASTER TOWER";"047.883.560/0019-2";"00549049";"1";"2021-02-19T00:00:00";"404.53";"16.19";"388.34";"3";"2021";"0";"";"";"1748689";"";"";"";"3163";"7161185";"https://www.camara.leg.br/cota-parlamentar/documentos/publ/3163/2021/7161185.pdf"
"Norma Ayub";"";"66179";"282";"2019";"ES";"PP";"56";"1";"MANUTENÇÃO DE ESCRITÓRIO DE APOIO À ATIVIDADE PARLAMENTAR";"0";"";"MASTER TOWER";"047.883.560/0019-2";"00554243";"1";"2021-04-05T00:00:00";"398.6";"15.86";"382.74";"4";"2021";"0";"";"";"1755969";"";"";"";"3163";"7174496";"https://www.camara.leg.br/cota-parlamentar/documentos/publ/3163/2021/7174496.pdf"
"Norma Ayub";"";"66179";"282";"2019";"ES";"PP";"56";"1";"MANUTENÇÃO DE ESCRITÓRIO DE APOIO À ATIVIDADE PARLAMENTAR";"0";"";"MASTER TOWER";"047.883.560/0019-2";"00554244";"1";"2021-04-05T00:00:00";"406.92";"16.19";"390.73";"4";"2021";"0";"";"";"1755969";"";"";"";"3163";"7174497";"https://www.camara.leg.br/cota-parlamentar/documentos/publ/3163/2021/7174497.pdf"
"Norma Ayub";"";"66179";"282";"2019";"ES";"PP";"56";"1";"MANUTENÇÃO DE ESCRITÓRIO DE APOIO À ATIVIDADE PARLAMENTAR";"0";"";"MASTER TOWER";"047.883.560/0019-2";"00554245";"1";"2021-04-05T00:00:00";"415.24";"16.52";"398.72";"4";"2021";"0";"";"";"1755969";"";"";"";"3163";"7174498";"https://www.camara.leg.br/cota-parlamentar/documentos/publ/3163/2021/7174498.pdf"
"Norma Ayub";"";"66179";"282";"2019";"ES";"PP";"56";"1";"MANUTENÇÃO DE ESCRITÓRIO DE APOIO À ATIVIDADE PARLAMENTAR";"0";"";"MASTER TOWER";"047.883.560/0019-2";"00554246";"1";"2021-04-05T00:00:00";"423.86";"16.87";"406.99";"4";"2021";"0";"";"";"1755969";"";"";"";"3163";"7174499";"https://www.camara.leg.br/cota-parlamentar/documentos/publ/3163/2021/7174499.pdf"
"Norma Ayub";"";"66179";"282";"2019";"ES";"PP";"56";"1";"MANUTENÇÃO DE ESCRITÓRIO DE APOIO À ATIVIDADE PARLAMENTAR";"0";"";"MASTER TOWER";"047.883.560/0019-2";"00562515";"1";"2021-04-30T00:00:00";"408.56";"15.86";"392.7";"5";"2021";"0";"";"";"1762178";"";"";"";"3163";"7187535";"https://www.camara.leg.br/cota-parlamentar/documentos/publ/3163/2021/7187535.pdf"
"Norma Ayub";"";"66179";"282";"2019";"ES";"PP";"56";"1";"MANUTENÇÃO DE ESCRITÓRIO DE APOIO À ATIVIDADE PARLAMENTAR";"0";"";"MASTER TOWER";"047.883.560/0019-2";"00562516";"1";"2021-04-30T00:00:00";"417.08";"16.19";"400.89";"4";"2021";"0";"";"";"1762178";"";"";"";"3163";"7187538";"https://www.camara.leg.br/cota-parlamentar/documentos/publ/3163/2021/7187538.pdf"
"Norma Ayub";"";"66179";"282";"2019";"ES";"PP";"56";"1";"MANUTENÇÃO DE ESCRITÓRIO DE APOIO À ATIVIDADE PARLAMENTAR";"0";"";"MASTER TOWER";"047.883.560/0019-2";"00562517";"1";"2021-04-30T00:00:00";"425.63";"16.52";"409.11";"4";"2021";"0";"";"";"1762178";"";"";"";"3163";"7187544";"https://www.camara.leg.br/cota-parlamentar/documentos/publ/3163/2021/7187544.pdf"
"Norma Ayub";"";"66179";"282";"2019";"ES";"PP";"56";"1";"MANUTENÇÃO DE ESCRITÓRIO DE APOIO À ATIVIDADE PARLAMENTAR";"0";"";"MASTER TOWER";"047.883.560/0019-2";"00562518";"1";"2021-04-30T00:00:00";"434.45";"16.87";"417.58";"4";"2021";"0";"";"";"1762178";"";"";"";"3163";"7187551";"https://www.camara.leg.br/cota-parlamentar/documentos/publ/3163/2021/7187551.pdf"
"Norma Ayub";"";"66179";"282";"2019";"ES";"PP";"56";"1";"MANUTENÇÃO DE ESCRITÓRIO DE APOIO À ATIVIDADE PARLAMENTAR";"0";"";"MASTER TOWER";"047.883.560/0019-2";"00570639";"1";"2021-05-31T00:00:00";"397.45";"15.86";"381.59";"6";"2021";"0";"";"";"1768079";"";"";"";"3163";"7200322";"https://www.camara.leg.br/cota-parlamentar/documentos/publ/3163/2021/7200322.pdf"
"Norma Ayub";"";"66179";"282";"2019";"ES";"PP";"56";"1";"MANUTENÇÃO DE ESCRITÓRIO DE APOIO À ATIVIDADE PARLAMENTAR";"0";"";"MASTER TOWER";"047.883.560/0019-2";"00570640";"1";"2021-05-31T00:00:00";"405.75";"16.19";"389.56";"6";"2021";"0";"";"";"1768079";"";"";"";"3163";"7200327";"https://www.camara.leg.br/cota-parlamentar/documentos/publ/3163/2021/7200327.pdf"
"Norma Ayub";"";"66179";"282";"2019";"ES";"PP";"56";"1";"MANUTENÇÃO DE ESCRITÓRIO DE APOIO À ATIVIDADE PARLAMENTAR";"0";"";"MASTER TOWER";"047.883.560/0019-2";"00570641";"1";"2021-05-31T00:00:00";"414.04";"16.52";"397.52";"6";"2021";"0";"";"";"1768079";"";"";"";"3163";"7200335";"https://www.camara.leg.br/cota-parlamentar/documentos/publ/3163/2021/7200335.pdf"
"Norma Ayub";"";"66179";"282";"2019";"ES";"PP";"56";"1";"MANUTENÇÃO DE ESCRITÓRIO DE APOIO À ATIVIDADE PARLAMENTAR";"0";"";"MASTER TOWER";"047.883.560/0019-2";"00570642";"1";"2021-05-31T00:00:00";"422.64";"16.87";"405.77";"6";"2021";"0";"";"";"1768079";"";"";"";"3163";"7200359";"https://www.camara.leg.br/cota-parlamentar/documentos/publ/3163/2021/7200359.pdf"
"Norma Ayub";"";"66179";"282";"2019";"ES";"PP";"56";"1";"MANUTENÇÃO DE ESCRITÓRIO DE APOIO À ATIVIDADE PARLAMENTAR";"0";"";"MASTER TOWER";"047.883.560/0019-2";"00580233";"1";"2021-07-02T00:00:00";"403.79";"15.86";"387.93";"7";"2021";"0";"";"";"1776520";"";"";"";"3163";"7217144";"https://www.camara.leg.br/cota-parlamentar/documentos/publ/3163/2021/7217144.pdf"
"Norma Ayub";"";"66179";"282";"2019";"ES";"PP";"56";"1";"MANUTENÇÃO DE ESCRITÓRIO DE APOIO À ATIVIDADE PARLAMENTAR";"0";"";"MASTER TOWER";"047.883.560/0019-2";"00580234";"1";"2021-07-02T00:00:00";"412.22";"16.19";"396.03";"7";"2021";"0";"";"";"1776520";"";"";"";"3163";"7217146";"https://www.camara.leg.br/cota-parlamentar/documentos/publ/3163/2021/7217146.pdf"
"Norma Ayub";"";"66179";"282";"2019";"ES";"PP";"56";"1";"MANUTENÇÃO DE ESCRITÓRIO DE APOIO À ATIVIDADE PARLAMENTAR";"0";"";"MASTER TOWER";"047.883.560/0019-2";"00580235";"1";"2021-07-02T00:00:00";"420.65";"16.52";"404.13";"7";"2021";"0";"";"";"1776520";"";"";"";"3163";"7217147";"https://www.camara.leg.br/cota-parlamentar/documentos/publ/3163/2021/7217147.pdf"
"Norma Ayub";"";"66179";"282";"2019";"ES";"PP";"56";"1";"MANUTENÇÃO DE ESCRITÓRIO DE APOIO À ATIVIDADE PARLAMENTAR";"0";"";"MASTER TOWER";"047.883.560/0019-2";"00580236";"1";"2021-07-02T00:00:00";"429.38";"16.87";"412.51";"7";"2021";"0";"";"";"1776520";"";"";"";"3163";"7217148";"https://www.camara.leg.br/cota-parlamentar/documentos/publ/3163/2021/7217148.pdf"
"Norma Ayub";"";"66179";"282";"2019";"ES";"PP";"56";"1";"MANUTENÇÃO DE ESCRITÓRIO DE APOIO À ATIVIDADE PARLAMENTAR";"0";"";"MASTER TOWER";"047.883.560/0019-2";"00588556";"1";"2021-07-30T00:00:00";"422.47";"16.52";"405.95";"8";"2021";"0";"";"";"1782824";"";"";"";"3163";"7230826";"https://www.camara.leg.br/cota-parlamentar/documentos/publ/3163/2021/7230826.pdf"
"Norma Ayub";"";"66179";"282";"2019";"ES";"PP";"56";"1";"MANUTENÇÃO DE ESCRITÓRIO DE APOIO À ATIVIDADE PARLAMENTAR";"0";"";"MASTER TOWER";"047.883.560/0019-2";"00588557";"1";"2021-07-31T00:00:00";"431.24";"16.87";"414.37";"8";"2021";"0";"";"";"1782824";"";"";"";"3163";"7230830";"https://www.camara.leg.br/cota-parlamentar/documentos/publ/3163/2021/7230830.pdf"
"Norma Ayub";"";"66179";"282";"2019";"ES";"PP";"56";"1";"MANUTENÇÃO DE ESCRITÓRIO DE APOIO À ATIVIDADE PARLAMENTAR";"0";"";"MASTER TOWER";"047.883.560/0019-2";"00598980";"1";"2021-08-30T00:00:00";"409.62";"15.86";"393.76";"8";"2021";"0";"";"";"1790862";"";"";"";"3163";"7248450";"https://www.camara.leg.br/cota-parlamentar/documentos/publ/3163/2021/7248450.pdf"
"Norma Ayub";"";"66179";"282";"2019";"ES";"PP";"56";"1";"MANUTENÇÃO DE ESCRITÓRIO DE APOIO À ATIVIDADE PARLAMENTAR";"0";"";"MASTER TOWER";"047.883.560/0019-2";"00598981";"1";"2021-08-30T00:00:00";"418.16";"16.19";"401.97";"8";"2021";"0";"";"";"1790862";"";"";"";"3163";"7248453";"https://www.camara.leg.br/cota-parlamentar/documentos/publ/3163/2021/7248453.pdf"
"Norma Ayub";"";"66179";"282";"2019";"ES";"PP";"56";"1";"MANUTENÇÃO DE ESCRITÓRIO DE APOIO À ATIVIDADE PARLAMENTAR";"0";"";"MASTER TOWER";"047.883.560/0019-2";"00598982";"1";"2021-08-30T00:00:00";"426.71";"16.52";"410.19";"8";"2021";"0";"";"";"1790862";"";"";"";"3163";"7248459";"https://www.camara.leg.br/cota-parlamentar/documentos/publ/3163/2021/7248459.pdf"
"Norma Ayub";"";"66179";"282";"2019";"ES";"PP";"56";"1";"MANUTENÇÃO DE ESCRITÓRIO DE APOIO À ATIVIDADE PARLAMENTAR";"0";"";"MASTER TOWER";"047.883.560/0019-2";"00598983";"1";"2021-08-30T00:00:00";"435.57";"16.87";"418.7";"8";"2021";"0";"";"";"1790862";"";"";"";"3163";"7248465";"https://www.camara.leg.br/cota-parlamentar/documentos/publ/3163/2021/7248465.pdf"
"Norma Ayub";"";"66179";"282";"2019";"ES";"PP";"56";"1";"MANUTENÇÃO DE ESCRITÓRIO DE APOIO À ATIVIDADE PARLAMENTAR";"0";"";"MASTER TOWER";"047.883.560/0019-2";"00608847";"1";"2021-09-28T00:00:00";"407.35";"15.86";"391.49";"10";"2021";"0";"";"";"1797208";"";"";"";"3163";"7262650";"https://www.camara.leg.br/cota-parlamentar/documentos/publ/3163/2021/7262650.pdf"
"Norma Ayub";"";"66179";"282";"2019";"ES";"PP";"56";"1";"MANUTENÇÃO DE ESCRITÓRIO DE APOIO À ATIVIDADE PARLAMENTAR";"0";"";"MASTER TOWER";"047.883.560/0019-2";"00608848";"1";"2021-09-28T00:00:00";"415.84";"16.19";"399.65";"10";"2021";"0";"";"";"1797208";"";"";"";"3163";"7262655";"https://www.camara.leg.br/cota-parlamentar/documentos/publ/3163/2021/7262655.pdf"
"Norma Ayub";"";"66179";"282";"2019";"ES";"PP";"56";"1";"MANUTENÇÃO DE ESCRITÓRIO DE APOIO À ATIVIDADE PARLAMENTAR";"0";"";"MASTER TOWER";"047.883.560/0019-2";"00608849";"1";"2021-09-28T00:00:00";"424.36";"16.52";"407.84";"10";"2021";"0";"";"";"1797208";"";"";"";"3163";"7262656";"https://www.camara.leg.br/cota-parlamentar/documentos/publ/3163/2021/7262656.pdf"
"Norma Ayub";"";"66179";"282";"2019";"ES";"PP";"56";"1";"MANUTENÇÃO DE ESCRITÓRIO DE APOIO À ATIVIDADE PARLAMENTAR";"0";"";"MASTER TOWER";"047.883.560/0019-2";"00608850";"1";"2021-09-28T00:00:00";"433.16";"16.87";"416.29";"10";"2021";"0";"";"";"1797208";"";"";"";"3163";"7262662";"https://www.camara.leg.br/cota-parlamentar/documentos/publ/3163/2021/7262662.pdf"
"Norma Ayub";"";"66179";"282";"2019";"ES";"PP";"56";"1";"MANUTENÇÃO DE ESCRITÓRIO DE APOIO À ATIVIDADE PARLAMENTAR";"0";"";"MASTER TOWER";"047.883.560/0019-2";"00619179";"1";"2021-10-29T00:00:00";"421.14";"15.86";"405.28";"11";"2021";"0";"";"";"1804174";"";"";"";"3163";"7278214";"https://www.camara.leg.br/cota-parlamentar/documentos/publ/3163/2021/7278214.pdf"
"Norma Ayub";"";"66179";"282";"2019";"ES";"PP";"56";"1";"MANUTENÇÃO DE ESCRITÓRIO DE APOIO À ATIVIDADE PARLAMENTAR";"0";"";"MASTER TOWER";"047.883.560/0019-2";"00619180";"1";"2021-10-29T00:00:00";"429.92";"16.19";"413.73";"11";"2021";"0";"";"";"1804174";"";"";"";"3163";"7278215";"https://www.camara.leg.br/cota-parlamentar/documentos/publ/3163/2021/7278215.pdf"
"Norma Ayub";"";"66179";"282";"2019";"ES";"PP";"56";"1";"MANUTENÇÃO DE ESCRITÓRIO DE APOIO À ATIVIDADE PARLAMENTAR";"0";"";"MASTER TOWER";"047.883.560/0019-2";"00619181";"1";"2021-10-29T00:00:00";"438.72";"16.52";"422.2";"11";"2021";"0";"";"";"1804174";"";"";"";"3163";"7278216";"https://www.camara.leg.br/cota-parlamentar/documentos/publ/3163/2021/7278216.pdf"
"Norma Ayub";"";"66179";"282";"2019";"ES";"PP";"56";"1";"MANUTENÇÃO DE ESCRITÓRIO DE APOIO À ATIVIDADE PARLAMENTAR";"0";"";"MASTER TOWER";"047.883.560/0019-2";"00619182";"1";"2021-10-29T00:00:00";"447.83";"16.87";"430.96";"11";"2021";"0";"";"";"1804174";"";"";"";"3163";"7278217";"https://www.camara.leg.br/cota-parlamentar/documentos/publ/3163/2021/7278217.pdf"
"Norma Ayub";"";"66179";"282";"2019";"ES";"PP";"56";"1";"MANUTENÇÃO DE ESCRITÓRIO DE APOIO À ATIVIDADE PARLAMENTAR";"0";"";"MASTER TOWER";"047.883.560/0019-2";"00628218";"1";"2021-11-29T00:00:00";"431.15";"15.86";"415.29";"12";"2021";"0";"";"";"1813047";"";"";"";"3163";"7297949";"https://www.camara.leg.br/cota-parlamentar/documentos/publ/3163/2021/7297949.pdf"
"Norma Ayub";"";"66179";"282";"2019";"ES";"PP";"56";"1";"MANUTENÇÃO DE ESCRITÓRIO DE APOIO À ATIVIDADE PARLAMENTAR";"0";"";"MASTER TOWER";"047.883.560/0019-2";"00628219";"1";"2021-11-29T00:00:00";"439.8";"16.19";"423.61";"12";"2021";"0";"";"";"1813047";"";"";"";"3163";"7297954";"https://www.camara.leg.br/cota-parlamentar/documentos/publ/3163/2021/7297954.pdf"
"Norma Ayub";"";"66179";"282";"2019";"ES";"PP";"56";"1";"MANUTENÇÃO DE ESCRITÓRIO DE APOIO À ATIVIDADE PARLAMENTAR";"0";"";"MASTER TOWER";"047.883.560/0019-2";"00628220";"1";"2021-11-29T00:00:00";"448.45";"16.52";"431.93";"12";"2021";"0";"";"";"1813047";"";"";"";"3163";"7297957";"https://www.camara.leg.br/cota-parlamentar/documentos/publ/3163/2021/7297957.pdf"
"Norma Ayub";"";"66179";"282";"2019";"ES";"PP";"56";"1";"MANUTENÇÃO DE ESCRITÓRIO DE APOIO À ATIVIDADE PARLAMENTAR";"0";"";"MASTER TOWER";"047.883.560/0019-2";"00628221";"1";"2021-11-29T00:00:00";"457.41";"16.87";"440.54";"12";"2021";"0";"";"";"1813047";"";"";"";"3163";"7297961";"https://www.camara.leg.br/cota-parlamentar/documentos/publ/3163/2021/7297961.pdf"
"Norma Ayub";"";"66179";"282";"2019";"ES";"PP";"56";"1";"MANUTENÇÃO DE ESCRITÓRIO DE APOIO À ATIVIDADE PARLAMENTAR";"0";"";"Paulo Roberto de Araújo Bastos";"277.024.646/15  -";"s/n";"1";"2021-01-26T00:00:00";"4852";"0";"4852";"1";"2021";"0";"";"";"1740735";"";"";"";"3163";"7144811";"https://www.camara.leg.br/cota-parlamentar/documentos/publ/3163/2021/7144811.pdf"
"Norma Ayub";"";"66179";"282";"2019";"ES";"PP";"56";"1";"MANUTENÇÃO DE ESCRITÓRIO DE APOIO À ATIVIDADE PARLAMENTAR";"0";"";"Paulo Roberto de Araújo Bastos";"277.024.646/15  -";"s/n";"1";"2021-02-25T00:00:00";"4852";"0";"4852";"2";"2021";"0";"";"";"1747364";"";"";"";"3163";"7158435";"https://www.camara.leg.br/cota-parlamentar/documentos/publ/3163/2021/7158435.pdf"
"Norma Ayub";"";"66179";"282";"2019";"ES";"PP";"56";"1";"MANUTENÇÃO DE ESCRITÓRIO DE APOIO À ATIVIDADE PARLAMENTAR";"0";"";"Paulo Roberto de Araújo Bastos";"277.024.646/15  -";"s/n";"1";"2021-03-25T00:00:00";"5500";"0";"5500";"3";"2021";"0";"";"";"1754810";"";"";"";"3163";"7172395";"https://www.camara.leg.br/cota-parlamentar/documentos/publ/3163/2021/7172395.pdf"
"Norma Ayub";"";"66179";"282";"2019";"ES";"PP";"56";"1";"MANUTENÇÃO DE ESCRITÓRIO DE APOIO À ATIVIDADE PARLAMENTAR";"0";"";"Paulo Roberto de Araújo Bastos";"277.024.646/15  -";"s/n";"1";"2021-04-30T00:00:00";"5500";"0";"5500";"4";"2021";"0";"";"";"1761119";"";"";"";"3163";"7185456";"https://www.camara.leg.br/cota-parlamentar/documentos/publ/3163/2021/7185456.pdf"
"Norma Ayub";"";"66179";"282";"2019";"ES";"PP";"56";"1";"MANUTENÇÃO DE ESCRITÓRIO DE APOIO À ATIVIDADE PARLAMENTAR";"0";"";"Paulo Roberto de Araújo Bastos";"277.024.646/15  -";"s/n";"1";"2021-06-04T00:00:00";"5500";"0";"5500";"5";"2021";"0";"";"";"1768984";"";"";"";"3163";"7202171";"https://www.camara.leg.br/cota-parlamentar/documentos/publ/3163/2021/7202171.pdf"
"Norma Ayub";"";"66179";"282";"2019";"ES";"PP";"56";"1";"MANUTENÇÃO DE ESCRITÓRIO DE APOIO À ATIVIDADE PARLAMENTAR";"0";"";"Paulo Roberto de Araújo Bastos";"277.024.646/15  -";"S/N";"1";"2021-06-25T00:00:00";"5500";"0";"5500";"6";"2021";"0";"";"";"1774681";"";"";"";"3163";"7213295";"https://www.camara.leg.br/cota-parlamentar/documentos/publ/3163/2021/7213295.pdf"
"Norma Ayub";"";"66179";"282";"2019";"ES";"PP";"56";"1";"MANUTENÇÃO DE ESCRITÓRIO DE APOIO À ATIVIDADE PARLAMENTAR";"0";"";"Paulo Roberto de Araújo Bastos";"277.024.646/15  -";"s/n";"1";"2021-07-27T00:00:00";"5500";"0";"5500";"7";"2021";"0";"";"";"1781730";"";"";"";"3163";"7228275";"https://www.camara.leg.br/cota-parlamentar/documentos/publ/3163/2021/7228275.pdf"
"Norma Ayub";"";"66179";"282";"2019";"ES";"PP";"56";"1";"MANUTENÇÃO DE ESCRITÓRIO DE APOIO À ATIVIDADE PARLAMENTAR";"0";"";"Paulo Roberto de Araújo Bastos";"277.024.646/15  -";"S/N";"1";"2021-08-23T00:00:00";"5500";"0";"5500";"8";"2021";"0";"";"";"1788007";"";"";"";"3163";"7242243";"https://www.camara.leg.br/cota-parlamentar/documentos/publ/3163/2021/7242243.pdf"
"Norma Ayub";"";"66179";"282";"2019";"ES";"PP";"56";"1";"MANUTENÇÃO DE ESCRITÓRIO DE APOIO À ATIVIDADE PARLAMENTAR";"0";"";"Paulo Roberto de Araújo Bastos";"277.024.646/15  -";"s/n";"1";"2021-09-23T00:00:00";"5500";"0";"5500";"9";"2021";"0";"";"";"1795647";"";"";"";"3163";"7258908";"https://www.camara.leg.br/cota-parlamentar/documentos/publ/3163/2021/7258908.pdf"
"Norma Ayub";"";"66179";"282";"2019";"ES";"PP";"56";"1";"MANUTENÇÃO DE ESCRITÓRIO DE APOIO À ATIVIDADE PARLAMENTAR";"0";"";"Paulo Roberto de Araújo Bastos";"277.024.646/15  -";"s/n";"1";"2021-10-25T00:00:00";"5500";"0";"5500";"10";"2021";"0";"";"";"1802818";"";"";"";"3163";"7275117";"https://www.camara.leg.br/cota-parlamentar/documentos/publ/3163/2021/7275117.pdf"
"Norma Ayub";"";"66179";"282";"2019";"ES";"PP";"56";"1";"MANUTENÇÃO DE ESCRITÓRIO DE APOIO À ATIVIDADE PARLAMENTAR";"0";"";"Paulo Roberto de Araújo Bastos";"277.024.646/15  -";"s/n";"1";"2021-11-29T00:00:00";"5500";"0";"5500";"11";"2021";"0";"";"";"1811450";"";"";"";"3163";"7294640";"https://www.camara.leg.br/cota-parlamentar/documentos/publ/3163/2021/7294640.pdf"
"Norma Ayub";"";"66179";"282";"2019";"ES";"PP";"56";"1";"MANUTENÇÃO DE ESCRITÓRIO DE APOIO À ATIVIDADE PARLAMENTAR";"0";"";"Paulo Roberto de Araújo Bastos";"277.024.646/15  -";"s/n";"1";"2021-12-21T00:00:00";"5500";"0";"5500";"12";"2021";"0";"";"";"1819451";"";"";"";"3163";"7311808";"https://www.camara.leg.br/cota-parlamentar/documentos/publ/3163/2021/7311808.pdf"
"Norma Ayub";"";"66179";"282";"2019";"ES";"PP";"56";"1";"MANUTENÇÃO DE ESCRITÓRIO DE APOIO À ATIVIDADE PARLAMENTAR";"0";"";"Plena Informatica Ltda";"030.388.750/0017-0";"2628";"4";"2021-08-10T00:00:00";"244.5";"0";"244.5";"8";"2021";"0";"";"";"1785366";"";"";"";"3163";"7236372";"https://www.camara.leg.br/cota-parlamentar/nota-fiscal-eletronica?ideDocumentoFiscal=7236372"
"Norma Ayub";"";"66179";"282";"2019";"ES";"PP";"56";"1";"MANUTENÇÃO DE ESCRITÓRIO DE APOIO À ATIVIDADE PARLAMENTAR";"0";"";"Prefeitura Municipal de Vitória";"271.420.580/0012-6";"2021.07.00.0584.14.0.01.27";"1";"2021-01-15T00:00:00";"639.53";"0";"639.53";"1";"2021";"0";"";"";"1739755";"";"";"";"3163";"7142659";"https://www.camara.leg.br/cota-parlamentar/documentos/publ/3163/2021/7142659.pdf"
"Norma Ayub";"";"66179";"282";"2019";"ES";"PP";"56";"1";"MANUTENÇÃO DE ESCRITÓRIO DE APOIO À ATIVIDADE PARLAMENTAR";"0";"";"Prefeitura Municipal de Vitória";"271.420.580/0012-6";"2021.07.00.058403.0.01.29";"1";"2021-01-15T00:00:00";"158.29";"0";"158.29";"1";"2021";"0";"";"";"1739755";"";"";"";"3163";"7142679";"https://www.camara.leg.br/cota-parlamentar/documentos/publ/3163/2021/7142679.pdf"
"Norma Ayub";"";"66179";"282";"2019";"ES";"PP";"56";"1";"MANUTENÇÃO DE ESCRITÓRIO DE APOIO À ATIVIDADE PARLAMENTAR";"0";"";"Prefeitura Municipal de Vitória";"271.420.580/0012-6";"2021.07.00.058404.0.01.82";"1";"2021-01-15T00:00:00";"153.78";"0";"153.78";"1";"2021";"0";"";"";"1739755";"";"";"";"3163";"7142676";"https://www.camara.leg.br/cota-parlamentar/documentos/publ/3163/2021/7142676.pdf"
"Norma Ayub";"";"66179";"282";"2019";"ES";"PP";"56";"1";"MANUTENÇÃO DE ESCRITÓRIO DE APOIO À ATIVIDADE PARLAMENTAR";"0";"";"Prefeitura Municipal de Vitória";"271.420.580/0012-6";"2021.07.00.058406.0.01.90";"1";"2021-01-15T00:00:00";"74.21";"0";"74.21";"1";"2021";"0";"";"";"1739755";"";"";"";"3163";"7142668";"https://www.camara.leg.br/cota-parlamentar/documentos/publ/3163/2021/7142668.pdf"
"Norma Ayub";"";"66179";"282";"2019";"ES";"PP";"56";"1";"MANUTENÇÃO DE ESCRITÓRIO DE APOIO À ATIVIDADE PARLAMENTAR";"0";"";"Prefeitura Municipal de Vitória";"271.420.580/0012-6";"2021.07.00.058407.0.01.43";"1";"2021-01-15T00:00:00";"644.43";"0";"644.43";"1";"2021";"0";"";"";"1739755";"";"";"";"3163";"7142663";"https://www.camara.leg.br/cota-parlamentar/documentos/publ/3163/2021/7142663.pdf"
"Norma Ayub";"";"66179";"282";"2019";"ES";"PP";"56";"1";"MANUTENÇÃO DE ESCRITÓRIO DE APOIO À ATIVIDADE PARLAMENTAR";"0";"";"Prefeitura Municipal de Vitória";"271.420.580/0012-6";"2021.07.00.058409.0.01.50";"1";"2021-01-15T00:00:00";"654.62";"0";"654.62";"1";"2021";"0";"";"";"1739755";"";"";"";"3163";"7142666";"https://www.camara.leg.br/cota-parlamentar/documentos/publ/3163/2021/7142666.pdf"
"Norma Ayub";"";"66179";"282";"2019";"ES";"PP";"56";"1";"MANUTENÇÃO DE ESCRITÓRIO DE APOIO À ATIVIDADE PARLAMENTAR";"0";"";"Prefeitura Municipal de Vitória";"271.420.580/0012-6";"2021.07.00.058411.0.01.66";"1";"2021-01-15T00:00:00";"649.44";"0";"649.44";"1";"2021";"0";"";"";"1739755";"";"";"";"3163";"7142664";"https://www.camara.leg.br/cota-parlamentar/documentos/publ/3163/2021/7142664.pdf"
"Norma Ayub";"";"66179";"282";"2019";"ES";"PP";"56";"1";"MANUTENÇÃO DE ESCRITÓRIO DE APOIO À ATIVIDADE PARLAMENTAR";"0";"";"Prefeitura Municipal de Vitória";"271.420.580/0012-6";"2021.07.00.058412.0.01.10";"1";"2021-01-15T00:00:00";"153.02";"0";"153.02";"1";"2021";"0";"";"";"1739755";"";"";"";"3163";"7142672";"https://www.camara.leg.br/cota-parlamentar/documentos/publ/3163/2021/7142672.pdf"
"Norma Ayub";"";"66179";"282";"2019";"ES";"PP";"56";"1";"MANUTENÇÃO DE ESCRITÓRIO DE APOIO À ATIVIDADE PARLAMENTAR";"0";"";"Prefeitura Municipal de Vitória";"271.420.580/0012-6";"2021.09.096174-68";"1";"2021-02-08T00:00:00";"492.36";"0";"492.36";"2";"2021";"0";"";"";"1750939";"";"";"";"3163";"7164631";"https://www.camara.leg.br/cota-parlamentar/documentos/publ/3163/2021/7164631.pdf"
"Norma Ayub";"";"66179";"282";"2019";"ES";"PP";"56";"1";"MANUTENÇÃO DE ESCRITÓRIO DE APOIO À ATIVIDADE PARLAMENTAR";"0";"";"Prefeitura Municipal de Vitória";"271.420.580/0012-6";"2021.09.096175-49";"1";"2021-02-08T00:00:00";"496.15";"0";"496.15";"2";"2021";"0";"";"";"1750939";"";"";"";"3163";"7164633";"https://www.camara.leg.br/cota-parlamentar/documentos/publ/3163/2021/7164633.pdf"
"Norma Ayub";"";"66179";"282";"2019";"ES";"PP";"56";"1";"MANUTENÇÃO DE ESCRITÓRIO DE APOIO À ATIVIDADE PARLAMENTAR";"0";"";"Prefeitura Municipal de Vitória";"271.420.580/0012-6";"2021.09.096176-20";"1";"2021-02-08T00:00:00";"500";"0";"500";"2";"2021";"0";"";"";"1750939";"";"";"";"3163";"7164637";"https://www.camara.leg.br/cota-parlamentar/documentos/publ/3163/2021/7164637.pdf"
"Norma Ayub";"";"66179";"282";"2019";"ES";"PP";"56";"1";"MANUTENÇÃO DE ESCRITÓRIO DE APOIO À ATIVIDADE PARLAMENTAR";"0";"";"Prefeitura Municipal de Vitória";"271.420.580/0012-6";"2021.09.096177-00";"1";"2021-02-08T00:00:00";"504";"0";"504";"2";"2021";"0";"";"";"1750939";"";"";"";"3163";"7164635";"https://www.camara.leg.br/cota-parlamentar/documentos/publ/3163/2021/7164635.pdf"
"Norma Ayub";"";"66179";"282";"2019";"ES";"PP";"56";"1";"MANUTENÇÃO DE ESCRITÓRIO DE APOIO À ATIVIDADE PARLAMENTAR";"0";"";"Prefeitura Municipal de Vitória";"271.420.580/0012-6";"2021.09.096424-97";"1";"2021-02-08T00:00:00";"57.12";"0";"57.12";"2";"2021";"0";"";"";"1750939";"";"";"";"3163";"7164632";"https://www.camara.leg.br/cota-parlamentar/documentos/publ/3163/2021/7164632.pdf"
"Norma Ayub";"";"66179";"282";"2019";"ES";"PP";"56";"1";"MANUTENÇÃO DE ESCRITÓRIO DE APOIO À ATIVIDADE PARLAMENTAR";"0";"";"Prefeitura Municipal de Vitória";"271.420.580/0012-6";"2021.09.096425-78";"1";"2021-02-08T00:00:00";"57.12";"0";"57.12";"2";"2021";"0";"";"";"1750939";"";"";"";"3163";"7164634";"https://www.camara.leg.br/cota-parlamentar/documentos/publ/3163/2021/7164634.pdf"
"Norma Ayub";"";"66179";"282";"2019";"ES";"PP";"56";"1";"MANUTENÇÃO DE ESCRITÓRIO DE APOIO À ATIVIDADE PARLAMENTAR";"0";"";"Prefeitura Municipal de Vitória";"271.420.580/0012-6";"2021.09.096426-59";"1";"2021-02-08T00:00:00";"57.12";"0";"57.12";"2";"2021";"0";"";"";"1750939";"";"";"";"3163";"7164638";"https://www.camara.leg.br/cota-parlamentar/documentos/publ/3163/2021/7164638.pdf"
"Norma Ayub";"";"66179";"282";"2019";"ES";"PP";"56";"1";"MANUTENÇÃO DE ESCRITÓRIO DE APOIO À ATIVIDADE PARLAMENTAR";"0";"";"Prefeitura Municipal de Vitória";"271.420.580/0012-6";"2021.09.096748-52";"1";"2021-02-08T00:00:00";"57.41";"0";"57.41";"2";"2021";"0";"";"";"1750939";"";"";"";"3163";"7164636";"https://www.camara.leg.br/cota-parlamentar/documentos/publ/3163/2021/7164636.pdf"
"Norma Ayub";"";"66179";"282";"2019";"ES";"PP";"56";"1";"MANUTENÇÃO DE ESCRITÓRIO DE APOIO À ATIVIDADE PARLAMENTAR";"0";"";"Vitória Copiadora LTDA.";"368.324.650/0015-6";"101113-1";"1";"2021-12-21T00:00:00";"129.23";"0";"129.23";"12";"2021";"0";"";"";"1819329";"";"";"";"3163";"7311533";"https://www.camara.leg.br/cota-parlamentar/documentos/publ/3163/2021/7311533.pdf"
"Norma Ayub";"";"66179";"282";"2019";"ES";"PP";"56";"1";"MANUTENÇÃO DE ESCRITÓRIO DE APOIO À ATIVIDADE PARLAMENTAR";"0";"";"Vitória Copiadora LTDA.";"368.324.650/0015-6";"1057";"1";"2021-05-24T00:00:00";"129.23";"0";"129.23";"5";"2021";"0";"";"";"1768061";"";"";"";"3163";"7200313";"https://www.camara.leg.br/cota-parlamentar/documentos/publ/3163/2021/7200313.pdf"
"Norma Ayub";"";"66179";"282";"2019";"ES";"PP";"56";"1";"MANUTENÇÃO DE ESCRITÓRIO DE APOIO À ATIVIDADE PARLAMENTAR";"0";"";"Vitória Copiadora LTDA.";"368.324.650/0015-6";"1241";"1";"2021-06-22T00:00:00";"129.23";"0";"129.23";"6";"2021";"0";"";"";"1777586";"";"";"";"3163";"7219218";"https://www.camara.leg.br/cota-parlamentar/documentos/publ/3163/2021/7219218.pdf"
"Norma Ayub";"";"66179";"282";"2019";"ES";"PP";"56";"1";"MANUTENÇÃO DE ESCRITÓRIO DE APOIO À ATIVIDADE PARLAMENTAR";"0";"";"Vitória Copiadora LTDA.";"368.324.650/0015-6";"137";"1";"2021-07-23T00:00:00";"129.23";"0";"129.23";"7";"2021";"0";"";"";"1782829";"";"";"";"3163";"7230853";"https://www.camara.leg.br/cota-parlamentar/documentos/publ/3163/2021/7230853.pdf"
"Norma Ayub";"";"66179";"282";"2019";"ES";"PP";"56";"1";"MANUTENÇÃO DE ESCRITÓRIO DE APOIO À ATIVIDADE PARLAMENTAR";"0";"";"Vitória Copiadora LTDA.";"368.324.650/0015-6";"329";"1";"2021-08-24T00:00:00";"129.23";"0";"129.23";"8";"2021";"0";"";"";"1790854";"";"";"";"3163";"7248437";"https://www.camara.leg.br/cota-parlamentar/documentos/publ/3163/2021/7248437.pdf"
"Norma Ayub";"";"66179";"282";"2019";"ES";"PP";"56";"1";"MANUTENÇÃO DE ESCRITÓRIO DE APOIO À ATIVIDADE PARLAMENTAR";"0";"";"Vitória Copiadora LTDA.";"368.324.650/0015-6";"527";"1";"2021-09-23T00:00:00";"129.23";"0";"129.23";"9";"2021";"0";"";"";"1796445";"";"";"";"3163";"7260855";"https://www.camara.leg.br/cota-parlamentar/documentos/publ/3163/2021/7260855.pdf"
"Norma Ayub";"";"66179";"282";"2019";"ES";"PP";"56";"1";"MANUTENÇÃO DE ESCRITÓRIO DE APOIO À ATIVIDADE PARLAMENTAR";"0";"";"Vitória Copiadora LTDA.";"368.324.650/0015-6";"608";"1";"2021-03-23T00:00:00";"129.23";"0";"129.23";"3";"2021";"0";"";"";"1754564";"";"";"";"3163";"7171912";"https://www.camara.leg.br/cota-parlamentar/documentos/publ/3163/2021/7171912.pdf"
"Norma Ayub";"";"66179";"282";"2019";"ES";"PP";"56";"1";"MANUTENÇÃO DE ESCRITÓRIO DE APOIO À ATIVIDADE PARLAMENTAR";"0";"";"Vitória Copiadora LTDA.";"368.324.650/0015-6";"929";"1";"2021-11-23T00:00:00";"129.23";"0";"129.23";"11";"2021";"0";"";"";"1813060";"";"";"";"3163";"7298004";"https://www.camara.leg.br/cota-parlamentar/documentos/publ/3163/2021/7298004.pdf"
"Norma Ayub";"";"66179";"282";"2019";"ES";"PP";"56";"1";"MANUTENÇÃO DE ESCRITÓRIO DE APOIO À ATIVIDADE PARLAMENTAR";"0";"";"VITÓRIA TECNOLOGIA DA INFORMAÇÃO LTDA";"060.696.670/0012-7";"006877";"1";"2021-01-05T00:00:00";"480";"0";"480";"1";"2021";"0";"";"";"1742710";"";"";"";"3163";"7149063";"https://www.camara.leg.br/cota-parlamentar/documentos/publ/3163/2021/7149063.pdf"
"Norma Ayub";"";"66179";"282";"2019";"ES";"PP";"56";"1";"MANUTENÇÃO DE ESCRITÓRIO DE APOIO À ATIVIDADE PARLAMENTAR";"0";"";"VITÓRIA TECNOLOGIA DA INFORMAÇÃO LTDA";"060.696.670/0012-7";"006962";"1";"2021-02-02T00:00:00";"480";"0";"480";"2";"2021";"0";"";"";"1744204";"";"";"";"3163";"7151927";"https://www.camara.leg.br/cota-parlamentar/documentos/publ/3163/2021/7151927.pdf"
"Norma Ayub";"";"66179";"282";"2019";"ES";"PP";"56";"1";"MANUTENÇÃO DE ESCRITÓRIO DE APOIO À ATIVIDADE PARLAMENTAR";"0";"";"VITÓRIA TECNOLOGIA DA INFORMAÇÃO LTDA";"060.696.670/0012-7";"007054";"1";"2021-03-01T00:00:00";"760";"0";"760";"3";"2021";"0";"";"";"1754191";"";"";"";"3163";"7171257";"https://www.camara.leg.br/cota-parlamentar/documentos/publ/3163/2021/7171257.pdf"
"Norma Ayub";"";"66179";"282";"2019";"ES";"PP";"56";"1";"MANUTENÇÃO DE ESCRITÓRIO DE APOIO À ATIVIDADE PARLAMENTAR";"0";"";"VITÓRIA TECNOLOGIA DA INFORMAÇÃO LTDA";"060.696.670/0012-7";"007155";"1";"2021-04-06T00:00:00";"760";"0";"760";"4";"2021";"0";"";"";"1758767";"";"";"";"3163";"7180180";"https://www.camara.leg.br/cota-parlamentar/documentos/publ/3163/2021/7180180.pdf"
"Norma Ayub";"";"66179";"282";"2019";"ES";"PP";"56";"1";"MANUTENÇÃO DE ESCRITÓRIO DE APOIO À ATIVIDADE PARLAMENTAR";"0";"";"VITÓRIA TECNOLOGIA DA INFORMAÇÃO LTDA";"060.696.670/0012-7";"007244";"1";"2021-05-04T00:00:00";"760";"0";"760";"5";"2021";"0";"";"";"1766370";"";"";"";"3163";"7196714";"https://www.camara.leg.br/cota-parlamentar/documentos/publ/3163/2021/7196714.pdf"
"Norma Ayub";"";"66179";"282";"2019";"ES";"PP";"56";"1";"MANUTENÇÃO DE ESCRITÓRIO DE APOIO À ATIVIDADE PARLAMENTAR";"0";"";"VITÓRIA TECNOLOGIA DA INFORMAÇÃO LTDA";"060.696.670/0012-7";"007352";"1";"2021-06-02T00:00:00";"760";"0";"760";"6";"2021";"0";"";"";"1774942";"";"";"";"3163";"7213892";"https://www.camara.leg.br/cota-parlamentar/documentos/publ/3163/2021/7213892.pdf"
"Norma Ayub";"";"66179";"282";"2019";"ES";"PP";"56";"1";"MANUTENÇÃO DE ESCRITÓRIO DE APOIO À ATIVIDADE PARLAMENTAR";"0";"";"VITÓRIA TECNOLOGIA DA INFORMAÇÃO LTDA";"060.696.670/0012-7";"007467";"1";"2021-07-01T00:00:00";"760";"0";"760";"7";"2021";"0";"";"";"1780430";"";"";"";"3163";"7225247";"https://www.camara.leg.br/cota-parlamentar/documentos/publ/3163/2021/7225247.pdf"
"Norma Ayub";"";"66179";"282";"2019";"ES";"PP";"56";"1";"MANUTENÇÃO DE ESCRITÓRIO DE APOIO À ATIVIDADE PARLAMENTAR";"0";"";"VITÓRIA TECNOLOGIA DA INFORMAÇÃO LTDA";"060.696.670/0012-7";"007589";"1";"2021-08-03T00:00:00";"760";"0";"760";"8";"2021";"0";"";"";"1787999";"";"";"";"3163";"7242233";"https://www.camara.leg.br/cota-parlamentar/documentos/publ/3163/2021/7242233.pdf"
"Norma Ayub";"";"66179";"282";"2019";"ES";"PP";"56";"1";"MANUTENÇÃO DE ESCRITÓRIO DE APOIO À ATIVIDADE PARLAMENTAR";"0";"";"VITÓRIA TECNOLOGIA DA INFORMAÇÃO LTDA";"060.696.670/0012-7";"007713";"1";"2021-09-01T00:00:00";"760";"0";"760";"9";"2021";"0";"";"";"1794486";"";"";"";"3163";"7256204";"https://www.camara.leg.br/cota-parlamentar/documentos/publ/3163/2021/7256204.pdf"
"Norma Ayub";"";"66179";"282";"2019";"ES";"PP";"56";"1";"MANUTENÇÃO DE ESCRITÓRIO DE APOIO À ATIVIDADE PARLAMENTAR";"0";"";"VITÓRIA TECNOLOGIA DA INFORMAÇÃO LTDA";"060.696.670/0012-7";"007834";"1";"2021-10-05T00:00:00";"760";"0";"760";"10";"2021";"0";"";"";"1800738";"";"";"";"3163";"7270207";"https://www.camara.leg.br/cota-parlamentar/documentos/publ/3163/2021/7270207.pdf"
"Norma Ayub";"";"66179";"282";"2019";"ES";"PP";"56";"1";"MANUTENÇÃO DE ESCRITÓRIO DE APOIO À ATIVIDADE PARLAMENTAR";"0";"";"VITÓRIA TECNOLOGIA DA INFORMAÇÃO LTDA";"060.696.670/0012-7";"007955";"1";"2021-11-03T00:00:00";"760";"0";"760";"11";"2021";"0";"";"";"1809384";"";"";"";"3163";"7289904";"https://www.camara.leg.br/cota-parlamentar/documentos/publ/3163/2021/7289904.pdf"
"Norma Ayub";"";"66179";"282";"2019";"ES";"PP";"56";"1";"MANUTENÇÃO DE ESCRITÓRIO DE APOIO À ATIVIDADE PARLAMENTAR";"0";"";"VITÓRIA TECNOLOGIA DA INFORMAÇÃO LTDA";"060.696.670/0012-7";"008106";"1";"2021-12-06T00:00:00";"760";"0";"760";"12";"2021";"0";"";"";"1817409";"";"";"";"3163";"7307297";"https://www.camara.leg.br/cota-parlamentar/documentos/publ/3163/2021/7307297.pdf"
"Norma Ayub";"";"66179";"282";"2019";"ES";"PP";"56";"3";"COMBUSTÍVEIS E LUBRIFICANTES.";"1";"Veículos Automotores";"021 - 204 SUL CASCOL COMBUSTIVEIS PARA VEICULOS LTDA";"003.065.970/0214-0";"179526";"4";"2021-10-21T00:00:00";"150";"0";"150";"10";"2021";"0";"";"";"1802527";"";"";"";"3163";"7274388";"https://www.camara.leg.br/cota-parlamentar/nota-fiscal-eletronica?ideDocumentoFiscal=7274388"
"Norma Ayub";"";"66179";"282";"2019";"ES";"PP";"56";"3";"COMBUSTÍVEIS E LUBRIFICANTES.";"1";"Veículos Automotores";"031 - 302 NORTE - CASCOL COMBUSTIVEIS PARA VEICULOS LTDA";"003.065.970/0311-2";"174757";"4";"2021-10-20T00:00:00";"100";"0";"100";"10";"2021";"0";"";"";"1801863";"";"";"";"3163";"7272866";"https://www.camara.leg.br/cota-parlamentar/nota-fiscal-eletronica?ideDocumentoFiscal=7272866"
"Norma Ayub";"";"66179";"282";"2019";"ES";"PP";"56";"3";"COMBUSTÍVEIS E LUBRIFICANTES.";"1";"Veículos Automotores";"AUTO POSTO BANDEIRA LTDA EPP";"009.959.330/0016-6";"137431";"4";"2021-08-31T00:00:00";"315.02";"0";"315.02";"8";"2021";"0";"";"";"1801133";"";"";"";"3163";"7271160";"https://www.camara.leg.br/cota-parlamentar/nota-fiscal-eletronica?ideDocumentoFiscal=7271160"
"Norma Ayub";"";"66179";"282";"2019";"ES";"PP";"56";"3";"COMBUSTÍVEIS E LUBRIFICANTES.";"1";"Veículos Automotores";"AUTO POSTO BATTINE LTDA";"041.717.180/0010-0";"88888";"4";"2021-04-20T00:00:00";"268.06";"0";"268.06";"4";"2021";"0";"";"";"1762834";"";"";"";"3163";"7188862";"https://www.camara.leg.br/cota-parlamentar/nota-fiscal-eletronica?ideDocumentoFiscal=7188862"
"Norma Ayub";"";"66179";"282";"2019";"ES";"PP";"56";"3";"COMBUSTÍVEIS E LUBRIFICANTES.";"1";"Veículos Automotores";"AUTO POSTO BELO LTDA ME";"041.288.970/0019-4";"569415";"4";"2021-01-31T00:00:00";"211.37";"0";"211.37";"1";"2021";"0";"";"";"1741672";"";"";"";"3163";"7146939";"https://www.camara.leg.br/cota-parlamentar/nota-fiscal-eletronica?ideDocumentoFiscal=7146939"
"Norma Ayub";"";"66179";"282";"2019";"ES";"PP";"56";"3";"COMBUSTÍVEIS E LUBRIFICANTES.";"1";"Veículos Automotores";"AUTO POSTO CINCO ESTRELAS LTDA";"006.924.180/0010-7";"110633";"0";"2021-09-21T00:00:00";"150";"0";"150";"9";"2021";"0";"";"";"1795020";"";"";"";"3163";"7257471";"https://www.camara.leg.br/cota-parlamentar/documentos/publ/3163/2021/7257471.pdf"
"Norma Ayub";"";"66179";"282";"2019";"ES";"PP";"56";"3";"COMBUSTÍVEIS E LUBRIFICANTES.";"1";"Veículos Automotores";"AUTO POSTO CINCO ESTRELAS LTDA";"006.924.180/0010-7";"68426";"4";"2021-02-01T00:00:00";"100";"0";"100";"2";"2021";"0";"";"";"1742388";"";"";"";"3163";"7148420";"https://www.camara.leg.br/cota-parlamentar/nota-fiscal-eletronica?ideDocumentoFiscal=7148420"
"Norma Ayub";"";"66179";"282";"2019";"ES";"PP";"56";"3";"COMBUSTÍVEIS E LUBRIFICANTES.";"1";"Veículos Automotores";"AUTO POSTO ESCOLA COMERCIO DE COMBUSTIVEIS LUBRIFICANTES";"165.777.420/0011-4";"822928";"4";"2021-05-24T00:00:00";"257.82";"0";"257.82";"5";"2021";"0";"";"";"1767207";"";"";"";"3163";"7198566";"https://www.camara.leg.br/cota-parlamentar/nota-fiscal-eletronica?ideDocumentoFiscal=7198566"
"Norma Ayub";"";"66179";"282";"2019";"ES";"PP";"56";"3";"COMBUSTÍVEIS E LUBRIFICANTES.";"1";"Veículos Automotores";"AUTO POSTO ESCOLA COMERCIO DE COMBUSTIVEIS LUBRIFICANTES";"165.777.420/0011-4";"889355";"4";"2021-08-09T00:00:00";"260.52";"0";"260.52";"8";"2021";"0";"";"";"1784832";"";"";"";"3163";"7235141";"https://www.camara.leg.br/cota-parlamentar/nota-fiscal-eletronica?ideDocumentoFiscal=7235141"
"Norma Ayub";"";"66179";"282";"2019";"ES";"PP";"56";"3";"COMBUSTÍVEIS E LUBRIFICANTES.";"1";"Veículos Automotores";"AUTO POSTO ESCOLA COMERCIO DE COMBUSTIVEIS LUBRIFICANTES";"165.777.420/0011-4";"960365";"4";"2021-10-28T00:00:00";"200";"0";"200";"10";"2021";"0";"";"";"1805664";"";"";"";"3163";"7281304";"https://www.camara.leg.br/cota-parlamentar/nota-fiscal-eletronica?ideDocumentoFiscal=7281304"
"Norma Ayub";"";"66179";"282";"2019";"ES";"PP";"56";"3";"COMBUSTÍVEIS E LUBRIFICANTES.";"1";"Veículos Automotores";"AUTO POSTO GOLDEN GAS 202 LTDA";"308.801.120/0014-5";"16516";"4";"2021-01-11T00:00:00";"100";"0";"100";"1";"2021";"0";"";"";"1738291";"";"";"";"3163";"7139543";"https://www.camara.leg.br/cota-parlamentar/nota-fiscal-eletronica?ideDocumentoFiscal=7139543"
"Norma Ayub";"";"66179";"282";"2019";"ES";"PP";"56";"3";"COMBUSTÍVEIS E LUBRIFICANTES.";"1";"Veículos Automotores";"AUTO POSTO GOLDEN GAS 202 LTDA";"308.801.120/0014-5";"207835";"0";"2021-11-30T00:00:00";"100";"0";"100";"11";"2021";"0";"";"";"1811672";"";"";"";"3163";"7295170";"https://www.camara.leg.br/cota-parlamentar/documentos/publ/3163/2021/7295170.pdf"
"Norma Ayub";"";"66179";"282";"2019";"ES";"PP";"56";"3";"COMBUSTÍVEIS E LUBRIFICANTES.";"1";"Veículos Automotores";"AUTO POSTO GOLDEN GAS LAGO LTDA";"308.792.610/0019-4";"158616";"4";"2021-01-30T00:00:00";"150";"0";"150";"1";"2021";"0";"";"";"1741664";"";"";"";"3163";"7146918";"https://www.camara.leg.br/cota-parlamentar/nota-fiscal-eletronica?ideDocumentoFiscal=7146918"
"Norma Ayub";"";"66179";"282";"2019";"ES";"PP";"56";"3";"COMBUSTÍVEIS E LUBRIFICANTES.";"1";"Veículos Automotores";"AUTO POSTO GOLDEN GAS LAGO LTDA";"308.792.610/0019-4";"188511";"4";"2021-05-27T00:00:00";"100";"0";"100";"5";"2021";"0";"";"";"1767207";"";"";"";"3163";"7198557";"https://www.camara.leg.br/cota-parlamentar/nota-fiscal-eletronica?ideDocumentoFiscal=7198557"
"Norma Ayub";"";"66179";"282";"2019";"ES";"PP";"56";"3";"COMBUSTÍVEIS E LUBRIFICANTES.";"1";"Veículos Automotores";"AUTO POSTO GOLDEN GAS LAGO LTDA";"308.792.610/0019-4";"196200";"4";"2021-06-30T00:00:00";"100";"0";"100";"6";"2021";"0";"";"";"1775822";"";"";"";"3163";"7215781";"https://www.camara.leg.br/cota-parlamentar/nota-fiscal-eletronica?ideDocumentoFiscal=7215781"
"Norma Ayub";"";"66179";"282";"2019";"ES";"PP";"56";"3";"COMBUSTÍVEIS E LUBRIFICANTES.";"1";"Veículos Automotores";"AUTO POSTO GOLDEN GAS LAGO LTDA";"308.792.610/0019-4";"197190";"4";"2021-07-05T00:00:00";"100";"0";"100";"7";"2021";"0";"";"";"1776599";"";"";"";"3163";"7217227";"https://www.camara.leg.br/cota-parlamentar/nota-fiscal-eletronica?ideDocumentoFiscal=7217227"
"Norma Ayub";"";"66179";"282";"2019";"ES";"PP";"56";"3";"COMBUSTÍVEIS E LUBRIFICANTES.";"1";"Veículos Automotores";"AUTO POSTO GOLDEN GAS LAGO LTDA";"308.792.610/0019-4";"198700";"4";"2021-07-12T00:00:00";"100";"0";"100";"7";"2021";"0";"";"";"1778551";"";"";"";"3163";"7221219";"https://www.camara.leg.br/cota-parlamentar/nota-fiscal-eletronica?ideDocumentoFiscal=7221219"
"Norma Ayub";"";"66179";"282";"2019";"ES";"PP";"56";"3";"COMBUSTÍVEIS E LUBRIFICANTES.";"1";"Veículos Automotores";"AUTO POSTO GOLDEN GAS LAGO LTDA";"308.792.610/0019-4";"217736";"4";"2021-10-05T00:00:00";"150";"0";"150";"10";"2021";"0";"";"";"1798336";"";"";"";"3163";"7265030";"https://www.camara.leg.br/cota-parlamentar/nota-fiscal-eletronica?ideDocumentoFiscal=7265030"
"Norma Ayub";"";"66179";"282";"2019";"ES";"PP";"56";"3";"COMBUSTÍVEIS E LUBRIFICANTES.";"1";"Veículos Automotores";"AUTO POSTO GOLDEN GAS LAGO LTDA";"308.792.610/0019-4";"222201";"4";"2021-10-26T00:00:00";"150";"0";"150";"10";"2021";"0";"";"";"1802817";"";"";"";"3163";"7275114";"https://www.camara.leg.br/cota-parlamentar/nota-fiscal-eletronica?ideDocumentoFiscal=7275114"
"Norma Ayub";"";"66179";"282";"2019";"ES";"PP";"56";"3";"COMBUSTÍVEIS E LUBRIFICANTES.";"1";"Veículos Automotores";"AUTO POSTO GOLDEN GAS LAGO LTDA";"308.792.610/0019-4";"228137";"4";"2021-11-22T00:00:00";"200";"0";"200";"11";"2021";"0";"";"";"1809499";"";"";"";"3163";"7290136";"https://www.camara.leg.br/cota-parlamentar/nota-fiscal-eletronica?ideDocumentoFiscal=7290136"
"Norma Ayub";"";"66179";"282";"2019";"ES";"PP";"56";"3";"COMBUSTÍVEIS E LUBRIFICANTES.";"1";"Veículos Automotores";"AUTO POSTO GOLDEN GAS LAGO LTDA";"308.792.610/0019-4";"233406";"4";"2021-12-16T00:00:00";"100";"0";"100";"12";"2021";"0";"";"";"1817548";"";"";"";"3163";"7307557";"https://www.camara.leg.br/cota-parlamentar/nota-fiscal-eletronica?ideDocumentoFiscal=7307557"
"Norma Ayub";"";"66179";"282";"2019";"ES";"PP";"56";"3";"COMBUSTÍVEIS E LUBRIFICANTES.";"1";"Veículos Automotores";"AUTO POSTO GUARAPARI LTDA";"140.963.130/0010-8";"214004";"4";"2021-11-25T00:00:00";"336.02";"0";"336.02";"11";"2021";"0";"";"";"1811455";"";"";"";"3163";"7294646";"https://www.camara.leg.br/cota-parlamentar/nota-fiscal-eletronica?ideDocumentoFiscal=7294646"
"Norma Ayub";"";"66179";"282";"2019";"ES";"PP";"56";"3";"COMBUSTÍVEIS E LUBRIFICANTES.";"1";"Veículos Automotores";"AUTO POSTO R M LTDA";"150.105.300/0019-8";"5298";"4";"2021-11-09T00:00:00";"308.42";"0";"308.42";"11";"2021";"0";"";"";"1807896";"";"";"";"3163";"7286233";"https://www.camara.leg.br/cota-parlamentar/nota-fiscal-eletronica?ideDocumentoFiscal=7286233"
"Norma Ayub";"";"66179";"282";"2019";"ES";"PP";"56";"3";"COMBUSTÍVEIS E LUBRIFICANTES.";"1";"Veículos Automotores";"AUTO POSTO SENNA LTDA";"026.651.240/0011-1";"597753";"4";"2021-10-08T00:00:00";"351.81";"0";"351.81";"10";"2021";"0";"";"";"1799787";"";"";"";"3163";"7268092";"https://www.camara.leg.br/cota-parlamentar/nota-fiscal-eletronica?ideDocumentoFiscal=7268092"
"Norma Ayub";"";"66179";"282";"2019";"ES";"PP";"56";"3";"COMBUSTÍVEIS E LUBRIFICANTES.";"1";"Veículos Automotores";"AUTO POSTO SENNA LTDA";"026.651.240/0011-1";"617699";"4";"2021-12-06T00:00:00";"364.85";"0";"364.85";"12";"2021";"0";"";"";"1816862";"";"";"";"3163";"7306134";"https://www.camara.leg.br/cota-parlamentar/nota-fiscal-eletronica?ideDocumentoFiscal=7306134"
"Norma Ayub";"";"66179";"282";"2019";"ES";"PP";"56";"3";"COMBUSTÍVEIS E LUBRIFICANTES.";"1";"Veículos Automotores";"AUTO POSTO SENNA LTDA";"026.651.240/0011-1";"619505";"4";"2021-12-11T00:00:00";"153.85";"0";"153.85";"12";"2021";"0";"";"";"1816862";"";"";"";"3163";"7306151";"https://www.camara.leg.br/cota-parlamentar/nota-fiscal-eletronica?ideDocumentoFiscal=7306151"
"Norma Ayub";"";"66179";"282";"2019";"ES";"PP";"56";"3";"COMBUSTÍVEIS E LUBRIFICANTES.";"1";"Veículos Automotores";"AUTO POSTO SHALOM LTDA";"006.928.060/0019-8";"38990";"4";"2021-09-09T00:00:00";"150";"0";"150";"9";"2021";"0";"";"";"1792224";"";"";"";"3163";"7251373";"https://www.camara.leg.br/cota-parlamentar/nota-fiscal-eletronica?ideDocumentoFiscal=7251373"
"Norma Ayub";"";"66179";"282";"2019";"ES";"PP";"56";"3";"COMBUSTÍVEIS E LUBRIFICANTES.";"1";"Veículos Automotores";"AUTO POSTO VIA ESTRUTURAL LTDA - LAGO SUL";"235.970.310/0025-8";"12542";"4";"2021-10-18T00:00:00";"150";"0";"150";"10";"2021";"0";"";"";"1801135";"";"";"";"3163";"7271166";"https://www.camara.leg.br/cota-parlamentar/nota-fiscal-eletronica?ideDocumentoFiscal=7271166"
"Norma Ayub";"";"66179";"282";"2019";"ES";"PP";"56";"3";"COMBUSTÍVEIS E LUBRIFICANTES.";"1";"Veículos Automotores";"AUTO POSTO VIA ESTRUTURAL LTDA - LAGO SUL";"235.970.310/0025-8";"8373";"4";"2021-07-06T00:00:00";"100";"0";"100";"7";"2021";"0";"";"";"1777582";"";"";"";"3163";"7219203";"https://www.camara.leg.br/cota-parlamentar/nota-fiscal-eletronica?ideDocumentoFiscal=7219203"
"Norma Ayub";"";"66179";"282";"2019";"ES";"PP";"56";"3";"COMBUSTÍVEIS E LUBRIFICANTES.";"1";"Veículos Automotores";"AUTO SERVICO JUMA LTDA";"397.829.820/0015-6";"251720";"4";"2021-03-04T00:00:00";"150";"0";"150";"3";"2021";"0";"";"";"1752141";"";"";"";"3163";"7167031";"https://www.camara.leg.br/cota-parlamentar/nota-fiscal-eletronica?ideDocumentoFiscal=7167031"
"Norma Ayub";"";"66179";"282";"2019";"ES";"PP";"56";"3";"COMBUSTÍVEIS E LUBRIFICANTES.";"1";"Veículos Automotores";"AUTO SERVICO JUMA LTDA";"397.829.820/0015-6";"276967";"4";"2021-06-09T00:00:00";"300.05";"0";"300.05";"6";"2021";"0";"";"";"1770603";"";"";"";"3163";"7205577";"https://www.camara.leg.br/cota-parlamentar/nota-fiscal-eletronica?ideDocumentoFiscal=7205577"
"Norma Ayub";"";"66179";"282";"2019";"ES";"PP";"56";"3";"COMBUSTÍVEIS E LUBRIFICANTES.";"1";"Veículos Automotores";"AUTO SERVICO JUMA LTDA";"397.829.820/0015-6";"282601";"4";"2021-06-29T00:00:00";"272.02";"0";"272.02";"6";"2021";"0";"";"";"1775105";"";"";"";"3163";"7214288";"https://www.camara.leg.br/cota-parlamentar/nota-fiscal-eletronica?ideDocumentoFiscal=7214288"
"Norma Ayub";"";"66179";"282";"2019";"ES";"PP";"56";"3";"COMBUSTÍVEIS E LUBRIFICANTES.";"1";"Veículos Automotores";"AUTO SERVICO JUMA LTDA";"397.829.820/0015-6";"287250";"4";"2021-07-15T00:00:00";"241.01";"0";"241.01";"7";"2021";"0";"";"";"1779772";"";"";"";"3163";"7223808";"https://www.camara.leg.br/cota-parlamentar/nota-fiscal-eletronica?ideDocumentoFiscal=7223808"
"Norma Ayub";"";"66179";"282";"2019";"ES";"PP";"56";"3";"COMBUSTÍVEIS E LUBRIFICANTES.";"1";"Veículos Automotores";"AUTO SERVICO MARATAIZES LTDA";"363.441.090/0019-3";"315707";"4";"2021-06-21T00:00:00";"150";"0";"150";"6";"2021";"0";"";"";"1773631";"";"";"";"3163";"7211059";"https://www.camara.leg.br/cota-parlamentar/nota-fiscal-eletronica?ideDocumentoFiscal=7211059"
"Norma Ayub";"";"66179";"282";"2019";"ES";"PP";"56";"3";"COMBUSTÍVEIS E LUBRIFICANTES.";"1";"Veículos Automotores";"AVENIDA COMERCIO DE COMBUSTIVEL LTDA";"175.984.030/0018-7";"574830";"4";"2021-12-22T00:00:00";"350.03";"0";"350.03";"12";"2021";"0";"";"";"1820089";"";"";"";"3163";"7313086";"https://www.camara.leg.br/cota-parlamentar/nota-fiscal-eletronica?ideDocumentoFiscal=7313086"
"Norma Ayub";"";"66179";"282";"2019";"ES";"PP";"56";"3";"COMBUSTÍVEIS E LUBRIFICANTES.";"1";"Veículos Automotores";"FORTALEZA COMERCIO DE COMBUSTIVELS LTDA EPP";"219.318.840/0017-8";"268181";"4";"2021-06-18T00:00:00";"215.35";"0";"215.35";"6";"2021";"0";"";"";"1773687";"";"";"";"3163";"7211140";"https://www.camara.leg.br/cota-parlamentar/nota-fiscal-eletronica?ideDocumentoFiscal=7211140"
"Norma Ayub";"";"66179";"282";"2019";"ES";"PP";"56";"3";"COMBUSTÍVEIS E LUBRIFICANTES.";"1";"Veículos Automotores";"GUARAVE GUARAPARI VEICULOS LTDA";"270.204.450/0019-0";"26206";"4";"2021-02-15T00:00:00";"297.98";"0";"297.98";"2";"2021";"0";"";"";"1745544";"";"";"";"3163";"7154600";"https://www.camara.leg.br/cota-parlamentar/nota-fiscal-eletronica?ideDocumentoFiscal=7154600"
"Norma Ayub";"";"66179";"282";"2019";"ES";"PP";"56";"3";"COMBUSTÍVEIS E LUBRIFICANTES.";"1";"Veículos Automotores";"ITAPARICA PETROLEO E COMERCIO LTDA";"016.350.410/0011-7";"280591";"4";"2021-02-03T00:00:00";"245.9";"0";"245.9";"2";"2021";"0";"";"";"1743439";"";"";"";"3163";"7150399";"https://www.camara.leg.br/cota-parlamentar/nota-fiscal-eletronica?ideDocumentoFiscal=7150399"
"Norma Ayub";"";"66179";"282";"2019";"ES";"PP";"56";"3";"COMBUSTÍVEIS E LUBRIFICANTES.";"1";"Veículos Automotores";"JARJOUR VEICULOS E PETROLEO LIMITADA";"001.086.700/0063-0";"55265";"4";"2021-08-06T00:00:00";"100";"0";"100";"8";"2021";"0";"";"";"1784481";"";"";"";"3163";"7234479";"https://www.camara.leg.br/cota-parlamentar/nota-fiscal-eletronica?ideDocumentoFiscal=7234479"
"Norma Ayub";"";"66179";"282";"2019";"ES";"PP";"56";"3";"COMBUSTÍVEIS E LUBRIFICANTES.";"1";"Veículos Automotores";"PEROLA CAPIXABA REVENDA DE PETROLEO LTDA - ME";"142.235.410/0019-3";"375254";"4";"2021-01-19T00:00:00";"120.09";"0";"120.09";"1";"2021";"0";"";"";"1739685";"";"";"";"3163";"7142492";"https://www.camara.leg.br/cota-parlamentar/nota-fiscal-eletronica?ideDocumentoFiscal=7142492"
"Norma Ayub";"";"66179";"282";"2019";"ES";"PP";"56";"3";"COMBUSTÍVEIS E LUBRIFICANTES.";"1";"Veículos Automotores";"POSTO ARVOREDO LTDA";"270.662.730/0019-5";"174281";"4";"2021-02-04T00:00:00";"200.02";"0";"200.02";"2";"2021";"0";"";"";"1743802";"";"";"";"3163";"7151119";"https://www.camara.leg.br/cota-parlamentar/nota-fiscal-eletronica?ideDocumentoFiscal=7151119"
"Norma Ayub";"";"66179";"282";"2019";"ES";"PP";"56";"3";"COMBUSTÍVEIS E LUBRIFICANTES.";"1";"Veículos Automotores";"POSTO ARVOREDO LTDA.";"270.662.730/0019-5";"189729";"4";"2021-05-26T00:00:00";"235.01";"0";"235.01";"5";"2021";"0";"";"";"1767026";"";"";"";"3163";"7198158";"https://www.camara.leg.br/cota-parlamentar/nota-fiscal-eletronica?ideDocumentoFiscal=7198158"
"Norma Ayub";"";"66179";"282";"2019";"ES";"PP";"56";"3";"COMBUSTÍVEIS E LUBRIFICANTES.";"1";"Veículos Automotores";"POSTO ARVOREDO LTDA.";"270.662.730/0019-5";"191494";"4";"2021-06-08T00:00:00";"100";"0";"100";"6";"2021";"0";"";"";"1770205";"";"";"";"3163";"7204696";"https://www.camara.leg.br/cota-parlamentar/nota-fiscal-eletronica?ideDocumentoFiscal=7204696"
"Norma Ayub";"";"66179";"282";"2019";"ES";"PP";"56";"3";"COMBUSTÍVEIS E LUBRIFICANTES.";"1";"Veículos Automotores";"POSTO ARVOREDO LTDA.";"270.662.730/0019-5";"200749";"4";"2021-08-12T00:00:00";"245.02";"0";"245.02";"8";"2021";"0";"";"";"1786258";"";"";"";"3163";"7238176";"https://www.camara.leg.br/cota-parlamentar/nota-fiscal-eletronica?ideDocumentoFiscal=7238176"
"Norma Ayub";"";"66179";"282";"2019";"ES";"PP";"56";"3";"COMBUSTÍVEIS E LUBRIFICANTES.";"1";"Veículos Automotores";"POSTO ARVOREDO LTDA.";"270.662.730/0019-5";"202677";"4";"2021-08-23T00:00:00";"280.19";"0";"280.19";"8";"2021";"0";"";"";"1788305";"";"";"";"3163";"7242964";"https://www.camara.leg.br/cota-parlamentar/nota-fiscal-eletronica?ideDocumentoFiscal=7242964"
"Norma Ayub";"";"66179";"282";"2019";"ES";"PP";"56";"3";"COMBUSTÍVEIS E LUBRIFICANTES.";"1";"Veículos Automotores";"POSTO ARVOREDO LTDA.";"270.662.730/0019-5";"212735";"4";"2021-10-21T00:00:00";"219.05";"0";"219.05";"10";"2021";"0";"";"";"1802527";"";"";"";"3163";"7274389";"https://www.camara.leg.br/cota-parlamentar/nota-fiscal-eletronica?ideDocumentoFiscal=7274389"
"Norma Ayub";"";"66179";"282";"2019";"ES";"PP";"56";"3";"COMBUSTÍVEIS E LUBRIFICANTES.";"1";"Veículos Automotores";"POSTO ARVOREDO LTDA.";"270.662.730/0019-5";"220968";"4";"2021-12-07T00:00:00";"284.08";"0";"284.08";"12";"2021";"0";"";"";"1814861";"";"";"";"3163";"7301698";"https://www.camara.leg.br/cota-parlamentar/nota-fiscal-eletronica?ideDocumentoFiscal=7301698"
"Norma Ayub";"";"66179";"282";"2019";"ES";"PP";"56";"3";"COMBUSTÍVEIS E LUBRIFICANTES.";"1";"Veículos Automotores";"POSTO ARVOREDO LTDA.";"270.662.730/0019-5";"222557";"4";"2021-12-16T00:00:00";"356.16";"0";"356.16";"12";"2021";"0";"";"";"1817556";"";"";"";"3163";"7307586";"https://www.camara.leg.br/cota-parlamentar/nota-fiscal-eletronica?ideDocumentoFiscal=7307586"
"Norma Ayub";"";"66179";"282";"2019";"ES";"PP";"56";"3";"COMBUSTÍVEIS E LUBRIFICANTES.";"1";"Veículos Automotores";"POSTO ARVOREDO LTDA.";"270.662.730/0027-6";"133603";"4";"2021-06-17T00:00:00";"246.72";"0";"246.72";"6";"2021";"0";"";"";"1772176";"";"";"";"3163";"7209151";"https://www.camara.leg.br/cota-parlamentar/nota-fiscal-eletronica?ideDocumentoFiscal=7209151"
"Norma Ayub";"";"66179";"282";"2019";"ES";"PP";"56";"3";"COMBUSTÍVEIS E LUBRIFICANTES.";"1";"Veículos Automotores";"POSTO ARVOREDO LTDA.";"270.662.730/0027-6";"136098";"4";"2021-07-07T00:00:00";"259.99";"0";"259.99";"7";"2021";"0";"";"";"1777996";"";"";"";"3163";"7220169";"https://www.camara.leg.br/cota-parlamentar/nota-fiscal-eletronica?ideDocumentoFiscal=7220169"
"Norma Ayub";"";"66179";"282";"2019";"ES";"PP";"56";"3";"COMBUSTÍVEIS E LUBRIFICANTES.";"1";"Veículos Automotores";"POSTO ARVOREDO LTDA.";"270.662.730/0027-6";"147671";"0";"2021-09-29T00:00:00";"250";"0";"250";"9";"2021";"0";"";"";"1796565";"";"";"";"3163";"7261141";"https://www.camara.leg.br/cota-parlamentar/documentos/publ/3163/2021/7261141.pdf"
"Norma Ayub";"";"66179";"282";"2019";"ES";"PP";"56";"3";"COMBUSTÍVEIS E LUBRIFICANTES.";"1";"Veículos Automotores";"POSTO ARVOREDO LTDA.";"270.662.730/0027-6";"150763";"4";"2021-10-20T00:00:00";"217.7";"0";"217.7";"10";"2021";"0";"";"";"1802527";"";"";"";"3163";"7274387";"https://www.camara.leg.br/cota-parlamentar/nota-fiscal-eletronica?ideDocumentoFiscal=7274387"
"Norma Ayub";"";"66179";"282";"2019";"ES";"PP";"56";"3";"COMBUSTÍVEIS E LUBRIFICANTES.";"1";"Veículos Automotores";"POSTO ARVOREDO LTDA.";"270.662.730/0027-6";"154003";"4";"2021-11-12T00:00:00";"295.2";"0";"295.2";"11";"2021";"0";"";"";"1807896";"";"";"";"3163";"7286228";"https://www.camara.leg.br/cota-parlamentar/nota-fiscal-eletronica?ideDocumentoFiscal=7286228"
"Norma Ayub";"";"66179";"282";"2019";"ES";"PP";"56";"3";"COMBUSTÍVEIS E LUBRIFICANTES.";"1";"Veículos Automotores";"POSTO ARVOREDO LTDA.";"270.662.730/0027-6";"155498";"4";"2021-11-23T00:00:00";"313.11";"0";"313.11";"11";"2021";"0";"";"";"1809822";"";"";"";"3163";"7290860";"https://www.camara.leg.br/cota-parlamentar/nota-fiscal-eletronica?ideDocumentoFiscal=7290860"
"Norma Ayub";"";"66179";"282";"2019";"ES";"PP";"56";"3";"COMBUSTÍVEIS E LUBRIFICANTES.";"1";"Veículos Automotores";"POSTO AVENIDA VITORIA LTDA";"190.214.600/0012-4";"46922";"4";"2021-08-03T00:00:00";"276.26";"0";"276.26";"8";"2021";"0";"";"";"1782728";"";"";"";"3163";"7230543";"https://www.camara.leg.br/cota-parlamentar/nota-fiscal-eletronica?ideDocumentoFiscal=7230543"
"Norma Ayub";"";"66179";"282";"2019";"ES";"PP";"56";"3";"COMBUSTÍVEIS E LUBRIFICANTES.";"1";"Veículos Automotores";"POSTO DA VILA LTDA";"242.547.780/0019-5";"182086";"4";"2021-01-25T00:00:00";"290.23";"0";"290.23";"1";"2021";"0";"";"";"1740414";"";"";"";"3163";"7144225";"https://www.camara.leg.br/cota-parlamentar/nota-fiscal-eletronica?ideDocumentoFiscal=7144225"
"Norma Ayub";"";"66179";"282";"2019";"ES";"PP";"56";"3";"COMBUSTÍVEIS E LUBRIFICANTES.";"1";"Veículos Automotores";"POSTO DA VILA LTDA";"242.547.780/0019-5";"187485";"4";"2021-02-19T00:00:00";"160.04";"0";"160.04";"2";"2021";"0";"";"";"1746873";"";"";"";"3163";"7157453";"https://www.camara.leg.br/cota-parlamentar/nota-fiscal-eletronica?ideDocumentoFiscal=7157453"
"Norma Ayub";"";"66179";"282";"2019";"ES";"PP";"56";"3";"COMBUSTÍVEIS E LUBRIFICANTES.";"1";"Veículos Automotores";"POSTO DA VILA LTDA";"242.547.780/0019-5";"192592";"4";"2021-03-12T00:00:00";"160";"0";"160";"3";"2021";"0";"";"";"1752141";"";"";"";"3163";"7167028";"https://www.camara.leg.br/cota-parlamentar/nota-fiscal-eletronica?ideDocumentoFiscal=7167028"
"Norma Ayub";"";"66179";"282";"2019";"ES";"PP";"56";"3";"COMBUSTÍVEIS E LUBRIFICANTES.";"1";"Veículos Automotores";"POSTO DA VILA LTDA";"242.547.780/0019-5";"200996";"4";"2021-04-18T00:00:00";"200.08";"0";"200.08";"4";"2021";"0";"";"";"1763031";"";"";"";"3163";"7189195";"https://www.camara.leg.br/cota-parlamentar/nota-fiscal-eletronica?ideDocumentoFiscal=7189195"
"Norma Ayub";"";"66179";"282";"2019";"ES";"PP";"56";"3";"COMBUSTÍVEIS E LUBRIFICANTES.";"1";"Veículos Automotores";"POSTO DA VILA LTDA";"242.547.780/0019-5";"201153";"4";"2021-04-19T00:00:00";"200.1";"0";"200.1";"4";"2021";"0";"";"";"1763031";"";"";"";"3163";"7189194";"https://www.camara.leg.br/cota-parlamentar/nota-fiscal-eletronica?ideDocumentoFiscal=7189194"
"Norma Ayub";"";"66179";"282";"2019";"ES";"PP";"56";"3";"COMBUSTÍVEIS E LUBRIFICANTES.";"1";"Veículos Automotores";"POSTO DA VILA LTDA";"242.547.780/0019-5";"203739";"4";"2021-04-30T00:00:00";"305.07";"0";"305.07";"4";"2021";"0";"";"";"1762834";"";"";"";"3163";"7188863";"https://www.camara.leg.br/cota-parlamentar/nota-fiscal-eletronica?ideDocumentoFiscal=7188863"
"Norma Ayub";"";"66179";"282";"2019";"ES";"PP";"56";"3";"COMBUSTÍVEIS E LUBRIFICANTES.";"1";"Veículos Automotores";"POSTO DA VILA LTDA";"242.547.780/0019-5";"225445";"4";"2021-07-26T00:00:00";"292.33";"0";"292.33";"7";"2021";"0";"";"";"1783387";"";"";"";"3163";"7232195";"https://www.camara.leg.br/cota-parlamentar/nota-fiscal-eletronica?ideDocumentoFiscal=7232195"
"Norma Ayub";"";"66179";"282";"2019";"ES";"PP";"56";"3";"COMBUSTÍVEIS E LUBRIFICANTES.";"1";"Veículos Automotores";"POSTO DA VILA LTDA";"242.547.780/0019-5";"227855";"4";"2021-08-04T00:00:00";"310.33";"0";"310.33";"8";"2021";"0";"";"";"1783391";"";"";"";"3163";"7232206";"https://www.camara.leg.br/cota-parlamentar/nota-fiscal-eletronica?ideDocumentoFiscal=7232206"
"Norma Ayub";"";"66179";"282";"2019";"ES";"PP";"56";"3";"COMBUSTÍVEIS E LUBRIFICANTES.";"1";"Veículos Automotores";"POSTO DA VILA LTDA";"242.547.780/0019-5";"229714";"4";"2021-08-11T00:00:00";"176.04";"0";"176.04";"8";"2021";"0";"";"";"1785603";"";"";"";"3163";"7236967";"https://www.camara.leg.br/cota-parlamentar/nota-fiscal-eletronica?ideDocumentoFiscal=7236967"
"Norma Ayub";"";"66179";"282";"2019";"ES";"PP";"56";"3";"COMBUSTÍVEIS E LUBRIFICANTES.";"1";"Veículos Automotores";"POSTO DA VILA LTDA";"242.547.780/0019-5";"232283";"4";"2021-08-20T00:00:00";"176.99";"0";"176.99";"8";"2021";"0";"";"";"1787852";"";"";"";"3163";"7241850";"https://www.camara.leg.br/cota-parlamentar/nota-fiscal-eletronica?ideDocumentoFiscal=7241850"
"Norma Ayub";"";"66179";"282";"2019";"ES";"PP";"56";"3";"COMBUSTÍVEIS E LUBRIFICANTES.";"1";"Veículos Automotores";"POSTO DA VILA LTDA";"242.547.780/0019-5";"233113";"4";"2021-08-23T00:00:00";"338.82";"0";"338.82";"8";"2021";"0";"";"";"1789373";"";"";"";"3163";"7245351";"https://www.camara.leg.br/cota-parlamentar/nota-fiscal-eletronica?ideDocumentoFiscal=7245351"
"Norma Ayub";"";"66179";"282";"2019";"ES";"PP";"56";"3";"COMBUSTÍVEIS E LUBRIFICANTES.";"1";"Veículos Automotores";"POSTO DA VILA LTDA";"242.547.780/0019-5";"234245";"4";"2021-08-27T00:00:00";"278.13";"0";"278.13";"8";"2021";"0";"";"";"1792231";"";"";"";"3163";"7251394";"https://www.camara.leg.br/cota-parlamentar/nota-fiscal-eletronica?ideDocumentoFiscal=7251394"
"Norma Ayub";"";"66179";"282";"2019";"ES";"PP";"56";"3";"COMBUSTÍVEIS E LUBRIFICANTES.";"1";"Veículos Automotores";"POSTO DA VILA LTDA";"242.547.780/0019-5";"235610";"4";"2021-09-01T00:00:00";"200.07";"0";"200.07";"9";"2021";"0";"";"";"1792224";"";"";"";"3163";"7251380";"https://www.camara.leg.br/cota-parlamentar/nota-fiscal-eletronica?ideDocumentoFiscal=7251380"
"Norma Ayub";"";"66179";"282";"2019";"ES";"PP";"56";"3";"COMBUSTÍVEIS E LUBRIFICANTES.";"1";"Veículos Automotores";"POSTO DA VILA LTDA";"242.547.780/0019-5";"237596";"4";"2021-09-08T00:00:00";"317.46";"0";"317.46";"9";"2021";"0";"";"";"1792224";"";"";"";"3163";"7251386";"https://www.camara.leg.br/cota-parlamentar/nota-fiscal-eletronica?ideDocumentoFiscal=7251386"
"Norma Ayub";"";"66179";"282";"2019";"ES";"PP";"56";"3";"COMBUSTÍVEIS E LUBRIFICANTES.";"1";"Veículos Automotores";"POSTO DA VILA LTDA";"242.547.780/0019-5";"242251";"4";"2021-09-28T00:00:00";"311.92";"0";"311.92";"9";"2021";"0";"";"";"1797377";"";"";"";"3163";"7263096";"https://www.camara.leg.br/cota-parlamentar/nota-fiscal-eletronica?ideDocumentoFiscal=7263096"
"Norma Ayub";"";"66179";"282";"2019";"ES";"PP";"56";"3";"COMBUSTÍVEIS E LUBRIFICANTES.";"1";"Veículos Automotores";"POSTO DA VILA LTDA";"242.547.780/0019-5";"2451";"4";"2021-09-22T00:00:00";"282.01";"0";"282.01";"9";"2021";"0";"";"";"1797377";"";"";"";"3163";"7263094";"https://www.camara.leg.br/cota-parlamentar/nota-fiscal-eletronica?ideDocumentoFiscal=7263094"
"Norma Ayub";"";"66179";"282";"2019";"ES";"PP";"56";"3";"COMBUSTÍVEIS E LUBRIFICANTES.";"1";"Veículos Automotores";"POSTO DA VILA LTDA";"242.547.780/0019-5";"252635";"4";"2021-11-05T00:00:00";"333.09";"0";"333.09";"11";"2021";"0";"";"";"1807896";"";"";"";"3163";"7286230";"https://www.camara.leg.br/cota-parlamentar/nota-fiscal-eletronica?ideDocumentoFiscal=7286230"
"Norma Ayub";"";"66179";"282";"2019";"ES";"PP";"56";"3";"COMBUSTÍVEIS E LUBRIFICANTES.";"1";"Veículos Automotores";"POSTO DA VILA LTDA";"242.547.780/0019-5";"259038";"4";"2021-11-29T00:00:00";"355.02";"0";"355.02";"11";"2021";"0";"";"";"1813038";"";"";"";"3163";"7297929";"https://www.camara.leg.br/cota-parlamentar/nota-fiscal-eletronica?ideDocumentoFiscal=7297929"
"Norma Ayub";"";"66179";"282";"2019";"ES";"PP";"56";"3";"COMBUSTÍVEIS E LUBRIFICANTES.";"1";"Veículos Automotores";"POSTO DA VILA LTDA";"242.547.780/0019-5";"260066";"4";"2021-12-03T00:00:00";"363.48";"0";"363.48";"12";"2021";"0";"";"";"1816862";"";"";"";"3163";"7306123";"https://www.camara.leg.br/cota-parlamentar/nota-fiscal-eletronica?ideDocumentoFiscal=7306123"
"Norma Ayub";"";"66179";"282";"2019";"ES";"PP";"56";"3";"COMBUSTÍVEIS E LUBRIFICANTES.";"1";"Veículos Automotores";"POSTO DA VILA LTDA";"242.547.780/0019-5";"264797";"4";"2021-12-20T00:00:00";"350.96";"0";"350.96";"12";"2021";"0";"";"";"1820089";"";"";"";"3163";"7313091";"https://www.camara.leg.br/cota-parlamentar/nota-fiscal-eletronica?ideDocumentoFiscal=7313091"
"Norma Ayub";"";"66179";"282";"2019";"ES";"PP";"56";"3";"COMBUSTÍVEIS E LUBRIFICANTES.";"1";"Veículos Automotores";"POSTO DA VILA LTDA";"242.547.780/0019-5";"267165";"4";"2021-12-28T00:00:00";"348.3";"0";"348.3";"12";"2021";"0";"";"";"1820089";"";"";"";"3163";"7313083";"https://www.camara.leg.br/cota-parlamentar/nota-fiscal-eletronica?ideDocumentoFiscal=7313083"
"Norma Ayub";"";"66179";"282";"2019";"ES";"PP";"56";"3";"COMBUSTÍVEIS E LUBRIFICANTES.";"1";"Veículos Automotores";"POSTO DE COMBUSTIVEIS 306 SUL LTDA";"323.045.230/0011-8";"121289";"4";"2021-02-25T00:00:00";"305.59";"0";"305.59";"2";"2021";"0";"";"";"1747659";"";"";"";"3163";"7159068";"https://www.camara.leg.br/cota-parlamentar/nota-fiscal-eletronica?ideDocumentoFiscal=7159068"
"Norma Ayub";"";"66179";"282";"2019";"ES";"PP";"56";"3";"COMBUSTÍVEIS E LUBRIFICANTES.";"1";"Veículos Automotores";"POSTO DE COMBUSTIVEIS IBIRACU LTDA";"312.492.480/0011-4";"139109";"4";"2021-12-10T00:00:00";"309.52";"0";"309.52";"12";"2021";"0";"";"";"1816862";"";"";"";"3163";"7306140";"https://www.camara.leg.br/cota-parlamentar/nota-fiscal-eletronica?ideDocumentoFiscal=7306140"
"Norma Ayub";"";"66179";"282";"2019";"ES";"PP";"56";"3";"COMBUSTÍVEIS E LUBRIFICANTES.";"1";"Veículos Automotores";"POSTO DE COMBUSTIVEL QI 09 LAGO SUL LTDA";"329.658.770/0010-3";"3310";"4";"2021-12-13T00:00:00";"250";"0";"250";"12";"2021";"0";"";"";"1815564";"";"";"";"3163";"7303070";"https://www.camara.leg.br/cota-parlamentar/nota-fiscal-eletronica?ideDocumentoFiscal=7303070"
"Norma Ayub";"";"66179";"282";"2019";"ES";"PP";"56";"3";"COMBUSTÍVEIS E LUBRIFICANTES.";"1";"Veículos Automotores";"POSTO DE COMBUSTIVEL YASMIN LTDA";"210.178.900/0011-4";"316507";"4";"2021-02-03T00:00:00";"100";"0";"100";"2";"2021";"0";"";"";"1743439";"";"";"";"3163";"7150398";"https://www.camara.leg.br/cota-parlamentar/nota-fiscal-eletronica?ideDocumentoFiscal=7150398"
"Norma Ayub";"";"66179";"282";"2019";"ES";"PP";"56";"3";"COMBUSTÍVEIS E LUBRIFICANTES.";"1";"Veículos Automotores";"POSTO ITA COMERCIO DE COMBUSTIVEIS LTDA";"310.574.810/0010-3";"467";"4";"2021-11-19T00:00:00";"256.33";"0";"256.33";"11";"2021";"0";"";"";"1809499";"";"";"";"3163";"7290139";"https://www.camara.leg.br/cota-parlamentar/nota-fiscal-eletronica?ideDocumentoFiscal=7290139"
"Norma Ayub";"";"66179";"282";"2019";"ES";"PP";"56";"3";"COMBUSTÍVEIS E LUBRIFICANTES.";"1";"Veículos Automotores";"POSTO ITA COMERCIOS DE COMBUSTIVEIS LTDA";"310.574.810/0010-3";"199319";"4";"2021-03-01T00:00:00";"258.77";"0";"258.77";"3";"2021";"0";"";"";"1752265";"";"";"";"3163";"7167290";"https://www.camara.leg.br/cota-parlamentar/nota-fiscal-eletronica?ideDocumentoFiscal=7167290"
"Norma Ayub";"";"66179";"282";"2019";"ES";"PP";"56";"3";"COMBUSTÍVEIS E LUBRIFICANTES.";"1";"Veículos Automotores";"POSTO ITA COMERCIOS DE COMBUSTIVEIS LTDA";"310.574.810/0010-3";"204713";"4";"2021-03-15T00:00:00";"274.52";"0";"274.52";"3";"2021";"0";"";"";"1762832";"";"";"";"3163";"7188857";"https://www.camara.leg.br/cota-parlamentar/nota-fiscal-eletronica?ideDocumentoFiscal=7188857"
"Norma Ayub";"";"66179";"282";"2019";"ES";"PP";"56";"3";"COMBUSTÍVEIS E LUBRIFICANTES.";"1";"Veículos Automotores";"POSTO ITA COMERCIOS DE COMBUSTIVEIS LTDA";"310.574.810/0010-3";"209094";"4";"2021-03-29T00:00:00";"297.63";"0";"297.63";"3";"2021";"0";"";"";"1762832";"";"";"";"3163";"7188858";"https://www.camara.leg.br/cota-parlamentar/nota-fiscal-eletronica?ideDocumentoFiscal=7188858"
"Norma Ayub";"";"66179";"282";"2019";"ES";"PP";"56";"3";"COMBUSTÍVEIS E LUBRIFICANTES.";"1";"Veículos Automotores";"POSTO ITA COMERCIOS DE COMBUSTIVEIS LTDA";"310.574.810/0010-3";"211218";"4";"2021-04-05T00:00:00";"287.34";"0";"287.34";"4";"2021";"0";"";"";"1762834";"";"";"";"3163";"7188866";"https://www.camara.leg.br/cota-parlamentar/nota-fiscal-eletronica?ideDocumentoFiscal=7188866"
"Norma Ayub";"";"66179";"282";"2019";"ES";"PP";"56";"3";"COMBUSTÍVEIS E LUBRIFICANTES.";"1";"Veículos Automotores";"POSTO ITA COMERCIOS DE COMBUSTIVEIS LTDA";"310.574.810/0010-3";"224109";"4";"2021-05-17T00:00:00";"276.75";"0";"276.75";"5";"2021";"0";"";"";"1764637";"";"";"";"3163";"7192932";"https://www.camara.leg.br/cota-parlamentar/nota-fiscal-eletronica?ideDocumentoFiscal=7192932"
"Norma Ayub";"";"66179";"282";"2019";"ES";"PP";"56";"3";"COMBUSTÍVEIS E LUBRIFICANTES.";"1";"Veículos Automotores";"POSTO ITA COMERCIOS DE COMBUSTIVEIS LTDA";"310.574.810/0010-3";"236969";"4";"2021-06-24T00:00:00";"238.68";"0";"238.68";"6";"2021";"0";"";"";"1774541";"";"";"";"3163";"7213021";"https://www.camara.leg.br/cota-parlamentar/nota-fiscal-eletronica?ideDocumentoFiscal=7213021"
"Norma Ayub";"";"66179";"282";"2019";"ES";"PP";"56";"3";"COMBUSTÍVEIS E LUBRIFICANTES.";"1";"Veículos Automotores";"POSTO ITA COMERCIOS DE COMBUSTIVEIS LTDA";"310.574.810/0010-3";"239652";"4";"2021-07-02T00:00:00";"226.69";"0";"226.69";"7";"2021";"0";"";"";"1776377";"";"";"";"3163";"7216895";"https://www.camara.leg.br/cota-parlamentar/nota-fiscal-eletronica?ideDocumentoFiscal=7216895"
"Norma Ayub";"";"66179";"282";"2019";"ES";"PP";"56";"3";"COMBUSTÍVEIS E LUBRIFICANTES.";"1";"Veículos Automotores";"POSTO ITA COMERCIOS DE COMBUSTIVEIS LTDA";"310.574.810/0010-3";"242150";"4";"2021-07-09T00:00:00";"276.23";"0";"276.23";"7";"2021";"0";"";"";"1778433";"";"";"";"3163";"7220994";"https://www.camara.leg.br/cota-parlamentar/nota-fiscal-eletronica?ideDocumentoFiscal=7220994"
"Norma Ayub";"";"66179";"282";"2019";"ES";"PP";"56";"3";"COMBUSTÍVEIS E LUBRIFICANTES.";"1";"Veículos Automotores";"POSTO ITA COMERCIOS DE COMBUSTIVEIS LTDA";"310.574.810/0010-3";"244474";"4";"2021-07-16T00:00:00";"270.16";"0";"270.16";"7";"2021";"0";"";"";"1780083";"";"";"";"3163";"7224480";"https://www.camara.leg.br/cota-parlamentar/nota-fiscal-eletronica?ideDocumentoFiscal=7224480"
"Norma Ayub";"";"66179";"282";"2019";"ES";"PP";"56";"3";"COMBUSTÍVEIS E LUBRIFICANTES.";"1";"Veículos Automotores";"POSTO ITA COMERCIOS DE COMBUSTIVEIS LTDA";"310.574.810/0010-3";"262517";"4";"2021-09-13T00:00:00";"256.06";"0";"256.06";"9";"2021";"0";"";"";"1801134";"";"";"";"3163";"7271162";"https://www.camara.leg.br/cota-parlamentar/nota-fiscal-eletronica?ideDocumentoFiscal=7271162"
"Norma Ayub";"";"66179";"282";"2019";"ES";"PP";"56";"3";"COMBUSTÍVEIS E LUBRIFICANTES.";"1";"Veículos Automotores";"POSTO ITA COMERCIOS DE COMBUSTIVEIS LTDA";"310.574.810/0010-3";"263277";"4";"2021-09-16T00:00:00";"284.62";"0";"284.62";"9";"2021";"0";"";"";"1797377";"";"";"";"3163";"7263091";"https://www.camara.leg.br/cota-parlamentar/nota-fiscal-eletronica?ideDocumentoFiscal=7263091"
"Norma Ayub";"";"66179";"282";"2019";"ES";"PP";"56";"3";"COMBUSTÍVEIS E LUBRIFICANTES.";"1";"Veículos Automotores";"POSTO ITA COMERCIOS DE COMBUSTIVEIS LTDA";"310.574.810/0010-3";"268242";"4";"2021-10-04T00:00:00";"296.01";"0";"296.01";"10";"2021";"0";"";"";"1798681";"";"";"";"3163";"7265749";"https://www.camara.leg.br/cota-parlamentar/nota-fiscal-eletronica?ideDocumentoFiscal=7265749"
"Norma Ayub";"";"66179";"282";"2019";"ES";"PP";"56";"3";"COMBUSTÍVEIS E LUBRIFICANTES.";"1";"Veículos Automotores";"POSTO ITA COMERCIOS DE COMBUSTIVEIS LTDA";"310.574.810/0010-3";"271458";"4";"2021-10-15T00:00:00";"300.7";"0";"300.7";"10";"2021";"0";"";"";"1800740";"";"";"";"3163";"7270210";"https://www.camara.leg.br/cota-parlamentar/nota-fiscal-eletronica?ideDocumentoFiscal=7270210"
"Norma Ayub";"";"66179";"282";"2019";"ES";"PP";"56";"3";"COMBUSTÍVEIS E LUBRIFICANTES.";"1";"Veículos Automotores";"POSTO ITA COMERCIOS DE COMBUSTIVEIS LTDA";"310.574.810/0010-3";"272200";"4";"2021-10-18T00:00:00";"271.08";"0";"271.08";"10";"2021";"0";"";"";"1800921";"";"";"";"3163";"7270658";"https://www.camara.leg.br/cota-parlamentar/nota-fiscal-eletronica?ideDocumentoFiscal=7270658"
"Norma Ayub";"";"66179";"282";"2019";"ES";"PP";"56";"3";"COMBUSTÍVEIS E LUBRIFICANTES.";"1";"Veículos Automotores";"POSTO ITA COMERCIOS DE COMBUSTIVEIS LTDA";"310.574.810/0010-3";"274244";"4";"2021-10-25T00:00:00";"224.51";"0";"224.51";"10";"2021";"0";"";"";"1802822";"";"";"";"3163";"7275121";"https://www.camara.leg.br/cota-parlamentar/nota-fiscal-eletronica?ideDocumentoFiscal=7275121"
"Norma Ayub";"";"66179";"282";"2019";"ES";"PP";"56";"3";"COMBUSTÍVEIS E LUBRIFICANTES.";"1";"Veículos Automotores";"POSTO ITA COMERCIOS DE COMBUSTIVEIS LTDA";"310.574.810/0010-3";"281363";"4";"2021-11-16T00:00:00";"344.49";"0";"344.49";"11";"2021";"0";"";"";"1808895";"";"";"";"3163";"7288739";"https://www.camara.leg.br/cota-parlamentar/nota-fiscal-eletronica?ideDocumentoFiscal=7288739"
"Norma Ayub";"";"66179";"282";"2019";"ES";"PP";"56";"3";"COMBUSTÍVEIS E LUBRIFICANTES.";"1";"Veículos Automotores";"POSTO LINHA VERMELHA LTDA ME";"032.240.000/0016-3";"32786";"4";"2021-09-13T00:00:00";"200.01";"0";"200.01";"9";"2021";"0";"";"";"1792987";"";"";"";"3163";"7252953";"https://www.camara.leg.br/cota-parlamentar/nota-fiscal-eletronica?ideDocumentoFiscal=7252953"
"Norma Ayub";"";"66179";"282";"2019";"ES";"PP";"56";"3";"COMBUSTÍVEIS E LUBRIFICANTES.";"1";"Veículos Automotores";"POSTO NOGUEIRA LTDA";"271.240.230/0016-4";"307054";"4";"2021-05-28T00:00:00";"284.86";"0";"284.86";"5";"2021";"0";"";"";"1767539";"";"";"";"3163";"7199165";"https://www.camara.leg.br/cota-parlamentar/nota-fiscal-eletronica?ideDocumentoFiscal=7199165"
"Norma Ayub";"";"66179";"282";"2019";"ES";"PP";"56";"3";"COMBUSTÍVEIS E LUBRIFICANTES.";"1";"Veículos Automotores";"POSTO PARADA IBIRACU LTDA";"317.388.830/0016-5";"296109";"4";"2021-12-09T00:00:00";"322.57";"0";"322.57";"12";"2021";"0";"";"";"1816862";"";"";"";"3163";"7306145";"https://www.camara.leg.br/cota-parlamentar/nota-fiscal-eletronica?ideDocumentoFiscal=7306145"
"Norma Ayub";"";"66179";"282";"2019";"ES";"PP";"56";"3";"COMBUSTÍVEIS E LUBRIFICANTES.";"1";"Veículos Automotores";"POSTO PRETOLINE LTDA";"260.400.670/0014-3";"231854";"4";"2021-11-24T00:00:00";"100";"0";"100";"11";"2021";"0";"";"";"1810562";"";"";"";"3163";"7292542";"https://www.camara.leg.br/cota-parlamentar/nota-fiscal-eletronica?ideDocumentoFiscal=7292542"
"Norma Ayub";"";"66179";"282";"2019";"ES";"PP";"56";"3";"COMBUSTÍVEIS E LUBRIFICANTES.";"1";"Veículos Automotores";"POSTO RODOVIA DO SOL LTDA";"176.365.860/0018-8";"155998";"4";"2021-06-05T00:00:00";"279.88";"0";"279.88";"6";"2021";"0";"";"";"1770603";"";"";"";"3163";"7205574";"https://www.camara.leg.br/cota-parlamentar/nota-fiscal-eletronica?ideDocumentoFiscal=7205574"
"Norma Ayub";"";"66179";"282";"2019";"ES";"PP";"56";"3";"COMBUSTÍVEIS E LUBRIFICANTES.";"1";"Veículos Automotores";"POSTO UNIVERSAL LTDA";"271.919.720/0016-7";"284174";"4";"2021-06-14T00:00:00";"243.01";"0";"243.01";"6";"2021";"0";"";"";"1773687";"";"";"";"3163";"7211142";"https://www.camara.leg.br/cota-parlamentar/nota-fiscal-eletronica?ideDocumentoFiscal=7211142"
"Norma Ayub";"";"66179";"282";"2019";"ES";"PP";"56";"3";"COMBUSTÍVEIS E LUBRIFICANTES.";"1";"Veículos Automotores";"R K REVENDA DE PETROLEO LTDA";"110.542.060/0011-0";"291763";"4";"2021-03-08T00:00:00";"300";"0";"300";"3";"2021";"0";"";"";"1752141";"";"";"";"3163";"7167030";"https://www.camara.leg.br/cota-parlamentar/nota-fiscal-eletronica?ideDocumentoFiscal=7167030"
"Norma Ayub";"";"66179";"282";"2019";"ES";"PP";"56";"3";"COMBUSTÍVEIS E LUBRIFICANTES.";"1";"Veículos Automotores";"UNIPOSTO DERIVADOS DE PETROLEO LTDA";"392.812.740/0013-1";"306660";"4";"2021-04-15T00:00:00";"302.17";"0";"302.17";"4";"2021";"0";"";"";"1762834";"";"";"";"3163";"7188873";"https://www.camara.leg.br/cota-parlamentar/nota-fiscal-eletronica?ideDocumentoFiscal=7188873"
"Norma Ayub";"";"66179";"282";"2019";"ES";"PP";"56";"3";"COMBUSTÍVEIS E LUBRIFICANTES.";"1";"Veículos Automotores";"VIEIRA REVENDEDORA DE PETROLEO LTDA";"277.799.170/0019-2";"260275";"4";"2021-10-06T00:00:00";"327.19";"0";"327.19";"10";"2021";"0";"";"";"1799787";"";"";"";"3163";"7268093";"https://www.camara.leg.br/cota-parlamentar/nota-fiscal-eletronica?ideDocumentoFiscal=7268093"
"Norma Ayub";"";"66179";"282";"2019";"ES";"PP";"56";"5";"DIVULGAÇÃO DA ATIVIDADE PARLAMENTAR.";"0";"";"DIOGO ENDLICH DE OLIVEIRA 09452017708";"172.319.880/0010-0";"54";"0";"2021-03-10T00:00:00";"3500";"0";"3500";"3";"2021";"0";"";"";"1751693";"";"";"";"3163";"7166149";"https://www.camara.leg.br/cota-parlamentar/documentos/publ/3163/2021/7166149.pdf"
"Norma Ayub";"";"66179";"282";"2019";"ES";"PP";"56";"5";"DIVULGAÇÃO DA ATIVIDADE PARLAMENTAR.";"0";"";"FACEBOOK SERVIÇOS ONLINE DO BRASIL LTDA";"133.470.160/0011-7";"28384145";"0";"2021-04-03T00:00:00";"70";"0";"70";"3";"2021";"0";"";"";"1756677";"";"";"";"3163";"7175879";"https://www.camara.leg.br/cota-parlamentar/documentos/publ/3163/2021/7175879.pdf"
"Norma Ayub";"";"66179";"282";"2019";"ES";"PP";"56";"5";"DIVULGAÇÃO DA ATIVIDADE PARLAMENTAR.";"0";"";"FACEBOOK SERVIÇOS ONLINE DO BRASIL LTDA";"133.470.160/0011-7";"29430602";"0";"2021-05-03T00:00:00";"12.05";"0";"12.05";"4";"2021";"0";"";"";"1762863";"";"";"";"3163";"7188899";"https://www.camara.leg.br/cota-parlamentar/documentos/publ/3163/2021/7188899.pdf"
"Norma Ayub";"";"66179";"282";"2019";"ES";"PP";"56";"5";"DIVULGAÇÃO DA ATIVIDADE PARLAMENTAR.";"0";"";"FACEBOOK SERVIÇOS ONLINE DO BRASIL LTDA";"133.470.160/0011-7";"31935015";"0";"2021-07-03T00:00:00";"117.13";"0";"117.13";"6";"2021";"0";"";"";"1778001";"";"";"";"3163";"7220175";"https://www.camara.leg.br/cota-parlamentar/documentos/publ/3163/2021/7220175.pdf"
"Norma Ayub";"";"66179";"282";"2019";"ES";"PP";"56";"5";"DIVULGAÇÃO DA ATIVIDADE PARLAMENTAR.";"0";"";"FACEBOOK SERVIÇOS ONLINE DO BRASIL LTDA";"133.470.160/0011-7";"32555959";"0";"2021-08-03T00:00:00";"120";"0";"120";"7";"2021";"0";"";"";"1784483";"";"";"";"3163";"7234482";"https://www.camara.leg.br/cota-parlamentar/documentos/publ/3163/2021/7234482.pdf"
"Norma Ayub";"";"66179";"282";"2019";"ES";"PP";"56";"5";"DIVULGAÇÃO DA ATIVIDADE PARLAMENTAR.";"0";"";"FACEBOOK SERVIÇOS ONLINE DO BRASIL LTDA";"133.470.160/0011-7";"39164596";"0";"2022-01-02T00:00:00";"81.38";"0";"81.38";"12";"2021";"0";"";"";"1820847";"";"";"";"3163";"7314590";"https://www.camara.leg.br/cota-parlamentar/documentos/publ/3163/2022/7314590.pdf"
"Norma Ayub";"";"66179";"282";"2019";"ES";"PP";"56";"5";"DIVULGAÇÃO DA ATIVIDADE PARLAMENTAR.";"0";"";"FACEBOOK SERVICOS ONLINE DO BRASIL LTDA.";"133.470.160/0011-7";"26014481";"0";"2021-02-04T00:00:00";"723.9";"0";"723.9";"1";"2021";"0";"";"";"1743798";"";"";"";"3163";"7151116";"https://www.camara.leg.br/cota-parlamentar/documentos/publ/3163/2021/7151116.pdf"
"Norma Ayub";"";"66179";"282";"2019";"ES";"PP";"56";"5";"DIVULGAÇÃO DA ATIVIDADE PARLAMENTAR.";"0";"";"FACEBOOK SERVICOS ONLINE DO BRASIL LTDA.";"133.470.160/0011-7";"38008624";"0";"2021-12-03T00:00:00";"65";"0";"65";"11";"2021";"0";"";"";"1813477";"";"";"";"3163";"7298961";"https://www.camara.leg.br/cota-parlamentar/documentos/publ/3163/2021/7298961.pdf"
"Norma Ayub";"";"66179";"282";"2019";"ES";"PP";"56";"5";"DIVULGAÇÃO DA ATIVIDADE PARLAMENTAR.";"0";"";"RADIO CULTURA DE CASTELO FM LTDA";"324.854.680/0010-0";"2777";"0";"2021-08-25T00:00:00";"4000";"0";"4000";"8";"2021";"0";"";"";"1789341";"";"";"";"3163";"7245292";"https://www.camara.leg.br/cota-parlamentar/documentos/publ/3163/2021/7245292.pdf"
"Norma Ayub";"";"66179";"282";"2019";"ES";"PP";"56";"5";"DIVULGAÇÃO DA ATIVIDADE PARLAMENTAR.";"0";"";"RADIO CULTURA DE CASTELO FM LTDA";"324.854.680/0010-0";"2861";"0";"2021-09-22T00:00:00";"4000";"0";"4000";"9";"2021";"0";"";"";"1795626";"";"";"";"3163";"7258859";"https://www.camara.leg.br/cota-parlamentar/documentos/publ/3163/2021/7258859.pdf"
"Norma Ayub";"";"66179";"282";"2019";"ES";"PP";"56";"5";"DIVULGAÇÃO DA ATIVIDADE PARLAMENTAR.";"0";"";"RADIO CULTURA DE CASTELO FM LTDA";"324.854.680/0010-0";"2952/001";"0";"2021-10-25T00:00:00";"4000";"0";"4000";"10";"2021";"0";"";"";"1806605";"";"";"";"3163";"7283468";"https://www.camara.leg.br/cota-parlamentar/documentos/publ/3163/2021/7283468.pdf"
"Norma Ayub";"";"66179";"282";"2019";"ES";"PP";"56";"5";"DIVULGAÇÃO DA ATIVIDADE PARLAMENTAR.";"0";"";"RADIO MARATAIZES FM LTDA";"317.175.230/0018-7";"1425";"0";"2021-05-24T00:00:00";"4500";"0";"4500";"5";"2021";"0";"";"";"1766300";"";"";"";"3163";"7196586";"https://www.camara.leg.br/cota-parlamentar/documentos/publ/3163/2021/7196586.pdf"
"Norma Ayub";"";"66179";"282";"2019";"ES";"PP";"56";"5";"DIVULGAÇÃO DA ATIVIDADE PARLAMENTAR.";"0";"";"RADIO MARATAIZES FM LTDA - EPP";"317.175.230/0018-7";"1312";"0";"2021-01-22T00:00:00";"4500";"0";"4500";"1";"2021";"0";"";"";"1740524";"";"";"";"3163";"7144408";"https://www.camara.leg.br/cota-parlamentar/documentos/publ/3163/2021/7144408.pdf"
"Norma Ayub";"";"66179";"282";"2019";"ES";"PP";"56";"5";"DIVULGAÇÃO DA ATIVIDADE PARLAMENTAR.";"0";"";"RADIO MARATAIZES FM LTDA - EPP";"317.175.230/0018-7";"1340";"0";"2021-02-22T00:00:00";"4500";"0";"4500";"2";"2021";"0";"";"";"1747154";"";"";"";"3163";"7158056";"https://www.camara.leg.br/cota-parlamentar/documentos/publ/3163/2021/7158056.pdf"
"Norma Ayub";"";"66179";"282";"2019";"ES";"PP";"56";"5";"DIVULGAÇÃO DA ATIVIDADE PARLAMENTAR.";"0";"";"RADIO MARATAIZES FM LTDA - EPP";"317.175.230/0018-7";"1372";"0";"2021-03-22T00:00:00";"4500";"0";"4500";"3";"2021";"0";"";"";"1753941";"";"";"";"3163";"7170689";"https://www.camara.leg.br/cota-parlamentar/documentos/publ/3163/2021/7170689.pdf"
"Norma Ayub";"";"66179";"282";"2019";"ES";"PP";"56";"5";"DIVULGAÇÃO DA ATIVIDADE PARLAMENTAR.";"0";"";"RADIO MARATAIZES FM LTDA - EPP";"317.175.230/0018-7";"1400";"0";"2021-04-27T00:00:00";"4500";"0";"4500";"4";"2021";"0";"";"";"1760612";"";"";"";"3163";"7184161";"https://www.camara.leg.br/cota-parlamentar/documentos/publ/3163/2021/7184161.pdf"
"Norma Ayub";"";"66179";"282";"2019";"ES";"PP";"56";"5";"DIVULGAÇÃO DA ATIVIDADE PARLAMENTAR.";"0";"";"RADIO MARATAIZES FM LTDA - EPP";"317.175.230/0018-7";"1447";"0";"2021-06-16T00:00:00";"4500";"0";"4500";"6";"2021";"0";"";"";"1772267";"";"";"";"3163";"7209300";"https://www.camara.leg.br/cota-parlamentar/documentos/publ/3163/2021/7209300.pdf"
"Norma Ayub";"";"66179";"282";"2019";"ES";"PP";"56";"5";"DIVULGAÇÃO DA ATIVIDADE PARLAMENTAR.";"0";"";"RHAMON DA SILVA MACEDO";"148.767.430/0013-4";"211";"0";"2021-08-11T00:00:00";"500";"0";"500";"8";"2021";"0";"";"";"1785601";"";"";"";"3163";"7236955";"https://www.camara.leg.br/cota-parlamentar/documentos/publ/3163/2021/7236955.pdf"
"Norma Ayub";"";"66179";"282";"2019";"ES";"PP";"56";"5";"DIVULGAÇÃO DA ATIVIDADE PARLAMENTAR.";"0";"";"RHAMON DA SILVA MACEDO";"148.767.430/0013-4";"220";"0";"2021-10-14T00:00:00";"500";"0";"500";"10";"2021";"0";"";"";"1800623";"";"";"";"3163";"7269999";"https://www.camara.leg.br/cota-parlamentar/documentos/publ/3163/2021/7269999.pdf"
"Norma Ayub";"";"66179";"282";"2019";"ES";"PP";"56";"5";"DIVULGAÇÃO DA ATIVIDADE PARLAMENTAR.";"0";"";"RHAMON DA SILVA MACEDO 07971166729";"148.767.430/0013-4";"216";"0";"2021-09-15T00:00:00";"500";"0";"500";"9";"2021";"0";"";"";"1793769";"";"";"";"3163";"7254733";"https://www.camara.leg.br/cota-parlamentar/documentos/publ/3163/2021/7254733.pdf"
"Norma Ayub";"";"66179";"282";"2019";"ES";"PP";"56";"10";"TELEFONIA";"0";"";"Telefônica Brasil S. A. VIVO";"025.581.570/0016-2";"1227572604";"0";"2021-02-09T00:00:00";"232.33";"0";"232.33";"2";"2021";"0";"";"";"1748147";"";"";"";"3163";"7160122";"https://www.camara.leg.br/cota-parlamentar/documentos/publ/3163/2021/7160122.pdf"
"Norma Ayub";"";"66179";"282";"2019";"ES";"PP";"56";"10";"TELEFONIA";"0";"";"Telefônica Brasil S. A. VIVO";"025.581.570/0016-2";"12458842840";"0";"2021-03-09T00:00:00";"241.4";"4.94";"236.46";"3";"2021";"0";"";"";"1753282";"";"";"";"3163";"7169375";"https://www.camara.leg.br/cota-parlamentar/documentos/publ/3163/2021/7169375.pdf"
"Norma Ayub";"";"66179";"282";"2019";"ES";"PP";"56";"10";"TELEFONIA";"0";"";"Telefônica Brasil S. A. VIVO";"025.581.570/0016-2";"5508278";"0";"2021-01-09T00:00:00";"220.77";"0";"220.77";"1";"2021";"0";"";"";"1739477";"";"";"";"3163";"7142067";"https://www.camara.leg.br/cota-parlamentar/documentos/publ/3163/2021/7142067.pdf"
"Norma Ayub";"";"66179";"282";"2019";"ES";"PP";"56";"10";"TELEFONIA";"0";"";"TELEFÔÑICA BRASIL S. A. VIVO";"025.581.570/0016-2";"6519111";"0";"2021-07-09T00:00:00";"114.18";"43.35";"70.83";"7";"2021";"0";"";"";"1780642";"";"";"";"3163";"7225688";"https://www.camara.leg.br/cota-parlamentar/documentos/publ/3163/2021/7225688.pdf"
"Norma Ayub";"";"66179";"282";"2019";"ES";"PP";"56";"10";"TELEFONIA";"0";"";"TELEFÔNICA BRASIL S. A. VIVO";"025.581.570/0016-2";"6694069";"0";"2021-08-09T00:00:00";"79.9";"0";"79.9";"8";"2021";"0";"";"";"1788005";"";"";"";"3163";"7242241";"https://www.camara.leg.br/cota-parlamentar/documentos/publ/3163/2021/7242241.pdf"
"Norma Ayub";"";"66179";"282";"2019";"ES";"PP";"56";"10";"TELEFONIA";"0";"";"TELEFÔNICA BRASIL S. A. VIVO";"025.581.570/0016-2";"6856398";"0";"2021-09-09T00:00:00";"79.89";"0";"79.89";"9";"2021";"0";"";"";"1795137";"";"";"";"3163";"7257741";"https://www.camara.leg.br/cota-parlamentar/documentos/publ/3163/2021/7257741.pdf"
"Norma Ayub";"";"66179";"282";"2019";"ES";"PP";"56";"10";"TELEFONIA";"0";"";"Telefônica Brasil S. A. VIVO/GVT";"025.581.570/0016-2";"6029692";"0";"2021-04-09T00:00:00";"219.75";"47.67";"172.08";"4";"2021";"0";"";"";"1758642";"";"";"";"3163";"7179934";"https://www.camara.leg.br/cota-parlamentar/documentos/publ/3163/2021/7179934.pdf"
"Norma Ayub";"";"66179";"282";"2019";"ES";"PP";"56";"10";"TELEFONIA";"0";"";"TELEFONICA BRASIL S.A.";"025.581.570/0016-2";"6364387";"0";"2021-06-09T00:00:00";"228.81";"57.57";"171.24";"6";"2021";"0";"";"";"1771874";"";"";"";"3163";"7208405";"https://www.camara.leg.br/cota-parlamentar/documentos/publ/3163/2021/7208405.pdf"
"Norma Ayub";"";"66179";"282";"2019";"ES";"PP";"56";"10";"TELEFONIA";"0";"";"Telefônica Brasil S/A - VIVO";"025.581.570/0016-2";"6197390";"0";"2021-05-09T00:00:00";"229.65";"57.57";"172.08";"5";"2021";"0";"";"";"1764745";"";"";"";"3163";"7193206";"https://www.camara.leg.br/cota-parlamentar/documentos/publ/3163/2021/7193206.pdf"
"Norma Ayub";"";"66179";"282";"2019";"ES";"PP";"56";"11";"SERVIÇOS POSTAIS";"0";"";"ECT - EMPRESA BRASILEIRA CORREIOS E TELEGRAFOS";"029.719.750/0019-2";"2059859802";"1";"2021-06-14T00:00:00";"63";"0";"63";"6";"2021";"0";"";"";"1771014";"";"";"";"3163";"7206438";"https://www.camara.leg.br/cota-parlamentar/documentos/publ/3163/2021/7206438.pdf"
"Norma Ayub";"";"66179";"282";"2019";"ES";"PP";"56";"11";"SERVIÇOS POSTAIS";"0";"";"ECT - EMPRESA BRASILEIRA DE CORREIOS E TELEGRAFOS";"340.283.163/3210-6";"2021849941";"1";"2021-04-15T00:00:00";"85.5";"0";"85.5";"4";"2021";"0";"";"";"1758339";"";"";"";"3163";"7179301";"https://www.camara.leg.br/cota-parlamentar/documentos/publ/3163/2021/7179301.pdf"
"Norma Ayub";"";"66179";"282";"2019";"ES";"PP";"56";"11";"SERVIÇOS POSTAIS";"0";"";"EMPRESA BRASILEIRA DE CORREIOS E TELEGRAFOS";"340.283.162/8454-3";"2031667292";"1";"2021-04-30T00:00:00";"101.84";"0";"101.84";"4";"2021";"0";"";"";"1765823";"";"";"";"3163";"7195528";"https://www.camara.leg.br/cota-parlamentar/documentos/publ/3163/2021/7195528.pdf"
"Norma Ayub";"";"66179";"282";"2019";"ES";"PP";"56";"11";"SERVIÇOS POSTAIS";"0";"";"EMPRESA BRASILEIRA DE CORREIOS E TELEGRAFOS";"340.283.162/8454-3";"2031668559";"1";"2021-04-30T00:00:00";"101.89";"0";"101.89";"4";"2021";"0";"";"";"1765823";"";"";"";"3163";"7195531";"https://www.camara.leg.br/cota-parlamentar/documentos/publ/3163/2021/7195531.pdf"
"Norma Ayub";"";"66179";"282";"2019";"ES";"PP";"56";"11";"SERVIÇOS POSTAIS";"0";"";"EMPRESA BRASILEIRA DE CORREIOS E TELEGRAFOS";"340.283.162/8454-3";"2077883245";"1";"2021-07-09T00:00:00";"67.13";"0";"67.13";"7";"2021";"0";"";"";"1778432";"";"";"";"3163";"7220993";"https://www.camara.leg.br/cota-parlamentar/documentos/publ/3163/2021/7220993.pdf"
"Norma Ayub";"";"66179";"282";"2019";"ES";"PP";"56";"11";"SERVIÇOS POSTAIS";"0";"";"SPECIAL SERVICOS POSTAIS LTDA";"323.988.770/0017-9";"2106710709";"1";"2021-08-16T00:00:00";"116.3";"0";"116.3";"8";"2021";"0";"";"";"1786476";"";"";"";"3163";"7238689";"https://www.camara.leg.br/cota-parlamentar/documentos/publ/3163/2021/7238689.pdf"
"Norma Ayub";"";"66179";"282";"2019";"ES";"PP";"56";"11";"SERVIÇOS POSTAIS";"0";"";"SPECIAL SERVICOS POSTAIS LTDA";"323.988.770/0017-9";"2111361250";"1";"2021-08-23T00:00:00";"68.3";"0";"68.3";"8";"2021";"0";"";"";"1787991";"";"";"";"3163";"7242226";"https://www.camara.leg.br/cota-parlamentar/documentos/publ/3163/2021/7242226.pdf"
"Norma Ayub";"";"66179";"282";"2019";"ES";"PP";"56";"11";"SERVIÇOS POSTAIS";"0";"";"SPECIAL SERVICOS POSTAIS LTDA";"323.988.770/0017-9";"2146772725";"1";"2021-10-07T00:00:00";"102.6";"0";"102.6";"10";"2021";"0";"";"";"1800738";"";"";"";"3163";"7270209";"https://www.camara.leg.br/cota-parlamentar/documentos/publ/3163/2021/7270209.pdf"
"Norma Ayub";"";"66179";"282";"2019";"ES";"PP";"56";"11";"SERVIÇOS POSTAIS";"0";"";"SPECIAL SERVICOS POSTAIS LTDA";"323.988.770/0017-9";"2178859877";"1";"2021-11-23T00:00:00";"63";"0";"63";"11";"2021";"0";"";"";"1810567";"";"";"";"3163";"7292556";"https://www.camara.leg.br/cota-parlamentar/documentos/publ/3163/2021/7292556.pdf"
"Norma Ayub";"";"66179";"282";"2019";"ES";"PP";"56";"11";"SERVIÇOS POSTAIS";"0";"";"SPECIAL SERVICOS POSTAIS LTDA";"323.988.770/0017-9";"2183903286";"1";"2021-11-30T00:00:00";"110.25";"0";"110.25";"11";"2021";"0";"";"";"1813037";"";"";"";"3163";"7297933";"https://www.camara.leg.br/cota-parlamentar/documentos/publ/3163/2021/7297933.pdf"
"Norma Ayub";"";"66179";"282";"2019";"ES";"PP";"56";"11";"SERVIÇOS POSTAIS";"0";"";"SPECIAL SERVICOS POSTAIS LTDA";"323.988.770/0017-9";"2194724198";"1";"2021-12-14T00:00:00";"63";"0";"63";"12";"2021";"0";"";"";"1816865";"";"";"";"3163";"7306164";"https://www.camara.leg.br/cota-parlamentar/documentos/publ/3163/2021/7306164.pdf"
"Norma Ayub";"";"66179";"282";"2019";"ES";"PP";"56";"12";"ASSINATURA DE PUBLICAÇÕES";"0";"";"NASSAU EDITORA RADIO E TV LTDA";"270.651.500/0013-0";"319419";"0";"2021-06-30T00:00:00";"252";"0";"252";"7";"2021";"0";"";"";"1781467";"";"";"";"3163";"7227712";"https://www.camara.leg.br/cota-parlamentar/documentos/publ/3163/2021/7227712.pdf"
"Norma Ayub";"";"66179";"282";"2019";"ES";"PP";"56";"12";"ASSINATURA DE PUBLICAÇÕES";"0";"";"S A A GAZETA";"281.336.190/0019-3";"108010";"0";"2021-09-16T00:00:00";"238.8";"0";"238.8";"9";"2021";"0";"";"";"1798351";"";"";"";"3163";"7265064";"https://www.camara.leg.br/cota-parlamentar/documentos/publ/3163/2021/7265064.pdf"
"Norma Ayub";"";"66179";"282";"2019";"ES";"PP";"56";"14";"HOSPEDAGEM ,EXCETO DO PARLAMENTAR NO DISTRITO FEDERAL.";"0";"";"NORTE HOTEL LTDA";"031.566.140/0015-5";"21800";"0";"2022-01-18T00:00:00";"631";"0";"631";"12";"2021";"0";"";"";"1822117";"";"";"";"3163";"7317362";"https://www.camara.leg.br/cota-parlamentar/documentos/publ/3163/2022/7317362.pdf"
"Norma Ayub";"";"66179";"282";"2019";"ES";"PP";"56";"120";"LOCAÇÃO OU FRETAMENTO DE VEÍCULOS AUTOMOTORES";"0";"";"LOCALIZA RENT A CAR SA";"166.700.850/0244-1";"514728";"1";"2021-01-23T00:00:00";"2419.87";"0";"2419.87";"1";"2021";"0";"";"";"1740265";"";"";"";"3163";"7143841";"https://www.camara.leg.br/cota-parlamentar/documentos/publ/3163/2021/7143841.pdf"
"Norma Ayub";"";"66179";"282";"2019";"ES";"PP";"56";"120";"LOCAÇÃO OU FRETAMENTO DE VEÍCULOS AUTOMOTORES";"0";"";"LOCALIZA RENT A CAR SA";"166.700.850/0244-1";"519178";"1";"2021-02-22T00:00:00";"2419.87";"0";"2419.87";"2";"2021";"0";"";"";"1746457";"";"";"";"3163";"7156604";"https://www.camara.leg.br/cota-parlamentar/documentos/publ/3163/2021/7156604.pdf"
"Norma Ayub";"";"66179";"282";"2019";"ES";"PP";"56";"120";"LOCAÇÃO OU FRETAMENTO DE VEÍCULOS AUTOMOTORES";"0";"";"LOCALIZA RENT A CAR SA";"166.700.850/0244-1";"523227";"1";"2021-03-24T00:00:00";"2419.87";"0";"2419.87";"3";"2021";"0";"";"";"1754105";"";"";"";"3163";"7171040";"https://www.camara.leg.br/cota-parlamentar/documentos/publ/3163/2021/7171040.pdf"
"Norma Ayub";"";"66179";"282";"2019";"ES";"PP";"56";"120";"LOCAÇÃO OU FRETAMENTO DE VEÍCULOS AUTOMOTORES";"0";"";"LOCALIZA RENT A CAR SA";"166.700.850/0244-1";"526471";"1";"2021-04-23T00:00:00";"2419.87";"0";"2419.87";"4";"2021";"0";"";"";"1759599";"";"";"";"3163";"7181912";"https://www.camara.leg.br/cota-parlamentar/documentos/publ/3163/2021/7181912.pdf"
"Norma Ayub";"";"66179";"282";"2019";"ES";"PP";"56";"120";"LOCAÇÃO OU FRETAMENTO DE VEÍCULOS AUTOMOTORES";"0";"";"LOCALIZA RENT A CAR SA";"166.700.850/0244-1";"530550";"1";"2021-05-23T00:00:00";"2419.87";"0";"2419.87";"5";"2021";"0";"";"";"1766081";"";"";"";"3163";"7196072";"https://www.camara.leg.br/cota-parlamentar/documentos/publ/3163/2021/7196072.pdf"
