"txNomeParlamentar";"cpf";"ideCadastro";"nuCarteiraParlamentar";"nuLegislatura";"sgUF";"sgPartido";"codLegislatura";"numSubCota";"txtDescricao";"numEspecificacaoSubCota";"txtDescricaoEspecificacao";"txtFornecedor";"txtCNPJCPF";"txtNumero";"indTipoDocumento";"datEmissao";"vlrDocumento";"vlrGlosa";"vlrLiquido";"numMes";"numAno";"numParcela";"txtPassageiro";"txtTrecho";"numLote";"numRessarcimento";"datPagamentoRestituicao";"vlrRestituicao";"nuDeputadoId";"ideDocumento";"urlDocumento"
"DEM";"";"";"";"2019";"NA";"";"56";"4";"CONSULTORIAS, PESQUISAS E TRABALHOS TÉCNICOS.";"0";"";"LINEAR COMUNICACAO LTDA - EPP";"109.472.430/0019-5";"2737";"4";"2020-04-27T00:00:00";"1527.28";"0";"1527.28";"4";"2020";"0";"";"";"1693866";"";"";"";"2713";"7050172";"https://www.camara.leg.br/cota-parlamentar/nota-fiscal-eletronica?ideDocumentoFiscal=7050172"
"DEM";"";"";"";"2019";"NA";"";"56";"4";"CONSULTORIAS, PESQUISAS E TRABALHOS TÉCNICOS.";"0";"";"LINEAR COMUNICACAO LTDA - EPP";"109.472.430/0019-5";"2764";"4";"2020-05-27T00:00:00";"1527.28";"0";"1527.28";"5";"2020";"0";"";"";"1698547";"";"";"";"2713";"7058437";"https://www.camara.leg.br/cota-parlamentar/nota-fiscal-eletronica?ideDocumentoFiscal=7058437"
"DEM";"";"";"";"2019";"NA";"";"56";"4";"CONSULTORIAS, PESQUISAS E TRABALHOS TÉCNICOS.";"0";"";"LINEAR COMUNICACAO LTDA - EPP";"109.472.430/0019-5";"2809";"4";"2020-07-27T00:00:00";"1527.28";"0";"1527.28";"7";"2020";"0";"";"";"1709149";"";"";"";"2713";"7078508";"https://www.camara.leg.br/cota-parlamentar/nota-fiscal-eletronica?ideDocumentoFiscal=7078508"
"DEM";"";"";"";"2019";"NA";"";"56";"4";"CONSULTORIAS, PESQUISAS E TRABALHOS TÉCNICOS.";"0";"";"LINEAR COMUNICACAO LTDA - EPP";"109.472.430/0019-5";"2908";"4";"2020-11-26T01:00:00";"1527.28";"0";"1527.28";"11";"2020";"0";"";"";"1730495";"";"";"";"2713";"7123566";"https://www.camara.leg.br/cota-parlamentar/nota-fiscal-eletronica?ideDocumentoFiscal=7123566"
"DEM";"";"";"";"2019";"NA";"";"56";"5";"DIVULGAÇÃO DA ATIVIDADE PARLAMENTAR.";"0";"";"LINEAR COMUNICACAO LTDA - EPP";"109.472.430/0019-5";"2786";"4";"2020-06-26T00:00:00";"1527.28";"0";"1527.28";"6";"2020";"0";"";"";"1703569";"";"";"";"2713";"7067718";"https://www.camara.leg.br/cota-parlamentar/nota-fiscal-eletronica?ideDocumentoFiscal=7067718"
"DEM";"";"";"";"2019";"NA";"";"56";"5";"DIVULGAÇÃO DA ATIVIDADE PARLAMENTAR.";"0";"";"LINEAR COMUNICACAO LTDA - EPP";"109.472.430/0019-5";"2833";"4";"2020-08-28T00:00:00";"1527.28";"0";"1527.28";"8";"2020";"0";"";"";"1714269";"";"";"";"2713";"7088718";"https://www.camara.leg.br/cota-parlamentar/nota-fiscal-eletronica?ideDocumentoFiscal=7088718"
"DEM";"";"";"";"2019";"NA";"";"56";"5";"DIVULGAÇÃO DA ATIVIDADE PARLAMENTAR.";"0";"";"LINEAR COMUNICACAO LTDA - EPP";"109.472.430/0019-5";"2856";"4";"2020-09-28T00:00:00";"1527.28";"0";"1527.28";"9";"2020";"0";"";"";"1720322";"";"";"";"2713";"7101137";"https://www.camara.leg.br/cota-parlamentar/nota-fiscal-eletronica?ideDocumentoFiscal=7101137"
"DEM";"";"";"";"2019";"NA";"";"56";"5";"DIVULGAÇÃO DA ATIVIDADE PARLAMENTAR.";"0";"";"LINEAR COMUNICACAO LTDA - EPP";"109.472.430/0019-5";"2934";"4";"2020-12-28T00:00:00";"1527.28";"0";"1527.28";"12";"2020";"0";"";"";"1738558";"";"";"";"2713";"7140186";"https://www.camara.leg.br/cota-parlamentar/nota-fiscal-eletronica?ideDocumentoFiscal=7140186"
"DEM";"";"";"";"2019";"NA";"";"56";"12";"ASSINATURA DE PUBLICAÇÕES";"0";"";"DIGITAL RIVER IRELAND, LTD.";"000.000.000/0001-0";"45375674408";"1";"2020-02-19T00:00:00";"613.61";"0";"613.61";"2";"2020";"0";"";"";"1692485";"";"";"";"2713";"7047615";"https://www.camara.leg.br/cota-parlamentar/documentos/publ/2713/2020/7047615.pdf"
"DEM";"";"";"";"2019";"NA";"";"56";"12";"ASSINATURA DE PUBLICAÇÕES";"0";"";"LINEAR COMUNICACAO LTDA - EPP";"109.472.430/0019-5";"2714";"4";"2020-03-26T00:00:00";"1527.28";"0";"1527.28";"3";"2020";"0";"";"";"1689241";"";"";"";"2713";"7042111";"https://www.camara.leg.br/cota-parlamentar/nota-fiscal-eletronica?ideDocumentoFiscal=7042111"
"DEM";"";"";"";"2019";"NA";"";"56";"12";"ASSINATURA DE PUBLICAÇÕES";"0";"";"LINEAR COMUNICACAO LTDA - EPP";"109.472.430/0019-5";"2880";"4";"2020-10-27T00:00:00";"1527.28";"0";"1527.28";"10";"2020";"0";"";"";"1724114";"";"";"";"2713";"7109424";"https://www.camara.leg.br/cota-parlamentar/nota-fiscal-eletronica?ideDocumentoFiscal=7109424"
"DEM";"";"";"";"2019";"NA";"";"56";"13";"FORNECIMENTO DE ALIMENTAÇÃO DO PARLAMENTAR";"0";"";"ARTESANAL SERVICOS DE ALIMENTACAO E BUFFET EIRELI";"228.362.100/0015-7";"66";"4";"2020-07-10T00:00:00";"98.8";"0";"98.8";"7";"2020";"0";"";"";"1705435";"";"";"";"2713";"7071059";"https://www.camara.leg.br/cota-parlamentar/nota-fiscal-eletronica?ideDocumentoFiscal=7071059"
"DEM";"";"";"";"2019";"NA";"";"56";"13";"FORNECIMENTO DE ALIMENTAÇÃO DO PARLAMENTAR";"0";"";"BISCOITOS CASEIROS HOMONNAI LTDA";"046.448.200/0017-7";"24356";"4";"2020-12-01T01:00:00";"304.32";"20";"284.32";"12";"2020";"0";"";"";"1730953";"";"";"";"2713";"7124572";"https://www.camara.leg.br/cota-parlamentar/nota-fiscal-eletronica?ideDocumentoFiscal=7124572"
"DEM";"";"";"";"2019";"NA";"";"56";"13";"FORNECIMENTO DE ALIMENTAÇÃO DO PARLAMENTAR";"0";"";"MAIA & TAVARES LTDA";"032.477.600/0027-7";"85806";"4";"2020-09-01T00:00:00";"32.14";"0";"32.14";"9";"2020";"0";"";"";"1714353";"";"";"";"2713";"7088923";"https://www.camara.leg.br/cota-parlamentar/nota-fiscal-eletronica?ideDocumentoFiscal=7088923"
"DEM";"";"";"";"2019";"NA";"";"56";"13";"FORNECIMENTO DE ALIMENTAÇÃO DO PARLAMENTAR";"0";"";"PAPRICA BURGER COMERCIO DE ALIMENTOS LTDA";"261.992.490/0016-1";"307506";"4";"2020-07-10T00:00:00";"318";"0";"318";"7";"2020";"0";"";"";"1705374";"";"";"";"2713";"7070958";"https://www.camara.leg.br/cota-parlamentar/nota-fiscal-eletronica?ideDocumentoFiscal=7070958"
"DEM";"";"";"";"2019";"NA";"";"56";"13";"FORNECIMENTO DE ALIMENTAÇÃO DO PARLAMENTAR";"0";"";"SHOIO COMERCIO DE ALIMENTOS LTDA";"281.202.680/0018-6";"21494";"4";"2020-07-06T00:00:00";"184.45";"0";"184.45";"7";"2020";"0";"";"";"1705364";"";"";"";"2713";"7070935";"https://www.camara.leg.br/cota-parlamentar/nota-fiscal-eletronica?ideDocumentoFiscal=7070935"
"DEM";"";"";"";"2019";"NA";"";"56";"13";"FORNECIMENTO DE ALIMENTAÇÃO DO PARLAMENTAR";"0";"";"THE PLANT COMERCIO DE ALIMENTOS LTDA";"328.764.310/0010-2";"61576";"4";"2020-12-08T01:00:00";"122.79";"0";"122.79";"12";"2020";"0";"";"";"1732364";"";"";"";"2713";"7127315";"https://www.camara.leg.br/cota-parlamentar/nota-fiscal-eletronica?ideDocumentoFiscal=7127315"
"LIDERANÇA DO PSDB";"";"";"";"2019";"NA";"";"56";"3";"COMBUSTÍVEIS E LUBRIFICANTES.";"1";"Veículos Automotores";"POSTO DA TORRE EIRELI - EPP";"044.731.930/0015-9";"298526";"4";"2020-03-10T00:00:00";"110.86";"0";"110.86";"3";"2020";"0";"";"";"1684228";"";"";"";"2442";"7031734";"https://www.camara.leg.br/cota-parlamentar/nota-fiscal-eletronica?ideDocumentoFiscal=7031734"
"LIDERANÇA DO PSDB";"";"";"";"2019";"NA";"";"56";"3";"COMBUSTÍVEIS E LUBRIFICANTES.";"1";"Veículos Automotores";"POSTO PETROMINAS LTDA";"092.058.350/0015-2";"205937";"4";"2020-10-20T00:00:00";"217.06";"0";"217.06";"10";"2020";"0";"";"";"1724467";"";"";"";"2442";"7110240";"https://www.camara.leg.br/cota-parlamentar/nota-fiscal-eletronica?ideDocumentoFiscal=7110240"
"LIDERANÇA DO PSDB";"";"";"";"2019";"NA";"";"56";"3";"COMBUSTÍVEIS E LUBRIFICANTES.";"1";"Veículos Automotores";"POSTO PETROMINAS LTDA";"092.058.350/0015-2";"220355";"4";"2020-12-21T00:00:00";"150";"0";"150";"12";"2020";"0";"";"";"1740459";"";"";"";"2442";"7144311";"https://www.camara.leg.br/cota-parlamentar/nota-fiscal-eletronica?ideDocumentoFiscal=7144311"
"LIDERANÇA DO PSDB";"";"";"";"2019";"NA";"";"56";"5";"DIVULGAÇÃO DA ATIVIDADE PARLAMENTAR.";"0";"";"CONTENT ASSESSORIA LTDA - ME";"276.912.900/0011-3";"432";"0";"2020-02-01T00:00:00";"998";"0";"998";"2";"2020";"0";"";"";"1672803";"";"";"";"2442";"7007086";"https://www.camara.leg.br/cota-parlamentar/documentos/publ/2442/2020/7007086.pdf"
"LIDERANÇA DO PSDB";"";"";"";"2019";"NA";"";"56";"5";"DIVULGAÇÃO DA ATIVIDADE PARLAMENTAR.";"0";"";"CONTENT ASSESSORIA LTDA - ME";"276.912.900/0011-3";"455";"0";"2020-03-02T00:00:00";"998";"0";"998";"3";"2020";"0";"";"";"1682730";"";"";"";"2442";"7027271";"https://www.camara.leg.br/cota-parlamentar/documentos/publ/2442/2020/7027271.pdf"
"LIDERANÇA DO PSDB";"";"";"";"2019";"NA";"";"56";"5";"DIVULGAÇÃO DA ATIVIDADE PARLAMENTAR.";"0";"";"CONTENT ASSESSORIA LTDA - ME";"276.912.900/0011-3";"485";"0";"2020-04-03T00:00:00";"998";"0";"998";"4";"2020";"0";"";"";"1693873";"";"";"";"2442";"7050188";"https://www.camara.leg.br/cota-parlamentar/documentos/publ/2442/2020/7050188.pdf"
"LIDERANÇA DO PSDB";"";"";"";"2019";"NA";"";"56";"5";"DIVULGAÇÃO DA ATIVIDADE PARLAMENTAR.";"0";"";"CONTENT ASSESSORIA LTDA - ME";"276.912.900/0011-3";"509";"0";"2020-05-04T00:00:00";"998";"0";"998";"5";"2020";"0";"";"";"1693874";"";"";"";"2442";"7050189";"https://www.camara.leg.br/cota-parlamentar/documentos/publ/2442/2020/7050189.pdf"
"LIDERANÇA DO PSDB";"";"";"";"2019";"NA";"";"56";"5";"DIVULGAÇÃO DA ATIVIDADE PARLAMENTAR.";"0";"";"CONTENT ASSESSORIA LTDA - ME";"276.912.900/0011-3";"537";"0";"2020-06-03T00:00:00";"998";"0";"998";"6";"2020";"0";"";"";"1699404";"";"";"";"2442";"7059934";"https://www.camara.leg.br/cota-parlamentar/documentos/publ/2442/2020/7059934.pdf"
"LIDERANÇA DO PSDB";"";"";"";"2019";"NA";"";"56";"5";"DIVULGAÇÃO DA ATIVIDADE PARLAMENTAR.";"0";"";"CONTENT ASSESSORIA LTDA - ME";"276.912.900/0011-3";"577";"0";"2020-07-06T00:00:00";"998";"0";"998";"7";"2020";"0";"";"";"1707091";"";"";"";"2442";"7074323";"https://www.camara.leg.br/cota-parlamentar/documentos/publ/2442/2020/7074323.pdf"
"LIDERANÇA DO PSDB";"";"";"";"2019";"NA";"";"56";"5";"DIVULGAÇÃO DA ATIVIDADE PARLAMENTAR.";"0";"";"CONTENT ASSESSORIA LTDA - ME";"276.912.900/0011-3";"746";"0";"2020-12-15T01:00:00";"3882.89";"0";"3882.89";"12";"2020";"0";"";"";"1733786";"";"";"";"2442";"7130464";"https://www.camara.leg.br/cota-parlamentar/documentos/publ/2442/2020/7130464.pdf"
"LIDERANÇA DO PSDB";"";"";"";"2019";"NA";"";"56";"5";"DIVULGAÇÃO DA ATIVIDADE PARLAMENTAR.";"0";"";"METROPOLE INTERATIVA INFORMATICA LTDA";"052.656.050/0012-8";"46";"4";"2020-02-13T00:00:00";"4920";"0";"4920";"1";"2020";"0";"";"";"1677757";"";"";"";"2442";"7017162";"https://www.camara.leg.br/cota-parlamentar/nota-fiscal-eletronica?ideDocumentoFiscal=7017162"
"LIDERANÇA DO PSDB";"";"";"";"2019";"NA";"";"56";"13";"FORNECIMENTO DE ALIMENTAÇÃO DO PARLAMENTAR";"0";"";"AFC ALIMENTOS LTDA";"045.384.540/0017-1";"306";"4";"2020-02-04T00:00:00";"511";"0";"511";"2";"2020";"0";"";"";"1673164";"";"";"";"2442";"7007754";"https://www.camara.leg.br/cota-parlamentar/nota-fiscal-eletronica?ideDocumentoFiscal=7007754"
"LIDERANÇA DO PSDB";"";"";"";"2019";"NA";"";"56";"13";"FORNECIMENTO DE ALIMENTAÇÃO DO PARLAMENTAR";"0";"";"AFC ALIMENTOS LTDA";"045.384.540/0017-1";"311";"4";"2020-02-18T00:00:00";"186";"0";"186";"2";"2020";"0";"";"";"1678458";"";"";"";"2442";"7018634";"https://www.camara.leg.br/cota-parlamentar/nota-fiscal-eletronica?ideDocumentoFiscal=7018634"
"LIDERANÇA DO PSDB";"";"";"";"2019";"NA";"";"56";"13";"FORNECIMENTO DE ALIMENTAÇÃO DO PARLAMENTAR";"0";"";"ARTESANAL SERVICOS DE ALIMENTACAO E BUFFET EIRELI";"228.362.100/0015-7";"22";"4";"2020-02-11T00:00:00";"700";"0";"700";"2";"2020";"0";"";"";"1674574";"";"";"";"2442";"7011098";"https://www.camara.leg.br/cota-parlamentar/nota-fiscal-eletronica?ideDocumentoFiscal=7011098"
"LIDERANÇA DO PSDB";"";"";"";"2019";"NA";"";"56";"13";"FORNECIMENTO DE ALIMENTAÇÃO DO PARLAMENTAR";"0";"";"ARTESANAL SERVICOS DE ALIMENTACAO E BUFFET EIRELI";"228.362.100/0015-7";"23";"4";"2020-02-11T00:00:00";"740";"0";"740";"2";"2020";"0";"";"";"1674574";"";"";"";"2442";"7011106";"https://www.camara.leg.br/cota-parlamentar/nota-fiscal-eletronica?ideDocumentoFiscal=7011106"
"LIDERANÇA DO PSDB";"";"";"";"2019";"NA";"";"56";"13";"FORNECIMENTO DE ALIMENTAÇÃO DO PARLAMENTAR";"0";"";"ARTESANAL SERVICOS DE ALIMENTACAO E BUFFET EIRELI";"228.362.100/0015-7";"41";"4";"2020-03-05T00:00:00";"740";"0";"740";"3";"2020";"0";"";"";"1683201";"";"";"";"2442";"7029255";"https://www.camara.leg.br/cota-parlamentar/nota-fiscal-eletronica?ideDocumentoFiscal=7029255"
"LIDERANÇA DO PSDB";"";"";"";"2019";"NA";"";"56";"13";"FORNECIMENTO DE ALIMENTAÇÃO DO PARLAMENTAR";"0";"";"EMPORIO ARABE BRASILIA LTDA ME";"236.099.540/0010-0";"29";"4";"2020-02-12T00:00:00";"802.95";"0";"802.95";"2";"2020";"0";"";"";"1675436";"";"";"";"2442";"7012913";"https://www.camara.leg.br/cota-parlamentar/nota-fiscal-eletronica?ideDocumentoFiscal=7012913"
"LIDERANÇA DO PSDB";"";"";"";"2019";"NA";"";"56";"13";"FORNECIMENTO DE ALIMENTAÇÃO DO PARLAMENTAR";"0";"";"LIDIA CAMBUY PERIDES EPP";"128.017.050/0019-7";"44";"4";"2020-03-04T00:00:00";"804.2";"0";"804.2";"3";"2020";"0";"";"";"1682631";"";"";"";"2442";"7027034";"https://www.camara.leg.br/cota-parlamentar/nota-fiscal-eletronica?ideDocumentoFiscal=7027034"
"LIDERANÇA DO PSDB";"";"";"";"2019";"NA";"";"56";"13";"FORNECIMENTO DE ALIMENTAÇÃO DO PARLAMENTAR";"0";"";"M LELIS CAFETERIA LTDA ME";"118.135.380/0013-1";"16420";"4";"2020-02-17T00:00:00";"730";"0";"730";"2";"2020";"0";"";"";"1677777";"";"";"";"2442";"7017202";"https://www.camara.leg.br/cota-parlamentar/nota-fiscal-eletronica?ideDocumentoFiscal=7017202"
"LIDERANÇA DO PT";"";"";"";"2019";"NA";"";"56";"1";"MANUTENÇÃO DE ESCRITÓRIO DE APOIO À ATIVIDADE PARLAMENTAR";"0";"";"Digital River do Brasil";"081.654.290/0022-1";"04587354";"0";"2020-02-17T00:00:00";"2100";"0";"2100";"2";"2020";"0";"";"";"1680550";"";"";"";"2439";"7022388";"https://www.camara.leg.br/cota-parlamentar/documentos/publ/2439/2020/7022388.pdf"
"LIDERANÇA DO PT";"";"";"";"2019";"NA";"";"56";"1";"MANUTENÇÃO DE ESCRITÓRIO DE APOIO À ATIVIDADE PARLAMENTAR";"0";"";"Digital River do Brasil";"081.654.290/0022-1";"1162742398";"0";"2020-03-09T00:00:00";"2580";"0";"2580";"3";"2020";"0";"";"";"1683944";"";"";"";"2439";"7031093";"https://www.camara.leg.br/cota-parlamentar/documentos/publ/2439/2020/7031093.pdf"
"LIDERANÇA DO PT";"";"";"";"2019";"NA";"";"56";"1";"MANUTENÇÃO DE ESCRITÓRIO DE APOIO À ATIVIDADE PARLAMENTAR";"0";"";"MAP COMERCIO";"053.220.900/0015-0";"27943";"4";"2020-02-19T00:00:00";"190";"0";"190";"2";"2020";"0";"";"";"1688687";"";"";"";"2439";"7041287";"https://www.camara.leg.br/cota-parlamentar/nota-fiscal-eletronica?ideDocumentoFiscal=7041287"
"LIDERANÇA DO PT";"";"";"";"2019";"NA";"";"56";"1";"MANUTENÇÃO DE ESCRITÓRIO DE APOIO À ATIVIDADE PARLAMENTAR";"0";"";"MAP COMERCIO";"053.220.900/0015-0";"28535";"4";"2020-05-13T00:00:00";"190";"0";"190";"4";"2020";"0";"";"";"1695798";"";"";"";"2439";"7053354";"https://www.camara.leg.br/cota-parlamentar/nota-fiscal-eletronica?ideDocumentoFiscal=7053354"
"LIDERANÇA DO PT";"";"";"";"2019";"NA";"";"56";"1";"MANUTENÇÃO DE ESCRITÓRIO DE APOIO À ATIVIDADE PARLAMENTAR";"0";"";"MAP COMERCIO";"053.220.900/0015-0";"28552";"4";"2020-05-15T00:00:00";"190";"0";"190";"6";"2020";"0";"";"";"1705365";"";"";"";"2439";"7070952";"https://www.camara.leg.br/cota-parlamentar/nota-fiscal-eletronica?ideDocumentoFiscal=7070952"
"LIDERANÇA DO PT";"";"";"";"2019";"NA";"";"56";"1";"MANUTENÇÃO DE ESCRITÓRIO DE APOIO À ATIVIDADE PARLAMENTAR";"0";"";"MAP COMERCIO";"053.220.900/0015-0";"28739";"4";"2020-06-15T00:00:00";"190";"0";"190";"6";"2020";"0";"";"";"1709016";"";"";"";"2439";"7078296";"https://www.camara.leg.br/cota-parlamentar/nota-fiscal-eletronica?ideDocumentoFiscal=7078296"
"LIDERANÇA DO PT";"";"";"";"2019";"NA";"";"56";"1";"MANUTENÇÃO DE ESCRITÓRIO DE APOIO À ATIVIDADE PARLAMENTAR";"0";"";"MAP COMERCIO";"053.220.900/0015-0";"28940";"4";"2020-07-15T00:00:00";"190";"0";"190";"7";"2020";"0";"";"";"1711766";"";"";"";"2439";"7083570";"https://www.camara.leg.br/cota-parlamentar/nota-fiscal-eletronica?ideDocumentoFiscal=7083570"
"LIDERANÇA DO PT";"";"";"";"2019";"NA";"";"56";"1";"MANUTENÇÃO DE ESCRITÓRIO DE APOIO À ATIVIDADE PARLAMENTAR";"0";"";"MAP COMERCIO";"053.220.900/0015-0";"29310";"4";"2020-08-17T00:00:00";"190";"0";"190";"9";"2020";"0";"";"";"1718823";"";"";"";"2439";"7098075";"https://www.camara.leg.br/cota-parlamentar/nota-fiscal-eletronica?ideDocumentoFiscal=7098075"
"LIDERANÇA DO PT";"";"";"";"2019";"NA";"";"56";"1";"MANUTENÇÃO DE ESCRITÓRIO DE APOIO À ATIVIDADE PARLAMENTAR";"0";"";"MAP COMERCIO";"053.220.900/0015-0";"29738";"0";"2020-10-15T00:00:00";"190";"0";"190";"10";"2020";"0";"";"";"1727825";"";"";"";"2439";"7117848";"https://www.camara.leg.br/cota-parlamentar/documentos/publ/2439/2020/7117848.pdf"
"LIDERANÇA DO PT";"";"";"";"2019";"NA";"";"56";"1";"MANUTENÇÃO DE ESCRITÓRIO DE APOIO À ATIVIDADE PARLAMENTAR";"0";"";"MAP COMERCIO";"053.220.900/0015-0";"29881";"4";"2020-10-27T00:00:00";"190";"0";"190";"10";"2020";"0";"";"";"1725261";"";"";"";"2439";"7111929";"https://www.camara.leg.br/cota-parlamentar/nota-fiscal-eletronica?ideDocumentoFiscal=7111929"
"LIDERANÇA DO PT";"";"";"";"2019";"NA";"";"56";"1";"MANUTENÇÃO DE ESCRITÓRIO DE APOIO À ATIVIDADE PARLAMENTAR";"0";"";"MAP COMERCIO";"053.220.900/0015-0";"30085";"4";"2020-11-18T01:00:00";"190";"0";"190";"11";"2020";"0";"";"";"1733918";"";"";"";"2439";"7130507";"https://www.camara.leg.br/cota-parlamentar/nota-fiscal-eletronica?ideDocumentoFiscal=7130507"
"LIDERANÇA DO PT";"";"";"";"2019";"NA";"";"56";"1";"MANUTENÇÃO DE ESCRITÓRIO DE APOIO À ATIVIDADE PARLAMENTAR";"0";"";"MAP COMERCIO";"053.220.900/0015-0";"30338";"4";"2020-12-15T00:00:00";"190";"0";"190";"12";"2020";"0";"";"";"1740831";"";"";"";"2439";"7144981";"https://www.camara.leg.br/cota-parlamentar/nota-fiscal-eletronica?ideDocumentoFiscal=7144981"
"LIDERANÇA DO PT";"";"";"";"2019";"NA";"";"56";"1";"MANUTENÇÃO DE ESCRITÓRIO DE APOIO À ATIVIDADE PARLAMENTAR";"0";"";"WMS COMERCIO DE ARTIGOS DE PAPELARIA LTDA-ME";"121.328.540/0010-0";"2819";"4";"2020-02-12T00:00:00";"1298.2";"0";"1298.2";"2";"2020";"0";"";"";"1675347";"";"";"";"2439";"7012750";"https://www.camara.leg.br/cota-parlamentar/nota-fiscal-eletronica?ideDocumentoFiscal=7012750"
"LIDERANÇA DO PT";"";"";"";"2019";"NA";"";"56";"1";"MANUTENÇÃO DE ESCRITÓRIO DE APOIO À ATIVIDADE PARLAMENTAR";"0";"";"WMS COMERCIO DE ARTIGOS DE PAPELARIA LTDA-ME";"121.328.540/0010-0";"3021";"4";"2020-08-04T00:00:00";"899.9";"0";"899.9";"8";"2020";"0";"";"";"1709061";"";"";"";"2439";"7078396";"https://www.camara.leg.br/cota-parlamentar/nota-fiscal-eletronica?ideDocumentoFiscal=7078396"
"LIDERANÇA DO PT";"";"";"";"2019";"NA";"";"56";"1";"MANUTENÇÃO DE ESCRITÓRIO DE APOIO À ATIVIDADE PARLAMENTAR";"0";"";"WMS COMERCIO DE ARTIGOS DE PAPELARIA LTDA-ME";"121.328.540/0010-0";"3143";"4";"2020-12-02T01:00:00";"2682";"0";"2682";"12";"2020";"0";"";"";"1730881";"";"";"";"2439";"7124439";"https://www.camara.leg.br/cota-parlamentar/nota-fiscal-eletronica?ideDocumentoFiscal=7124439"
"LIDERANÇA DO PT";"";"";"";"2019";"NA";"";"56";"3";"COMBUSTÍVEIS E LUBRIFICANTES.";"1";"Veículos Automotores";"AUTO POSTO 302 SUL LTDA";"306.427.010/0019-5";"2200";"4";"2020-03-03T00:00:00";"100";"0";"100";"3";"2020";"0";"";"";"1682527";"";"";"";"2439";"7026795";"https://www.camara.leg.br/cota-parlamentar/nota-fiscal-eletronica?ideDocumentoFiscal=7026795"
"LIDERANÇA DO PT";"";"";"";"2019";"NA";"";"56";"3";"COMBUSTÍVEIS E LUBRIFICANTES.";"1";"Veículos Automotores";"AUTO POSTO COMERCIAL GITIRANA LTDA";"059.189.190/0018-2";"214134";"0";"2020-09-21T00:00:00";"175.7";"0";"175.7";"9";"2020";"0";"";"";"1717783";"";"";"";"2439";"7095580";"https://www.camara.leg.br/cota-parlamentar/documentos/publ/2439/2020/7095580.pdf"
"LIDERANÇA DO PT";"";"";"";"2019";"NA";"";"56";"3";"COMBUSTÍVEIS E LUBRIFICANTES.";"1";"Veículos Automotores";"AUTO POSTO GOLDEN GAS NB LTDA";"308.793.210/0017-9";"186476";"4";"2020-11-24T01:00:00";"174.89";"0";"174.89";"11";"2020";"0";"";"";"1728918";"";"";"";"2439";"7120343";"https://www.camara.leg.br/cota-parlamentar/nota-fiscal-eletronica?ideDocumentoFiscal=7120343"
"LIDERANÇA DO PT";"";"";"";"2019";"NA";"";"56";"3";"COMBUSTÍVEIS E LUBRIFICANTES.";"1";"Veículos Automotores";"AUTO POSTO GOLDEN GAS NB LTDA";"308.793.210/0017-9";"190678";"4";"2020-12-08T01:00:00";"180";"0";"180";"12";"2020";"0";"";"";"1732246";"";"";"";"2439";"7127080";"https://www.camara.leg.br/cota-parlamentar/nota-fiscal-eletronica?ideDocumentoFiscal=7127080"
"LIDERANÇA DO PT";"";"";"";"2019";"NA";"";"56";"3";"COMBUSTÍVEIS E LUBRIFICANTES.";"1";"Veículos Automotores";"AUTO POSTO JK LTDA";"034.822.080/0018-2";"321559";"4";"2020-06-08T00:00:00";"86.65";"30";"56.65";"6";"2020";"0";"";"";"1700241";"";"";"";"2439";"7061445";"https://www.camara.leg.br/cota-parlamentar/nota-fiscal-eletronica?ideDocumentoFiscal=7061445"
"LIDERANÇA DO PT";"";"";"";"2019";"NA";"";"56";"3";"COMBUSTÍVEIS E LUBRIFICANTES.";"1";"Veículos Automotores";"AUTO POSTO JK LTDA";"034.822.080/0018-2";"329516";"4";"2020-08-27T00:00:00";"172.71";"0";"172.71";"8";"2020";"0";"";"";"1714080";"";"";"";"2439";"7088353";"https://www.camara.leg.br/cota-parlamentar/nota-fiscal-eletronica?ideDocumentoFiscal=7088353"
"LIDERANÇA DO PT";"";"";"";"2019";"NA";"";"56";"3";"COMBUSTÍVEIS E LUBRIFICANTES.";"1";"Veículos Automotores";"AUTO POSTO MACEDAO LTDA";"597.201.770/0010-5";"474271";"0";"2020-09-19T00:00:00";"89.02";"0";"89.02";"9";"2020";"0";"";"";"1717783";"";"";"";"2439";"7095621";"https://www.camara.leg.br/cota-parlamentar/documentos/publ/2439/2020/7095621.pdf"
"LIDERANÇA DO PT";"";"";"";"2019";"NA";"";"56";"3";"COMBUSTÍVEIS E LUBRIFICANTES.";"1";"Veículos Automotores";"AUTO SHOPPING DERIVADO DE PETROLEO LTDA";"370.633.280/0105-8";"659284";"4";"2020-02-03T00:00:00";"139.76";"0";"139.76";"2";"2020";"0";"";"";"1672130";"";"";"";"2439";"7005488";"https://www.camara.leg.br/cota-parlamentar/nota-fiscal-eletronica?ideDocumentoFiscal=7005488"
"LIDERANÇA DO PT";"";"";"";"2019";"NA";"";"56";"3";"COMBUSTÍVEIS E LUBRIFICANTES.";"1";"Veículos Automotores";"BERNADETE MALUF e CIA LT";"690.354.830/0016-6";"154809";"0";"2020-09-21T00:00:00";"134.07";"0";"134.07";"9";"2020";"0";"";"";"1717783";"";"";"";"2439";"7095595";"https://www.camara.leg.br/cota-parlamentar/documentos/publ/2439/2020/7095595.pdf"
"LIDERANÇA DO PT";"";"";"";"2019";"NA";"";"56";"3";"COMBUSTÍVEIS E LUBRIFICANTES.";"1";"Veículos Automotores";"BRAMBILLA E FILHOS LTDA";"252.444.900/0010-0";"738298";"0";"2020-09-19T00:00:00";"138.05";"0";"138.05";"9";"2020";"0";"";"";"1717783";"";"";"";"2439";"7095542";"https://www.camara.leg.br/cota-parlamentar/documentos/publ/2439/2020/7095542.pdf"
"LIDERANÇA DO PT";"";"";"";"2019";"NA";"";"56";"3";"COMBUSTÍVEIS E LUBRIFICANTES.";"1";"Veículos Automotores";"CASCOL COMBUSTIVEIS PARA VEICULOS LTDA";"003.065.970/0516-6";"503298";"4";"2020-03-03T00:00:00";"167.65";"0";"167.65";"3";"2020";"0";"";"";"1682517";"";"";"";"2439";"7026767";"https://www.camara.leg.br/cota-parlamentar/nota-fiscal-eletronica?ideDocumentoFiscal=7026767"
"LIDERANÇA DO PT";"";"";"";"2019";"NA";"";"56";"3";"COMBUSTÍVEIS E LUBRIFICANTES.";"1";"Veículos Automotores";"CASCOL COMBUSTIVEIS PARA VEICULOS LTDA";"003.065.970/0710-0";"900131";"4";"2020-01-07T00:00:00";"200";"0";"200";"1";"2020";"0";"";"";"1667169";"";"";"";"2439";"6994699";"https://www.camara.leg.br/cota-parlamentar/nota-fiscal-eletronica?ideDocumentoFiscal=6994699"
"LIDERANÇA DO PT";"";"";"";"2019";"NA";"";"56";"3";"COMBUSTÍVEIS E LUBRIFICANTES.";"1";"Veículos Automotores";"CASCOL COMBUSTIVEIS PARA VEICULOS LTDA";"003.065.970/0710-0";"910876";"4";"2020-01-14T00:00:00";"231.64";"0";"231.64";"1";"2020";"0";"";"";"1667983";"";"";"";"2439";"6996714";"https://www.camara.leg.br/cota-parlamentar/nota-fiscal-eletronica?ideDocumentoFiscal=6996714"
"LIDERANÇA DO PT";"";"";"";"2019";"NA";"";"56";"3";"COMBUSTÍVEIS E LUBRIFICANTES.";"1";"Veículos Automotores";"CASCOL COMBUSTIVEIS PARA VEICULOS LTDA";"003.065.970/0710-0";"923812";"4";"2020-01-22T00:00:00";"220.52";"0";"220.52";"1";"2020";"0";"";"";"1668115";"";"";"";"2439";"6997027";"https://www.camara.leg.br/cota-parlamentar/nota-fiscal-eletronica?ideDocumentoFiscal=6997027"
"LIDERANÇA DO PT";"";"";"";"2019";"NA";"";"56";"3";"COMBUSTÍVEIS E LUBRIFICANTES.";"1";"Veículos Automotores";"CASCOL COMBUSTIVEIS PARA VEICULOS LTDA";"003.065.970/0753-3";"987598";"4";"2020-09-18T00:00:00";"185.19";"0";"185.19";"9";"2020";"0";"";"";"1717784";"";"";"";"2439";"7095557";"https://www.camara.leg.br/cota-parlamentar/nota-fiscal-eletronica?ideDocumentoFiscal=7095557"
"LIDERANÇA DO PT";"";"";"";"2019";"NA";"";"56";"3";"COMBUSTÍVEIS E LUBRIFICANTES.";"1";"Veículos Automotores";"FRATELLI POSTO DE COMBUSTIVEIS LTDA";"088.840.380/0018-6";"1760";"4";"2020-02-10T00:00:00";"190.05";"0";"190.05";"2";"2020";"0";"";"";"1673725";"";"";"";"2439";"7009135";"https://www.camara.leg.br/cota-parlamentar/nota-fiscal-eletronica?ideDocumentoFiscal=7009135"
"LIDERANÇA DO PT";"";"";"";"2019";"NA";"";"56";"3";"COMBUSTÍVEIS E LUBRIFICANTES.";"1";"Veículos Automotores";"FRATELLI POSTO DE COMBUSTIVEIS LTDA";"088.840.380/0018-6";"20926";"4";"2020-12-03T01:00:00";"187.33";"0";"187.33";"12";"2020";"0";"";"";"1731114";"";"";"";"2439";"7124836";"https://www.camara.leg.br/cota-parlamentar/nota-fiscal-eletronica?ideDocumentoFiscal=7124836"
"LIDERANÇA DO PT";"";"";"";"2019";"NA";"";"56";"3";"COMBUSTÍVEIS E LUBRIFICANTES.";"1";"Veículos Automotores";"FRATELLI POSTO DE COMBUSTIVEIS LTDA";"088.840.380/0018-6";"3525";"4";"2020-02-17T00:00:00";"219.51";"0";"219.51";"2";"2020";"0";"";"";"1676156";"";"";"";"2439";"7014622";"https://www.camara.leg.br/cota-parlamentar/nota-fiscal-eletronica?ideDocumentoFiscal=7014622"
"LIDERANÇA DO PT";"";"";"";"2019";"NA";"";"56";"3";"COMBUSTÍVEIS E LUBRIFICANTES.";"1";"Veículos Automotores";"FRATELLI POSTO DE COMBUSTIVEIS LTDA";"088.840.380/0018-6";"5778";"4";"2020-03-02T00:00:00";"224.02";"0";"224.02";"3";"2020";"0";"";"";"1680631";"";"";"";"2439";"7022576";"https://www.camara.leg.br/cota-parlamentar/nota-fiscal-eletronica?ideDocumentoFiscal=7022576"
"LIDERANÇA DO PT";"";"";"";"2019";"NA";"";"56";"3";"COMBUSTÍVEIS E LUBRIFICANTES.";"1";"Veículos Automotores";"FRATELLI POSTO DE COMBUSTIVEIS LTDA";"088.840.380/0018-6";"7130";"4";"2020-03-09T00:00:00";"229.24";"0";"229.24";"3";"2020";"0";"";"";"1683595";"";"";"";"2439";"7030288";"https://www.camara.leg.br/cota-parlamentar/nota-fiscal-eletronica?ideDocumentoFiscal=7030288"
"LIDERANÇA DO PT";"";"";"";"2019";"NA";"";"56";"3";"COMBUSTÍVEIS E LUBRIFICANTES.";"1";"Veículos Automotores";"FRATELLI POSTO DE COMBUSTIVEIS LTDA";"088.840.380/0018-6";"8371";"4";"2020-03-16T00:00:00";"230.55";"0";"230.55";"3";"2020";"0";"";"";"1686115";"";"";"";"2439";"7035949";"https://www.camara.leg.br/cota-parlamentar/nota-fiscal-eletronica?ideDocumentoFiscal=7035949"
"LIDERANÇA DO PT";"";"";"";"2019";"NA";"";"56";"3";"COMBUSTÍVEIS E LUBRIFICANTES.";"1";"Veículos Automotores";"FRATELLI POSTO DE COMBUSTIVEIS LTDA";"088.840.380/0018-6";"962";"4";"2020-01-29T00:00:00";"195.03";"0";"195.03";"1";"2020";"0";"";"";"1669822";"";"";"";"2439";"7000239";"https://www.camara.leg.br/cota-parlamentar/nota-fiscal-eletronica?ideDocumentoFiscal=7000239"
"LIDERANÇA DO PT";"";"";"";"2019";"NA";"";"56";"3";"COMBUSTÍVEIS E LUBRIFICANTES.";"1";"Veículos Automotores";"G3 Auto Posto Ltda Epp";"084.147.490/0019-7";"415130";"4";"2020-02-03T00:00:00";"156.93";"0";"156.93";"2";"2020";"0";"";"";"1670768";"";"";"";"2439";"7002571";"https://www.camara.leg.br/cota-parlamentar/nota-fiscal-eletronica?ideDocumentoFiscal=7002571"
"LIDERANÇA DO PT";"";"";"";"2019";"NA";"";"56";"3";"COMBUSTÍVEIS E LUBRIFICANTES.";"1";"Veículos Automotores";"JADE COM. DE DERIVADOS DE PETROLEO LTDA";"011.565.230/0019-4";"207263";"4";"2020-10-21T00:00:00";"147.24";"0";"147.24";"10";"2020";"0";"";"";"1723957";"";"";"";"2439";"7108987";"https://www.camara.leg.br/cota-parlamentar/nota-fiscal-eletronica?ideDocumentoFiscal=7108987"
"LIDERANÇA DO PT";"";"";"";"2019";"NA";"";"56";"3";"COMBUSTÍVEIS E LUBRIFICANTES.";"1";"Veículos Automotores";"MACEDO & SOUZA LTDA";"190.462.180/0231-0";"26605";"0";"2020-09-19T00:00:00";"143.2";"0";"143.2";"9";"2020";"0";"";"";"1717783";"";"";"";"2439";"7095548";"https://www.camara.leg.br/cota-parlamentar/documentos/publ/2439/2020/7095548.pdf"
"LIDERANÇA DO PT";"";"";"";"2019";"NA";"";"56";"3";"COMBUSTÍVEIS E LUBRIFICANTES.";"1";"Veículos Automotores";"MAXIMUM COMERCIO VAREJISTA DE DERIVADOS DE PETROLEO LTDA";"334.864.250/0010-1";"15043";"4";"2020-03-09T00:00:00";"144.87";"0";"144.87";"3";"2020";"0";"";"";"1683710";"";"";"";"2439";"7030618";"https://www.camara.leg.br/cota-parlamentar/nota-fiscal-eletronica?ideDocumentoFiscal=7030618"
"LIDERANÇA DO PT";"";"";"";"2019";"NA";"";"56";"3";"COMBUSTÍVEIS E LUBRIFICANTES.";"1";"Veículos Automotores";"MAXIMUM COMERCIO VAREJISTA DE DERIVADOS DE PETROLEO LTDA";"334.864.250/0010-1";"28412";"4";"2020-08-24T00:00:00";"183.08";"0";"183.08";"8";"2020";"0";"";"";"1716934";"";"";"";"2439";"7093856";"https://www.camara.leg.br/cota-parlamentar/nota-fiscal-eletronica?ideDocumentoFiscal=7093856"
"LIDERANÇA DO PT";"";"";"";"2019";"NA";"";"56";"3";"COMBUSTÍVEIS E LUBRIFICANTES.";"1";"Veículos Automotores";"MORRO AZUL COMERCIO DE PETROLEO LTDA";"726.204.120/0013-5";"172845";"4";"2020-11-08T01:00:00";"190.04";"0";"190.04";"11";"2020";"0";"";"";"1728871";"";"";"";"2439";"7120245";"https://www.camara.leg.br/cota-parlamentar/nota-fiscal-eletronica?ideDocumentoFiscal=7120245"
"LIDERANÇA DO PT";"";"";"";"2019";"NA";"";"56";"3";"COMBUSTÍVEIS E LUBRIFICANTES.";"1";"Veículos Automotores";"POSTO DE COMBUSTIVEIS EPIA CANDANGOLANDIA LTDA";"314.031.110/0017-2";"72548";"4";"2020-02-29T00:00:00";"155.6";"0";"155.6";"2";"2020";"0";"";"";"1692496";"";"";"";"2439";"7047638";"https://www.camara.leg.br/cota-parlamentar/nota-fiscal-eletronica?ideDocumentoFiscal=7047638"
"LIDERANÇA DO PT";"";"";"";"2019";"NA";"";"56";"3";"COMBUSTÍVEIS E LUBRIFICANTES.";"1";"Veículos Automotores";"POSTO DE COMBUSTIVEL GUERREIRINHO LTDA";"353.405.290/0013-9";"11192";"4";"2020-07-07T00:00:00";"150.08";"0";"150.08";"7";"2020";"0";"";"";"1704583";"";"";"";"2439";"7069598";"https://www.camara.leg.br/cota-parlamentar/nota-fiscal-eletronica?ideDocumentoFiscal=7069598"
"LIDERANÇA DO PT";"";"";"";"2019";"NA";"";"56";"3";"COMBUSTÍVEIS E LUBRIFICANTES.";"1";"Veículos Automotores";"POSTO DE COMBUSTIVEL GUERREIRINHO LTDA";"353.405.290/0013-9";"11193";"4";"2020-07-07T00:00:00";"52.5";"0";"52.5";"7";"2020";"0";"";"";"1704583";"";"";"";"2439";"7069594";"https://www.camara.leg.br/cota-parlamentar/nota-fiscal-eletronica?ideDocumentoFiscal=7069594"
"LIDERANÇA DO PT";"";"";"";"2019";"NA";"";"56";"3";"COMBUSTÍVEIS E LUBRIFICANTES.";"1";"Veículos Automotores";"POSTO DE COMBUSTIVEL GUERREIRINHO LTDA";"353.405.290/0013-9";"15215";"4";"2020-09-23T00:00:00";"218.43";"0";"218.43";"9";"2020";"0";"";"";"1718799";"";"";"";"2439";"7097945";"https://www.camara.leg.br/cota-parlamentar/nota-fiscal-eletronica?ideDocumentoFiscal=7097945"
"LIDERANÇA DO PT";"";"";"";"2019";"NA";"";"56";"3";"COMBUSTÍVEIS E LUBRIFICANTES.";"1";"Veículos Automotores";"POSTO DE COMBUSTIVEL GUERREIRINHO LTDA";"353.405.290/0013-9";"16207";"4";"2020-10-06T00:00:00";"177.9";"0";"177.9";"10";"2020";"0";"";"";"1720751";"";"";"";"2439";"7101994";"https://www.camara.leg.br/cota-parlamentar/nota-fiscal-eletronica?ideDocumentoFiscal=7101994"
"LIDERANÇA DO PT";"";"";"";"2019";"NA";"";"56";"3";"COMBUSTÍVEIS E LUBRIFICANTES.";"1";"Veículos Automotores";"POSTO DE COMBUSTIVEL GUERREIRINHO LTDA";"353.405.290/0013-9";"16776";"4";"2020-10-14T00:00:00";"193.12";"0";"193.12";"10";"2020";"0";"";"";"1722955";"";"";"";"2439";"7106767";"https://www.camara.leg.br/cota-parlamentar/nota-fiscal-eletronica?ideDocumentoFiscal=7106767"
"LIDERANÇA DO PT";"";"";"";"2019";"NA";"";"56";"3";"COMBUSTÍVEIS E LUBRIFICANTES.";"1";"Veículos Automotores";"POSTO DE COMBUSTIVEL GUERREIRINHO LTDA";"353.405.290/0013-9";"18049";"4";"2020-11-04T01:00:00";"183.83";"0";"183.83";"11";"2020";"0";"";"";"1727785";"";"";"";"2439";"7117753";"https://www.camara.leg.br/cota-parlamentar/nota-fiscal-eletronica?ideDocumentoFiscal=7117753"
"LIDERANÇA DO PT";"";"";"";"2019";"NA";"";"56";"3";"COMBUSTÍVEIS E LUBRIFICANTES.";"1";"Veículos Automotores";"POSTO DE COMBUSTIVEL GUERREIRINHO LTDA";"353.405.290/0013-9";"18958";"4";"2020-11-18T01:00:00";"168.43";"0";"168.43";"11";"2020";"0";"";"";"1728871";"";"";"";"2439";"7120237";"https://www.camara.leg.br/cota-parlamentar/nota-fiscal-eletronica?ideDocumentoFiscal=7120237"
"LIDERANÇA DO PT";"";"";"";"2019";"NA";"";"56";"3";"COMBUSTÍVEIS E LUBRIFICANTES.";"1";"Veículos Automotores";"POSTO DE COMBUSTIVEL GUERREIRINHO LTDA";"353.405.290/0013-9";"8164";"4";"2020-04-23T00:00:00";"86.41";"0";"86.41";"4";"2020";"0";"";"";"1693017";"";"";"";"2439";"7048567";"https://www.camara.leg.br/cota-parlamentar/nota-fiscal-eletronica?ideDocumentoFiscal=7048567"
"LIDERANÇA DO PT";"";"";"";"2019";"NA";"";"56";"3";"COMBUSTÍVEIS E LUBRIFICANTES.";"1";"Veículos Automotores";"TAVARES COMERCIO DE COMBUSTIVEIS E LUBRIFICANTES LTDA";"156.802.840/0018-1";"159766";"4";"2020-09-28T00:00:00";"184.36";"0";"184.36";"9";"2020";"0";"";"";"1718983";"";"";"";"2439";"7098392";"https://www.camara.leg.br/cota-parlamentar/nota-fiscal-eletronica?ideDocumentoFiscal=7098392"
"LIDERANÇA DO PT";"";"";"";"2019";"NA";"";"56";"4";"CONSULTORIAS, PESQUISAS E TRABALHOS TÉCNICOS.";"0";"";"RAQUEL WUNSCH 99108933049";"343.011.450/0014-4";"15";"0";"2020-11-04T01:00:00";"3500";"0";"3500";"11";"2020";"0";"";"";"1725254";"";"";"";"2439";"7111914";"https://www.camara.leg.br/cota-parlamentar/documentos/publ/2439/2020/7111914.pdf"
"LIDERANÇA DO PT";"";"";"";"2019";"NA";"";"56";"5";"DIVULGAÇÃO DA ATIVIDADE PARLAMENTAR.";"0";"";"AP SELF MEDIA COMUNICAÇÃO LTDA EPP";"151.469.430/0010-2";"103";"0";"2020-01-13T00:00:00";"968";"0";"968";"1";"2020";"0";"";"";"1667167";"";"";"";"2439";"6994686";"https://www.camara.leg.br/cota-parlamentar/documentos/publ/2439/2020/6994686.pdf"
"LIDERANÇA DO PT";"";"";"";"2019";"NA";"";"56";"5";"DIVULGAÇÃO DA ATIVIDADE PARLAMENTAR.";"0";"";"AP SELF MEDIA COMUNICAÇÃO LTDA EPP";"151.469.430/0010-2";"104";"0";"2020-02-03T00:00:00";"1011.56";"0";"1011.56";"2";"2020";"0";"";"";"1670791";"";"";"";"2439";"7002616";"https://www.camara.leg.br/cota-parlamentar/documentos/publ/2439/2020/7002616.pdf"
"LIDERANÇA DO PT";"";"";"";"2019";"NA";"";"56";"5";"DIVULGAÇÃO DA ATIVIDADE PARLAMENTAR.";"0";"";"AP SELF MEDIA COMUNICAÇÃO LTDA EPP";"151.469.430/0010-2";"105";"0";"2020-03-04T00:00:00";"1011.56";"0";"1011.56";"3";"2020";"0";"";"";"1682440";"";"";"";"2439";"7026566";"https://www.camara.leg.br/cota-parlamentar/documentos/publ/2439/2020/7026566.pdf"
"LIDERANÇA DO PT";"";"";"";"2019";"NA";"";"56";"5";"DIVULGAÇÃO DA ATIVIDADE PARLAMENTAR.";"0";"";"AP SELF MEDIA COMUNICAÇÃO LTDA EPP";"151.469.430/0010-2";"106";"0";"2020-04-03T00:00:00";"1011.56";"0";"1011.56";"4";"2020";"0";"";"";"1689576";"";"";"";"2439";"7042691";"https://www.camara.leg.br/cota-parlamentar/documentos/publ/2439/2020/7042691.pdf"
"LIDERANÇA DO PT";"";"";"";"2019";"NA";"";"56";"5";"DIVULGAÇÃO DA ATIVIDADE PARLAMENTAR.";"0";"";"AP SELF MEDIA COMUNICAÇÃO LTDA EPP";"151.469.430/0010-2";"107";"0";"2020-05-09T00:00:00";"1011.56";"0";"1011.56";"5";"2020";"0";"";"";"1695768";"";"";"";"2439";"7053254";"https://www.camara.leg.br/cota-parlamentar/documentos/publ/2439/2020/7053254.pdf"
"LIDERANÇA DO PT";"";"";"";"2019";"NA";"";"56";"5";"DIVULGAÇÃO DA ATIVIDADE PARLAMENTAR.";"0";"";"AP SELF MEDIA COMUNICAÇÃO LTDA EPP";"151.469.430/0010-2";"108";"0";"2020-06-10T00:00:00";"1011.56";"0";"1011.56";"6";"2020";"0";"";"";"1700551";"";"";"";"2439";"7061974";"https://www.camara.leg.br/cota-parlamentar/documentos/publ/2439/2020/7061974.pdf"
"LIDERANÇA DO PT";"";"";"";"2019";"NA";"";"56";"5";"DIVULGAÇÃO DA ATIVIDADE PARLAMENTAR.";"0";"";"AP SELF MEDIA COMUNICAÇÃO LTDA EPP";"151.469.430/0010-2";"109";"0";"2020-07-03T00:00:00";"1011.56";"0";"1011.56";"7";"2020";"0";"";"";"1704582";"";"";"";"2439";"7069520";"https://www.camara.leg.br/cota-parlamentar/documentos/publ/2439/2020/7069520.pdf"
"LIDERANÇA DO PT";"";"";"";"2019";"NA";"";"56";"5";"DIVULGAÇÃO DA ATIVIDADE PARLAMENTAR.";"0";"";"AP SELF MEDIA COMUNICAÇÃO LTDA EPP";"151.469.430/0010-2";"112";"0";"2020-12-01T00:00:00";"6069.36";"0";"6069.36";"12";"2020";"0";"";"";"1730474";"";"";"";"2439";"7123532";"https://www.camara.leg.br/cota-parlamentar/documentos/publ/2439/2020/7123532.pdf"
"LIDERANÇA DO PT";"";"";"";"2019";"NA";"";"56";"5";"DIVULGAÇÃO DA ATIVIDADE PARLAMENTAR.";"0";"";"WORKING ASSOCIACAO DE INTEGRACAO PROFISSIONAL";"088.656.150/0019-2";"17944";"4";"2020-01-31T00:00:00";"4200";"0";"4200";"1";"2020";"0";"";"";"1670234";"";"";"";"2439";"7001385";"https://www.camara.leg.br/cota-parlamentar/nota-fiscal-eletronica?ideDocumentoFiscal=7001385"
"LIDERANÇA DO PT";"";"";"";"2019";"NA";"";"56";"9";"PASSAGEM AÉREA - REEMBOLSO";"0";"";"AZUL LINHAS AÉREAS INTELIGENTES S.A";"092.962.950/0016-0";"XKJKNN";"0";"2020-09-30T00:00:00";"1295.34";"0";"1295.34";"10";"2020";"0";"";"";"1720750";"";"";"";"2439";"7102002";"https://www.camara.leg.br/cota-parlamentar/documentos/publ/2439/2020/7102002.pdf"
"LIDERANÇA DO PT";"";"";"";"2019";"NA";"";"56";"9";"PASSAGEM AÉREA - REEMBOLSO";"0";"";"GOL LINHAS AEREAS S.A.";"075.756.510/0015-9";"12700420970741";"0";"2020-01-01T00:00:00";"1307.6";"0";"1307.6";"1";"2020";"0";"";"";"1667184";"";"";"";"2439";"6994730";"https://www.camara.leg.br/cota-parlamentar/documentos/publ/2439/2020/6994730.pdf"
"LIDERANÇA DO PT";"";"";"";"2019";"NA";"";"56";"9";"PASSAGEM AÉREA - REEMBOLSO";"0";"";"GOL LINHAS AEREAS S.A.";"075.756.510/0015-9";"12700421161315";"0";"2020-01-04T00:00:00";"1023.62";"0";"1023.62";"1";"2020";"0";"WADIH NEMER DAMOUS FILHO;";"";"1667186";"";"";"";"2439";"6994737";"https://www.camara.leg.br/cota-parlamentar/documentos/publ/2439/2020/6994737.pdf"
"LIDERANÇA DO PT";"";"";"";"2019";"NA";"";"56";"9";"PASSAGEM AÉREA - REEMBOLSO";"0";"";"GOL LINHAS AEREAS S.A.";"075.756.510/0015-9";"12700421162446";"0";"2020-01-04T00:00:00";"1275.03";"0";"1275.03";"1";"2020";"0";"";"";"1667172";"";"";"";"2439";"6994712";"https://www.camara.leg.br/cota-parlamentar/documentos/publ/2439/2020/6994712.pdf"
"LIDERANÇA DO PT";"";"";"";"2019";"NA";"";"56";"9";"PASSAGEM AÉREA - REEMBOLSO";"0";"";"GOL LINHAS AEREAS S.A.";"075.756.510/0015-9";"12700421979064";"0";"2020-01-14T00:00:00";"3836.42";"0";"3836.42";"1";"2020";"0";"";"";"1667998";"";"";"";"2439";"6996753";"https://www.camara.leg.br/cota-parlamentar/documentos/publ/2439/2020/6996753.pdf"
"LIDERANÇA DO PT";"";"";"";"2019";"NA";"";"56";"9";"PASSAGEM AÉREA - REEMBOLSO";"0";"";"GOL LINHAS AEREAS S.A.";"075.756.510/0015-9";"12700423067124";"0";"2020-01-22T00:00:00";"1156.36";"0";"1156.36";"1";"2020";"0";"CLEIDE DE AMORIM;";"";"1669690";"";"";"";"2439";"6999927";"https://www.camara.leg.br/cota-parlamentar/documentos/publ/2439/2020/6999927.pdf"
"LIDERANÇA DO PT";"";"";"";"2019";"NA";"";"56";"9";"PASSAGEM AÉREA - REEMBOLSO";"0";"";"GOL LINHAS AEREAS S.A.";"075.756.510/0015-9";"12700423990712";"0";"2020-02-02T00:00:00";"1086.57";"0";"1086.57";"2";"2020";"0";"";"";"1672860";"";"";"";"2439";"7007199";"https://www.camara.leg.br/cota-parlamentar/documentos/publ/2439/2020/7007199.pdf"
"LIDERANÇA DO PT";"";"";"";"2019";"NA";"";"56";"9";"PASSAGEM AÉREA - REEMBOLSO";"0";"";"GOL LINHAS AEREAS S.A.";"075.756.510/0015-9";"12700423990973";"0";"2020-02-02T00:00:00";"1358.47";"0";"1358.47";"2";"2020";"0";"";"";"1673938";"";"";"";"2439";"7009720";"https://www.camara.leg.br/cota-parlamentar/documentos/publ/2439/2020/7009720.pdf"
"LIDERANÇA DO PT";"";"";"";"2019";"NA";"";"56";"9";"PASSAGEM AÉREA - REEMBOLSO";"0";"";"GOL LINHAS AEREAS S.A.";"075.756.510/0015-9";"12700423991519";"0";"2020-02-02T00:00:00";"1085.79";"0";"1085.79";"2";"2020";"0";"";"";"1676177";"";"";"";"2439";"7014675";"https://www.camara.leg.br/cota-parlamentar/documentos/publ/2439/2020/7014675.pdf"
"LIDERANÇA DO PT";"";"";"";"2019";"NA";"";"56";"9";"PASSAGEM AÉREA - REEMBOLSO";"0";"";"GOL LINHAS AEREAS S.A.";"075.756.510/0015-9";"12700423991751";"0";"2020-02-02T00:00:00";"897.47";"0";"897.47";"2";"2020";"0";"";"";"1676207";"";"";"";"2439";"7014741";"https://www.camara.leg.br/cota-parlamentar/documentos/publ/2439/2020/7014741.pdf"
"LIDERANÇA DO PT";"";"";"";"2019";"NA";"";"56";"9";"PASSAGEM AÉREA - REEMBOLSO";"0";"";"GOL LINHAS AEREAS S.A.";"075.756.510/0015-9";"12700424083674";"0";"2020-02-03T00:00:00";"961.36";"0";"961.36";"2";"2020";"0";"MARCELO JOAQUIM DE SOUZA; MARCELO JOAQUIM DE SOUZA;";"";"1676166";"";"";"";"2439";"7014644";"https://www.camara.leg.br/cota-parlamentar/documentos/publ/2439/2020/7014644.pdf"
"LIDERANÇA DO PT";"";"";"";"2019";"NA";"";"56";"9";"PASSAGEM AÉREA - REEMBOLSO";"0";"";"GOL LINHAS AEREAS S.A.";"075.756.510/0015-9";"298923170";"0";"2020-02-11T00:00:00";"1086.57";"0";"1086.57";"2";"2020";"0";"";"";"1674380";"";"";"";"2439";"7010637";"https://www.camara.leg.br/cota-parlamentar/documentos/publ/2439/2020/7010637.pdf"
"LIDERANÇA DO PT";"";"";"";"2019";"NA";"";"56";"9";"PASSAGEM AÉREA - REEMBOLSO";"0";"";"LATAM";"020.128.620/0016-0";"9572133682070";"0";"2020-09-16T00:00:00";"1472.64";"0";"1472.64";"9";"2020";"0";"BENILDES MARIA RODRIGUES SANTOS; LUIZ DE ARAUJO MARQUES FILHO;";"";"1718798";"";"";"";"2439";"7097992";"https://www.camara.leg.br/cota-parlamentar/documentos/publ/2439/2020/7097992.pdf"
"LIDERANÇA DO PT";"";"";"";"2019";"NA";"";"56";"9";"PASSAGEM AÉREA - REEMBOLSO";"0";"";"LATAM";"020.128.620/0016-0";"9572138384496";"0";"2020-12-08T00:00:00";"1591.06";"0";"1591.06";"12";"2020";"0";"";"";"1739550";"";"";"";"2439";"7142227";"https://www.camara.leg.br/cota-parlamentar/documentos/publ/2439/2021/7142227.pdf"
"LIDERANÇA DO PT";"";"";"";"2019";"NA";"";"56";"9";"PASSAGEM AÉREA - REEMBOLSO";"0";"";"LATAM AIRLINES";"020.128.620/0016-0";"9572121448740";"0";"2020-01-01T00:00:00";"1686.57";"0";"1686.57";"1";"2020";"0";"";"";"1667170";"";"";"";"2439";"6994704";"https://www.camara.leg.br/cota-parlamentar/documentos/publ/2439/2020/6994704.pdf"
"LIDERANÇA DO PT";"";"";"";"2019";"NA";"";"56";"9";"PASSAGEM AÉREA - REEMBOLSO";"0";"";"LATAM AIRLINES";"020.128.620/0016-0";"9572122394120";"0";"2020-01-10T00:00:00";"747.03";"0";"747.03";"1";"2020";"0";"MAGDA BEATRIS DA SILVA;";"";"1670157";"";"";"";"2439";"7001142";"https://www.camara.leg.br/cota-parlamentar/documentos/publ/2439/2020/7001142.pdf"
"LIDERANÇA DO PT";"";"";"";"2019";"NA";"";"56";"9";"PASSAGEM AÉREA - REEMBOLSO";"0";"";"LATAM AIRLINES";"020.128.620/0016-0";"9572127373211";"0";"2020-03-01T00:00:00";"1068.16";"0";"1068.16";"3";"2020";"0";"FRANCISCA LUCILEIDE DE CARVALHO; FRANCISCA LUCILEIDE DE CARVALHO;";"";"1683608";"";"";"";"2439";"7027794";"https://www.camara.leg.br/cota-parlamentar/documentos/publ/2439/2020/7027794.pdf"
"LIDERANÇA DO PT";"";"";"";"2019";"NA";"";"56";"10";"TELEFONIA";"0";"";"Telefônica Brasil S. A. VIVO";"025.581.570/0016-2";"1211192";"0";"2020-05-14T00:00:00";"112.24";"2.25";"109.99";"5";"2020";"0";"";"";"1709105";"";"";"";"2439";"7078419";"https://www.camara.leg.br/cota-parlamentar/documentos/publ/2439/2020/7078419.pdf"
"LIDERANÇA DO PT";"";"";"";"2019";"NA";"";"56";"10";"TELEFONIA";"0";"";"Telefônica Brasil S. A. VIVO";"025.581.570/0016-2";"1304603193";"0";"2020-10-11T00:00:00";"122.49";"2.5";"119.99";"10";"2020";"0";"";"";"1723956";"";"";"";"2439";"7108996";"https://www.camara.leg.br/cota-parlamentar/documentos/publ/2439/2020/7108996.pdf"
"LIDERANÇA DO PT";"";"";"";"2019";"NA";"";"56";"10";"TELEFONIA";"0";"";"Telefônica Brasil S. A. VIVO";"025.581.570/0016-2";"1345116";"0";"2020-06-14T00:00:00";"112.5";"2.51";"109.99";"6";"2020";"0";"";"";"1709112";"";"";"";"2439";"7078421";"https://www.camara.leg.br/cota-parlamentar/documentos/publ/2439/2020/7078421.pdf"
"LIDERANÇA DO PT";"";"";"";"2019";"NA";"";"56";"10";"TELEFONIA";"0";"";"Telefônica Brasil S. A. VIVO";"025.581.570/0016-2";"1487759";"0";"2020-07-14T00:00:00";"112.5";"2.51";"109.99";"7";"2020";"0";"";"";"1709106";"";"";"";"2439";"7078423";"https://www.camara.leg.br/cota-parlamentar/documentos/publ/2439/2020/7078423.pdf"
"LIDERANÇA DO PT";"";"";"";"2019";"NA";"";"56";"10";"TELEFONIA";"0";"";"Telefônica Brasil S. A. VIVO";"025.581.570/0016-2";"1775366";"0";"2020-09-14T00:00:00";"122.24";"2.25";"119.99";"9";"2020";"0";"";"";"1719050";"";"";"";"2439";"7098683";"https://www.camara.leg.br/cota-parlamentar/documentos/publ/2439/2020/7098683.pdf"
"LIDERANÇA DO PT";"";"";"";"2019";"NA";"";"56";"10";"TELEFONIA";"0";"";"Telefônica Brasil S. A. VIVO";"025.581.570/0016-2";"2210650";"0";"2020-11-13T01:00:00";"95.99";"2.42";"93.57";"11";"2020";"0";"";"";"1732801";"";"";"";"2439";"7128159";"https://www.camara.leg.br/cota-parlamentar/documentos/publ/2439/2020/7128159.pdf"
"LIDERANÇA DO PT";"";"";"";"2019";"NA";"";"56";"10";"TELEFONIA";"0";"";"Telefônica Brasil S. A. VIVO";"025.581.570/0016-2";"3193";"0";"2020-12-13T01:00:00";"122.89";"0";"122.89";"12";"2020";"0";"";"";"1735518";"";"";"";"2439";"7133992";"https://www.camara.leg.br/cota-parlamentar/documentos/publ/2439/2020/7133992.pdf"
"LIDERANÇA DO PT";"";"";"";"2019";"NA";"";"56";"10";"TELEFONIA";"0";"";"Telefônica Brasil S.A. VIVO";"025.581.570/0016-2";"1082622";"0";"2020-04-11T00:00:00";"112.32";"2.33";"109.99";"4";"2020";"0";"";"";"1693982";"";"";"";"2439";"7050344";"https://www.camara.leg.br/cota-parlamentar/documentos/publ/2439/2020/7050344.pdf"
"LIDERANÇA DO PT";"";"";"";"2019";"NA";"";"56";"10";"TELEFONIA";"0";"";"Telefônica Brasil S.A. VIVO";"025.581.570/0016-2";"780817";"0";"2020-02-14T00:00:00";"28.95";"0";"28.95";"2";"2020";"0";"";"";"1680547";"";"";"";"2439";"7022373";"https://www.camara.leg.br/cota-parlamentar/documentos/publ/2439/2020/7022373.pdf"
"LIDERANÇA DO PT";"";"";"";"2019";"NA";"";"56";"10";"TELEFONIA";"0";"";"Telefônica Brasil S.A. VIVO";"025.581.570/0016-2";"923849";"0";"2020-03-14T00:00:00";"110.57";"0.58";"109.99";"3";"2020";"0";"";"";"1690699";"";"";"";"2439";"7044494";"https://www.camara.leg.br/cota-parlamentar/documentos/publ/2439/2020/7044494.pdf"
"LIDERANÇA DO PT";"";"";"";"2019";"NA";"";"56";"13";"FORNECIMENTO DE ALIMENTAÇÃO DO PARLAMENTAR";"0";"";"BRASIL 21 EVENTOS E HOTELARIA LTDA";"087.960.760/0069-1";"6037";"4";"2020-02-11T00:00:00";"41.8";"3.8";"38";"2";"2020";"0";"";"";"1675575";"";"";"";"2439";"7013200";"https://www.camara.leg.br/cota-parlamentar/nota-fiscal-eletronica?ideDocumentoFiscal=7013200"
"LIDERANÇA DO PT";"";"";"";"2019";"NA";"";"56";"13";"FORNECIMENTO DE ALIMENTAÇÃO DO PARLAMENTAR";"0";"";"CELESTINA DO VALE NOGUEIRA 87052296691";"266.121.520/0013-9";"12";"4";"2020-12-02T01:00:00";"1304";"0";"1304";"12";"2020";"0";"";"";"1730833";"";"";"";"2439";"7124299";"https://www.camara.leg.br/cota-parlamentar/nota-fiscal-eletronica?ideDocumentoFiscal=7124299"
"LIDERANÇA DO PT";"";"";"";"2019";"NA";"";"56";"13";"FORNECIMENTO DE ALIMENTAÇÃO DO PARLAMENTAR";"0";"";"CELESTINA DO VALE NOGUEIRA 87052296691";"266.121.520/0013-9";"13";"4";"2020-12-16T01:00:00";"890";"0";"890";"12";"2020";"0";"";"";"1734278";"";"";"";"2439";"7131446";"https://www.camara.leg.br/cota-parlamentar/nota-fiscal-eletronica?ideDocumentoFiscal=7131446"
"LIDERANÇA DO PT";"";"";"";"2019";"NA";"";"56";"13";"FORNECIMENTO DE ALIMENTAÇÃO DO PARLAMENTAR";"0";"";"CELESTINA DO VALE NOGUEIRA 87052296691";"266.121.520/0013-9";"4";"4";"2020-02-19T00:00:00";"2125";"0";"2125";"2";"2020";"0";"";"";"1679858";"";"";"";"2439";"7020463";"https://www.camara.leg.br/cota-parlamentar/nota-fiscal-eletronica?ideDocumentoFiscal=7020463"
"LIDERANÇA DO PT";"";"";"";"2019";"NA";"";"56";"13";"FORNECIMENTO DE ALIMENTAÇÃO DO PARLAMENTAR";"0";"";"CELESTINA DO VALE NOGUEIRA 87052296691";"266.121.520/0013-9";"5";"4";"2020-02-19T00:00:00";"2000";"0";"2000";"2";"2020";"0";"";"";"1679858";"";"";"";"2439";"7020467";"https://www.camara.leg.br/cota-parlamentar/nota-fiscal-eletronica?ideDocumentoFiscal=7020467"
"LIDERANÇA DO PT";"";"";"";"2019";"NA";"";"56";"13";"FORNECIMENTO DE ALIMENTAÇÃO DO PARLAMENTAR";"0";"";"CELESTINA DO VALE NOGUEIRA 87052296691";"266.121.520/0013-9";"6";"4";"2020-02-19T00:00:00";"2000";"0";"2000";"2";"2020";"0";"";"";"1679858";"";"";"";"2439";"7020465";"https://www.camara.leg.br/cota-parlamentar/nota-fiscal-eletronica?ideDocumentoFiscal=7020465"
"LIDERANÇA DO PT";"";"";"";"2019";"NA";"";"56";"13";"FORNECIMENTO DE ALIMENTAÇÃO DO PARLAMENTAR";"0";"";"CELESTINA DO VALE NOGUEIRA 87052296691";"266.121.520/0013-9";"7";"4";"2020-03-05T00:00:00";"2500";"0";"2500";"3";"2020";"0";"";"";"1683716";"";"";"";"2439";"7030628";"https://www.camara.leg.br/cota-parlamentar/nota-fiscal-eletronica?ideDocumentoFiscal=7030628"
"LIDERANÇA DO PT";"";"";"";"2019";"NA";"";"56";"13";"FORNECIMENTO DE ALIMENTAÇÃO DO PARLAMENTAR";"0";"";"CELESTINA DO VALE NOGUEIRA 87052296691";"266.121.520/0013-9";"9";"4";"2020-03-11T00:00:00";"2000";"0";"2000";"3";"2020";"0";"";"";"1685960";"";"";"";"2439";"7035509";"https://www.camara.leg.br/cota-parlamentar/nota-fiscal-eletronica?ideDocumentoFiscal=7035509"
"LIDERANÇA DO PT";"";"";"";"2019";"NA";"";"56";"13";"FORNECIMENTO DE ALIMENTAÇÃO DO PARLAMENTAR";"0";"";"OLIVIER - RESTAURANTE PEIXE NA REDE LTDA";"323.572.710/0019-5";"60129";"4";"2020-12-03T01:00:00";"40.88";"0";"40.88";"12";"2020";"0";"";"";"1733916";"";"";"";"2439";"7130495";"https://www.camara.leg.br/cota-parlamentar/nota-fiscal-eletronica?ideDocumentoFiscal=7130495"
"LIDERANÇA DO PT";"";"";"";"2019";"NA";"";"56";"13";"FORNECIMENTO DE ALIMENTAÇÃO DO PARLAMENTAR";"0";"";"RESTAURANTE DAS MINAS LTDA";"042.770.810/0039-4";"64317";"4";"2020-12-01T01:00:00";"36.03";"0";"36.03";"12";"2020";"0";"";"";"1730604";"";"";"";"2439";"7123801";"https://www.camara.leg.br/cota-parlamentar/nota-fiscal-eletronica?ideDocumentoFiscal=7123801"
"LIDERANÇA DO PT";"";"";"";"2019";"NA";"";"56";"13";"FORNECIMENTO DE ALIMENTAÇÃO DO PARLAMENTAR";"0";"";"RESTAURANTE DAS MINAS LTDA";"042.770.810/0039-4";"66434";"0";"2020-12-21T00:00:00";"50.89";"1.9";"48.99";"12";"2020";"0";"";"";"1735500";"";"";"";"2439";"7133945";"https://www.camara.leg.br/cota-parlamentar/documentos/publ/2439/2020/7133945.pdf"
"LIDERANÇA DO PT";"";"";"";"2019";"NA";"";"56";"13";"FORNECIMENTO DE ALIMENTAÇÃO DO PARLAMENTAR";"0";"";"RESTAURANTE DAS MINAS LTDA";"042.770.810/0039-4";"66485";"0";"2020-12-22T00:00:00";"102.9";"1.9";"101";"12";"2020";"0";"";"";"1735738";"";"";"";"2439";"7134486";"https://www.camara.leg.br/cota-parlamentar/documentos/publ/2439/2020/7134486.pdf"
"LIDERANÇA DO PT";"";"";"";"2019";"NA";"";"56";"13";"FORNECIMENTO DE ALIMENTAÇÃO DO PARLAMENTAR";"0";"";"RESTAURANTE FIGUEIRA DA VILLA EIRELI - ME";"276.442.560/0019-8";"8735";"4";"2020-08-18T00:00:00";"359.5";"0";"359.5";"8";"2020";"0";"";"";"1711770";"";"";"";"2439";"7083572";"https://www.camara.leg.br/cota-parlamentar/nota-fiscal-eletronica?ideDocumentoFiscal=7083572"
"LIDERANÇA DO PT";"";"";"";"2019";"NA";"";"56";"13";"FORNECIMENTO DE ALIMENTAÇÃO DO PARLAMENTAR";"0";"";"RESTAURANTE FIGUEIRA DA VILLA EIRELI - ME";"276.442.560/0019-8";"8831";"4";"2020-09-29T00:00:00";"64.9";"0";"64.9";"9";"2020";"0";"";"";"1719196";"";"";"";"2439";"7098958";"https://www.camara.leg.br/cota-parlamentar/nota-fiscal-eletronica?ideDocumentoFiscal=7098958"
"LIDERANÇA DO PT";"";"";"";"2019";"NA";"";"56";"13";"FORNECIMENTO DE ALIMENTAÇÃO DO PARLAMENTAR";"0";"";"RESTAURANTE FIGUEIRA DA VILLA EIRELI - ME";"276.442.560/0019-8";"8849";"4";"2020-10-07T00:00:00";"150";"0";"150";"10";"2020";"0";"";"";"1720930";"";"";"";"2439";"7102264";"https://www.camara.leg.br/cota-parlamentar/nota-fiscal-eletronica?ideDocumentoFiscal=7102264"
"LIDERANÇA DO PT";"";"";"";"2019";"NA";"";"56";"13";"FORNECIMENTO DE ALIMENTAÇÃO DO PARLAMENTAR";"0";"";"SERVICO NACIONAL DE APRENDIZAGEM COMERCIAL SENAC";"334.691.720/0067-2";"78987";"4";"2020-02-11T00:00:00";"24.55";"0";"24.55";"2";"2020";"0";"";"";"1675575";"";"";"";"2439";"7013208";"https://www.camara.leg.br/cota-parlamentar/nota-fiscal-eletronica?ideDocumentoFiscal=7013208"
"LIDERANÇA DO PT";"";"";"";"2019";"NA";"";"56";"13";"FORNECIMENTO DE ALIMENTAÇÃO DO PARLAMENTAR";"0";"";"SILT SELF SERVICE EIRELI ME";"072.867.310/0019-4";"24384";"4";"2020-02-06T00:00:00";"32.2";"0";"32.2";"2";"2020";"0";"";"";"1673461";"";"";"";"2439";"7008516";"https://www.camara.leg.br/cota-parlamentar/nota-fiscal-eletronica?ideDocumentoFiscal=7008516"
"LIDERANÇA DO PT";"";"";"";"2019";"NA";"";"56";"14";"HOSPEDAGEM ,EXCETO DO PARLAMENTAR NO DISTRITO FEDERAL.";"0";"";"Hotelaria Arccorinvest Brasil S/A";"024.197.650/0264-4";"77558";"0";"2020-09-22T00:00:00";"207.03";"0";"207.03";"9";"2020";"0";"";"";"1717783";"";"";"";"2439";"7095645";"https://www.camara.leg.br/cota-parlamentar/documentos/publ/2439/2020/7095645.pdf"
"LIDERANÇA DO PT";"";"";"";"2019";"NA";"";"56";"14";"HOSPEDAGEM ,EXCETO DO PARLAMENTAR NO DISTRITO FEDERAL.";"0";"";"HOTELARIA ARCO BRASIL S/A";"099.678.520/1167-6";"194210";"0";"2020-09-20T00:00:00";"202";"0";"202";"9";"2020";"0";"";"";"1718797";"";"";"";"2439";"7098002";"https://www.camara.leg.br/cota-parlamentar/documentos/publ/2439/2020/7098002.pdf"
"LIDERANÇA DO PT";"";"";"";"2019";"NA";"";"56";"14";"HOSPEDAGEM ,EXCETO DO PARLAMENTAR NO DISTRITO FEDERAL.";"0";"";"JOAO LOSANO EUBANK DE CAMPOS";"013.495.880/0015-6";"74847";"0";"2020-09-23T00:00:00";"360";"29.66";"330.34";"9";"2020";"0";"";"";"1718797";"";"";"";"2439";"7098020";"https://www.camara.leg.br/cota-parlamentar/documentos/publ/2439/2020/7098020.pdf"
"LIDERANÇA DO PT";"";"";"";"2019";"NA";"";"56";"14";"HOSPEDAGEM ,EXCETO DO PARLAMENTAR NO DISTRITO FEDERAL.";"0";"";"Nobile Gestão de Empreendimentos Ltda SCP 004";"273.715.490/0014-9";"00084259";"0";"2020-03-07T00:00:00";"464.95";"0";"464.95";"3";"2020";"0";"";"";"1685502";"";"";"";"2439";"7034442";"https://www.camara.leg.br/cota-parlamentar/documentos/publ/2439/2020/7034442.pdf"
"LIDERANÇA DO PT";"";"";"";"2019";"NA";"";"56";"14";"HOSPEDAGEM ,EXCETO DO PARLAMENTAR NO DISTRITO FEDERAL.";"0";"";"PAIAGUAS HOTEIS LTDA";"019.821.560/0018-8";"74658";"0";"2020-09-22T00:00:00";"330.34";"0";"330.34";"9";"2020";"0";"";"";"1718797";"";"";"";"2439";"7098028";"https://www.camara.leg.br/cota-parlamentar/documentos/publ/2439/2020/7098028.pdf"
"LIDERANÇA DO PT";"";"";"";"2019";"NA";"";"56";"14";"HOSPEDAGEM ,EXCETO DO PARLAMENTAR NO DISTRITO FEDERAL.";"0";"";"PAIAGUAS HOTEIS LTDA";"019.821.560/0018-8";"74744";"0";"2020-09-28T00:00:00";"716.4";"0";"716.4";"9";"2020";"0";"";"";"1719897";"";"";"";"2439";"7100334";"https://www.camara.leg.br/cota-parlamentar/documentos/publ/2439/2020/7100334.pdf"
"LIDERANÇA DO PT";"";"";"";"2019";"NA";"";"56";"14";"HOSPEDAGEM ,EXCETO DO PARLAMENTAR NO DISTRITO FEDERAL.";"0";"";"PAIAGUAS HOTEIS LTDA";"019.821.560/0018-8";"74850";"0";"2020-10-05T00:00:00";"165.17";"0";"165.17";"9";"2020";"0";"";"";"1718797";"";"";"";"2439";"7098024";"https://www.camara.leg.br/cota-parlamentar/documentos/publ/2439/2020/7098024.pdf"
"LIDERANÇA DO PT";"";"";"";"2019";"NA";"";"56";"120";"LOCAÇÃO OU FRETAMENTO DE VEÍCULOS AUTOMOTORES";"0";"";"CAPITAL ALUGUEL DE CARROS LTDA";"359.703.360/0016-1";"10";"4";"2020-07-06T00:00:00";"2500";"0";"2500";"6";"2020";"0";"";"";"1704584";"";"";"";"2439";"7069527";"https://www.camara.leg.br/cota-parlamentar/nota-fiscal-eletronica?ideDocumentoFiscal=7069527"
"LIDERANÇA DO PT";"";"";"";"2019";"NA";"";"56";"120";"LOCAÇÃO OU FRETAMENTO DE VEÍCULOS AUTOMOTORES";"0";"";"CAPITAL ALUGUEL DE CARROS LTDA";"359.703.360/0016-1";"11";"4";"2020-08-04T00:00:00";"2500";"0";"2500";"7";"2020";"0";"";"";"1709009";"";"";"";"2439";"7078302";"https://www.camara.leg.br/cota-parlamentar/nota-fiscal-eletronica?ideDocumentoFiscal=7078302"
"LIDERANÇA DO PT";"";"";"";"2019";"NA";"";"56";"120";"LOCAÇÃO OU FRETAMENTO DE VEÍCULOS AUTOMOTORES";"0";"";"CAPITAL ALUGUEL DE CARROS LTDA";"359.703.360/0016-1";"14";"4";"2020-09-01T00:00:00";"2500";"0";"2500";"8";"2020";"0";"";"";"1714200";"";"";"";"2439";"7088604";"https://www.camara.leg.br/cota-parlamentar/nota-fiscal-eletronica?ideDocumentoFiscal=7088604"
"LIDERANÇA DO PT";"";"";"";"2019";"NA";"";"56";"120";"LOCAÇÃO OU FRETAMENTO DE VEÍCULOS AUTOMOTORES";"0";"";"CAPITAL ALUGUEL DE CARROS LTDA";"359.703.360/0016-1";"17";"4";"2020-11-30T01:00:00";"2500";"0";"2500";"10";"2020";"0";"";"";"1730346";"";"";"";"2439";"7123279";"https://www.camara.leg.br/cota-parlamentar/nota-fiscal-eletronica?ideDocumentoFiscal=7123279"
"LIDERANÇA DO PT";"";"";"";"2019";"NA";"";"56";"120";"LOCAÇÃO OU FRETAMENTO DE VEÍCULOS AUTOMOTORES";"0";"";"CAPITAL ALUGUEL DE CARROS LTDA";"359.703.360/0016-1";"19";"4";"2020-12-01T01:00:00";"833";"0";"833";"11";"2020";"0";"";"";"1730383";"";"";"";"2439";"7123336";"https://www.camara.leg.br/cota-parlamentar/nota-fiscal-eletronica?ideDocumentoFiscal=7123336"
"LIDERANÇA DO PT";"";"";"";"2019";"NA";"";"56";"120";"LOCAÇÃO OU FRETAMENTO DE VEÍCULOS AUTOMOTORES";"0";"";"CAPITAL ALUGUEL DE CARROS LTDA";"359.703.360/0016-1";"20";"4";"2020-12-01T01:00:00";"1249";"0";"1249";"11";"2020";"0";"";"";"1730653";"";"";"";"2439";"7123896";"https://www.camara.leg.br/cota-parlamentar/nota-fiscal-eletronica?ideDocumentoFiscal=7123896"
"LIDERANÇA DO PT";"";"";"";"2019";"NA";"";"56";"120";"LOCAÇÃO OU FRETAMENTO DE VEÍCULOS AUTOMOTORES";"0";"";"CAPITAL ALUGUEL DE CARROS LTDA";"359.703.360/0016-1";"29";"4";"2021-01-05T00:00:00";"2500";"0";"2500";"12";"2020";"0";"";"";"1739492";"";"";"";"2439";"7142102";"https://www.camara.leg.br/cota-parlamentar/nota-fiscal-eletronica?ideDocumentoFiscal=7142102"
"LIDERANÇA DO PT";"";"";"";"2019";"NA";"";"56";"120";"LOCAÇÃO OU FRETAMENTO DE VEÍCULOS AUTOMOTORES";"0";"";"CAPITAL ALUGUEL DE CARROS LTDA";"359.703.360/0016-1";"4";"4";"2020-04-28T00:00:00";"2500";"0";"2500";"3";"2020";"0";"";"";"1693018";"";"";"";"2439";"7048565";"https://www.camara.leg.br/cota-parlamentar/nota-fiscal-eletronica?ideDocumentoFiscal=7048565"
"LIDERANÇA DO PT";"";"";"";"2019";"NA";"";"56";"120";"LOCAÇÃO OU FRETAMENTO DE VEÍCULOS AUTOMOTORES";"0";"";"CAPITAL ALUGUEL DE CARROS LTDA";"359.703.360/0016-1";"6";"4";"2020-05-19T00:00:00";"2500";"0";"2500";"4";"2020";"0";"";"";"1696684";"";"";"";"2439";"7055181";"https://www.camara.leg.br/cota-parlamentar/nota-fiscal-eletronica?ideDocumentoFiscal=7055181"
"LIDERANÇA DO PT";"";"";"";"2019";"NA";"";"56";"120";"LOCAÇÃO OU FRETAMENTO DE VEÍCULOS AUTOMOTORES";"0";"";"CAPITAL ALUGUEL DE CARROS LTDA";"359.703.360/0016-1";"8";"4";"2020-06-02T00:00:00";"2500";"0";"2500";"5";"2020";"0";"";"";"1700174";"";"";"";"2439";"7061336";"https://www.camara.leg.br/cota-parlamentar/nota-fiscal-eletronica?ideDocumentoFiscal=7061336"
"LIDERANÇA DO PT";"";"";"";"2019";"NA";"";"56";"120";"LOCAÇÃO OU FRETAMENTO DE VEÍCULOS AUTOMOTORES";"0";"";"PANTANAL VEÍCULOS LTDA";"073.193.230/0019-1";"2953";"4";"2020-01-31T00:00:00";"2250";"0";"2250";"1";"2020";"0";"";"";"1671953";"";"";"";"2439";"7005015";"https://www.camara.leg.br/cota-parlamentar/nota-fiscal-eletronica?ideDocumentoFiscal=7005015"
"LIDERANÇA DO PT";"";"";"";"2019";"NA";"";"56";"120";"LOCAÇÃO OU FRETAMENTO DE VEÍCULOS AUTOMOTORES";"0";"";"PANTANAL VEÍCULOS LTDA";"073.193.230/0019-1";"2998";"4";"2020-03-27T00:00:00";"2250";"0";"2250";"2";"2020";"0";"";"";"1692025";"";"";"";"2439";"7046722";"https://www.camara.leg.br/cota-parlamentar/nota-fiscal-eletronica?ideDocumentoFiscal=7046722"
"LIDMIN";"";"";"";"2019";"NA";"";"56";"1";"MANUTENÇÃO DE ESCRITÓRIO DE APOIO À ATIVIDADE PARLAMENTAR";"0";"";"AMORETTO CAFES EXPRESSO LTDA";"085.324.290/0013-1";"25090";"4";"2020-01-13T00:00:00";"983.5";"0";"983.5";"1";"2020";"0";"";"";"1667596";"";"";"";"2806";"6995770";"https://www.camara.leg.br/cota-parlamentar/nota-fiscal-eletronica?ideDocumentoFiscal=6995770"
"LIDMIN";"";"";"";"2019";"NA";"";"56";"1";"MANUTENÇÃO DE ESCRITÓRIO DE APOIO À ATIVIDADE PARLAMENTAR";"0";"";"AMORETTO CAFES EXPRESSO LTDA";"085.324.290/0013-1";"25220";"4";"2020-02-04T00:00:00";"983.5";"0";"983.5";"2";"2020";"0";"";"";"1674398";"";"";"";"2806";"7010681";"https://www.camara.leg.br/cota-parlamentar/nota-fiscal-eletronica?ideDocumentoFiscal=7010681"
"LIDMIN";"";"";"";"2019";"NA";"";"56";"1";"MANUTENÇÃO DE ESCRITÓRIO DE APOIO À ATIVIDADE PARLAMENTAR";"0";"";"AMORETTO CAFES EXPRESSO LTDA";"085.324.290/0013-1";"25379";"4";"2020-03-04T00:00:00";"983.5";"0";"983.5";"3";"2020";"0";"";"";"1683204";"";"";"";"2806";"7029260";"https://www.camara.leg.br/cota-parlamentar/nota-fiscal-eletronica?ideDocumentoFiscal=7029260"
"LIDMIN";"";"";"";"2019";"NA";"";"56";"1";"MANUTENÇÃO DE ESCRITÓRIO DE APOIO À ATIVIDADE PARLAMENTAR";"0";"";"AMORETTO CAFES EXPRESSO LTDA";"085.324.290/0013-1";"25533";"4";"2020-04-08T00:00:00";"983.5";"0";"983.5";"4";"2020";"0";"";"";"1702363";"";"";"";"2806";"7065471";"https://www.camara.leg.br/cota-parlamentar/nota-fiscal-eletronica?ideDocumentoFiscal=7065471"
"LIDMIN";"";"";"";"2019";"NA";"";"56";"1";"MANUTENÇÃO DE ESCRITÓRIO DE APOIO À ATIVIDADE PARLAMENTAR";"0";"";"AMORETTO CAFES EXPRESSO LTDA";"085.324.290/0013-1";"25624";"4";"2020-05-07T00:00:00";"491.75";"0";"491.75";"5";"2020";"0";"";"";"1702366";"";"";"";"2806";"7065477";"https://www.camara.leg.br/cota-parlamentar/nota-fiscal-eletronica?ideDocumentoFiscal=7065477"
"LIDMIN";"";"";"";"2019";"NA";"";"56";"1";"MANUTENÇÃO DE ESCRITÓRIO DE APOIO À ATIVIDADE PARLAMENTAR";"0";"";"AMORETTO CAFES EXPRESSO LTDA";"085.324.290/0013-1";"25708";"4";"2020-06-02T00:00:00";"491.75";"0";"491.75";"6";"2020";"0";"";"";"1703421";"";"";"";"2806";"7067442";"https://www.camara.leg.br/cota-parlamentar/nota-fiscal-eletronica?ideDocumentoFiscal=7067442"
"LIDMIN";"";"";"";"2019";"NA";"";"56";"1";"MANUTENÇÃO DE ESCRITÓRIO DE APOIO À ATIVIDADE PARLAMENTAR";"0";"";"AMORETTO CAFES EXPRESSO LTDA";"085.324.290/0013-1";"25853";"4";"2020-07-16T00:00:00";"491.75";"0";"491.75";"7";"2020";"0";"";"";"1716058";"";"";"";"2806";"7092118";"https://www.camara.leg.br/cota-parlamentar/nota-fiscal-eletronica?ideDocumentoFiscal=7092118"
"LIDMIN";"";"";"";"2019";"NA";"";"56";"1";"MANUTENÇÃO DE ESCRITÓRIO DE APOIO À ATIVIDADE PARLAMENTAR";"0";"";"AMORETTO CAFES EXPRESSO LTDA";"085.324.290/0013-1";"25927";"4";"2020-08-04T00:00:00";"985";"0";"985";"8";"2020";"0";"";"";"1711842";"";"";"";"2806";"7083703";"https://www.camara.leg.br/cota-parlamentar/nota-fiscal-eletronica?ideDocumentoFiscal=7083703"
"LIDMIN";"";"";"";"2019";"NA";"";"56";"1";"MANUTENÇÃO DE ESCRITÓRIO DE APOIO À ATIVIDADE PARLAMENTAR";"0";"";"AMORETTO CAFES EXPRESSO LTDA";"085.324.290/0013-1";"26032";"4";"2020-09-02T00:00:00";"985";"0";"985";"9";"2020";"0";"";"";"1720488";"";"";"";"2806";"7101427";"https://www.camara.leg.br/cota-parlamentar/nota-fiscal-eletronica?ideDocumentoFiscal=7101427"
"LIDMIN";"";"";"";"2019";"NA";"";"56";"1";"MANUTENÇÃO DE ESCRITÓRIO DE APOIO À ATIVIDADE PARLAMENTAR";"0";"";"AMORETTO CAFES EXPRESSO LTDA";"085.324.290/0013-1";"26245";"4";"2020-11-06T01:00:00";"985";"0";"985";"10";"2020";"0";"";"";"1726481";"";"";"";"2806";"7114575";"https://www.camara.leg.br/cota-parlamentar/nota-fiscal-eletronica?ideDocumentoFiscal=7114575"
"LIDMIN";"";"";"";"2019";"NA";"";"56";"1";"MANUTENÇÃO DE ESCRITÓRIO DE APOIO À ATIVIDADE PARLAMENTAR";"0";"";"AMORETTO CAFES EXPRESSO LTDA";"085.324.290/0013-1";"26343";"4";"2020-12-02T00:00:00";"985";"0";"985";"12";"2020";"0";"";"";"1739861";"";"";"";"2806";"7142881";"https://www.camara.leg.br/cota-parlamentar/nota-fiscal-eletronica?ideDocumentoFiscal=7142881"
"LIDMIN";"";"";"";"2019";"NA";"";"56";"1";"MANUTENÇÃO DE ESCRITÓRIO DE APOIO À ATIVIDADE PARLAMENTAR";"0";"";"Zoom Video Communications Inc.";"000.000.000/0001-0";"7002164168";"1";"2020-09-09T00:00:00";"79.03";"0";"79.03";"9";"2020";"0";"";"";"1716948";"";"";"";"2806";"7093875";"https://www.camara.leg.br/cota-parlamentar/documentos/publ/2806/2020/7093875.pdf"
"LIDMIN";"";"";"";"2019";"NA";"";"56";"1";"MANUTENÇÃO DE ESCRITÓRIO DE APOIO À ATIVIDADE PARLAMENTAR";"0";"";"Zoom Video Communications Inc.";"000.000.000/0001-0";"7002164168";"1";"2020-10-15T00:00:00";"84.19";"0";"84.19";"10";"2020";"0";"";"";"1736849";"";"";"";"2806";"7136705";"https://www.camara.leg.br/cota-parlamentar/documentos/publ/2806/2020/7136705.pdf"
"LIDMIN";"";"";"";"2019";"NA";"";"56";"1";"MANUTENÇÃO DE ESCRITÓRIO DE APOIO À ATIVIDADE PARLAMENTAR";"0";"";"Zoom Video Communications Inc.";"000.000.000/0001-0";"7002164168";"1";"2020-11-15T00:00:00";"82.21";"0";"82.21";"11";"2020";"0";"";"";"1736854";"";"";"";"2806";"7136716";"https://www.camara.leg.br/cota-parlamentar/documentos/publ/2806/2020/7136716.pdf"
"LIDMIN";"";"";"";"2019";"NA";"";"56";"1";"MANUTENÇÃO DE ESCRITÓRIO DE APOIO À ATIVIDADE PARLAMENTAR";"0";"";"Zoom Video Communications Inc.";"000.000.000/0001-0";"7002164168";"1";"2020-12-15T00:00:00";"76.39";"0";"76.39";"12";"2020";"0";"";"";"1736867";"";"";"";"2806";"7136732";"https://www.camara.leg.br/cota-parlamentar/documentos/publ/2806/2020/7136732.pdf"
"LIDMIN";"";"";"";"2019";"NA";"";"56";"5";"DIVULGAÇÃO DA ATIVIDADE PARLAMENTAR.";"0";"";"INSIST INFORMATICA & SISTEMA LTDA - ME";"093.887.270/0016-2";"68";"4";"2020-12-09T01:00:00";"7200";"0";"7200";"12";"2020";"0";"";"";"1732522";"";"";"";"2806";"7127624";"https://www.camara.leg.br/cota-parlamentar/nota-fiscal-eletronica?ideDocumentoFiscal=7127624"
"LIDMIN";"";"";"";"2019";"NA";"";"56";"13";"FORNECIMENTO DE ALIMENTAÇÃO DO PARLAMENTAR";"0";"";"BISCOITOS CASEIROS HOMONNAI LTDA";"046.448.200/0017-7";"146427";"4";"2020-12-17T01:00:00";"193.94";"0";"193.94";"12";"2020";"0";"";"";"1735696";"";"";"";"2806";"7134367";"https://www.camara.leg.br/cota-parlamentar/nota-fiscal-eletronica?ideDocumentoFiscal=7134367"
"LIDMIN";"";"";"";"2019";"NA";"";"56";"13";"FORNECIMENTO DE ALIMENTAÇÃO DO PARLAMENTAR";"0";"";"R.E.M. BISCOITOS CASEIROS LTDA";"012.175.080/0010-9";"134222";"4";"2020-03-10T00:00:00";"303.85";"0";"303.85";"3";"2020";"0";"";"";"1683891";"";"";"";"2806";"7030968";"https://www.camara.leg.br/cota-parlamentar/nota-fiscal-eletronica?ideDocumentoFiscal=7030968"
"LIDMIN";"";"";"";"2019";"NA";"";"56";"120";"LOCAÇÃO OU FRETAMENTO DE VEÍCULOS AUTOMOTORES";"0";"";"PANTANAL VEÍCULOS LTDA";"073.193.230/0019-1";"19379";"1";"2020-08-31T00:00:00";"840";"0";"840";"8";"2020";"0";"";"";"1722048";"";"";"";"2806";"7104679";"https://www.camara.leg.br/cota-parlamentar/documentos/publ/2806/2020/7104679.pdf"
"LIDMIN";"";"";"";"2019";"NA";"";"56";"120";"LOCAÇÃO OU FRETAMENTO DE VEÍCULOS AUTOMOTORES";"0";"";"PANTANAL VEÍCULOS LTDA";"073.193.230/0019-1";"19518";"1";"2020-10-08T00:00:00";"1680";"0";"1680";"10";"2020";"0";"";"";"1722361";"";"";"";"2806";"7105337";"https://www.camara.leg.br/cota-parlamentar/documentos/publ/2806/2020/7105337.pdf"
"LIDMIN";"";"";"";"2019";"NA";"";"56";"120";"LOCAÇÃO OU FRETAMENTO DE VEÍCULOS AUTOMOTORES";"0";"";"PANTANAL VEÍCULOS LTDA";"073.193.230/0019-1";"19848";"1";"2020-12-29T00:00:00";"3900";"0";"3900";"12";"2020";"0";"";"";"1736894";"";"";"";"2806";"7136816";"https://www.camara.leg.br/cota-parlamentar/documentos/publ/2806/2020/7136816.pdf"
"NOVO";"";"";"";"2019";"NA";"";"56";"1";"MANUTENÇÃO DE ESCRITÓRIO DE APOIO À ATIVIDADE PARLAMENTAR";"0";"";"Adobe";"000.000.000/0001-0";"1296905227";"1";"2020-11-18T01:00:00";"224";"0";"224";"10";"2020";"0";"";"";"1727947";"";"";"";"3441";"7118061";"https://www.camara.leg.br/cota-parlamentar/documentos/publ/3441/2020/7118061.pdf"
"NOVO";"";"";"";"2019";"NA";"";"56";"1";"MANUTENÇÃO DE ESCRITÓRIO DE APOIO À ATIVIDADE PARLAMENTAR";"0";"";"ADOBE SYSTEMS SOFTWARE";"000.000.000/0001-0";"1137944892";"1";"2020-01-18T00:00:00";"124";"0";"124";"1";"2020";"0";"";"";"1668096";"";"";"";"3441";"6996975";"https://www.camara.leg.br/cota-parlamentar/documentos/publ/3441/2020/6996975.pdf"
"NOVO";"";"";"";"2019";"NA";"";"56";"1";"MANUTENÇÃO DE ESCRITÓRIO DE APOIO À ATIVIDADE PARLAMENTAR";"0";"";"ADOBE SYSTEMS SOFTWARE";"000.000.000/0001-0";"1152211755";"1";"2020-02-18T00:00:00";"124";"0";"124";"1";"2020";"0";"";"";"1678468";"";"";"";"3441";"7018670";"https://www.camara.leg.br/cota-parlamentar/documentos/publ/3441/2020/7018670.pdf"
"NOVO";"";"";"";"2019";"NA";"";"56";"1";"MANUTENÇÃO DE ESCRITÓRIO DE APOIO À ATIVIDADE PARLAMENTAR";"0";"";"ADOBE SYSTEMS SOFTWARE";"000.000.000/0001-0";"1166660171";"0";"2020-03-18T00:00:00";"124";"0";"124";"3";"2020";"0";"";"";"1687583";"";"";"";"3441";"7039385";"https://www.camara.leg.br/cota-parlamentar/documentos/publ/3441/2020/7039385.pdf"
"NOVO";"";"";"";"2019";"NA";"";"56";"1";"MANUTENÇÃO DE ESCRITÓRIO DE APOIO À ATIVIDADE PARLAMENTAR";"0";"";"ADOBE SYSTEMS SOFTWARE";"000.000.000/0001-0";"1181484117";"1";"2020-04-18T00:00:00";"124";"0";"124";"4";"2020";"0";"";"";"1692588";"";"";"";"3441";"7047800";"https://www.camara.leg.br/cota-parlamentar/documentos/publ/3441/2020/7047800.pdf"
"NOVO";"";"";"";"2019";"NA";"";"56";"1";"MANUTENÇÃO DE ESCRITÓRIO DE APOIO À ATIVIDADE PARLAMENTAR";"0";"";"ADOBE SYSTEMS SOFTWARE";"000.000.000/0001-0";"1212336617";"1";"2020-06-18T00:00:00";"124";"0";"124";"6";"2020";"0";"";"";"1703887";"";"";"";"3441";"7068308";"https://www.camara.leg.br/cota-parlamentar/documentos/publ/3441/2020/7068308.pdf"
"NOVO";"";"";"";"2019";"NA";"";"56";"1";"MANUTENÇÃO DE ESCRITÓRIO DE APOIO À ATIVIDADE PARLAMENTAR";"0";"";"ADOBE SYSTEMS SOFTWARE";"000.000.000/0001-0";"1228365732";"1";"2020-07-18T00:00:00";"124";"0";"124";"7";"2020";"0";"";"";"1709597";"";"";"";"3441";"7079381";"https://www.camara.leg.br/cota-parlamentar/documentos/publ/3441/2020/7079381.pdf"
"NOVO";"";"";"";"2019";"NA";"";"56";"1";"MANUTENÇÃO DE ESCRITÓRIO DE APOIO À ATIVIDADE PARLAMENTAR";"0";"";"ADOBE SYSTEMS SOFTWARE";"000.000.000/0001-0";"1244826433";"1";"2020-08-18T00:00:00";"124";"0";"124";"8";"2020";"0";"";"";"1712117";"";"";"";"3441";"7084285";"https://www.camara.leg.br/cota-parlamentar/documentos/publ/3441/2020/7084285.pdf"
"NOVO";"";"";"";"2019";"NA";"";"56";"1";"MANUTENÇÃO DE ESCRITÓRIO DE APOIO À ATIVIDADE PARLAMENTAR";"0";"";"Adobe Systems Software";"000.000.000/0001-0";"1315007052";"1";"2020-12-18T00:00:00";"224";"0";"224";"12";"2020";"0";"";"";"1735700";"";"";"";"3441";"7134399";"https://www.camara.leg.br/cota-parlamentar/documentos/publ/3441/2020/7134399.pdf"
"NOVO";"";"";"";"2019";"NA";"";"56";"1";"MANUTENÇÃO DE ESCRITÓRIO DE APOIO À ATIVIDADE PARLAMENTAR";"0";"";"ADOBE SYSTEMS SOFTWARE IRELAND LTDA";"000.000.000/0001-0";"1196617896";"1";"2020-05-18T00:00:00";"124";"0";"124";"5";"2020";"0";"";"";"1697808";"";"";"";"3441";"7057262";"https://www.camara.leg.br/cota-parlamentar/documentos/publ/3441/2020/7057262.pdf"
"NOVO";"";"";"";"2019";"NA";"";"56";"1";"MANUTENÇÃO DE ESCRITÓRIO DE APOIO À ATIVIDADE PARLAMENTAR";"0";"";"Adobe Systems Softwares";"000.000.000/0001-0";"1261869297";"1";"2020-09-18T00:00:00";"124";"0";"124";"9";"2020";"0";"";"";"1724186";"";"";"";"3441";"7109547";"https://www.camara.leg.br/cota-parlamentar/documentos/publ/3441/2020/7109547.pdf"
"NOVO";"";"";"";"2019";"NA";"";"56";"1";"MANUTENÇÃO DE ESCRITÓRIO DE APOIO À ATIVIDADE PARLAMENTAR";"0";"";"Adobe Systems Softwares";"000.000.000/0001-0";"1279169686";"1";"2020-10-18T00:00:00";"124";"0";"124";"9";"2020";"0";"";"";"1724165";"";"";"";"3441";"7109546";"https://www.camara.leg.br/cota-parlamentar/documentos/publ/3441/2020/7109546.pdf"
"NOVO";"";"";"";"2019";"NA";"";"56";"1";"MANUTENÇÃO DE ESCRITÓRIO DE APOIO À ATIVIDADE PARLAMENTAR";"0";"";"CANVA PTY LTD.";"000.000.000/0001-0";"s/n";"1";"2020-03-21T00:00:00";"322.8";"0";"322.8";"3";"2020";"0";"";"";"1687582";"";"";"";"3441";"7039384";"https://www.camara.leg.br/cota-parlamentar/documentos/publ/3441/2020/7039384.pdf"
"NOVO";"";"";"";"2019";"NA";"";"56";"1";"MANUTENÇÃO DE ESCRITÓRIO DE APOIO À ATIVIDADE PARLAMENTAR";"0";"";"MLABS";"234.659.640/0010-0";"208105";"0";"2020-05-26T00:00:00";"672.84";"0";"672.84";"5";"2020";"0";"";"";"1697849";"";"";"";"3441";"7057282";"https://www.camara.leg.br/cota-parlamentar/documentos/publ/3441/2020/7057282.pdf"
"NOVO";"";"";"";"2019";"NA";"";"56";"1";"MANUTENÇÃO DE ESCRITÓRIO DE APOIO À ATIVIDADE PARLAMENTAR";"0";"";"MLABS";"234.659.640/0010-0";"2187921";"0";"2020-05-25T00:00:00";"396.48";"0";"396.48";"5";"2020";"0";"";"";"1697839";"";"";"";"3441";"7057299";"https://www.camara.leg.br/cota-parlamentar/documentos/publ/3441/2020/7057299.pdf"
"NOVO";"";"";"";"2019";"NA";"";"56";"1";"MANUTENÇÃO DE ESCRITÓRIO DE APOIO À ATIVIDADE PARLAMENTAR";"0";"";"SOLIDES TECNOLOGIA S/A";"104.613.020/0011-0";"202000000019338";"0";"2020-09-03T00:00:00";"1563.9";"0";"1563.9";"8";"2020";"0";"";"";"1724105";"";"";"";"3441";"7109407";"https://www.camara.leg.br/cota-parlamentar/documentos/publ/3441/2020/7109407.pdf"
"NOVO";"";"";"";"2019";"NA";"";"56";"1";"MANUTENÇÃO DE ESCRITÓRIO DE APOIO À ATIVIDADE PARLAMENTAR";"0";"";"Sólides Tecnologia S/A";"104.613.020/0011-0";"202000000020173";"0";"2020-10-01T00:00:00";"563.9";"0";"563.9";"9";"2020";"0";"";"";"1724076";"";"";"";"3441";"7109244";"https://www.camara.leg.br/cota-parlamentar/documentos/publ/3441/2020/7109244.pdf"
"NOVO";"";"";"";"2019";"NA";"";"56";"1";"MANUTENÇÃO DE ESCRITÓRIO DE APOIO À ATIVIDADE PARLAMENTAR";"0";"";"Sólides Tecnologia S/A";"104.613.020/0011-0";"202000000022865";"0";"2020-11-01T01:00:00";"563.9";"0";"563.9";"10";"2020";"0";"";"";"1728039";"";"";"";"3441";"7118315";"https://www.camara.leg.br/cota-parlamentar/documentos/publ/3441/2020/7118315.pdf"
"NOVO";"";"";"";"2019";"NA";"";"56";"1";"MANUTENÇÃO DE ESCRITÓRIO DE APOIO À ATIVIDADE PARLAMENTAR";"0";"";"Sólides Tecnologia S/A";"104.613.020/0011-0";"202000000027095";"0";"2020-12-03T00:00:00";"563.9";"0";"563.9";"12";"2020";"0";"";"";"1737256";"";"";"";"3441";"7137490";"https://www.camara.leg.br/cota-parlamentar/documentos/publ/3441/2021/7137490.pdf"
"NOVO";"";"";"";"2019";"NA";"";"56";"1";"MANUTENÇÃO DE ESCRITÓRIO DE APOIO À ATIVIDADE PARLAMENTAR";"0";"";"TKTL INFORMATICA LTDA";"149.987.470/0019-5";"00031989";"0";"2020-02-07T00:00:00";"294.75";"0";"294.75";"2";"2020";"0";"";"";"1674017";"";"";"";"3441";"7009849";"https://www.camara.leg.br/cota-parlamentar/documentos/publ/3441/2020/7009849.pdf"
"NOVO";"";"";"";"2019";"NA";"";"56";"1";"MANUTENÇÃO DE ESCRITÓRIO DE APOIO À ATIVIDADE PARLAMENTAR";"0";"";"TKTL INFORMATICA LTDA";"149.987.470/0019-5";"00032920";"0";"2020-03-17T00:00:00";"312.1";"0";"312.1";"3";"2020";"0";"";"";"1686681";"";"";"";"3441";"7037278";"https://www.camara.leg.br/cota-parlamentar/documentos/publ/3441/2020/7037278.pdf"
"NOVO";"";"";"";"2019";"NA";"";"56";"1";"MANUTENÇÃO DE ESCRITÓRIO DE APOIO À ATIVIDADE PARLAMENTAR";"0";"";"TKTL INFORMATICA LTDA";"149.987.470/0019-5";"00033628";"0";"2020-04-02T00:00:00";"360.6";"0";"360.6";"4";"2020";"0";"";"";"1692559";"";"";"";"3441";"7047750";"https://www.camara.leg.br/cota-parlamentar/documentos/publ/3441/2020/7047750.pdf"
"NOVO";"";"";"";"2019";"NA";"";"56";"1";"MANUTENÇÃO DE ESCRITÓRIO DE APOIO À ATIVIDADE PARLAMENTAR";"0";"";"TKTL INFORMATICA LTDA";"149.987.470/0019-5";"00034524";"0";"2020-05-05T00:00:00";"376.55";"0";"376.55";"5";"2020";"0";"";"";"1697803";"";"";"";"3441";"7057253";"https://www.camara.leg.br/cota-parlamentar/documentos/publ/3441/2020/7057253.pdf"
"NOVO";"";"";"";"2019";"NA";"";"56";"1";"MANUTENÇÃO DE ESCRITÓRIO DE APOIO À ATIVIDADE PARLAMENTAR";"0";"";"TKTL INFORMATICA LTDA";"149.987.470/0019-5";"00035427";"0";"2020-07-02T00:00:00";"376.55";"0";"376.55";"6";"2020";"0";"";"";"1703880";"";"";"";"3441";"7068302";"https://www.camara.leg.br/cota-parlamentar/documentos/publ/3441/2020/7068302.pdf"
"NOVO";"";"";"";"2019";"NA";"";"56";"1";"MANUTENÇÃO DE ESCRITÓRIO DE APOIO À ATIVIDADE PARLAMENTAR";"0";"";"TKTL INFORMATICA LTDA";"149.987.470/0019-5";"00036394";"0";"2020-07-02T00:00:00";"380.05";"0";"380.05";"7";"2020";"0";"";"";"1704790";"";"";"";"3441";"7070009";"https://www.camara.leg.br/cota-parlamentar/documentos/publ/3441/2020/7070009.pdf"
"NOVO";"";"";"";"2019";"NA";"";"56";"1";"MANUTENÇÃO DE ESCRITÓRIO DE APOIO À ATIVIDADE PARLAMENTAR";"0";"";"TKTL INFORMATICA LTDA";"149.987.470/0019-5";"00037285";"0";"2020-08-01T00:00:00";"360.6";"0";"360.6";"7";"2020";"0";"";"";"1709584";"";"";"";"3441";"7079358";"https://www.camara.leg.br/cota-parlamentar/documentos/publ/3441/2020/7079358.pdf"
"NOVO";"";"";"";"2019";"NA";"";"56";"1";"MANUTENÇÃO DE ESCRITÓRIO DE APOIO À ATIVIDADE PARLAMENTAR";"0";"";"TKTL INFORMATICA LTDA";"149.987.470/0019-5";"00038125";"0";"2020-09-01T00:00:00";"379.35";"0";"379.35";"8";"2020";"0";"";"";"1724118";"";"";"";"3441";"7109427";"https://www.camara.leg.br/cota-parlamentar/documentos/publ/3441/2020/7109427.pdf"
"NOVO";"";"";"";"2019";"NA";"";"56";"1";"MANUTENÇÃO DE ESCRITÓRIO DE APOIO À ATIVIDADE PARLAMENTAR";"0";"";"TKTL INFORMATICA LTDA";"149.987.470/0019-5";"00039010";"0";"2020-10-01T00:00:00";"391.15";"0";"391.15";"9";"2020";"0";"";"";"1724039";"";"";"";"3441";"7109133";"https://www.camara.leg.br/cota-parlamentar/documentos/publ/3441/2020/7109133.pdf"
"NOVO";"";"";"";"2019";"NA";"";"56";"1";"MANUTENÇÃO DE ESCRITÓRIO DE APOIO À ATIVIDADE PARLAMENTAR";"0";"";"TKTL INFORMATICA LTDA";"149.987.470/0019-5";"00039912";"1";"2020-11-03T00:00:00";"395.3";"0";"395.3";"10";"2020";"0";"";"";"1736665";"";"";"";"3441";"7136313";"https://www.camara.leg.br/cota-parlamentar/documentos/publ/3441/2020/7136313.pdf"
"NOVO";"";"";"";"2019";"NA";"";"56";"1";"MANUTENÇÃO DE ESCRITÓRIO DE APOIO À ATIVIDADE PARLAMENTAR";"0";"";"TKTL INFORMATICA LTDA";"149.987.470/0019-5";"00040838";"0";"2020-12-10T01:00:00";"369.65";"0";"369.65";"11";"2020";"0";"";"";"1733409";"";"";"";"3441";"7129543";"https://www.camara.leg.br/cota-parlamentar/documentos/publ/3441/2020/7129543.pdf"
"NOVO";"";"";"";"2019";"NA";"";"56";"1";"MANUTENÇÃO DE ESCRITÓRIO DE APOIO À ATIVIDADE PARLAMENTAR";"0";"";"TKTL INFORMATICA LTDA";"149.987.470/0019-5";"00041753";"0";"2021-01-04T00:00:00";"359.95";"0";"359.95";"12";"2020";"0";"";"";"1738458";"";"";"";"3441";"7139964";"https://www.camara.leg.br/cota-parlamentar/documentos/publ/3441/2021/7139964.pdf"
"NOVO";"";"";"";"2019";"NA";"";"56";"1";"MANUTENÇÃO DE ESCRITÓRIO DE APOIO À ATIVIDADE PARLAMENTAR";"0";"";"ZAPIER INC.";"000.000.000/0001-0";"01";"1";"2020-02-18T00:00:00";"266.22";"0";"266.22";"1";"2020";"0";"";"";"1679609";"";"";"";"3441";"7019970";"https://www.camara.leg.br/cota-parlamentar/documentos/publ/3441/2020/7019970.pdf"
"NOVO";"";"";"";"2019";"NA";"";"56";"1";"MANUTENÇÃO DE ESCRITÓRIO DE APOIO À ATIVIDADE PARLAMENTAR";"0";"";"ZAPIER INC.";"000.000.000/0001-0";"01";"1";"2020-04-18T00:00:00";"321.97";"0";"321.97";"4";"2020";"0";"";"";"1692593";"";"";"";"3441";"7047823";"https://www.camara.leg.br/cota-parlamentar/documentos/publ/3441/2020/7047823.pdf"
"NOVO";"";"";"";"2019";"NA";"";"56";"1";"MANUTENÇÃO DE ESCRITÓRIO DE APOIO À ATIVIDADE PARLAMENTAR";"0";"";"ZAPIER INC.";"000.000.000/0001-0";"01";"1";"2020-05-18T00:00:00";"351.38";"0";"351.38";"5";"2020";"0";"";"";"1697819";"";"";"";"3441";"7057275";"https://www.camara.leg.br/cota-parlamentar/documentos/publ/3441/2020/7057275.pdf"
"NOVO";"";"";"";"2019";"NA";"";"56";"1";"MANUTENÇÃO DE ESCRITÓRIO DE APOIO À ATIVIDADE PARLAMENTAR";"0";"";"ZAPIER INC.";"000.000.000/0001-0";"01";"1";"2020-07-02T00:00:00";"324.75";"0";"324.75";"6";"2020";"0";"";"";"1703897";"";"";"";"3441";"7068320";"https://www.camara.leg.br/cota-parlamentar/documentos/publ/3441/2020/7068320.pdf"
"NOVO";"";"";"";"2019";"NA";"";"56";"1";"MANUTENÇÃO DE ESCRITÓRIO DE APOIO À ATIVIDADE PARLAMENTAR";"0";"";"Zapier Inc.";"000.000.000/0001-0";"01";"1";"2020-08-02T00:00:00";"318.66";"0";"318.66";"7";"2020";"0";"";"";"1709636";"";"";"";"3441";"7079451";"https://www.camara.leg.br/cota-parlamentar/documentos/publ/3441/2020/7079451.pdf"
"NOVO";"";"";"";"2019";"NA";"";"56";"1";"MANUTENÇÃO DE ESCRITÓRIO DE APOIO À ATIVIDADE PARLAMENTAR";"0";"";"ZAPIER INC.";"000.000.000/0001-0";"03";"1";"2020-01-18T00:00:00";"256.53";"0";"256.53";"1";"2020";"0";"";"";"1668094";"";"";"";"3441";"6996964";"https://www.camara.leg.br/cota-parlamentar/documentos/publ/3441/2020/6996964.pdf"
"NOVO";"";"";"";"2019";"NA";"";"56";"1";"MANUTENÇÃO DE ESCRITÓRIO DE APOIO À ATIVIDADE PARLAMENTAR";"0";"";"Zapier Inc.";"000.000.000/0001-0";"1";"1";"2021-01-02T00:00:00";"316.17";"0";"316.17";"12";"2020";"0";"";"";"1738446";"";"";"";"3441";"7139918";"https://www.camara.leg.br/cota-parlamentar/documentos/publ/3441/2021/7139918.pdf"
"NOVO";"";"";"";"2019";"NA";"";"56";"1";"MANUTENÇÃO DE ESCRITÓRIO DE APOIO À ATIVIDADE PARLAMENTAR";"0";"";"Zapier Inc.";"000.000.000/0001-0";"12";"1";"2020-12-02T01:00:00";"320.09";"0";"320.09";"11";"2020";"0";"";"";"1733453";"";"";"";"3441";"7129647";"https://www.camara.leg.br/cota-parlamentar/documentos/publ/3441/2020/7129647.pdf"
"NOVO";"";"";"";"2019";"NA";"";"56";"1";"MANUTENÇÃO DE ESCRITÓRIO DE APOIO À ATIVIDADE PARLAMENTAR";"0";"";"ZAPIER INC.";"000.000.000/0001-0";"s/n";"1";"2020-03-18T00:00:00";"312.99";"0";"312.99";"3";"2020";"0";"";"";"1687581";"";"";"";"3441";"7039383";"https://www.camara.leg.br/cota-parlamentar/documentos/publ/3441/2020/7039383.pdf"
"NOVO";"";"";"";"2019";"NA";"";"56";"1";"MANUTENÇÃO DE ESCRITÓRIO DE APOIO À ATIVIDADE PARLAMENTAR";"0";"";"Zapier Team";"000.000.000/0001-0";"01";"1";"2020-09-02T00:00:00";"329.12";"0";"329.12";"8";"2020";"0";"";"";"1724163";"";"";"";"3441";"7109520";"https://www.camara.leg.br/cota-parlamentar/documentos/publ/3441/2020/7109520.pdf"
"NOVO";"";"";"";"2019";"NA";"";"56";"1";"MANUTENÇÃO DE ESCRITÓRIO DE APOIO À ATIVIDADE PARLAMENTAR";"0";"";"Zapier Team";"000.000.000/0001-0";"01";"1";"2020-10-02T00:00:00";"344.79";"0";"344.79";"9";"2020";"0";"";"";"1724152";"";"";"";"3441";"7109496";"https://www.camara.leg.br/cota-parlamentar/documentos/publ/3441/2020/7109496.pdf"
"NOVO";"";"";"";"2019";"NA";"";"56";"1";"MANUTENÇÃO DE ESCRITÓRIO DE APOIO À ATIVIDADE PARLAMENTAR";"0";"";"Zapier.";"000.000.000/0001-0";"01";"1";"2020-11-02T00:00:00";"348.44";"0";"348.44";"10";"2020";"0";"";"";"1727761";"";"";"";"3441";"7117700";"https://www.camara.leg.br/cota-parlamentar/documentos/publ/3441/2020/7117700.pdf"
"NOVO";"";"";"";"2019";"NA";"";"56";"4";"CONSULTORIAS, PESQUISAS E TRABALHOS TÉCNICOS.";"0";"";"AD&M Consultoria Empresarial";"974.571.540/0014-9";"1114";"0";"2020-11-26T00:00:00";"5000";"0";"5000";"11";"2020";"0";"";"";"1735060";"";"";"";"3441";"7133036";"https://www.camara.leg.br/cota-parlamentar/documentos/publ/3441/2020/7133036.pdf"
"NOVO";"";"";"";"2019";"NA";"";"56";"5";"DIVULGAÇÃO DA ATIVIDADE PARLAMENTAR.";"0";"";"TKTL INFORMATICA LTDA";"149.987.470/0019-5";"00031028";"0";"2020-01-03T00:00:00";"278.8";"0";"278.8";"1";"2020";"0";"";"";"1666683";"";"";"";"3441";"6993384";"https://www.camara.leg.br/cota-parlamentar/documentos/publ/3441/2020/6993384.pdf"
"PDT";"";"";"";"2019";"NA";"";"56";"1";"MANUTENÇÃO DE ESCRITÓRIO DE APOIO À ATIVIDADE PARLAMENTAR";"0";"";"TAZZA COMERCIO DE MAQUINAS E INSUMOS EIRELI  ME";"202.388.320/0015-8";"13940";"4";"2020-01-29T00:00:00";"450";"0";"450";"1";"2020";"0";"";"";"1674403";"";"";"";"2715";"7010709";"https://www.camara.leg.br/cota-parlamentar/nota-fiscal-eletronica?ideDocumentoFiscal=7010709"
"PDT";"";"";"";"2019";"NA";"";"56";"4";"CONSULTORIAS, PESQUISAS E TRABALHOS TÉCNICOS.";"0";"";"LIBRE COMUNICAÇÃO E MARKETING EIRELI";"083.456.310/0015-4";"248";"4";"2020-08-04T00:00:00";"10000";"0";"10000";"7";"2020";"0";"";"";"1709292";"";"";"";"2715";"7078771";"https://www.camara.leg.br/cota-parlamentar/nota-fiscal-eletronica?ideDocumentoFiscal=7078771"
"PDT";"";"";"";"2019";"NA";"";"56";"4";"CONSULTORIAS, PESQUISAS E TRABALHOS TÉCNICOS.";"0";"";"LIBRE COMUNICAÇÃO E MARKETING EIRELI";"083.456.310/0015-4";"286";"4";"2020-12-29T00:00:00";"10000";"0";"10000";"12";"2020";"0";"";"";"1733042";"";"";"";"2715";"7128620";"https://www.camara.leg.br/cota-parlamentar/nota-fiscal-eletronica?ideDocumentoFiscal=7128620"
"PDT";"";"";"";"2019";"NA";"";"56";"5";"DIVULGAÇÃO DA ATIVIDADE PARLAMENTAR.";"0";"";"LIBRE COMUNICAÇÃO E MARKETING EIRELI";"083.456.310/0015-4";"196";"4";"2020-01-31T00:00:00";"10000";"0";"10000";"1";"2020";"0";"";"";"1670954";"";"";"";"2715";"7002914";"https://www.camara.leg.br/cota-parlamentar/nota-fiscal-eletronica?ideDocumentoFiscal=7002914"
"PDT";"";"";"";"2019";"NA";"";"56";"5";"DIVULGAÇÃO DA ATIVIDADE PARLAMENTAR.";"0";"";"LIBRE COMUNICAÇÃO E MARKETING EIRELI";"083.456.310/0015-4";"205";"4";"2020-03-02T00:00:00";"10000";"0";"10000";"2";"2020";"0";"";"";"1680908";"";"";"";"2715";"7023188";"https://www.camara.leg.br/cota-parlamentar/nota-fiscal-eletronica?ideDocumentoFiscal=7023188"
"PDT";"";"";"";"2019";"NA";"";"56";"5";"DIVULGAÇÃO DA ATIVIDADE PARLAMENTAR.";"0";"";"LIBRE COMUNICAÇÃO E MARKETING EIRELI";"083.456.310/0015-4";"214";"4";"2020-03-17T00:00:00";"10000";"0";"10000";"3";"2020";"0";"";"";"1687760";"";"";"";"2715";"7039721";"https://www.camara.leg.br/cota-parlamentar/nota-fiscal-eletronica?ideDocumentoFiscal=7039721"
"PDT";"";"";"";"2019";"NA";"";"56";"5";"DIVULGAÇÃO DA ATIVIDADE PARLAMENTAR.";"0";"";"LIBRE COMUNICAÇÃO E MARKETING EIRELI";"083.456.310/0015-4";"227";"4";"2020-05-04T00:00:00";"10000";"0";"10000";"4";"2020";"0";"";"";"1695405";"";"";"";"2715";"7052703";"https://www.camara.leg.br/cota-parlamentar/nota-fiscal-eletronica?ideDocumentoFiscal=7052703"
"PDT";"";"";"";"2019";"NA";"";"56";"5";"DIVULGAÇÃO DA ATIVIDADE PARLAMENTAR.";"0";"";"LIBRE COMUNICAÇÃO E MARKETING EIRELI";"083.456.310/0015-4";"234";"4";"2020-06-02T00:00:00";"10000";"0";"10000";"5";"2020";"0";"";"";"1700242";"";"";"";"2715";"7061447";"https://www.camara.leg.br/cota-parlamentar/nota-fiscal-eletronica?ideDocumentoFiscal=7061447"
"PDT";"";"";"";"2019";"NA";"";"56";"5";"DIVULGAÇÃO DA ATIVIDADE PARLAMENTAR.";"0";"";"LIBRE COMUNICAÇÃO E MARKETING EIRELI";"083.456.310/0015-4";"241";"4";"2020-07-01T00:00:00";"10000";"0";"10000";"6";"2020";"0";"";"";"1703726";"";"";"";"2715";"7068018";"https://www.camara.leg.br/cota-parlamentar/nota-fiscal-eletronica?ideDocumentoFiscal=7068018"
"PODE";"";"";"";"2019";"NA";"";"56";"1";"MANUTENÇÃO DE ESCRITÓRIO DE APOIO À ATIVIDADE PARLAMENTAR";"0";"";"MAP COMERCIO";"053.220.900/0015-0";"27339";"4";"2020-01-02T00:00:00";"734.2";"0";"734.2";"1";"2020";"0";"";"";"1666363";"";"";"";"3172";"6992559";"https://www.camara.leg.br/cota-parlamentar/nota-fiscal-eletronica?ideDocumentoFiscal=6992559"
"PODE";"";"";"";"2019";"NA";"";"56";"4";"CONSULTORIAS, PESQUISAS E TRABALHOS TÉCNICOS.";"0";"";"LINEAR COMUNICACAO LTDA - EPP";"109.472.430/0019-5";"2724";"4";"2020-04-01T00:00:00";"540";"0";"540";"3";"2020";"0";"";"";"1689281";"";"";"";"3172";"7042183";"https://www.camara.leg.br/cota-parlamentar/nota-fiscal-eletronica?ideDocumentoFiscal=7042183"
"PODE";"";"";"";"2019";"NA";"";"56";"4";"CONSULTORIAS, PESQUISAS E TRABALHOS TÉCNICOS.";"0";"";"LINEAR COMUNICACAO LTDA - EPP";"109.472.430/0019-5";"2746";"4";"2020-05-04T00:00:00";"540";"0";"540";"4";"2020";"0";"";"";"1693914";"";"";"";"3172";"7050262";"https://www.camara.leg.br/cota-parlamentar/nota-fiscal-eletronica?ideDocumentoFiscal=7050262"
"PODE";"";"";"";"2019";"NA";"";"56";"4";"CONSULTORIAS, PESQUISAS E TRABALHOS TÉCNICOS.";"0";"";"LINEAR COMUNICACAO LTDA - EPP";"109.472.430/0019-5";"2772";"4";"2020-06-01T00:00:00";"540";"0";"540";"5";"2020";"0";"";"";"1698588";"";"";"";"3172";"7058514";"https://www.camara.leg.br/cota-parlamentar/nota-fiscal-eletronica?ideDocumentoFiscal=7058514"
"PODE";"";"";"";"2019";"NA";"";"56";"4";"CONSULTORIAS, PESQUISAS E TRABALHOS TÉCNICOS.";"0";"";"LINEAR COMUNICACAO LTDA - EPP";"109.472.430/0019-5";"2797";"4";"2020-07-01T00:00:00";"540";"0";"540";"6";"2020";"0";"";"";"1704668";"";"";"";"3172";"7069754";"https://www.camara.leg.br/cota-parlamentar/nota-fiscal-eletronica?ideDocumentoFiscal=7069754"
"PODE";"";"";"";"2019";"NA";"";"56";"4";"CONSULTORIAS, PESQUISAS E TRABALHOS TÉCNICOS.";"0";"";"LINEAR COMUNICACAO LTDA - EPP";"109.472.430/0019-5";"2820";"4";"2020-08-04T00:00:00";"540";"0";"540";"7";"2020";"0";"";"";"1709844";"";"";"";"3172";"7079806";"https://www.camara.leg.br/cota-parlamentar/nota-fiscal-eletronica?ideDocumentoFiscal=7079806"
"PODE";"";"";"";"2019";"NA";"";"56";"4";"CONSULTORIAS, PESQUISAS E TRABALHOS TÉCNICOS.";"0";"";"LINEAR COMUNICACAO LTDA - EPP";"109.472.430/0019-5";"2944";"4";"2021-01-05T00:00:00";"540";"0";"540";"12";"2020";"0";"";"";"1737789";"";"";"";"3172";"7138574";"https://www.camara.leg.br/cota-parlamentar/nota-fiscal-eletronica?ideDocumentoFiscal=7138574"
"PODE";"";"";"";"2019";"NA";"";"56";"5";"DIVULGAÇÃO DA ATIVIDADE PARLAMENTAR.";"0";"";"IV5 CONSULTORIA, IMPRENSA E TREINAMENTO LTDA";"264.249.070/0017-1";"00000072";"0";"2020-01-08T00:00:00";"1000";"0";"1000";"1";"2020";"0";"";"";"1666589";"";"";"";"3172";"6993154";"https://www.camara.leg.br/cota-parlamentar/documentos/publ/3172/2020/6993154.pdf"
"PODE";"";"";"";"2019";"NA";"";"56";"5";"DIVULGAÇÃO DA ATIVIDADE PARLAMENTAR.";"0";"";"IV5 CONSULTORIA, IMPRENSA E TREINAMENTO LTDA";"264.249.070/0017-1";"00000075";"0";"2020-02-03T00:00:00";"1000";"0";"1000";"2";"2020";"0";"";"";"1670618";"";"";"";"3172";"7002249";"https://www.camara.leg.br/cota-parlamentar/documentos/publ/3172/2020/7002249.pdf"
"PODE";"";"";"";"2019";"NA";"";"56";"5";"DIVULGAÇÃO DA ATIVIDADE PARLAMENTAR.";"0";"";"IV5 CONSULTORIA, IMPRENSA E TREINAMENTO LTDA";"264.249.070/0017-1";"00000080";"0";"2020-03-02T00:00:00";"1000";"0";"1000";"3";"2020";"0";"";"";"1682286";"";"";"";"3172";"7026298";"https://www.camara.leg.br/cota-parlamentar/documentos/publ/3172/2020/7026298.pdf"
"PODE";"";"";"";"2019";"NA";"";"56";"5";"DIVULGAÇÃO DA ATIVIDADE PARLAMENTAR.";"0";"";"IV5 CONSULTORIA, IMPRENSA E TREINAMENTO LTDA";"264.249.070/0017-1";"00000084";"0";"2020-04-02T00:00:00";"1000";"0";"1000";"4";"2020";"0";"";"";"1689280";"";"";"";"3172";"7042180";"https://www.camara.leg.br/cota-parlamentar/documentos/publ/3172/2020/7042180.pdf"
"PODE";"";"";"";"2019";"NA";"";"56";"5";"DIVULGAÇÃO DA ATIVIDADE PARLAMENTAR.";"0";"";"IV5 CONSULTORIA, IMPRENSA E TREINAMENTO LTDA";"264.249.070/0017-1";"00000086";"0";"2020-05-04T00:00:00";"1000";"0";"1000";"5";"2020";"0";"";"";"1693915";"";"";"";"3172";"7050263";"https://www.camara.leg.br/cota-parlamentar/documentos/publ/3172/2020/7050263.pdf"
"PODE";"";"";"";"2019";"NA";"";"56";"5";"DIVULGAÇÃO DA ATIVIDADE PARLAMENTAR.";"0";"";"IV5 CONSULTORIA, IMPRENSA E TREINAMENTO LTDA";"264.249.070/0017-1";"00000092";"0";"2020-06-01T00:00:00";"1000";"0";"1000";"6";"2020";"0";"";"";"1698589";"";"";"";"3172";"7058501";"https://www.camara.leg.br/cota-parlamentar/documentos/publ/3172/2020/7058501.pdf"
"PODE";"";"";"";"2019";"NA";"";"56";"5";"DIVULGAÇÃO DA ATIVIDADE PARLAMENTAR.";"0";"";"IV5 CONSULTORIA, IMPRENSA E TREINAMENTO LTDA";"264.249.070/0017-1";"00000102";"0";"2020-07-02T00:00:00";"1000";"0";"1000";"7";"2020";"0";"";"";"1704669";"";"";"";"3172";"7069760";"https://www.camara.leg.br/cota-parlamentar/documentos/publ/3172/2020/7069760.pdf"
"PODE";"";"";"";"2019";"NA";"";"56";"5";"DIVULGAÇÃO DA ATIVIDADE PARLAMENTAR.";"0";"";"LINEAR COMUNICACAO LTDA - EPP";"109.472.430/0019-5";"2675";"4";"2020-02-03T00:00:00";"540";"0";"540";"1";"2020";"0";"";"";"1670617";"";"";"";"3172";"7002278";"https://www.camara.leg.br/cota-parlamentar/nota-fiscal-eletronica?ideDocumentoFiscal=7002278"
"PODE";"";"";"";"2019";"NA";"";"56";"5";"DIVULGAÇÃO DA ATIVIDADE PARLAMENTAR.";"0";"";"LINEAR COMUNICACAO LTDA - EPP";"109.472.430/0019-5";"2712";"4";"2020-03-18T00:00:00";"540";"0";"540";"2";"2020";"0";"";"";"1682186";"";"";"";"3172";"7025955";"https://www.camara.leg.br/cota-parlamentar/nota-fiscal-eletronica?ideDocumentoFiscal=7025955"
"PODE";"";"";"";"2019";"NA";"";"56";"13";"FORNECIMENTO DE ALIMENTAÇÃO DO PARLAMENTAR";"0";"";"ARTESANAL SERVICOS DE ALIMENTACAO E BUFFET EIRELI";"228.362.100/0015-7";"18";"4";"2020-02-05T00:00:00";"840";"0";"840";"2";"2020";"0";"";"";"1672949";"";"";"";"3172";"7007311";"https://www.camara.leg.br/cota-parlamentar/nota-fiscal-eletronica?ideDocumentoFiscal=7007311"
"PODE";"";"";"";"2019";"NA";"";"56";"13";"FORNECIMENTO DE ALIMENTAÇÃO DO PARLAMENTAR";"0";"";"ARTESANAL SERVICOS DE ALIMENTACAO E BUFFET EIRELI";"228.362.100/0015-7";"19";"4";"2020-02-05T00:00:00";"525";"0";"525";"2";"2020";"0";"";"";"1672950";"";"";"";"3172";"7007315";"https://www.camara.leg.br/cota-parlamentar/nota-fiscal-eletronica?ideDocumentoFiscal=7007315"
"PODE";"";"";"";"2019";"NA";"";"56";"13";"FORNECIMENTO DE ALIMENTAÇÃO DO PARLAMENTAR";"0";"";"ARTESANAL SERVICOS DE ALIMENTACAO E BUFFET EIRELI";"228.362.100/0015-7";"24";"4";"2020-02-12T00:00:00";"640";"0";"640";"2";"2020";"0";"";"";"1675492";"";"";"";"3172";"7013001";"https://www.camara.leg.br/cota-parlamentar/nota-fiscal-eletronica?ideDocumentoFiscal=7013001"
"PODE";"";"";"";"2019";"NA";"";"56";"13";"FORNECIMENTO DE ALIMENTAÇÃO DO PARLAMENTAR";"0";"";"ARTESANAL SERVICOS DE ALIMENTACAO E BUFFET EIRELI";"228.362.100/0015-7";"33";"4";"2020-02-19T00:00:00";"525";"0";"525";"2";"2020";"0";"";"";"1676127";"";"";"";"3172";"7014574";"https://www.camara.leg.br/cota-parlamentar/nota-fiscal-eletronica?ideDocumentoFiscal=7014574"
"PODE";"";"";"";"2019";"NA";"";"56";"13";"FORNECIMENTO DE ALIMENTAÇÃO DO PARLAMENTAR";"0";"";"ARTESANAL SERVICOS DE ALIMENTACAO E BUFFET EIRELI";"228.362.100/0015-7";"34";"4";"2020-02-28T00:00:00";"800";"0";"800";"2";"2020";"0";"";"";"1680501";"";"";"";"3172";"7022261";"https://www.camara.leg.br/cota-parlamentar/nota-fiscal-eletronica?ideDocumentoFiscal=7022261"
"PODE";"";"";"";"2019";"NA";"";"56";"13";"FORNECIMENTO DE ALIMENTAÇÃO DO PARLAMENTAR";"0";"";"ARTESANAL SERVICOS DE ALIMENTACAO E BUFFET EIRELI";"228.362.100/0015-7";"46";"4";"2020-03-05T00:00:00";"525";"0";"525";"3";"2020";"0";"";"";"1683868";"";"";"";"3172";"7029586";"https://www.camara.leg.br/cota-parlamentar/nota-fiscal-eletronica?ideDocumentoFiscal=7029586"
"PODE";"";"";"";"2019";"NA";"";"56";"13";"FORNECIMENTO DE ALIMENTAÇÃO DO PARLAMENTAR";"0";"";"RESTAURANTE FIGUEIRA DA VILLA EIRELI - ME";"276.442.560/0019-8";"8344";"4";"2020-02-18T00:00:00";"1321.76";"0";"1321.76";"2";"2020";"0";"";"";"1678275";"";"";"";"3172";"7018222";"https://www.camara.leg.br/cota-parlamentar/nota-fiscal-eletronica?ideDocumentoFiscal=7018222"
"PP";"";"";"";"2019";"NA";"";"56";"13";"FORNECIMENTO DE ALIMENTAÇÃO DO PARLAMENTAR";"0";"";"RONILDA FRANCISCA RIBEIRO DOS REIS";"208.691.310/0011-7";"001658300";"0";"2020-02-20T00:00:00";"8000";"0";"8000";"2";"2020";"0";"";"";"1680199";"";"";"";"3461";"7021439";"https://www.camara.leg.br/cota-parlamentar/documentos/publ/3461/2020/7021439.pdf"
"PP";"";"";"";"2019";"NA";"";"56";"13";"FORNECIMENTO DE ALIMENTAÇÃO DO PARLAMENTAR";"0";"";"RONILDA FRANCISCA RIBEIRO DOS REIS";"208.691.310/0011-7";"001698876";"0";"2020-03-26T00:00:00";"8000";"0";"8000";"3";"2020";"0";"";"";"1689021";"";"";"";"3461";"7041793";"https://www.camara.leg.br/cota-parlamentar/documentos/publ/3461/2020/7041793.pdf"
"PROS";"";"";"";"2019";"NA";"";"56";"1";"MANUTENÇÃO DE ESCRITÓRIO DE APOIO À ATIVIDADE PARLAMENTAR";"0";"";"Adobe Systems Software";"210.418.400/0017-2";"1161539876";"1";"2020-03-07T00:00:00";"2580";"0";"2580";"3";"2020";"0";"";"";"1683605";"";"";"";"2865";"7030302";"https://www.camara.leg.br/cota-parlamentar/documentos/publ/2865/2020/7030302.pdf"
"PROS";"";"";"";"2019";"NA";"";"56";"1";"MANUTENÇÃO DE ESCRITÓRIO DE APOIO À ATIVIDADE PARLAMENTAR";"0";"";"Dlocal Brasil Pagamentos LTDA";"250.213.560/0013-2";"225293704";"1";"2020-03-04T00:00:00";"397.26";"0";"397.26";"3";"2020";"0";"";"";"1683618";"";"";"";"2865";"7030362";"https://www.camara.leg.br/cota-parlamentar/documentos/publ/2865/2020/7030362.pdf"
"PROS";"";"";"";"2019";"NA";"";"56";"1";"MANUTENÇÃO DE ESCRITÓRIO DE APOIO À ATIVIDADE PARLAMENTAR";"0";"";"TAZZA COMERCIO DE MAQUINAS E INSUMOS EIRELI  ME";"202.388.320/0015-8";"14228";"4";"2020-02-28T00:00:00";"400";"0";"400";"2";"2020";"0";"";"";"1681050";"";"";"";"2865";"7023529";"https://www.camara.leg.br/cota-parlamentar/nota-fiscal-eletronica?ideDocumentoFiscal=7023529"
"PROS";"";"";"";"2019";"NA";"";"56";"1";"MANUTENÇÃO DE ESCRITÓRIO DE APOIO À ATIVIDADE PARLAMENTAR";"0";"";"TAZZA COMERCIO DE MAQUINAS E INSUMOS EIRELI  ME";"202.388.320/0015-8";"14372";"4";"2020-04-01T00:00:00";"400";"0";"400";"3";"2020";"0";"";"";"1690202";"";"";"";"2865";"7041222";"https://www.camara.leg.br/cota-parlamentar/nota-fiscal-eletronica?ideDocumentoFiscal=7041222"
"PROS";"";"";"";"2019";"NA";"";"56";"5";"DIVULGAÇÃO DA ATIVIDADE PARLAMENTAR.";"0";"";"SBH INFORMATICA LTDA";"088.982.080/0018-1";"13";"4";"2020-12-30T00:00:00";"10000";"0";"10000";"12";"2020";"0";"";"";"1736966";"";"";"";"2865";"7136913";"https://www.camara.leg.br/cota-parlamentar/nota-fiscal-eletronica?ideDocumentoFiscal=7136913"
"PROS";"";"";"";"2019";"NA";"";"56";"5";"DIVULGAÇÃO DA ATIVIDADE PARLAMENTAR.";"0";"";"SBH INFORMATICA LTDA";"088.982.080/0018-1";"4";"0";"2020-07-31T00:00:00";"15000";"0";"15000";"7";"2020";"0";"";"";"1708621";"";"";"";"2865";"7077524";"https://www.camara.leg.br/cota-parlamentar/documentos/publ/2865/2020/7077524.pdf"
"PROS";"";"";"";"2019";"NA";"";"56";"5";"DIVULGAÇÃO DA ATIVIDADE PARLAMENTAR.";"0";"";"SBH INFORMATICA LTDA";"088.982.080/0018-1";"7";"4";"2020-09-02T00:00:00";"5000";"0";"5000";"8";"2020";"0";"";"";"1714740";"";"";"";"2865";"7089631";"https://www.camara.leg.br/cota-parlamentar/nota-fiscal-eletronica?ideDocumentoFiscal=7089631"
"PROS";"";"";"";"2019";"NA";"";"56";"13";"FORNECIMENTO DE ALIMENTAÇÃO DO PARLAMENTAR";"0";"";"ANGELICA NOGUEIRA DOS SANTOS";"169.781.440/0015-7";"10";"4";"2020-04-08T00:00:00";"5600";"0";"5600";"3";"2020";"0";"";"";"1690072";"";"";"";"2865";"7043535";"https://www.camara.leg.br/cota-parlamentar/nota-fiscal-eletronica?ideDocumentoFiscal=7043535"
"PROS";"";"";"";"2019";"NA";"";"56";"13";"FORNECIMENTO DE ALIMENTAÇÃO DO PARLAMENTAR";"0";"";"ANGELICA NOGUEIRA DOS SANTOS";"169.781.440/0015-7";"22";"4";"2020-12-14T01:00:00";"5600";"0";"5600";"12";"2020";"0";"";"";"1733526";"";"";"";"2865";"7129832";"https://www.camara.leg.br/cota-parlamentar/nota-fiscal-eletronica?ideDocumentoFiscal=7129832"
"PROS";"";"";"";"2019";"NA";"";"56";"13";"FORNECIMENTO DE ALIMENTAÇÃO DO PARLAMENTAR";"0";"";"ANGELICA NOGUEIRA DOS SANTOS";"169.781.440/0015-7";"23";"4";"2020-12-22T01:00:00";"4000";"0";"4000";"12";"2020";"0";"";"";"1735642";"";"";"";"2865";"7134244";"https://www.camara.leg.br/cota-parlamentar/nota-fiscal-eletronica?ideDocumentoFiscal=7134244"
"PROS";"";"";"";"2019";"NA";"";"56";"13";"FORNECIMENTO DE ALIMENTAÇÃO DO PARLAMENTAR";"0";"";"ANGELICA NOGUEIRA DOS SANTOS";"169.781.440/0015-7";"7";"4";"2020-02-20T00:00:00";"3500";"0";"3500";"2";"2020";"0";"";"";"1680109";"";"";"";"2865";"7021159";"https://www.camara.leg.br/cota-parlamentar/nota-fiscal-eletronica?ideDocumentoFiscal=7021159"
"PROS";"";"";"";"2019";"NA";"";"56";"13";"FORNECIMENTO DE ALIMENTAÇÃO DO PARLAMENTAR";"0";"";"SILT SELF SERVICE EIRELI ME";"072.867.310/0019-4";"851";"4";"2020-01-22T00:00:00";"700";"0";"700";"1";"2020";"0";"";"";"1668043";"";"";"";"2865";"6996836";"https://www.camara.leg.br/cota-parlamentar/nota-fiscal-eletronica?ideDocumentoFiscal=6996836"
"PROS";"";"";"";"2019";"NA";"";"56";"13";"FORNECIMENTO DE ALIMENTAÇÃO DO PARLAMENTAR";"0";"";"SILT SELF SERVICE EIRELI ME";"072.867.310/0019-4";"862";"4";"2020-02-20T00:00:00";"4200";"0";"4200";"2";"2020";"0";"";"";"1680002";"";"";"";"2865";"7020725";"https://www.camara.leg.br/cota-parlamentar/nota-fiscal-eletronica?ideDocumentoFiscal=7020725"
"PROS";"";"";"";"2019";"NA";"";"56";"13";"FORNECIMENTO DE ALIMENTAÇÃO DO PARLAMENTAR";"0";"";"SILT SELF SERVICE EIRELI ME";"072.867.310/0019-4";"872";"4";"2020-05-05T00:00:00";"2800";"0";"2800";"3";"2020";"0";"";"";"1694305";"";"";"";"2865";"7050906";"https://www.camara.leg.br/cota-parlamentar/nota-fiscal-eletronica?ideDocumentoFiscal=7050906"
"PSD";"";"";"";"2019";"NA";"";"56";"13";"FORNECIMENTO DE ALIMENTAÇÃO DO PARLAMENTAR";"0";"";"3R COMERCIAL DE ALIMENTOS EIREL(SUPERMERCADO MAIS VOCE)";"202.097.800/0019-1";"169081";"4";"2020-04-28T00:00:00";"87.53";"0";"87.53";"4";"2020";"0";"";"";"1693058";"";"";"";"2725";"7048486";"https://www.camara.leg.br/cota-parlamentar/nota-fiscal-eletronica?ideDocumentoFiscal=7048486"
"PSD";"";"";"";"2019";"NA";"";"56";"13";"FORNECIMENTO DE ALIMENTAÇÃO DO PARLAMENTAR";"0";"";"3R COMERCIAL DE ALIMENTOS EIREL(SUPERMERCADO MAIS VOCE)";"202.097.800/0019-1";"176991";"4";"2020-04-29T00:00:00";"46.92";"0";"46.92";"4";"2020";"0";"";"";"1693230";"";"";"";"2725";"7048866";"https://www.camara.leg.br/cota-parlamentar/nota-fiscal-eletronica?ideDocumentoFiscal=7048866"
"PSD";"";"";"";"2019";"NA";"";"56";"13";"FORNECIMENTO DE ALIMENTAÇÃO DO PARLAMENTAR";"0";"";"3R COMERCIAL DE ALIMENTOS EIREL(SUPERMERCADO MAIS VOCE)";"202.097.800/0019-1";"177866";"4";"2020-05-05T00:00:00";"66.05";"0";"66.05";"5";"2020";"0";"";"";"1694367";"";"";"";"2725";"7050432";"https://www.camara.leg.br/cota-parlamentar/nota-fiscal-eletronica?ideDocumentoFiscal=7050432"
"PSD";"";"";"";"2019";"NA";"";"56";"13";"FORNECIMENTO DE ALIMENTAÇÃO DO PARLAMENTAR";"0";"";"3R COMERCIAL DE ALIMENTOS EIREL(SUPERMERCADO MAIS VOCE)";"202.097.800/0019-1";"184669";"4";"2020-07-14T00:00:00";"72.65";"0";"72.65";"7";"2020";"0";"";"";"1705875";"";"";"";"2725";"7071924";"https://www.camara.leg.br/cota-parlamentar/nota-fiscal-eletronica?ideDocumentoFiscal=7071924"
"PSD";"";"";"";"2019";"NA";"";"56";"13";"FORNECIMENTO DE ALIMENTAÇÃO DO PARLAMENTAR";"0";"";"3R COMERCIAL DE ALIMENTOS EIREL(SUPERMERCADO MAIS VOCE)";"202.097.800/0019-1";"185428";"4";"2020-06-23T00:00:00";"77.2";"0";"77.2";"6";"2020";"0";"";"";"1702307";"";"";"";"2725";"7065304";"https://www.camara.leg.br/cota-parlamentar/nota-fiscal-eletronica?ideDocumentoFiscal=7065304"
"PSD";"";"";"";"2019";"NA";"";"56";"13";"FORNECIMENTO DE ALIMENTAÇÃO DO PARLAMENTAR";"0";"";"3R COMERCIAL DE ALIMENTOS EIREL(SUPERMERCADO MAIS VOCE)";"202.097.800/0019-1";"187231";"4";"2020-07-07T00:00:00";"56.59";"0";"56.59";"7";"2020";"0";"";"";"1704739";"";"";"";"2725";"7069507";"https://www.camara.leg.br/cota-parlamentar/nota-fiscal-eletronica?ideDocumentoFiscal=7069507"
"PSD";"";"";"";"2019";"NA";"";"56";"13";"FORNECIMENTO DE ALIMENTAÇÃO DO PARLAMENTAR";"0";"";"3R COMERCIAL DE ALIMENTOS EIREL(SUPERMERCADO MAIS VOCE)";"202.097.800/0019-1";"187577";"4";"2020-07-28T00:00:00";"85.51";"0";"85.51";"7";"2020";"0";"";"";"1709254";"";"";"";"2725";"7076668";"https://www.camara.leg.br/cota-parlamentar/nota-fiscal-eletronica?ideDocumentoFiscal=7076668"
"PSD";"";"";"";"2019";"NA";"";"56";"13";"FORNECIMENTO DE ALIMENTAÇÃO DO PARLAMENTAR";"0";"";"3R COMERCIAL DE ALIMENTOS EIREL(SUPERMERCADO MAIS VOCE)";"202.097.800/0019-1";"202834";"4";"2020-10-20T00:00:00";"79.59";"0";"79.59";"10";"2020";"0";"";"";"1722800";"";"";"";"2725";"7106406";"https://www.camara.leg.br/cota-parlamentar/nota-fiscal-eletronica?ideDocumentoFiscal=7106406"
"PSD";"";"";"";"2019";"NA";"";"56";"13";"FORNECIMENTO DE ALIMENTAÇÃO DO PARLAMENTAR";"0";"";"3R COMERCIAL DE ALIMENTOS EIREL(SUPERMERCADO MAIS VOCE)";"202.097.800/0019-1";"218166";"4";"2020-08-11T00:00:00";"59.01";"0";"59.01";"8";"2020";"0";"";"";"1710936";"";"";"";"2725";"7080936";"https://www.camara.leg.br/cota-parlamentar/nota-fiscal-eletronica?ideDocumentoFiscal=7080936"
"PSD";"";"";"";"2019";"NA";"";"56";"13";"FORNECIMENTO DE ALIMENTAÇÃO DO PARLAMENTAR";"0";"";"3R COMERCIAL DE ALIMENTOS EIREL(SUPERMERCADO MAIS VOCE)";"202.097.800/0019-1";"222775";"4";"2020-09-01T00:00:00";"109.07";"0";"109.07";"9";"2020";"0";"";"";"1714617";"";"";"";"2725";"7088906";"https://www.camara.leg.br/cota-parlamentar/nota-fiscal-eletronica?ideDocumentoFiscal=7088906"
"PSD";"";"";"";"2019";"NA";"";"56";"13";"FORNECIMENTO DE ALIMENTAÇÃO DO PARLAMENTAR";"0";"";"3R COMERCIAL DE ALIMENTOS EIREL(SUPERMERCADO MAIS VOCE)";"202.097.800/0019-1";"65568";"4";"2020-05-12T00:00:00";"81.75";"3.99";"77.76";"5";"2020";"0";"";"";"1695536";"";"";"";"2725";"7052909";"https://www.camara.leg.br/cota-parlamentar/nota-fiscal-eletronica?ideDocumentoFiscal=7052909"
"PSD";"";"";"";"2019";"NA";"";"56";"13";"FORNECIMENTO DE ALIMENTAÇÃO DO PARLAMENTAR";"0";"";"ARTESANAL SERVICOS DE ALIMENTACAO E BUFFET EIRELI";"228.362.100/0015-7";"31";"4";"2020-02-18T00:00:00";"2925";"0";"2925";"2";"2020";"0";"";"";"1679816";"";"";"";"2725";"7020374";"https://www.camara.leg.br/cota-parlamentar/nota-fiscal-eletronica?ideDocumentoFiscal=7020374"
"PSD";"";"";"";"2019";"NA";"";"56";"13";"FORNECIMENTO DE ALIMENTAÇÃO DO PARLAMENTAR";"0";"";"ARTESANAL SERVICOS DE ALIMENTACAO E BUFFET EIRELI";"228.362.100/0015-7";"40";"4";"2020-03-05T00:00:00";"975";"0";"975";"3";"2020";"0";"";"";"1683180";"";"";"";"2725";"7029225";"https://www.camara.leg.br/cota-parlamentar/nota-fiscal-eletronica?ideDocumentoFiscal=7029225"
"PSD";"";"";"";"2019";"NA";"";"56";"13";"FORNECIMENTO DE ALIMENTAÇÃO DO PARLAMENTAR";"0";"";"ARTESANAL SERVICOS DE ALIMENTACAO E BUFFET EIRELI";"228.362.100/0015-7";"73";"4";"2020-12-01T01:00:00";"540";"0";"540";"12";"2020";"0";"";"";"1730380";"";"";"";"2725";"7123304";"https://www.camara.leg.br/cota-parlamentar/nota-fiscal-eletronica?ideDocumentoFiscal=7123304"
"PSD";"";"";"";"2019";"NA";"";"56";"13";"FORNECIMENTO DE ALIMENTAÇÃO DO PARLAMENTAR";"0";"";"ARTESANAL SERVICOS DE ALIMENTACAO E BUFFET EIRELI";"228.362.100/0015-7";"75";"4";"2020-12-02T01:00:00";"720";"0";"720";"12";"2020";"0";"";"";"1732571";"";"";"";"2725";"7126557";"https://www.camara.leg.br/cota-parlamentar/nota-fiscal-eletronica?ideDocumentoFiscal=7126557"
"PSD";"";"";"";"2019";"NA";"";"56";"13";"FORNECIMENTO DE ALIMENTAÇÃO DO PARLAMENTAR";"0";"";"ARTESANAL SERVICOS DE ALIMENTACAO E BUFFET EIRELI";"228.362.100/0015-7";"76";"4";"2020-12-03T01:00:00";"510";"0";"510";"12";"2020";"0";"";"";"1732571";"";"";"";"2725";"7126548";"https://www.camara.leg.br/cota-parlamentar/nota-fiscal-eletronica?ideDocumentoFiscal=7126548"
"PSD";"";"";"";"2019";"NA";"";"56";"13";"FORNECIMENTO DE ALIMENTAÇÃO DO PARLAMENTAR";"0";"";"ARTESANAL SERVICOS DE ALIMENTACAO E BUFFET EIRELI";"228.362.100/0015-7";"77";"4";"2020-12-09T01:00:00";"1080";"0";"1080";"12";"2020";"0";"";"";"1732571";"";"";"";"2725";"7127743";"https://www.camara.leg.br/cota-parlamentar/nota-fiscal-eletronica?ideDocumentoFiscal=7127743"
"PSD";"";"";"";"2019";"NA";"";"56";"13";"FORNECIMENTO DE ALIMENTAÇÃO DO PARLAMENTAR";"0";"";"ARTESANAL SERVICOS DE ALIMENTACAO E BUFFET EIRELI";"228.362.100/0015-7";"78";"4";"2020-12-16T01:00:00";"1215";"0";"1215";"12";"2020";"0";"";"";"1734180";"";"";"";"2725";"7131191";"https://www.camara.leg.br/cota-parlamentar/nota-fiscal-eletronica?ideDocumentoFiscal=7131191"
"PSD";"";"";"";"2019";"NA";"";"56";"13";"FORNECIMENTO DE ALIMENTAÇÃO DO PARLAMENTAR";"0";"";"ARTESANAL SERVICOS DE ALIMENTACAO E BUFFET EIRELI";"228.362.100/0015-7";"79";"4";"2020-12-22T00:00:00";"450";"0";"450";"12";"2020";"0";"";"";"1735808";"";"";"";"2725";"7134614";"https://www.camara.leg.br/cota-parlamentar/nota-fiscal-eletronica?ideDocumentoFiscal=7134614"
"PSD";"";"";"";"2019";"NA";"";"56";"13";"FORNECIMENTO DE ALIMENTAÇÃO DO PARLAMENTAR";"0";"";"CASA DA MERENDA LTDA FILIAL";"295.421.200/0028-3";"10636";"4";"2020-06-16T00:00:00";"165";"0";"165";"6";"2020";"0";"";"";"1705873";"";"";"";"2725";"7071991";"https://www.camara.leg.br/cota-parlamentar/nota-fiscal-eletronica?ideDocumentoFiscal=7071991"
"PSD";"";"";"";"2019";"NA";"";"56";"13";"FORNECIMENTO DE ALIMENTAÇÃO DO PARLAMENTAR";"0";"";"CASA DA MERENDA LTDA FILIAL";"295.421.200/0028-3";"12044";"4";"2020-07-29T00:00:00";"110";"0";"110";"7";"2020";"0";"";"";"1712299";"";"";"";"2725";"7083796";"https://www.camara.leg.br/cota-parlamentar/nota-fiscal-eletronica?ideDocumentoFiscal=7083796"
"PSD";"";"";"";"2019";"NA";"";"56";"13";"FORNECIMENTO DE ALIMENTAÇÃO DO PARLAMENTAR";"0";"";"CASA DA MERENDA LTDA FILIAL";"295.421.200/0028-3";"12045";"4";"2020-07-29T00:00:00";"55";"0";"55";"7";"2020";"0";"";"";"1712299";"";"";"";"2725";"7083797";"https://www.camara.leg.br/cota-parlamentar/nota-fiscal-eletronica?ideDocumentoFiscal=7083797"
"PSD";"";"";"";"2019";"NA";"";"56";"13";"FORNECIMENTO DE ALIMENTAÇÃO DO PARLAMENTAR";"0";"";"CASA DO PAO LTDA";"000.517.220/0017-5";"694004";"4";"2020-08-05T00:00:00";"429.43";"0";"429.43";"8";"2020";"0";"";"";"1709612";"";"";"";"2725";"7079311";"https://www.camara.leg.br/cota-parlamentar/nota-fiscal-eletronica?ideDocumentoFiscal=7079311"
"PSD";"";"";"";"2019";"NA";"";"56";"13";"FORNECIMENTO DE ALIMENTAÇÃO DO PARLAMENTAR";"0";"";"CASA DO PAO LTDA";"000.517.220/0017-5";"696326";"4";"2020-08-12T00:00:00";"183.75";"0";"183.75";"8";"2020";"0";"";"";"1710936";"";"";"";"2725";"7081859";"https://www.camara.leg.br/cota-parlamentar/nota-fiscal-eletronica?ideDocumentoFiscal=7081859"
"PSD";"";"";"";"2019";"NA";"";"56";"13";"FORNECIMENTO DE ALIMENTAÇÃO DO PARLAMENTAR";"0";"";"CIA BRASILEIRA DE DISTRIBUICAO";"475.084.110/9497-5";"189661";"4";"2020-09-29T00:00:00";"103.52";"0";"103.52";"9";"2020";"0";"";"";"1722880";"";"";"";"2725";"7098411";"https://www.camara.leg.br/cota-parlamentar/nota-fiscal-eletronica?ideDocumentoFiscal=7098411"
"PSD";"";"";"";"2019";"NA";"";"56";"13";"FORNECIMENTO DE ALIMENTAÇÃO DO PARLAMENTAR";"0";"";"CIA BRASILEIRA DE DISTRIBUICAO";"475.084.110/9497-5";"222797";"4";"2020-09-22T00:00:00";"116.86";"1.99";"114.87";"9";"2020";"0";"";"";"1717973";"";"";"";"2725";"7095507";"https://www.camara.leg.br/cota-parlamentar/nota-fiscal-eletronica?ideDocumentoFiscal=7095507"
"PSD";"";"";"";"2019";"NA";"";"56";"13";"FORNECIMENTO DE ALIMENTAÇÃO DO PARLAMENTAR";"0";"";"CIA BRASILEIRA DE DISTRIBUICAO";"475.084.111/0355-9";"250700";"4";"2020-08-18T00:00:00";"179.18";"0";"179.18";"8";"2020";"0";"";"";"1711819";"";"";"";"2725";"7083576";"https://www.camara.leg.br/cota-parlamentar/nota-fiscal-eletronica?ideDocumentoFiscal=7083576"
"PSD";"";"";"";"2019";"NA";"";"56";"13";"FORNECIMENTO DE ALIMENTAÇÃO DO PARLAMENTAR";"0";"";"CIA BRASILEIRA DE DISTRIBUICAO";"475.084.111/0355-9";"345006";"4";"2020-07-21T00:00:00";"80.96";"0";"80.96";"7";"2020";"0";"";"";"1707013";"";"";"";"2725";"7073791";"https://www.camara.leg.br/cota-parlamentar/nota-fiscal-eletronica?ideDocumentoFiscal=7073791"
"PSD";"";"";"";"2019";"NA";"";"56";"13";"FORNECIMENTO DE ALIMENTAÇÃO DO PARLAMENTAR";"0";"";"COMERCIO DE ALIMENTOS COLORADO LTDA - ME";"250.801.720/0014-3";"165593";"4";"2020-07-14T00:00:00";"13.77";"0";"13.77";"7";"2020";"0";"";"";"1705875";"";"";"";"2725";"7071932";"https://www.camara.leg.br/cota-parlamentar/nota-fiscal-eletronica?ideDocumentoFiscal=7071932"
"PSD";"";"";"";"2019";"NA";"";"56";"13";"FORNECIMENTO DE ALIMENTAÇÃO DO PARLAMENTAR";"0";"";"COSTA e ALMEIDA ORGANIZACAO DE EVENTOS LTDA - ME";"089.065.040/0018-7";"152";"4";"2020-02-21T00:00:00";"1800";"0";"1800";"2";"2020";"0";"";"";"1680198";"";"";"";"2725";"7021438";"https://www.camara.leg.br/cota-parlamentar/nota-fiscal-eletronica?ideDocumentoFiscal=7021438"
"PSD";"";"";"";"2019";"NA";"";"56";"13";"FORNECIMENTO DE ALIMENTAÇÃO DO PARLAMENTAR";"0";"";"COSTA e ALMEIDA ORGANIZACAO DE EVENTOS LTDA - ME";"089.065.040/0018-7";"154";"4";"2020-03-03T00:00:00";"900";"0";"900";"3";"2020";"0";"";"";"1682188";"";"";"";"2725";"7026034";"https://www.camara.leg.br/cota-parlamentar/nota-fiscal-eletronica?ideDocumentoFiscal=7026034"
"PSD";"";"";"";"2019";"NA";"";"56";"13";"FORNECIMENTO DE ALIMENTAÇÃO DO PARLAMENTAR";"0";"";"COSTA e ALMEIDA ORGANIZACAO DE EVENTOS LTDA - ME";"089.065.040/0018-7";"156";"4";"2020-03-10T00:00:00";"900";"0";"900";"3";"2020";"0";"";"";"1684727";"";"";"";"2725";"7032450";"https://www.camara.leg.br/cota-parlamentar/nota-fiscal-eletronica?ideDocumentoFiscal=7032450"
"PSD";"";"";"";"2019";"NA";"";"56";"13";"FORNECIMENTO DE ALIMENTAÇÃO DO PARLAMENTAR";"0";"";"KI FILE RESTAURANTE LTDA ME";"010.254.280/0015-1";"28658";"4";"2020-09-01T00:00:00";"60";"0";"60";"9";"2020";"0";"";"";"1714617";"";"";"";"2725";"7088908";"https://www.camara.leg.br/cota-parlamentar/nota-fiscal-eletronica?ideDocumentoFiscal=7088908"
"PSD";"";"";"";"2019";"NA";"";"56";"13";"FORNECIMENTO DE ALIMENTAÇÃO DO PARLAMENTAR";"0";"";"KI FILE RESTAURANTE LTDA ME";"010.254.280/0015-1";"28764";"4";"2020-09-15T00:00:00";"113";"0";"113";"9";"2020";"0";"";"";"1717973";"";"";"";"2725";"7096128";"https://www.camara.leg.br/cota-parlamentar/nota-fiscal-eletronica?ideDocumentoFiscal=7096128"
"PSD";"";"";"";"2019";"NA";"";"56";"13";"FORNECIMENTO DE ALIMENTAÇÃO DO PARLAMENTAR";"0";"";"KI FILE RESTAURANTE LTDA ME";"010.254.280/0015-1";"28765";"4";"2020-09-15T00:00:00";"113";"0";"113";"9";"2020";"0";"";"";"1717973";"";"";"";"2725";"7096123";"https://www.camara.leg.br/cota-parlamentar/nota-fiscal-eletronica?ideDocumentoFiscal=7096123"
"PSD";"";"";"";"2019";"NA";"";"56";"13";"FORNECIMENTO DE ALIMENTAÇÃO DO PARLAMENTAR";"0";"";"KI FILE RESTAURANTE LTDA ME";"010.254.280/0015-1";"28833";"4";"2020-09-23T00:00:00";"102";"0";"102";"9";"2020";"0";"";"";"1723113";"";"";"";"2725";"7106548";"https://www.camara.leg.br/cota-parlamentar/nota-fiscal-eletronica?ideDocumentoFiscal=7106548"
"PSD";"";"";"";"2019";"NA";"";"56";"13";"FORNECIMENTO DE ALIMENTAÇÃO DO PARLAMENTAR";"0";"";"KI FILE RESTAURANTE LTDA ME";"010.254.280/0015-1";"28896";"4";"2020-09-29T00:00:00";"100";"0";"100";"9";"2020";"0";"";"";"1723111";"";"";"";"2725";"7106570";"https://www.camara.leg.br/cota-parlamentar/nota-fiscal-eletronica?ideDocumentoFiscal=7106570"
"PSD";"";"";"";"2019";"NA";"";"56";"13";"FORNECIMENTO DE ALIMENTAÇÃO DO PARLAMENTAR";"0";"";"PANIFICADORA GRANDE COLORADO LTDA";"136.815.630/0013-4";"130397";"4";"2020-06-16T00:00:00";"33.29";"0";"33.29";"6";"2020";"0";"";"";"1701164";"";"";"";"2725";"7063209";"https://www.camara.leg.br/cota-parlamentar/nota-fiscal-eletronica?ideDocumentoFiscal=7063209"
"PSD";"";"";"";"2019";"NA";"";"56";"13";"FORNECIMENTO DE ALIMENTAÇÃO DO PARLAMENTAR";"0";"";"PANIFICADORA GRANDE COLORADO LTDA";"136.815.630/0013-4";"311477";"4";"2020-04-28T00:00:00";"33.8";"0";"33.8";"4";"2020";"0";"";"";"1693058";"";"";"";"2725";"7048489";"https://www.camara.leg.br/cota-parlamentar/nota-fiscal-eletronica?ideDocumentoFiscal=7048489"
"PSD";"";"";"";"2019";"NA";"";"56";"13";"FORNECIMENTO DE ALIMENTAÇÃO DO PARLAMENTAR";"0";"";"PANIFICADORA GRANDE COLORADO LTDA";"136.815.630/0013-4";"311747";"4";"2020-04-29T00:00:00";"41.57";"0";"41.57";"4";"2020";"0";"";"";"1693230";"";"";"";"2725";"7048864";"https://www.camara.leg.br/cota-parlamentar/nota-fiscal-eletronica?ideDocumentoFiscal=7048864"
"PSD";"";"";"";"2019";"NA";"";"56";"13";"FORNECIMENTO DE ALIMENTAÇÃO DO PARLAMENTAR";"0";"";"PANIFICADORA GRANDE COLORADO LTDA";"136.815.630/0013-4";"313569";"4";"2020-05-05T00:00:00";"36.65";"0";"36.65";"5";"2020";"0";"";"";"1695568";"";"";"";"2725";"7050445";"https://www.camara.leg.br/cota-parlamentar/nota-fiscal-eletronica?ideDocumentoFiscal=7050445"
"PSD";"";"";"";"2019";"NA";"";"56";"13";"FORNECIMENTO DE ALIMENTAÇÃO DO PARLAMENTAR";"0";"";"PANIFICADORA GRANDE COLORADO LTDA";"136.815.630/0013-4";"315655";"4";"2020-05-12T00:00:00";"54.96";"0";"54.96";"5";"2020";"0";"";"";"1695568";"";"";"";"2725";"7052916";"https://www.camara.leg.br/cota-parlamentar/nota-fiscal-eletronica?ideDocumentoFiscal=7052916"
"PSD";"";"";"";"2019";"NA";"";"56";"13";"FORNECIMENTO DE ALIMENTAÇÃO DO PARLAMENTAR";"0";"";"PANIFICADORA GRANDE COLORADO LTDA";"136.815.630/0013-4";"332245";"4";"2020-07-07T00:00:00";"31.31";"0";"31.31";"7";"2020";"0";"";"";"1704739";"";"";"";"2725";"7069499";"https://www.camara.leg.br/cota-parlamentar/nota-fiscal-eletronica?ideDocumentoFiscal=7069499"
"PSD";"";"";"";"2019";"NA";"";"56";"13";"FORNECIMENTO DE ALIMENTAÇÃO DO PARLAMENTAR";"0";"";"PANIFICADORA GRANDE COLORADO LTDA";"136.815.630/0013-4";"340976";"4";"2020-08-04T00:00:00";"49.95";"0";"49.95";"8";"2020";"0";"";"";"1709257";"";"";"";"2725";"7078552";"https://www.camara.leg.br/cota-parlamentar/nota-fiscal-eletronica?ideDocumentoFiscal=7078552"
"PSD";"";"";"";"2019";"NA";"";"56";"13";"FORNECIMENTO DE ALIMENTAÇÃO DO PARLAMENTAR";"0";"";"PANIFICADORA GRANDE COLORADO LTDA";"136.815.630/0013-4";"343326";"4";"2020-08-11T00:00:00";"51.95";"0";"51.95";"8";"2020";"0";"";"";"1710936";"";"";"";"2725";"7080943";"https://www.camara.leg.br/cota-parlamentar/nota-fiscal-eletronica?ideDocumentoFiscal=7080943"
"PSL";"";"";"";"2019";"NA";"";"56";"1";"MANUTENÇÃO DE ESCRITÓRIO DE APOIO À ATIVIDADE PARLAMENTAR";"0";"";"AMORETTO CAFES EXPRESSO LTDA";"085.324.290/0013-1";"26348";"4";"2020-12-07T01:00:00";"800";"0";"800";"12";"2020";"0";"";"";"1732000";"";"";"";"3442";"7126590";"https://www.camara.leg.br/cota-parlamentar/nota-fiscal-eletronica?ideDocumentoFiscal=7126590"
"PSL";"";"";"";"2019";"NA";"";"56";"3";"COMBUSTÍVEIS E LUBRIFICANTES.";"1";"Veículos Automotores";"AUTO POSTO SOL LEVANTE LTDA";"791.736.390/0012-9";"159658";"0";"2020-12-24T00:00:00";"186.71";"0";"186.71";"12";"2020";"0";"";"";"1737069";"";"";"";"3442";"7137103";"https://www.camara.leg.br/cota-parlamentar/documentos/publ/3442/2020/7137103.pdf"
"PSL";"";"";"";"2019";"NA";"";"56";"3";"COMBUSTÍVEIS E LUBRIFICANTES.";"1";"Veículos Automotores";"CASCOL COMBUSTIVEIS PARA VEICULOS LTDA";"003.065.970/0311-2";"71083";"4";"2020-12-16T01:00:00";"185.38";"0";"185.38";"12";"2020";"0";"";"";"1734957";"";"";"";"3442";"7131322";"https://www.camara.leg.br/cota-parlamentar/nota-fiscal-eletronica?ideDocumentoFiscal=7131322"
"PSL";"";"";"";"2019";"NA";"";"56";"3";"COMBUSTÍVEIS E LUBRIFICANTES.";"1";"Veículos Automotores";"JARJOUR COMERCIO DE DERIVADOS DE PETROLEO LTDA";"320.848.930/0019-7";"32910";"4";"2020-12-29T00:00:00";"208.31";"0";"208.31";"12";"2020";"0";"";"";"1737070";"";"";"";"3442";"7137104";"https://www.camara.leg.br/cota-parlamentar/nota-fiscal-eletronica?ideDocumentoFiscal=7137104"
"PSL";"";"";"";"2019";"NA";"";"56";"120";"LOCAÇÃO OU FRETAMENTO DE VEÍCULOS AUTOMOTORES";"0";"";"DALETH VEICULOS LTDA";"045.159.630/0018-9";"1506";"4";"2020-12-23T00:00:00";"4000";"0";"4000";"12";"2020";"0";"";"";"1739224";"";"";"";"3442";"7141203";"https://www.camara.leg.br/cota-parlamentar/nota-fiscal-eletronica?ideDocumentoFiscal=7141203"
"PSOL";"";"";"";"2019";"NA";"";"56";"5";"DIVULGAÇÃO DA ATIVIDADE PARLAMENTAR.";"0";"";"WORKING ASSOCIACAO DE INTEGRACAO PROFISSIONAL";"088.656.150/0019-2";"26767";"4";"2020-12-18T00:00:00";"2300";"0";"2300";"12";"2020";"0";"";"";"1743913";"";"";"";"3150";"7151329";"https://www.camara.leg.br/cota-parlamentar/nota-fiscal-eletronica?ideDocumentoFiscal=7151329"
"PTB";"";"";"";"2019";"NA";"";"56";"1";"MANUTENÇÃO DE ESCRITÓRIO DE APOIO À ATIVIDADE PARLAMENTAR";"0";"";"TAZZA COMERCIO DE MAQUINAS E INSUMOS EIRELI  ME";"202.388.320/0015-8";"13943";"4";"2020-01-29T00:00:00";"375";"0";"375";"1";"2020";"0";"";"";"1672270";"";"";"";"2722";"7005811";"https://www.camara.leg.br/cota-parlamentar/nota-fiscal-eletronica?ideDocumentoFiscal=7005811"
"PTB";"";"";"";"2019";"NA";"";"56";"1";"MANUTENÇÃO DE ESCRITÓRIO DE APOIO À ATIVIDADE PARLAMENTAR";"0";"";"TAZZA COMERCIO DE MAQUINAS E INSUMOS EIRELI  ME";"202.388.320/0015-8";"14226";"4";"2020-02-28T00:00:00";"375";"0";"375";"2";"2020";"0";"";"";"1683734";"";"";"";"2722";"7029011";"https://www.camara.leg.br/cota-parlamentar/nota-fiscal-eletronica?ideDocumentoFiscal=7029011"
"PTB";"";"";"";"2019";"NA";"";"56";"1";"MANUTENÇÃO DE ESCRITÓRIO DE APOIO À ATIVIDADE PARLAMENTAR";"0";"";"TAZZA COMERCIO DE MAQUINAS E INSUMOS EIRELI  ME";"202.388.320/0015-8";"14455";"4";"2020-04-27T00:00:00";"375";"0";"375";"3";"2020";"0";"";"";"1692726";"";"";"";"2722";"7048070";"https://www.camara.leg.br/cota-parlamentar/nota-fiscal-eletronica?ideDocumentoFiscal=7048070"
"PTB";"";"";"";"2019";"NA";"";"56";"1";"MANUTENÇÃO DE ESCRITÓRIO DE APOIO À ATIVIDADE PARLAMENTAR";"0";"";"TAZZA COMERCIO DE MAQUINAS E INSUMOS EIRELI  ME";"202.388.320/0015-8";"14633";"4";"2020-05-28T00:00:00";"375";"0";"375";"5";"2020";"0";"";"";"1698764";"";"";"";"2722";"7058761";"https://www.camara.leg.br/cota-parlamentar/nota-fiscal-eletronica?ideDocumentoFiscal=7058761"
"PTB";"";"";"";"2019";"NA";"";"56";"1";"MANUTENÇÃO DE ESCRITÓRIO DE APOIO À ATIVIDADE PARLAMENTAR";"0";"";"TAZZA COMERCIO DE MAQUINAS E INSUMOS EIRELI  ME";"202.388.320/0015-8";"14926";"4";"2020-07-30T00:00:00";"375";"0";"375";"7";"2020";"0";"";"";"1709352";"";"";"";"2722";"7078875";"https://www.camara.leg.br/cota-parlamentar/nota-fiscal-eletronica?ideDocumentoFiscal=7078875"
"PTB";"";"";"";"2019";"NA";"";"56";"1";"MANUTENÇÃO DE ESCRITÓRIO DE APOIO À ATIVIDADE PARLAMENTAR";"0";"";"TAZZA COMERCIO DE MAQUINAS E INSUMOS EIRELI  ME";"202.388.320/0015-8";"15138";"4";"2020-09-01T00:00:00";"375";"0";"375";"8";"2020";"0";"";"";"1715738";"";"";"";"2722";"7091568";"https://www.camara.leg.br/cota-parlamentar/nota-fiscal-eletronica?ideDocumentoFiscal=7091568"
"PTB";"";"";"";"2019";"NA";"";"56";"1";"MANUTENÇÃO DE ESCRITÓRIO DE APOIO À ATIVIDADE PARLAMENTAR";"0";"";"TAZZA COMERCIO DE MAQUINAS E INSUMOS EIRELI  ME";"202.388.320/0015-8";"15558";"4";"2020-11-11T01:00:00";"375";"0";"375";"10";"2020";"0";"";"";"1727088";"";"";"";"2722";"7115989";"https://www.camara.leg.br/cota-parlamentar/nota-fiscal-eletronica?ideDocumentoFiscal=7115989"
"PTB";"";"";"";"2019";"NA";"";"56";"1";"MANUTENÇÃO DE ESCRITÓRIO DE APOIO À ATIVIDADE PARLAMENTAR";"0";"";"TAZZA COMERCIO DE MAQUINAS E INSUMOS EIRELI  ME";"202.388.320/0015-8";"15709";"4";"2020-12-02T01:00:00";"375";"0";"375";"11";"2020";"0";"";"";"1731185";"";"";"";"2722";"7125042";"https://www.camara.leg.br/cota-parlamentar/nota-fiscal-eletronica?ideDocumentoFiscal=7125042"
"PTB";"";"";"";"2019";"NA";"";"56";"1";"MANUTENÇÃO DE ESCRITÓRIO DE APOIO À ATIVIDADE PARLAMENTAR";"0";"";"TAZZA COMERCIO DE MAQUINAS E INSUMOS EIRELI  ME";"202.388.320/0015-8";"15905";"4";"2021-01-13T00:00:00";"375";"0";"375";"12";"2020";"0";"";"";"1738812";"";"";"";"2722";"7140680";"https://www.camara.leg.br/cota-parlamentar/nota-fiscal-eletronica?ideDocumentoFiscal=7140680"
"PTB";"";"";"";"2019";"NA";"";"56";"5";"DIVULGAÇÃO DA ATIVIDADE PARLAMENTAR.";"0";"";"PARLABRASIL EIRELI";"234.255.890/0017-5";"1800";"4";"2020-03-10T00:00:00";"2000";"0";"2000";"2";"2020";"0";"";"";"1689392";"";"";"";"2722";"7042387";"https://www.camara.leg.br/cota-parlamentar/nota-fiscal-eletronica?ideDocumentoFiscal=7042387"
"PTB";"";"";"";"2019";"NA";"";"56";"5";"DIVULGAÇÃO DA ATIVIDADE PARLAMENTAR.";"0";"";"PARLABRASIL EIRELI";"234.255.890/0017-5";"1840";"4";"2020-04-06T00:00:00";"2000";"0";"2000";"3";"2020";"0";"";"";"1689526";"";"";"";"2722";"7042458";"https://www.camara.leg.br/cota-parlamentar/nota-fiscal-eletronica?ideDocumentoFiscal=7042458"
"PTB";"";"";"";"2019";"NA";"";"56";"5";"DIVULGAÇÃO DA ATIVIDADE PARLAMENTAR.";"0";"";"PARLABRASIL EIRELI";"234.255.890/0017-5";"1847";"4";"2020-04-17T00:00:00";"2000";"0";"2000";"4";"2020";"0";"";"";"1694163";"";"";"";"2722";"7050693";"https://www.camara.leg.br/cota-parlamentar/nota-fiscal-eletronica?ideDocumentoFiscal=7050693"
"PTB";"";"";"";"2019";"NA";"";"56";"5";"DIVULGAÇÃO DA ATIVIDADE PARLAMENTAR.";"0";"";"PARLABRASIL EIRELI";"234.255.890/0017-5";"1868";"4";"2020-05-17T00:00:00";"2000";"0";"2000";"5";"2020";"0";"";"";"1697720";"";"";"";"2722";"7057046";"https://www.camara.leg.br/cota-parlamentar/nota-fiscal-eletronica?ideDocumentoFiscal=7057046"
"PTB";"";"";"";"2019";"NA";"";"56";"5";"DIVULGAÇÃO DA ATIVIDADE PARLAMENTAR.";"0";"";"PARLABRASIL EIRELI";"234.255.890/0017-5";"1912";"4";"2020-06-23T00:00:00";"2000";"0";"2000";"6";"2020";"0";"";"";"1702535";"";"";"";"2722";"7065803";"https://www.camara.leg.br/cota-parlamentar/nota-fiscal-eletronica?ideDocumentoFiscal=7065803"
"PTB";"";"";"";"2019";"NA";"";"56";"13";"FORNECIMENTO DE ALIMENTAÇÃO DO PARLAMENTAR";"0";"";"MERCADINHO LA PALMA LTDA";"006.726.000/0010-4";"23772";"4";"2020-01-30T00:00:00";"119.74";"0";"119.74";"1";"2020";"0";"";"";"1669943";"";"";"";"2722";"7000561";"https://www.camara.leg.br/cota-parlamentar/nota-fiscal-eletronica?ideDocumentoFiscal=7000561"
"PTB";"";"";"";"2019";"NA";"";"56";"13";"FORNECIMENTO DE ALIMENTAÇÃO DO PARLAMENTAR";"0";"";"MERCADINHO LA PALMA LTDA";"006.726.000/0010-4";"23788";"4";"2020-02-03T00:00:00";"301.63";"0";"301.63";"2";"2020";"0";"";"";"1677644";"";"";"";"2722";"7016840";"https://www.camara.leg.br/cota-parlamentar/nota-fiscal-eletronica?ideDocumentoFiscal=7016840"
"PTB";"";"";"";"2019";"NA";"";"56";"13";"FORNECIMENTO DE ALIMENTAÇÃO DO PARLAMENTAR";"0";"";"MERCADINHO LA PALMA LTDA";"006.726.000/0010-4";"23835";"4";"2020-02-11T00:00:00";"214.78";"0";"214.78";"2";"2020";"0";"";"";"1677644";"";"";"";"2722";"7016859";"https://www.camara.leg.br/cota-parlamentar/nota-fiscal-eletronica?ideDocumentoFiscal=7016859"
"PTB";"";"";"";"2019";"NA";"";"56";"13";"FORNECIMENTO DE ALIMENTAÇÃO DO PARLAMENTAR";"0";"";"MERCADINHO LA PALMA LTDA";"006.726.000/0010-4";"23875";"4";"2020-02-17T00:00:00";"302.3";"0";"302.3";"2";"2020";"0";"";"";"1681053";"";"";"";"2722";"7023535";"https://www.camara.leg.br/cota-parlamentar/nota-fiscal-eletronica?ideDocumentoFiscal=7023535"
"PTB";"";"";"";"2019";"NA";"";"56";"13";"FORNECIMENTO DE ALIMENTAÇÃO DO PARLAMENTAR";"0";"";"MERCADINHO LA PALMA LTDA";"006.726.000/0010-4";"23957";"4";"2020-03-03T00:00:00";"270.7";"0";"270.7";"3";"2020";"0";"";"";"1684836";"";"";"";"2722";"7032968";"https://www.camara.leg.br/cota-parlamentar/nota-fiscal-eletronica?ideDocumentoFiscal=7032968"
"PTB";"";"";"";"2019";"NA";"";"56";"13";"FORNECIMENTO DE ALIMENTAÇÃO DO PARLAMENTAR";"0";"";"MERCADINHO LA PALMA LTDA";"006.726.000/0010-4";"24004";"4";"2020-03-10T00:00:00";"323.3";"0";"323.3";"3";"2020";"0";"";"";"1688342";"";"";"";"2722";"7040754";"https://www.camara.leg.br/cota-parlamentar/nota-fiscal-eletronica?ideDocumentoFiscal=7040754"
"PTB";"";"";"";"2019";"NA";"";"56";"13";"FORNECIMENTO DE ALIMENTAÇÃO DO PARLAMENTAR";"0";"";"MERCADINHO LA PALMA LTDA";"006.726.000/0010-4";"24045";"4";"2020-03-17T00:00:00";"202.01";"0";"202.01";"3";"2020";"0";"";"";"1688351";"";"";"";"2722";"7040772";"https://www.camara.leg.br/cota-parlamentar/nota-fiscal-eletronica?ideDocumentoFiscal=7040772"
"PTB";"";"";"";"2019";"NA";"";"56";"13";"FORNECIMENTO DE ALIMENTAÇÃO DO PARLAMENTAR";"0";"";"MERCADINHO LA PALMA LTDA";"006.726.000/0010-4";"24115";"4";"2020-04-20T00:00:00";"109.85";"0";"109.85";"4";"2020";"0";"";"";"1693983";"";"";"";"2722";"7050361";"https://www.camara.leg.br/cota-parlamentar/nota-fiscal-eletronica?ideDocumentoFiscal=7050361"
"PTB";"";"";"";"2019";"NA";"";"56";"13";"FORNECIMENTO DE ALIMENTAÇÃO DO PARLAMENTAR";"0";"";"MERCADINHO LA PALMA LTDA";"006.726.000/0010-4";"24191";"4";"2020-05-20T00:00:00";"142.2";"0";"142.2";"5";"2020";"0";"";"";"1697057";"";"";"";"2722";"7055864";"https://www.camara.leg.br/cota-parlamentar/nota-fiscal-eletronica?ideDocumentoFiscal=7055864"
"PTB";"";"";"";"2019";"NA";"";"56";"13";"FORNECIMENTO DE ALIMENTAÇÃO DO PARLAMENTAR";"0";"";"MERCADINHO LA PALMA LTDA";"006.726.000/0010-4";"24272";"4";"2020-06-16T00:00:00";"107.57";"0";"107.57";"6";"2020";"0";"";"";"1701608";"";"";"";"2722";"7064004";"https://www.camara.leg.br/cota-parlamentar/nota-fiscal-eletronica?ideDocumentoFiscal=7064004"
"PTB";"";"";"";"2019";"NA";"";"56";"13";"FORNECIMENTO DE ALIMENTAÇÃO DO PARLAMENTAR";"0";"";"MERCADINHO LA PALMA LTDA";"006.726.000/0010-4";"24297";"4";"2020-06-24T00:00:00";"149.73";"0";"149.73";"6";"2020";"0";"";"";"1702571";"";"";"";"2722";"7065816";"https://www.camara.leg.br/cota-parlamentar/nota-fiscal-eletronica?ideDocumentoFiscal=7065816"
"PTB";"";"";"";"2019";"NA";"";"56";"13";"FORNECIMENTO DE ALIMENTAÇÃO DO PARLAMENTAR";"0";"";"MERCADINHO LA PALMA LTDA";"006.726.000/0010-4";"24328";"4";"2020-07-07T00:00:00";"150.18";"0";"150.18";"7";"2020";"0";"";"";"1705693";"";"";"";"2722";"7071621";"https://www.camara.leg.br/cota-parlamentar/nota-fiscal-eletronica?ideDocumentoFiscal=7071621"
"PTB";"";"";"";"2019";"NA";"";"56";"13";"FORNECIMENTO DE ALIMENTAÇÃO DO PARLAMENTAR";"0";"";"MERCADINHO LA PALMA LTDA";"006.726.000/0010-4";"24358";"4";"2020-07-15T00:00:00";"104.58";"0";"104.58";"7";"2020";"0";"";"";"1706782";"";"";"";"2722";"7073721";"https://www.camara.leg.br/cota-parlamentar/nota-fiscal-eletronica?ideDocumentoFiscal=7073721"
"PTB";"";"";"";"2019";"NA";"";"56";"13";"FORNECIMENTO DE ALIMENTAÇÃO DO PARLAMENTAR";"0";"";"MERCADINHO LA PALMA LTDA";"006.726.000/0010-4";"24404";"4";"2020-07-21T00:00:00";"124.55";"0";"124.55";"7";"2020";"0";"";"";"1707044";"";"";"";"2722";"7074237";"https://www.camara.leg.br/cota-parlamentar/nota-fiscal-eletronica?ideDocumentoFiscal=7074237"
"PTB";"";"";"";"2019";"NA";"";"56";"13";"FORNECIMENTO DE ALIMENTAÇÃO DO PARLAMENTAR";"0";"";"MERCADINHO LA PALMA LTDA";"006.726.000/0010-4";"24410";"4";"2020-07-22T00:00:00";"132.72";"0";"132.72";"7";"2020";"0";"";"";"1707999";"";"";"";"2722";"7076251";"https://www.camara.leg.br/cota-parlamentar/nota-fiscal-eletronica?ideDocumentoFiscal=7076251"
"PTB";"";"";"";"2019";"NA";"";"56";"13";"FORNECIMENTO DE ALIMENTAÇÃO DO PARLAMENTAR";"0";"";"MERCADINHO LA PALMA LTDA";"006.726.000/0010-4";"24463";"4";"2020-08-05T00:00:00";"134.52";"0";"134.52";"8";"2020";"0";"";"";"1710803";"";"";"";"2722";"7081666";"https://www.camara.leg.br/cota-parlamentar/nota-fiscal-eletronica?ideDocumentoFiscal=7081666"
"PTB";"";"";"";"2019";"NA";"";"56";"13";"FORNECIMENTO DE ALIMENTAÇÃO DO PARLAMENTAR";"0";"";"MERCADINHO LA PALMA LTDA";"006.726.000/0010-4";"24505";"4";"2020-08-19T00:00:00";"120.19";"0";"120.19";"8";"2020";"0";"";"";"1712193";"";"";"";"2722";"7084405";"https://www.camara.leg.br/cota-parlamentar/nota-fiscal-eletronica?ideDocumentoFiscal=7084405"
"PTB";"";"";"";"2019";"NA";"";"56";"13";"FORNECIMENTO DE ALIMENTAÇÃO DO PARLAMENTAR";"0";"";"MERCADINHO LA PALMA LTDA";"006.726.000/0010-4";"24665";"4";"2020-08-26T00:00:00";"118.95";"0";"118.95";"8";"2020";"0";"";"";"1714210";"";"";"";"2722";"7088621";"https://www.camara.leg.br/cota-parlamentar/nota-fiscal-eletronica?ideDocumentoFiscal=7088621"
"PTB";"";"";"";"2019";"NA";"";"56";"13";"FORNECIMENTO DE ALIMENTAÇÃO DO PARLAMENTAR";"0";"";"MERCADINHO LA PALMA LTDA";"006.726.000/0010-4";"24681";"4";"2020-09-01T00:00:00";"100.99";"0";"100.99";"9";"2020";"0";"";"";"1716897";"";"";"";"2722";"7093760";"https://www.camara.leg.br/cota-parlamentar/nota-fiscal-eletronica?ideDocumentoFiscal=7093760"
"PTB";"";"";"";"2019";"NA";"";"56";"13";"FORNECIMENTO DE ALIMENTAÇÃO DO PARLAMENTAR";"0";"";"MERCADINHO LA PALMA LTDA";"006.726.000/0010-4";"24737";"4";"2020-09-22T00:00:00";"155.84";"0";"155.84";"9";"2020";"0";"";"";"1718970";"";"";"";"2722";"7097494";"https://www.camara.leg.br/cota-parlamentar/nota-fiscal-eletronica?ideDocumentoFiscal=7097494"
"PTB";"";"";"";"2019";"NA";"";"56";"13";"FORNECIMENTO DE ALIMENTAÇÃO DO PARLAMENTAR";"0";"";"MERCADINHO LA PALMA LTDA";"006.726.000/0010-4";"24839";"4";"2020-10-14T00:00:00";"132.38";"0";"132.38";"10";"2020";"0";"";"";"1721806";"";"";"";"2722";"7104078";"https://www.camara.leg.br/cota-parlamentar/nota-fiscal-eletronica?ideDocumentoFiscal=7104078"
"PTB";"";"";"";"2019";"NA";"";"56";"13";"FORNECIMENTO DE ALIMENTAÇÃO DO PARLAMENTAR";"0";"";"MERCADINHO LA PALMA LTDA";"006.726.000/0010-4";"25025";"4";"2020-11-24T01:00:00";"161.72";"0";"161.72";"11";"2020";"0";"";"";"1729138";"";"";"";"2722";"7120796";"https://www.camara.leg.br/cota-parlamentar/nota-fiscal-eletronica?ideDocumentoFiscal=7120796"
"PTB";"";"";"";"2019";"NA";"";"56";"13";"FORNECIMENTO DE ALIMENTAÇÃO DO PARLAMENTAR";"0";"";"MERCADINHO LA PALMA LTDA";"006.726.000/0010-4";"25044";"4";"2020-12-01T01:00:00";"134.98";"0";"134.98";"12";"2020";"0";"";"";"1732431";"";"";"";"2722";"7127460";"https://www.camara.leg.br/cota-parlamentar/nota-fiscal-eletronica?ideDocumentoFiscal=7127460"
"PTB";"";"";"";"2019";"NA";"";"56";"13";"FORNECIMENTO DE ALIMENTAÇÃO DO PARLAMENTAR";"0";"";"MERCADINHO LA PALMA LTDA";"006.726.000/0010-4";"25073";"4";"2020-12-08T01:00:00";"132.19";"0";"132.19";"12";"2020";"0";"";"";"1732434";"";"";"";"2722";"7127464";"https://www.camara.leg.br/cota-parlamentar/nota-fiscal-eletronica?ideDocumentoFiscal=7127464"
"PTB";"";"";"";"2019";"NA";"";"56";"13";"FORNECIMENTO DE ALIMENTAÇÃO DO PARLAMENTAR";"0";"";"MERCADINHO LA PALMA LTDA";"006.726.000/0010-4";"25128";"4";"2020-12-15T01:00:00";"156.21";"0";"156.21";"12";"2020";"0";"";"";"1734139";"";"";"";"2722";"7131102";"https://www.camara.leg.br/cota-parlamentar/nota-fiscal-eletronica?ideDocumentoFiscal=7131102"
"SDD";"";"";"";"2019";"NA";"";"56";"1";"MANUTENÇÃO DE ESCRITÓRIO DE APOIO À ATIVIDADE PARLAMENTAR";"0";"";"Adobe Systems Software";"029.995.200/0018-5";"1131659566";"1";"2020-01-04T00:00:00";"124";"0";"124";"1";"2020";"0";"";"";"1669748";"";"";"";"2864";"7000058";"https://www.camara.leg.br/cota-parlamentar/documentos/publ/2864/2020/7000058.pdf"
"SDD";"";"";"";"2019";"NA";"";"56";"1";"MANUTENÇÃO DE ESCRITÓRIO DE APOIO À ATIVIDADE PARLAMENTAR";"0";"";"Adobe Systems Software";"210.418.400/0017-2";"1174106842";"1";"2020-04-02T00:00:00";"1488";"0";"1488";"3";"2020";"0";"";"";"1688597";"";"";"";"2864";"7041130";"https://www.camara.leg.br/cota-parlamentar/documentos/publ/2864/2020/7041130.pdf"
"SDD";"";"";"";"2019";"NA";"";"56";"1";"MANUTENÇÃO DE ESCRITÓRIO DE APOIO À ATIVIDADE PARLAMENTAR";"0";"";"AMORETTO CAFES EXPRESSO LTDA";"085.324.290/0013-1";"25030";"4";"2020-01-08T00:00:00";"777.7";"0";"777.7";"1";"2020";"0";"";"";"1668349";"";"";"";"2864";"6997676";"https://www.camara.leg.br/cota-parlamentar/nota-fiscal-eletronica?ideDocumentoFiscal=6997676"
"SDD";"";"";"";"2019";"NA";"";"56";"1";"MANUTENÇÃO DE ESCRITÓRIO DE APOIO À ATIVIDADE PARLAMENTAR";"0";"";"AMORETTO CAFES EXPRESSO LTDA";"085.324.290/0013-1";"25266";"4";"2020-02-12T00:00:00";"642.3";"0";"642.3";"2";"2020";"0";"";"";"1682547";"";"";"";"2864";"7026844";"https://www.camara.leg.br/cota-parlamentar/nota-fiscal-eletronica?ideDocumentoFiscal=7026844"
"SDD";"";"";"";"2019";"NA";"";"56";"1";"MANUTENÇÃO DE ESCRITÓRIO DE APOIO À ATIVIDADE PARLAMENTAR";"0";"";"AMORETTO CAFES EXPRESSO LTDA";"085.324.290/0013-1";"25354";"4";"2020-03-03T00:00:00";"642.3";"0";"642.3";"3";"2020";"0";"";"";"1688645";"";"";"";"2864";"7041208";"https://www.camara.leg.br/cota-parlamentar/nota-fiscal-eletronica?ideDocumentoFiscal=7041208"
"SDD";"";"";"";"2019";"NA";"";"56";"1";"MANUTENÇÃO DE ESCRITÓRIO DE APOIO À ATIVIDADE PARLAMENTAR";"0";"";"AMORETTO CAFES EXPRESSO LTDA";"085.324.290/0013-1";"25493";"4";"2020-04-02T00:00:00";"642.3";"0";"642.3";"4";"2020";"0";"";"";"1693386";"";"";"";"2864";"7049186";"https://www.camara.leg.br/cota-parlamentar/nota-fiscal-eletronica?ideDocumentoFiscal=7049186"
"SDD";"";"";"";"2019";"NA";"";"56";"1";"MANUTENÇÃO DE ESCRITÓRIO DE APOIO À ATIVIDADE PARLAMENTAR";"0";"";"AMORETTO CAFES EXPRESSO LTDA";"085.324.290/0013-1";"25594";"4";"2020-05-05T00:00:00";"642.3";"0";"642.3";"5";"2020";"0";"";"";"1700319";"";"";"";"2864";"7053421";"https://www.camara.leg.br/cota-parlamentar/nota-fiscal-eletronica?ideDocumentoFiscal=7053421"
"SDD";"";"";"";"2019";"NA";"";"56";"1";"MANUTENÇÃO DE ESCRITÓRIO DE APOIO À ATIVIDADE PARLAMENTAR";"0";"";"AMORETTO CAFES EXPRESSO LTDA";"085.324.290/0013-1";"25692";"4";"2020-06-02T00:00:00";"321.15";"0";"321.15";"6";"2020";"0";"";"";"1703251";"";"";"";"2864";"7067089";"https://www.camara.leg.br/cota-parlamentar/nota-fiscal-eletronica?ideDocumentoFiscal=7067089"
"SDD";"";"";"";"2019";"NA";"";"56";"1";"MANUTENÇÃO DE ESCRITÓRIO DE APOIO À ATIVIDADE PARLAMENTAR";"0";"";"AMORETTO CAFES EXPRESSO LTDA";"085.324.290/0013-1";"25804";"4";"2020-07-02T00:00:00";"321.15";"0";"321.15";"7";"2020";"0";"";"";"1708348";"";"";"";"2864";"7073995";"https://www.camara.leg.br/cota-parlamentar/nota-fiscal-eletronica?ideDocumentoFiscal=7073995"
"SDD";"";"";"";"2019";"NA";"";"56";"1";"MANUTENÇÃO DE ESCRITÓRIO DE APOIO À ATIVIDADE PARLAMENTAR";"0";"";"AMORETTO CAFES EXPRESSO LTDA";"085.324.290/0013-1";"25905";"4";"2020-08-04T00:00:00";"321.15";"0";"321.15";"8";"2020";"0";"";"";"1715653";"";"";"";"2864";"7091401";"https://www.camara.leg.br/cota-parlamentar/nota-fiscal-eletronica?ideDocumentoFiscal=7091401"
"SDD";"";"";"";"2019";"NA";"";"56";"1";"MANUTENÇÃO DE ESCRITÓRIO DE APOIO À ATIVIDADE PARLAMENTAR";"0";"";"AMORETTO CAFES EXPRESSO LTDA";"085.324.290/0013-1";"26010";"4";"2020-09-02T00:00:00";"321.15";"0";"321.15";"9";"2020";"0";"";"";"1719468";"";"";"";"2864";"7099545";"https://www.camara.leg.br/cota-parlamentar/nota-fiscal-eletronica?ideDocumentoFiscal=7099545"
"SDD";"";"";"";"2019";"NA";"";"56";"1";"MANUTENÇÃO DE ESCRITÓRIO DE APOIO À ATIVIDADE PARLAMENTAR";"0";"";"AMORETTO CAFES EXPRESSO LTDA";"085.324.290/0013-1";"26108";"4";"2020-10-02T00:00:00";"321.15";"0";"321.15";"10";"2020";"0";"";"";"1725620";"";"";"";"2864";"7112721";"https://www.camara.leg.br/cota-parlamentar/nota-fiscal-eletronica?ideDocumentoFiscal=7112721"
"SDD";"";"";"";"2019";"NA";"";"56";"1";"MANUTENÇÃO DE ESCRITÓRIO DE APOIO À ATIVIDADE PARLAMENTAR";"0";"";"AMORETTO CAFES EXPRESSO LTDA";"085.324.290/0013-1";"26225";"4";"2020-11-06T01:00:00";"321.15";"0";"321.15";"11";"2020";"0";"";"";"1729164";"";"";"";"2864";"7120828";"https://www.camara.leg.br/cota-parlamentar/nota-fiscal-eletronica?ideDocumentoFiscal=7120828"
"SDD";"";"";"";"2019";"NA";"";"56";"1";"MANUTENÇÃO DE ESCRITÓRIO DE APOIO À ATIVIDADE PARLAMENTAR";"0";"";"AMORETTO CAFES EXPRESSO LTDA";"085.324.290/0013-1";"26323";"4";"2020-12-02T01:00:00";"321.15";"0";"321.15";"12";"2020";"0";"";"";"1734548";"";"";"";"2864";"7132027";"https://www.camara.leg.br/cota-parlamentar/nota-fiscal-eletronica?ideDocumentoFiscal=7132027"
"SDD";"";"";"";"2019";"NA";"";"56";"5";"DIVULGAÇÃO DA ATIVIDADE PARLAMENTAR.";"0";"";"EGL - EDITORES GRAFICOS LTDA";"171.906.040/0014-0";"245";"0";"2020-12-23T00:00:00";"10000";"0";"9763.21";"12";"2020";"1";"";"";"1736076";"";"";"";"2864";"7135142";"https://www.camara.leg.br/cota-parlamentar/documentos/publ/2864/2020/7135142.pdf"
"SDD";"";"";"";"2019";"NA";"";"56";"9";"PASSAGEM AÉREA - REEMBOLSO";"0";"";"AZUL LINHAS AÉREAS INTELIGENTES S.A";"092.962.950/0016-0";"CDGMYP";"0";"2020-01-13T00:00:00";"1078.44";"0";"1078.44";"1";"2020";"0";"JOSÉ RAMOS DE ALMEIDA JUNIOR; JOSÉ RAMOS DE ALMEIDA JUNIOR;";"";"1671140";"";"";"";"2864";"7003264";"https://www.camara.leg.br/cota-parlamentar/documentos/publ/2864/2020/7003264.pdf"
"SDD";"";"";"";"2019";"NA";"";"56";"13";"FORNECIMENTO DE ALIMENTAÇÃO DO PARLAMENTAR";"0";"";"ARTESANAL SERVICOS DE ALIMENTACAO E BUFFET EIRELI";"228.362.100/0015-7";"36";"4";"2020-02-28T00:00:00";"390";"0";"390";"2";"2020";"0";"";"";"1680504";"";"";"";"2864";"7022268";"https://www.camara.leg.br/cota-parlamentar/nota-fiscal-eletronica?ideDocumentoFiscal=7022268"
"SDD";"";"";"";"2019";"NA";"";"56";"13";"FORNECIMENTO DE ALIMENTAÇÃO DO PARLAMENTAR";"0";"";"ARTESANAL SERVICOS DE ALIMENTACAO E BUFFET EIRELI";"228.362.100/0015-7";"37";"4";"2020-02-28T00:00:00";"390";"0";"390";"2";"2020";"0";"";"";"1680504";"";"";"";"2864";"7022270";"https://www.camara.leg.br/cota-parlamentar/nota-fiscal-eletronica?ideDocumentoFiscal=7022270"
"SDD";"";"";"";"2019";"NA";"";"56";"13";"FORNECIMENTO DE ALIMENTAÇÃO DO PARLAMENTAR";"0";"";"ARTESANAL SERVICOS DE ALIMENTACAO E BUFFET EIRELI";"228.362.100/0015-7";"42";"4";"2020-03-05T00:00:00";"390";"0";"390";"3";"2020";"0";"";"";"1687182";"";"";"";"2864";"7038384";"https://www.camara.leg.br/cota-parlamentar/nota-fiscal-eletronica?ideDocumentoFiscal=7038384"
"SDD";"";"";"";"2019";"NA";"";"56";"13";"FORNECIMENTO DE ALIMENTAÇÃO DO PARLAMENTAR";"0";"";"ARTESANAL SERVICOS DE ALIMENTACAO E BUFFET EIRELI";"228.362.100/0015-7";"44";"4";"2020-03-05T00:00:00";"390";"0";"390";"3";"2020";"0";"";"";"1687182";"";"";"";"2864";"7038383";"https://www.camara.leg.br/cota-parlamentar/nota-fiscal-eletronica?ideDocumentoFiscal=7038383"
"SDD";"";"";"";"2019";"NA";"";"56";"13";"FORNECIMENTO DE ALIMENTAÇÃO DO PARLAMENTAR";"0";"";"ARTESANAL SERVICOS DE ALIMENTACAO E BUFFET EIRELI";"228.362.100/0015-7";"52";"4";"2020-03-11T00:00:00";"390";"0";"390";"3";"2020";"0";"";"";"1687182";"";"";"";"2864";"7038386";"https://www.camara.leg.br/cota-parlamentar/nota-fiscal-eletronica?ideDocumentoFiscal=7038386"
"SDD";"";"";"";"2019";"NA";"";"56";"13";"FORNECIMENTO DE ALIMENTAÇÃO DO PARLAMENTAR";"0";"";"ARTESANAL SERVICOS DE ALIMENTACAO E BUFFET EIRELI";"228.362.100/0015-7";"53";"4";"2020-03-11T00:00:00";"390";"0";"390";"3";"2020";"0";"";"";"1687182";"";"";"";"2864";"7038388";"https://www.camara.leg.br/cota-parlamentar/nota-fiscal-eletronica?ideDocumentoFiscal=7038388"
"SDD";"";"";"";"2019";"NA";"";"56";"13";"FORNECIMENTO DE ALIMENTAÇÃO DO PARLAMENTAR";"0";"";"SILT SELF SERVICE EIRELI ME";"072.867.310/0019-4";"864";"4";"2020-02-28T00:00:00";"350";"0";"350";"2";"2020";"0";"";"";"1680471";"";"";"";"2864";"7022188";"https://www.camara.leg.br/cota-parlamentar/nota-fiscal-eletronica?ideDocumentoFiscal=7022188"
"SDD";"";"";"";"2019";"NA";"";"56";"13";"FORNECIMENTO DE ALIMENTAÇÃO DO PARLAMENTAR";"0";"";"SILT SELF SERVICE EIRELI ME";"072.867.310/0019-4";"865";"4";"2020-02-28T00:00:00";"350";"0";"350";"2";"2020";"0";"";"";"1680471";"";"";"";"2864";"7022190";"https://www.camara.leg.br/cota-parlamentar/nota-fiscal-eletronica?ideDocumentoFiscal=7022190"
"SDD";"";"";"";"2019";"NA";"";"56";"13";"FORNECIMENTO DE ALIMENTAÇÃO DO PARLAMENTAR";"0";"";"SILT SELF SERVICE EIRELI ME";"072.867.310/0019-4";"866";"4";"2020-02-28T00:00:00";"350";"0";"350";"2";"2020";"0";"";"";"1680471";"";"";"";"2864";"7022191";"https://www.camara.leg.br/cota-parlamentar/nota-fiscal-eletronica?ideDocumentoFiscal=7022191"
"SDD";"";"";"";"2019";"NA";"";"56";"13";"FORNECIMENTO DE ALIMENTAÇÃO DO PARLAMENTAR";"0";"";"SILT SELF SERVICE EIRELI ME";"072.867.310/0019-4";"867";"4";"2020-02-28T00:00:00";"350";"0";"350";"2";"2020";"0";"";"";"1680471";"";"";"";"2864";"7022192";"https://www.camara.leg.br/cota-parlamentar/nota-fiscal-eletronica?ideDocumentoFiscal=7022192"
"Danilo Forte";"";"62881";"91";"2019";"CE";"PP";"56";"1";"MANUTENÇÃO DE ESCRITÓRIO DE APOIO À ATIVIDADE PARLAMENTAR";"0";"";"CONDE & DELL ARINGA - DES DE SOFTWARES";"096.137.720/0017-3";"10061";"0";"2020-08-03T00:00:00";"400";"0";"400";"7";"2020";"0";"";"";"1711815";"";"";"";"2227";"7083645";"https://www.camara.leg.br/cota-parlamentar/documentos/publ/2227/2020/7083645.pdf"
"Danilo Forte";"";"62881";"91";"2019";"CE";"PP";"56";"1";"MANUTENÇÃO DE ESCRITÓRIO DE APOIO À ATIVIDADE PARLAMENTAR";"0";"";"CONDE & DELL ARINGA - DES DE SOFTWARES";"096.137.720/0017-3";"10116";"0";"2020-09-01T00:00:00";"400";"0";"400";"8";"2020";"0";"";"";"1714989";"";"";"";"2227";"7090029";"https://www.camara.leg.br/cota-parlamentar/documentos/publ/2227/2020/7090029.pdf"
"Danilo Forte";"";"62881";"91";"2019";"CE";"PP";"56";"1";"MANUTENÇÃO DE ESCRITÓRIO DE APOIO À ATIVIDADE PARLAMENTAR";"0";"";"CONDE & DELL ARINGA - DES DE SOFTWARES";"096.137.720/0017-3";"10171";"0";"2020-10-01T00:00:00";"400";"0";"400";"9";"2020";"0";"";"";"1721293";"";"";"";"2227";"7102994";"https://www.camara.leg.br/cota-parlamentar/documentos/publ/2227/2020/7102994.pdf"
"Danilo Forte";"";"62881";"91";"2019";"CE";"PP";"56";"1";"MANUTENÇÃO DE ESCRITÓRIO DE APOIO À ATIVIDADE PARLAMENTAR";"0";"";"Kalunga Comercio e Industria Grafica Ltda";"432.838.110/0597-6";"448687";"4";"2020-07-21T00:00:00";"43.3";"0";"43.3";"7";"2020";"0";"";"";"1707042";"";"";"";"2227";"7074234";"https://www.camara.leg.br/cota-parlamentar/nota-fiscal-eletronica?ideDocumentoFiscal=7074234"
"Danilo Forte";"";"62881";"91";"2019";"CE";"PP";"56";"1";"MANUTENÇÃO DE ESCRITÓRIO DE APOIO À ATIVIDADE PARLAMENTAR";"0";"";"Kalunga Comercio e Industria Grafica Ltda";"432.838.110/0597-6";"449088";"4";"2020-07-22T00:00:00";"104.5";"0";"104.5";"7";"2020";"0";"";"";"1707069";"";"";"";"2227";"7074292";"https://www.camara.leg.br/cota-parlamentar/nota-fiscal-eletronica?ideDocumentoFiscal=7074292"
"Danilo Forte";"";"62881";"91";"2019";"CE";"PP";"56";"3";"COMBUSTÍVEIS E LUBRIFICANTES.";"1";"Veículos Automotores";"AUTO POSTO GOLDEN GAS NB LTDA";"308.793.210/0017-9";"196772";"0";"2020-12-26T00:00:00";"141.03";"0";"141.03";"12";"2020";"0";"";"";"1736339";"";"";"";"2227";"7135682";"https://www.camara.leg.br/cota-parlamentar/documentos/publ/2227/2020/7135682.pdf"
"Danilo Forte";"";"62881";"91";"2019";"CE";"PP";"56";"3";"COMBUSTÍVEIS E LUBRIFICANTES.";"1";"Veículos Automotores";"CASCOL COMBUSTIVEIS PARA VEICULOS LTDA";"003.065.970/0257-4";"799172";"4";"2020-07-13T00:00:00";"200";"0";"200";"7";"2020";"0";"";"";"1705722";"";"";"";"2227";"7071720";"https://www.camara.leg.br/cota-parlamentar/nota-fiscal-eletronica?ideDocumentoFiscal=7071720"
"Danilo Forte";"";"62881";"91";"2019";"CE";"PP";"56";"3";"COMBUSTÍVEIS E LUBRIFICANTES.";"1";"Veículos Automotores";"CASCOL COMBUSTIVEIS PARA VEICULOS LTDA";"003.065.970/0729-0";"190421";"4";"2020-09-21T00:00:00";"200";"0";"200";"9";"2020";"0";"";"";"1717531";"";"";"";"2227";"7095089";"https://www.camara.leg.br/cota-parlamentar/nota-fiscal-eletronica?ideDocumentoFiscal=7095089"
"Danilo Forte";"";"62881";"91";"2019";"CE";"PP";"56";"3";"COMBUSTÍVEIS E LUBRIFICANTES.";"1";"Veículos Automotores";"CASCOL COMBUSTIVEIS PARA VEICULOS LTDA";"003.065.970/0729-0";"194782";"4";"2020-10-07T00:00:00";"200";"0";"200";"10";"2020";"0";"";"";"1720875";"";"";"";"2227";"7102173";"https://www.camara.leg.br/cota-parlamentar/nota-fiscal-eletronica?ideDocumentoFiscal=7102173"
"Danilo Forte";"";"62881";"91";"2019";"CE";"PP";"56";"3";"COMBUSTÍVEIS E LUBRIFICANTES.";"1";"Veículos Automotores";"GOES COMBUSTIVEIS LUBRIRICANTES E GLP LTDA";"054.543.900/0019-3";"272202";"4";"2020-09-29T00:00:00";"200";"0";"200";"9";"2020";"0";"";"";"1719088";"";"";"";"2227";"7098748";"https://www.camara.leg.br/cota-parlamentar/nota-fiscal-eletronica?ideDocumentoFiscal=7098748"
"Danilo Forte";"";"62881";"91";"2019";"CE";"PP";"56";"3";"COMBUSTÍVEIS E LUBRIFICANTES.";"1";"Veículos Automotores";"GOES COMBUSTIVEIS LUBRIRICANTES E GLP LTDA";"054.543.900/0019-3";"274198";"4";"2020-10-05T00:00:00";"100";"0";"100";"10";"2020";"0";"";"";"1720875";"";"";"";"2227";"7102175";"https://www.camara.leg.br/cota-parlamentar/nota-fiscal-eletronica?ideDocumentoFiscal=7102175"
"Danilo Forte";"";"62881";"91";"2019";"CE";"PP";"56";"3";"COMBUSTÍVEIS E LUBRIFICANTES.";"1";"Veículos Automotores";"GOES COMBUSTIVEIS LUBRIRICANTES E GLP LTDA";"054.543.900/0019-3";"277315";"4";"2020-10-15T00:00:00";"200";"0";"200";"10";"2020";"0";"";"";"1722080";"";"";"";"2227";"7104742";"https://www.camara.leg.br/cota-parlamentar/nota-fiscal-eletronica?ideDocumentoFiscal=7104742"
"Danilo Forte";"";"62881";"91";"2019";"CE";"PP";"56";"3";"COMBUSTÍVEIS E LUBRIFICANTES.";"1";"Veículos Automotores";"GOES COMBUSTIVEIS LUBRIRICANTES E GLP LTDA";"054.543.900/0019-3";"304093";"0";"2020-12-28T00:00:00";"261.97";"0";"261.97";"12";"2020";"0";"";"";"1736506";"";"";"";"2227";"7135979";"https://www.camara.leg.br/cota-parlamentar/documentos/publ/2227/2020/7135979.pdf"
"Danilo Forte";"";"62881";"91";"2019";"CE";"PP";"56";"3";"COMBUSTÍVEIS E LUBRIFICANTES.";"1";"Veículos Automotores";"PAPAGAIO COM. DE DERIV DE PETROLEO LTDA";"115.352.480/0017-3";"2652";"0";"2020-07-01T00:00:00";"2640.81";"0";"2640.81";"6";"2020";"0";"";"";"1707058";"";"";"";"2227";"7074278";"https://www.camara.leg.br/cota-parlamentar/documentos/publ/2227/2020/7074278.pdf"
"Danilo Forte";"";"62881";"91";"2019";"CE";"PP";"56";"3";"COMBUSTÍVEIS E LUBRIFICANTES.";"1";"Veículos Automotores";"PAPAGAIO COM. DE DERIV DE PETROLEO LTDA";"115.352.480/0017-3";"2675";"0";"2020-08-03T00:00:00";"1148.23";"0";"1148.23";"7";"2020";"0";"";"";"1711086";"";"";"";"2227";"7082162";"https://www.camara.leg.br/cota-parlamentar/documentos/publ/2227/2020/7082162.pdf"
"Danilo Forte";"";"62881";"91";"2019";"CE";"PP";"56";"3";"COMBUSTÍVEIS E LUBRIFICANTES.";"1";"Veículos Automotores";"PAPAGAIO COM. DE DERIV DE PETROLEO LTDA";"115.352.480/0017-3";"2694";"0";"2020-09-01T00:00:00";"3316.62";"0";"3316.62";"8";"2020";"0";"";"";"1717542";"";"";"";"2227";"7095120";"https://www.camara.leg.br/cota-parlamentar/documentos/publ/2227/2020/7095120.pdf"
"Danilo Forte";"";"62881";"91";"2019";"CE";"PP";"56";"3";"COMBUSTÍVEIS E LUBRIFICANTES.";"1";"Veículos Automotores";"PAPAGAIO COM. DE DERIV DE PETROLEO LTDA";"115.352.480/0017-3";"2717";"0";"2020-10-01T00:00:00";"4145.45";"0";"4145.45";"10";"2020";"0";"";"";"1720874";"";"";"";"2227";"7102171";"https://www.camara.leg.br/cota-parlamentar/documentos/publ/2227/2020/7102171.pdf"
"Danilo Forte";"";"62881";"91";"2019";"CE";"PP";"56";"3";"COMBUSTÍVEIS E LUBRIFICANTES.";"1";"Veículos Automotores";"POSTO DA TORRE EIRELI EPP";"044.731.930/0015-9";"6374";"4";"2020-08-17T00:00:00";"227.64";"0";"227.64";"8";"2020";"0";"";"";"1711808";"";"";"";"2227";"7083644";"https://www.camara.leg.br/cota-parlamentar/nota-fiscal-eletronica?ideDocumentoFiscal=7083644"
"Danilo Forte";"";"62881";"91";"2019";"CE";"PP";"56";"3";"COMBUSTÍVEIS E LUBRIFICANTES.";"1";"Veículos Automotores";"POSTO DA TORRE EIRELI EPP";"044.731.930/0015-9";"7682";"4";"2020-09-22T00:00:00";"230.75";"0";"230.75";"9";"2020";"0";"";"";"1718119";"";"";"";"2227";"7096474";"https://www.camara.leg.br/cota-parlamentar/nota-fiscal-eletronica?ideDocumentoFiscal=7096474"
"Danilo Forte";"";"62881";"91";"2019";"CE";"PP";"56";"3";"COMBUSTÍVEIS E LUBRIFICANTES.";"1";"Veículos Automotores";"POSTO ITAJAVE LTDA";"024.397.200/0018-3";"105495";"0";"2020-09-13T00:00:00";"215.02";"0";"215.02";"9";"2020";"0";"";"";"1717529";"";"";"";"2227";"7095099";"https://www.camara.leg.br/cota-parlamentar/documentos/publ/2227/2020/7095099.pdf"
"Danilo Forte";"";"62881";"91";"2019";"CE";"PP";"56";"3";"COMBUSTÍVEIS E LUBRIFICANTES.";"1";"Veículos Automotores";"R13 SETOR HOTELEIRO SUL COMERCIO DE PRODUTOS DERIVADOS DE PE";"320.151.030/0011-1";"1969";"4";"2020-08-25T00:00:00";"200";"0";"200";"8";"2020";"0";"";"";"1713140";"";"";"";"2227";"7086442";"https://www.camara.leg.br/cota-parlamentar/nota-fiscal-eletronica?ideDocumentoFiscal=7086442"
"Danilo Forte";"";"62881";"91";"2019";"CE";"PP";"56";"3";"COMBUSTÍVEIS E LUBRIFICANTES.";"1";"Veículos Automotores";"SAO JOAO POSTOS DE ABASTECIMENTO E SERVICOS LTDA";"371.304.810/0016-0";"255708";"4";"2020-07-21T00:00:00";"190.01";"0";"190.01";"7";"2020";"0";"";"";"1707042";"";"";"";"2227";"7074231";"https://www.camara.leg.br/cota-parlamentar/nota-fiscal-eletronica?ideDocumentoFiscal=7074231"
"Danilo Forte";"";"62881";"91";"2019";"CE";"PP";"56";"3";"COMBUSTÍVEIS E LUBRIFICANTES.";"1";"Veículos Automotores";"SAO JOAO POSTOS DE ABASTECIMENTO E SERVICOS LTDA";"371.304.810/0016-0";"257548";"4";"2020-08-17T00:00:00";"150";"0";"150";"8";"2020";"0";"";"";"1711808";"";"";"";"2227";"7083641";"https://www.camara.leg.br/cota-parlamentar/nota-fiscal-eletronica?ideDocumentoFiscal=7083641"
"Danilo Forte";"";"62881";"91";"2019";"CE";"PP";"56";"3";"COMBUSTÍVEIS E LUBRIFICANTES.";"1";"Veículos Automotores";"SAO JOAO POSTOS DE ABASTECIMENTO E SERVICOS LTDA";"371.304.810/0016-0";"269556";"4";"2020-12-22T00:00:00";"155";"0";"155";"12";"2020";"0";"";"";"1735773";"";"";"";"2227";"7134585";"https://www.camara.leg.br/cota-parlamentar/nota-fiscal-eletronica?ideDocumentoFiscal=7134585"
"Danilo Forte";"";"62881";"91";"2019";"CE";"PP";"56";"3";"COMBUSTÍVEIS E LUBRIFICANTES.";"1";"Veículos Automotores";"SUPER COMERCIO DE COMBUSTIVEIS LTDA";"037.206.750/0010-1";"107593";"0";"2020-09-12T00:00:00";"230";"0";"230";"9";"2020";"0";"";"";"1717529";"";"";"";"2227";"7095101";"https://www.camara.leg.br/cota-parlamentar/documentos/publ/2227/2020/7095101.pdf"
"Danilo Forte";"";"62881";"91";"2019";"CE";"PP";"56";"5";"DIVULGAÇÃO DA ATIVIDADE PARLAMENTAR.";"0";"";"ASSOCIAÇÃO CIVIL PARA O DESENVOLVIMENTO DE BARBALHA - ACDB";"042.049.940/0011-9";"72";"0";"2020-07-28T00:00:00";"1000";"0";"1000";"7";"2020";"0";"";"";"1708304";"";"";"";"2227";"7076869";"https://www.camara.leg.br/cota-parlamentar/documentos/publ/2227/2020/7076869.pdf"
"Danilo Forte";"";"62881";"91";"2019";"CE";"PP";"56";"5";"DIVULGAÇÃO DA ATIVIDADE PARLAMENTAR.";"0";"";"ASSOCIAÇÃO CIVIL PARA O DESENVOLVIMENTO DE BARBALHA - ACDB";"042.049.940/0011-9";"78";"0";"2020-09-30T00:00:00";"1000";"0";"1000";"8";"2020";"0";"";"";"1719321";"";"";"";"2227";"7099238";"https://www.camara.leg.br/cota-parlamentar/documentos/publ/2227/2020/7099238.pdf"
"Danilo Forte";"";"62881";"91";"2019";"CE";"PP";"56";"5";"DIVULGAÇÃO DA ATIVIDADE PARLAMENTAR.";"0";"";"AT HOME COMUNICAÇÃO";"222.705.430/0016-1";"315";"0";"2021-03-03T00:00:00";"1300";"0";"1300";"12";"2020";"0";"";"";"1749055";"";"";"";"2227";"7161874";"https://www.camara.leg.br/cota-parlamentar/documentos/publ/2227/2021/7161874.pdf"
"Danilo Forte";"";"62881";"91";"2019";"CE";"PP";"56";"5";"DIVULGAÇÃO DA ATIVIDADE PARLAMENTAR.";"0";"";"AURIMAR FELIZARDO DE HOLANDA";"363.527.770/0016-2";"13";"0";"2021-01-25T00:00:00";"1000";"0";"1000";"12";"2020";"0";"";"";"1740533";"";"";"";"2227";"7144432";"https://www.camara.leg.br/cota-parlamentar/documentos/publ/2227/2021/7144432.pdf"
"Danilo Forte";"";"62881";"91";"2019";"CE";"PP";"56";"5";"DIVULGAÇÃO DA ATIVIDADE PARLAMENTAR.";"0";"";"AURIMAR FELIZARDO DE HOLANDA";"363.527.770/0016-2";"6";"0";"2020-07-21T00:00:00";"1000";"0";"1000";"7";"2020";"0";"";"";"1706870";"";"";"";"2227";"7073897";"https://www.camara.leg.br/cota-parlamentar/documentos/publ/2227/2020/7073897.pdf"
"Danilo Forte";"";"62881";"91";"2019";"CE";"PP";"56";"5";"DIVULGAÇÃO DA ATIVIDADE PARLAMENTAR.";"0";"";"AURIMAR FELIZARDO DE HOLANDA";"363.527.770/0016-2";"7";"0";"2020-08-31T00:00:00";"1000";"0";"1000";"8";"2020";"0";"";"";"1713881";"";"";"";"2227";"7087909";"https://www.camara.leg.br/cota-parlamentar/documentos/publ/2227/2020/7087909.pdf"
"Danilo Forte";"";"62881";"91";"2019";"CE";"PP";"56";"5";"DIVULGAÇÃO DA ATIVIDADE PARLAMENTAR.";"0";"";"AURIMAR FELIZARDO DE HOLANDA";"363.527.770/0016-2";"8";"0";"2020-10-01T00:00:00";"1000";"0";"1000";"9";"2020";"0";"";"";"1720231";"";"";"";"2227";"7100919";"https://www.camara.leg.br/cota-parlamentar/documentos/publ/2227/2020/7100919.pdf"
"Danilo Forte";"";"62881";"91";"2019";"CE";"PP";"56";"5";"DIVULGAÇÃO DA ATIVIDADE PARLAMENTAR.";"0";"";"CASE COMUNICAÇÃO";"330.124.640/0017-7";"0000000029";"0";"2020-08-04T00:00:00";"4000";"0";"4000";"7";"2020";"0";"";"";"1709397";"";"";"";"2227";"7078890";"https://www.camara.leg.br/cota-parlamentar/documentos/publ/2227/2020/7078890.pdf"
"Danilo Forte";"";"62881";"91";"2019";"CE";"PP";"56";"5";"DIVULGAÇÃO DA ATIVIDADE PARLAMENTAR.";"0";"";"ELIENE RIBAS LIMA";"374.206.250/0011-2";"6";"0";"2020-09-22T00:00:00";"3500";"0";"3500";"8";"2020";"0";"";"";"1717825";"";"";"";"2227";"7095747";"https://www.camara.leg.br/cota-parlamentar/documentos/publ/2227/2020/7095747.pdf"
"Danilo Forte";"";"62881";"91";"2019";"CE";"PP";"56";"5";"DIVULGAÇÃO DA ATIVIDADE PARLAMENTAR.";"0";"";"ELIENE RIBAS LIMA";"374.206.250/0011-2";"7";"0";"2020-09-25T00:00:00";"3500";"0";"3500";"9";"2020";"0";"";"";"1718735";"";"";"";"2227";"7097879";"https://www.camara.leg.br/cota-parlamentar/documentos/publ/2227/2020/7097879.pdf"
"Danilo Forte";"";"62881";"91";"2019";"CE";"PP";"56";"5";"DIVULGAÇÃO DA ATIVIDADE PARLAMENTAR.";"0";"";"F§F ASSESSORIA DE COMUNICAÇÃO LTD";"413.399.950/0010-5";"0000001295";"0";"2020-09-23T00:00:00";"1000";"0";"1000";"9";"2020";"0";"";"";"1718734";"";"";"";"2227";"7097878";"https://www.camara.leg.br/cota-parlamentar/documentos/publ/2227/2020/7097878.pdf"
"Danilo Forte";"";"62881";"91";"2019";"CE";"PP";"56";"5";"DIVULGAÇÃO DA ATIVIDADE PARLAMENTAR.";"0";"";"F§F ASSESSORIA DE COMUNICAÇÃO LTD";"413.399.950/0010-5";"0000001314";"0";"2020-10-13T00:00:00";"1000";"0";"1000";"10";"2020";"0";"";"";"1722077";"";"";"";"2227";"7104731";"https://www.camara.leg.br/cota-parlamentar/documentos/publ/2227/2020/7104731.pdf"
"Danilo Forte";"";"62881";"91";"2019";"CE";"PP";"56";"5";"DIVULGAÇÃO DA ATIVIDADE PARLAMENTAR.";"0";"";"F§F ASSESSORIA DE COMUNICAÇÃO LTD";"413.399.950/0010-5";"000001278";"0";"2020-08-27T00:00:00";"1000";"0";"1000";"8";"2020";"0";"";"";"1713881";"";"";"";"2227";"7087905";"https://www.camara.leg.br/cota-parlamentar/documentos/publ/2227/2020/7087905.pdf"
"Danilo Forte";"";"62881";"91";"2019";"CE";"PP";"56";"5";"DIVULGAÇÃO DA ATIVIDADE PARLAMENTAR.";"0";"";"F§F ASSESSORIA DE COMUNICAÇÃO LTD";"413.399.950/0010-5";"1260";"0";"2020-07-23T00:00:00";"1000";"0";"1000";"7";"2020";"0";"";"";"1708304";"";"";"";"2227";"7076872";"https://www.camara.leg.br/cota-parlamentar/documentos/publ/2227/2020/7076872.pdf"
"Danilo Forte";"";"62881";"91";"2019";"CE";"PP";"56";"5";"DIVULGAÇÃO DA ATIVIDADE PARLAMENTAR.";"0";"";"FLORIANO RIOS";"327.790.290/0010-0";"002034173";"0";"2021-02-25T00:00:00";"3900";"0";"3900";"12";"2020";"0";"";"";"1749037";"";"";"";"2227";"7161829";"https://www.camara.leg.br/cota-parlamentar/documentos/publ/2227/2021/7161829.pdf"
"Danilo Forte";"";"62881";"91";"2019";"CE";"PP";"56";"5";"DIVULGAÇÃO DA ATIVIDADE PARLAMENTAR.";"0";"";"FM CARIUS LTDA";"037.374.480/0018-0";"129";"0";"2021-02-24T00:00:00";"4500";"1306.45";"3193.55";"12";"2020";"0";"";"";"1747134";"";"";"";"2227";"7158015";"https://www.camara.leg.br/cota-parlamentar/documentos/publ/2227/2021/7158015.pdf"
"Danilo Forte";"";"62881";"91";"2019";"CE";"PP";"56";"5";"DIVULGAÇÃO DA ATIVIDADE PARLAMENTAR.";"0";"";"J P BASTOS GERAUD MONTEIRO";"105.302.990/0014-0";"868";"0";"2020-10-01T00:00:00";"4000";"0";"4000";"9";"2020";"0";"";"";"1720232";"";"";"";"2227";"7100930";"https://www.camara.leg.br/cota-parlamentar/documentos/publ/2227/2020/7100930.pdf"
"Danilo Forte";"";"62881";"91";"2019";"CE";"PP";"56";"5";"DIVULGAÇÃO DA ATIVIDADE PARLAMENTAR.";"0";"";"J P BASTOS GERAUD MONTEIRO - ME";"105.302.990/0014-0";"871";"0";"2020-10-15T00:00:00";"6000";"0";"6000";"10";"2020";"0";"";"";"1722150";"";"";"";"2227";"7104893";"https://www.camara.leg.br/cota-parlamentar/documentos/publ/2227/2020/7104893.pdf"
"Danilo Forte";"";"62881";"91";"2019";"CE";"PP";"56";"5";"DIVULGAÇÃO DA ATIVIDADE PARLAMENTAR.";"0";"";"J P BASTOS GERAUD MONTEIRO - ME";"105.302.990/0014-0";"881";"0";"2020-12-23T00:00:00";"3000";"0";"3000";"12";"2020";"0";"";"";"1736310";"";"";"";"2227";"7135617";"https://www.camara.leg.br/cota-parlamentar/documentos/publ/2227/2020/7135617.pdf"
"Danilo Forte";"";"62881";"91";"2019";"CE";"PP";"56";"5";"DIVULGAÇÃO DA ATIVIDADE PARLAMENTAR.";"0";"";"JONAS DE MELO LOPES ME";"107.581.010/0018-0";"1004";"0";"2020-08-05T00:00:00";"1000";"0";"1000";"8";"2020";"0";"";"";"1711086";"";"";"";"2227";"7082141";"https://www.camara.leg.br/cota-parlamentar/documentos/publ/2227/2020/7082141.pdf"
"Danilo Forte";"";"62881";"91";"2019";"CE";"PP";"56";"5";"DIVULGAÇÃO DA ATIVIDADE PARLAMENTAR.";"0";"";"JONAS DE MELO LOPES ME";"107.581.010/0018-0";"1015";"0";"2020-09-22T00:00:00";"1000";"0";"1000";"9";"2020";"0";"";"";"1717982";"";"";"";"2227";"7096178";"https://www.camara.leg.br/cota-parlamentar/documentos/publ/2227/2020/7096178.pdf"
"Danilo Forte";"";"62881";"91";"2019";"CE";"PP";"56";"5";"DIVULGAÇÃO DA ATIVIDADE PARLAMENTAR.";"0";"";"JONAS DE MELO LOPES ME";"107.581.010/0018-0";"1036";"0";"2020-12-28T00:00:00";"1000";"0";"1000";"12";"2020";"0";"";"";"1736500";"";"";"";"2227";"7135969";"https://www.camara.leg.br/cota-parlamentar/documentos/publ/2227/2020/7135969.pdf"
"Danilo Forte";"";"62881";"91";"2019";"CE";"PP";"56";"5";"DIVULGAÇÃO DA ATIVIDADE PARLAMENTAR.";"0";"";"JONAS DE MELO LOPES ME";"107.581.010/0018-0";"997";"0";"2020-07-02T00:00:00";"1000";"0";"1000";"6";"2020";"0";"";"";"1704139";"";"";"";"2227";"7068748";"https://www.camara.leg.br/cota-parlamentar/documentos/publ/2227/2020/7068748.pdf"
"Danilo Forte";"";"62881";"91";"2019";"CE";"PP";"56";"5";"DIVULGAÇÃO DA ATIVIDADE PARLAMENTAR.";"0";"";"L&L COMUNICAÇÃO MARKETING E EVENTOS LTDA";"062.315.640/0011-1";"0000000004";"0";"2021-03-09T00:00:00";"5000";"0";"5000";"12";"2020";"0";"";"";"1751221";"";"";"";"2227";"7165158";"https://www.camara.leg.br/cota-parlamentar/documentos/publ/2227/2021/7165158.pdf"
"Danilo Forte";"";"62881";"91";"2019";"CE";"PP";"56";"5";"DIVULGAÇÃO DA ATIVIDADE PARLAMENTAR.";"0";"";"MAIKO JERONIMO DA SILVA";"284.131.430/0014-4";"178";"0";"2020-07-17T00:00:00";"3000";"0";"3000";"7";"2020";"0";"";"";"1706796";"";"";"";"2227";"7073745";"https://www.camara.leg.br/cota-parlamentar/documentos/publ/2227/2020/7073745.pdf"
"Danilo Forte";"";"62881";"91";"2019";"CE";"PP";"56";"5";"DIVULGAÇÃO DA ATIVIDADE PARLAMENTAR.";"0";"";"MAIKO JERONIMO DA SILVA";"284.131.430/0014-4";"183";"0";"2020-09-23T00:00:00";"3000";"0";"3000";"9";"2020";"0";"";"";"1721198";"";"";"";"2227";"7102789";"https://www.camara.leg.br/cota-parlamentar/documentos/publ/2227/2020/7102789.pdf"
"Danilo Forte";"";"62881";"91";"2019";"CE";"PP";"56";"5";"DIVULGAÇÃO DA ATIVIDADE PARLAMENTAR.";"0";"";"MAIKO JERONIMO DA SILVA";"284.131.430/0014-4";"192";"0";"2020-12-28T00:00:00";"2000";"0";"2000";"12";"2020";"0";"";"";"1736310";"";"";"";"2227";"7135615";"https://www.camara.leg.br/cota-parlamentar/documentos/publ/2227/2020/7135615.pdf"
"Danilo Forte";"";"62881";"91";"2019";"CE";"PP";"56";"5";"DIVULGAÇÃO DA ATIVIDADE PARLAMENTAR.";"0";"";"MAIKO JERONIMO DA SILVA 01383018324";"284.131.430/0014-4";"180";"0";"2020-08-20T00:00:00";"3000";"0";"3000";"8";"2020";"0";"";"";"1712793";"";"";"";"2227";"7085696";"https://www.camara.leg.br/cota-parlamentar/documentos/publ/2227/2020/7085696.pdf"
"Danilo Forte";"";"62881";"91";"2019";"CE";"PP";"56";"5";"DIVULGAÇÃO DA ATIVIDADE PARLAMENTAR.";"0";"";"NASC COMERCIO E SERVICOS LTDA";"251.978.440/0010-3";"0000000047";"0";"2020-09-29T00:00:00";"4000";"0";"4000";"8";"2020";"0";"";"";"1719212";"";"";"";"2227";"7098977";"https://www.camara.leg.br/cota-parlamentar/documentos/publ/2227/2020/7098977.pdf"
"Danilo Forte";"";"62881";"91";"2019";"CE";"PP";"56";"5";"DIVULGAÇÃO DA ATIVIDADE PARLAMENTAR.";"0";"";"NASC COMERCIO E SERVIÇOS LTDA";"251.978.440/0010-3";"0000000064";"0";"2021-01-27T00:00:00";"2000";"0";"2000";"12";"2020";"0";"";"";"1741448";"";"";"";"2227";"7146529";"https://www.camara.leg.br/cota-parlamentar/documentos/publ/2227/2021/7146529.pdf"
"Danilo Forte";"";"62881";"91";"2019";"CE";"PP";"56";"5";"DIVULGAÇÃO DA ATIVIDADE PARLAMENTAR.";"0";"";"RADIO ARARIPE DE CEDRO LTDA";"065.977.510/0011-3";"180";"0";"2020-08-27T00:00:00";"1000";"0";"1000";"7";"2020";"0";"";"";"1713879";"";"";"";"2227";"7087912";"https://www.camara.leg.br/cota-parlamentar/documentos/publ/2227/2020/7087912.pdf"
"Danilo Forte";"";"62881";"91";"2019";"CE";"PP";"56";"5";"DIVULGAÇÃO DA ATIVIDADE PARLAMENTAR.";"0";"";"RADIO ARARIPE DE CEDRO LTDA";"065.977.510/0011-3";"181";"0";"2020-08-27T00:00:00";"1000";"0";"1000";"8";"2020";"0";"";"";"1713881";"";"";"";"2227";"7087915";"https://www.camara.leg.br/cota-parlamentar/documentos/publ/2227/2020/7087915.pdf"
"Danilo Forte";"";"62881";"91";"2019";"CE";"PP";"56";"5";"DIVULGAÇÃO DA ATIVIDADE PARLAMENTAR.";"0";"";"RADIO DIFUSORA CRISTAL LTDA";"077.436.510/0011-0";"0000000929";"0";"2020-07-08T00:00:00";"2000";"0";"2000";"7";"2020";"0";"";"";"1707077";"";"";"";"2227";"7074307";"https://www.camara.leg.br/cota-parlamentar/documentos/publ/2227/2020/7074307.pdf"
"Danilo Forte";"";"62881";"91";"2019";"CE";"PP";"56";"5";"DIVULGAÇÃO DA ATIVIDADE PARLAMENTAR.";"0";"";"RADIO DIFUSORA CRISTAL LTDA";"077.436.510/0011-0";"0000000936";"0";"2020-08-10T00:00:00";"2000";"0";"2000";"8";"2020";"0";"";"";"1711088";"";"";"";"2227";"7082160";"https://www.camara.leg.br/cota-parlamentar/documentos/publ/2227/2020/7082160.pdf"
"Danilo Forte";"";"62881";"91";"2019";"CE";"PP";"56";"5";"DIVULGAÇÃO DA ATIVIDADE PARLAMENTAR.";"0";"";"RADIO DIFUSORA CRISTAL LTDA";"077.436.510/0011-0";"0000000943";"0";"2020-09-07T00:00:00";"2000";"0";"2000";"9";"2020";"0";"";"";"1716422";"";"";"";"2227";"7092781";"https://www.camara.leg.br/cota-parlamentar/documentos/publ/2227/2020/7092781.pdf"
"Danilo Forte";"";"62881";"91";"2019";"CE";"PP";"56";"5";"DIVULGAÇÃO DA ATIVIDADE PARLAMENTAR.";"0";"";"RADIO DIFUSORA CRISTAL LTDA";"077.436.510/0011-0";"0000000953";"0";"2020-10-14T00:00:00";"2000";"0";"2000";"10";"2020";"0";"";"";"1722078";"";"";"";"2227";"7104729";"https://www.camara.leg.br/cota-parlamentar/documentos/publ/2227/2020/7104729.pdf"
"Danilo Forte";"";"62881";"91";"2019";"CE";"PP";"56";"5";"DIVULGAÇÃO DA ATIVIDADE PARLAMENTAR.";"0";"";"RADIO DIFUSORA CRISTAL LTDA";"077.436.510/0011-0";"0000000980";"0";"2021-01-13T00:00:00";"2000";"0";"2000";"12";"2020";"0";"";"";"1738990";"";"";"";"2227";"7141039";"https://www.camara.leg.br/cota-parlamentar/documentos/publ/2227/2021/7141039.pdf"
"Danilo Forte";"";"62881";"91";"2019";"CE";"PP";"56";"5";"DIVULGAÇÃO DA ATIVIDADE PARLAMENTAR.";"0";"";"RADIO FM CANAVIAL LTDA";"350.364.170/0019-9";"470";"0";"2021-02-24T00:00:00";"5500";"1596.77";"3903.23";"12";"2020";"0";"";"";"1747134";"";"";"";"2227";"7158008";"https://www.camara.leg.br/cota-parlamentar/documentos/publ/2227/2021/7158008.pdf"
"Danilo Forte";"";"62881";"91";"2019";"CE";"PP";"56";"5";"DIVULGAÇÃO DA ATIVIDADE PARLAMENTAR.";"0";"";"RÁDIO FM CRATEÚS LTDA";"105.280.730/0010-4";"374";"0";"2021-02-24T00:00:00";"5000";"1451.61";"3548.39";"12";"2020";"0";"";"";"1747134";"";"";"";"2227";"7158018";"https://www.camara.leg.br/cota-parlamentar/documentos/publ/2227/2021/7158018.pdf"
"Danilo Forte";"";"62881";"91";"2019";"CE";"PP";"56";"5";"DIVULGAÇÃO DA ATIVIDADE PARLAMENTAR.";"0";"";"TRICY PROPAGANDA LTDA ME";"060.777.650/0010-6";"855";"0";"2020-07-24T00:00:00";"1000";"0";"1000";"7";"2020";"0";"";"";"1708304";"";"";"";"2227";"7076871";"https://www.camara.leg.br/cota-parlamentar/documentos/publ/2227/2020/7076871.pdf"
"Danilo Forte";"";"62881";"91";"2019";"CE";"PP";"56";"13";"FORNECIMENTO DE ALIMENTAÇÃO DO PARLAMENTAR";"0";"";"BRASILIA GRILL BAR E RESTAURANTE LTDA";"090.693.660/0019-1";"72595";"0";"2020-12-17T01:00:00";"85";"0";"85";"12";"2020";"0";"";"";"1734715";"";"";"";"2227";"7132358";"https://www.camara.leg.br/cota-parlamentar/documentos/publ/2227/2020/7132358.pdf"
"Danilo Forte";"";"62881";"91";"2019";"CE";"PP";"56";"13";"FORNECIMENTO DE ALIMENTAÇÃO DO PARLAMENTAR";"0";"";"COCO BAMBU IGUATEMI FORTALEZA";"352.189.150/0015-2";"007559";"0";"2020-10-09T00:00:00";"95";"0";"95";"10";"2020";"0";"";"";"1722138";"";"";"";"2227";"7104747";"https://www.camara.leg.br/cota-parlamentar/documentos/publ/2227/2020/7104747.pdf"
"Danilo Forte";"";"62881";"91";"2019";"CE";"PP";"56";"13";"FORNECIMENTO DE ALIMENTAÇÃO DO PARLAMENTAR";"0";"";"EMPORIO MARCO POLO COMERCIO DE ALIMENTOS LTDA";"127.563.720/0012-1";"003019";"0";"2020-08-21T00:00:00";"105";"10.5";"94.5";"8";"2020";"0";"";"";"1714864";"";"";"";"2227";"7089849";"https://www.camara.leg.br/cota-parlamentar/documentos/publ/2227/2020/7089849.pdf"
"Danilo Forte";"";"62881";"91";"2019";"CE";"PP";"56";"13";"FORNECIMENTO DE ALIMENTAÇÃO DO PARLAMENTAR";"0";"";"FGW COMERCIO DE BEBIDAS E ALIMENTOS LTDA";"105.990.570/0029-3";"42219";"4";"2020-10-14T00:00:00";"103.18";"9.38";"93.8";"10";"2020";"0";"";"";"1722199";"";"";"";"2227";"7105005";"https://www.camara.leg.br/cota-parlamentar/nota-fiscal-eletronica?ideDocumentoFiscal=7105005"
"Danilo Forte";"";"62881";"91";"2019";"CE";"PP";"56";"13";"FORNECIMENTO DE ALIMENTAÇÃO DO PARLAMENTAR";"0";"";"PBJM COMERCIO DE GENEROS ALIMENTICIOS LTDA";"090.541.580/0011-9";"90560";"4";"2020-09-03T00:00:00";"75";"0";"75";"9";"2020";"0";"";"";"1715030";"";"";"";"2227";"7090108";"https://www.camara.leg.br/cota-parlamentar/nota-fiscal-eletronica?ideDocumentoFiscal=7090108"
"Danilo Forte";"";"62881";"91";"2019";"CE";"PP";"56";"13";"FORNECIMENTO DE ALIMENTAÇÃO DO PARLAMENTAR";"0";"";"PBJM COMERCIO DE GENEROS ALIMENTICIOS LTDA";"090.541.580/0011-9";"93480";"4";"2020-09-29T00:00:00";"85";"8.5";"76.5";"9";"2020";"0";"";"";"1719246";"";"";"";"2227";"7099040";"https://www.camara.leg.br/cota-parlamentar/nota-fiscal-eletronica?ideDocumentoFiscal=7099040"
"Danilo Forte";"";"62881";"91";"2019";"CE";"PP";"56";"13";"FORNECIMENTO DE ALIMENTAÇÃO DO PARLAMENTAR";"0";"";"SAL E BRASA E CHURRASCARIA LTDA";"073.425.410/0014-7";"030034";"0";"2020-09-12T00:00:00";"80";"0";"80";"9";"2020";"0";"";"";"1717530";"";"";"";"2227";"7095096";"https://www.camara.leg.br/cota-parlamentar/documentos/publ/2227/2020/7095096.pdf"
"Danilo Forte";"";"62881";"91";"2019";"CE";"PP";"56";"14";"HOSPEDAGEM ,EXCETO DO PARLAMENTAR NO DISTRITO FEDERAL.";"0";"";"ICH ADMINISTRACAO DE HOTEIS S.A.";"025.849.240/0380-8";"00066328";"0";"2020-09-22T00:00:00";"383.78";"0";"383.78";"9";"2020";"0";"";"";"1718246";"";"";"";"2227";"7096742";"https://www.camara.leg.br/cota-parlamentar/documentos/publ/2227/2020/7096742.pdf"
"Danilo Forte";"";"62881";"91";"2019";"CE";"PP";"56";"14";"HOSPEDAGEM ,EXCETO DO PARLAMENTAR NO DISTRITO FEDERAL.";"0";"";"MELIA BRASIL ADMINISTRACAO HOTELEIRA E COMERCIAL LTDA.";"624.138.770/0199-0";"00502970";"0";"2020-12-23T00:00:00";"450.19";"2";"448.19";"12";"2020";"0";"";"";"1736312";"";"";"";"2227";"7135619";"https://www.camara.leg.br/cota-parlamentar/documentos/publ/2227/2020/7135619.pdf"
"Danilo Forte";"";"62881";"91";"2019";"CE";"PP";"56";"119";"LOCAÇÃO OU FRETAMENTO DE AERONAVES";"0";"";"UIRAPURU TAXI AEREO LTDA";"073.820.210/0016-8";"630";"0";"2020-08-24T00:00:00";"12000";"0";"12000";"8";"2020";"0";"";"";"1712808";"";"";"";"2227";"7085747";"https://www.camara.leg.br/cota-parlamentar/documentos/publ/2227/2020/7085747.pdf"
"Danilo Forte";"";"62881";"91";"2019";"CE";"PP";"56";"120";"LOCAÇÃO OU FRETAMENTO DE VEÍCULOS AUTOMOTORES";"0";"";"MONT CAR";"048.741.730/0019-0";"216";"0";"2020-07-02T00:00:00";"7800";"0";"7800";"6";"2020";"0";"";"";"1706674";"";"";"";"2227";"7073501";"https://www.camara.leg.br/cota-parlamentar/documentos/publ/2227/2020/7073501.pdf"
"Danilo Forte";"";"62881";"91";"2019";"CE";"PP";"56";"120";"LOCAÇÃO OU FRETAMENTO DE VEÍCULOS AUTOMOTORES";"0";"";"MONT CAR";"048.741.730/0019-0";"222";"0";"2020-08-12T00:00:00";"7800";"0";"7800";"7";"2020";"0";"";"";"1711087";"";"";"";"2227";"7082168";"https://www.camara.leg.br/cota-parlamentar/documentos/publ/2227/2020/7082168.pdf"
"Danilo Forte";"";"62881";"91";"2019";"CE";"PP";"56";"120";"LOCAÇÃO OU FRETAMENTO DE VEÍCULOS AUTOMOTORES";"0";"";"MONT CAR";"048.741.730/0019-0";"226";"0";"2020-09-18T00:00:00";"7800";"0";"7800";"8";"2020";"0";"";"";"1717538";"";"";"";"2227";"7095117";"https://www.camara.leg.br/cota-parlamentar/documentos/publ/2227/2020/7095117.pdf"
"Norma Ayub";"";"66179";"282";"2019";"ES";"PP";"56";"1";"MANUTENÇÃO DE ESCRITÓRIO DE APOIO À ATIVIDADE PARLAMENTAR";"0";"";"COPITEC";"394.015.260/0011-9";"5606";"1";"2020-11-23T00:00:00";"129.23";"0";"129.23";"11";"2020";"0";"";"";"1739790";"";"";"";"3163";"7142747";"https://www.camara.leg.br/cota-parlamentar/documentos/publ/3163/2021/7142747.pdf"
"Norma Ayub";"";"66179";"282";"2019";"ES";"PP";"56";"1";"MANUTENÇÃO DE ESCRITÓRIO DE APOIO À ATIVIDADE PARLAMENTAR";"0";"";"COPITEC COMERCIO E SERVICOS DE INFORMATICA EIRELI";"394.015.260/0011-9";"5478";"1";"2020-10-23T00:00:00";"129.23";"0";"129.23";"10";"2020";"0";"";"";"1734779";"";"";"";"3163";"7132417";"https://www.camara.leg.br/cota-parlamentar/documentos/publ/3163/2020/7132417.pdf"
"Norma Ayub";"";"66179";"282";"2019";"ES";"PP";"56";"1";"MANUTENÇÃO DE ESCRITÓRIO DE APOIO À ATIVIDADE PARLAMENTAR";"0";"";"COPITEC COMERCIO E SERVICOS DE INFORMATICA EIRELI";"394.015.260/0011-9";"5750";"1";"2020-12-21T00:00:00";"129.23";"0";"129.23";"12";"2020";"0";"";"";"1737880";"";"";"";"3163";"7138719";"https://www.camara.leg.br/cota-parlamentar/documentos/publ/3163/2021/7138719.pdf"
"Norma Ayub";"";"66179";"282";"2019";"ES";"PP";"56";"1";"MANUTENÇÃO DE ESCRITÓRIO DE APOIO À ATIVIDADE PARLAMENTAR";"0";"";"EDP ESPIRITO SANTO DISTRIBUIÇÃO DE ENERGIA S.A";"281.526.500/0017-1";"042728669";"0";"2020-03-10T00:00:00";"35.31";"1.22";"34.09";"2";"2020";"0";"";"";"1697933";"";"";"";"3163";"7057442";"https://www.camara.leg.br/cota-parlamentar/documentos/publ/3163/2020/7057442.pdf"
"Norma Ayub";"";"66179";"282";"2019";"ES";"PP";"56";"1";"MANUTENÇÃO DE ESCRITÓRIO DE APOIO À ATIVIDADE PARLAMENTAR";"0";"";"EDP ESPIRITO SANTO DISTRIBUICAO DE ENERGIA S.A.";"281.526.500/0017-1";"041048291";"0";"2020-01-27T00:00:00";"35.05";"1.67";"33.38";"1";"2020";"0";"";"";"1676094";"";"";"";"3163";"7014486";"https://www.camara.leg.br/cota-parlamentar/documentos/publ/3163/2020/7014486.pdf"
"Norma Ayub";"";"66179";"282";"2019";"ES";"PP";"56";"1";"MANUTENÇÃO DE ESCRITÓRIO DE APOIO À ATIVIDADE PARLAMENTAR";"0";"";"EDP ESPIRITO SANTO DISTRIBUICAO DE ENERGIA S.A.";"281.526.500/0017-1";"041049243";"0";"2020-01-27T00:00:00";"67.5";"0";"67.5";"1";"2020";"0";"";"";"1676094";"";"";"";"3163";"7014487";"https://www.camara.leg.br/cota-parlamentar/documentos/publ/3163/2020/7014487.pdf"
"Norma Ayub";"";"66179";"282";"2019";"ES";"PP";"56";"1";"MANUTENÇÃO DE ESCRITÓRIO DE APOIO À ATIVIDADE PARLAMENTAR";"0";"";"EDP ESPIRITO SANTO DISTRIBUICAO DE ENERGIA S.A.";"281.526.500/0017-1";"041049300";"0";"2020-01-27T00:00:00";"195.13";"3.46";"191.67";"1";"2020";"0";"";"";"1676094";"";"";"";"3163";"7014488";"https://www.camara.leg.br/cota-parlamentar/documentos/publ/3163/2020/7014488.pdf"
"Norma Ayub";"";"66179";"282";"2019";"ES";"PP";"56";"1";"MANUTENÇÃO DE ESCRITÓRIO DE APOIO À ATIVIDADE PARLAMENTAR";"0";"";"EDP ESPIRITO SANTO DISTRIBUICAO DE ENERGIA S.A.";"281.526.500/0017-1";"042728609";"0";"2020-03-10T00:00:00";"122.38";"0.61";"121.77";"2";"2020";"0";"";"";"1697933";"";"";"";"3163";"7057437";"https://www.camara.leg.br/cota-parlamentar/documentos/publ/3163/2020/7057437.pdf"
"Norma Ayub";"";"66179";"282";"2019";"ES";"PP";"56";"1";"MANUTENÇÃO DE ESCRITÓRIO DE APOIO À ATIVIDADE PARLAMENTAR";"0";"";"EDP ESPIRITO SANTO DISTRIBUICAO DE ENERGIA S.A.";"281.526.500/0017-1";"042728720";"0";"2020-03-10T00:00:00";"228.12";"3.6";"224.52";"2";"2020";"0";"";"";"1697933";"";"";"";"3163";"7057447";"https://www.camara.leg.br/cota-parlamentar/documentos/publ/3163/2020/7057447.pdf"
"Norma Ayub";"";"66179";"282";"2019";"ES";"PP";"56";"1";"MANUTENÇÃO DE ESCRITÓRIO DE APOIO À ATIVIDADE PARLAMENTAR";"0";"";"EDP ESPIRITO SANTO DISTRIBUICAO DE ENERGIA S.A.";"281.526.500/0017-1";"042728769";"0";"2020-03-10T00:00:00";"168.85";"0";"168.85";"2";"2020";"0";"";"";"1697933";"";"";"";"3163";"7057458";"https://www.camara.leg.br/cota-parlamentar/documentos/publ/3163/2020/7057458.pdf"
"Norma Ayub";"";"66179";"282";"2019";"ES";"PP";"56";"1";"MANUTENÇÃO DE ESCRITÓRIO DE APOIO À ATIVIDADE PARLAMENTAR";"0";"";"EDP ESPIRITO SANTO DISTRIBUICAO DE ENERGIA S.A.";"281.526.500/0017-1";"046023053";"0";"2020-04-27T00:00:00";"68.25";"0";"68.25";"4";"2020";"0";"";"";"1704869";"";"";"";"3163";"7070120";"https://www.camara.leg.br/cota-parlamentar/documentos/publ/3163/2020/7070120.pdf"
"Norma Ayub";"";"66179";"282";"2019";"ES";"PP";"56";"1";"MANUTENÇÃO DE ESCRITÓRIO DE APOIO À ATIVIDADE PARLAMENTAR";"0";"";"EDP ESPIRITO SANTO DISTRIBUICAO DE ENERGIA S.A.";"281.526.500/0017-1";"046023109";"0";"2020-04-27T00:00:00";"112.16";"3.08";"109.08";"4";"2020";"0";"";"";"1704869";"";"";"";"3163";"7070126";"https://www.camara.leg.br/cota-parlamentar/documentos/publ/3163/2020/7070126.pdf"
"Norma Ayub";"";"66179";"282";"2019";"ES";"PP";"56";"1";"MANUTENÇÃO DE ESCRITÓRIO DE APOIO À ATIVIDADE PARLAMENTAR";"0";"";"EDP ESPIRITO SANTO DISTRIBUICAO DE ENERGIA S.A.";"281.526.500/0017-1";"046023174";"0";"2020-04-27T00:00:00";"35.47";"0";"35.47";"4";"2020";"0";"";"";"1704869";"";"";"";"3163";"7070114";"https://www.camara.leg.br/cota-parlamentar/documentos/publ/3163/2020/7070114.pdf"
"Norma Ayub";"";"66179";"282";"2019";"ES";"PP";"56";"1";"MANUTENÇÃO DE ESCRITÓRIO DE APOIO À ATIVIDADE PARLAMENTAR";"0";"";"EDP ESPIRITO SANTO DISTRIBUICAO DE ENERGIA S.A.";"281.526.500/0017-1";"047795707";"0";"2020-05-27T00:00:00";"66.42";"0";"66.42";"5";"2020";"0";"";"";"1704902";"";"";"";"3163";"7070175";"https://www.camara.leg.br/cota-parlamentar/documentos/publ/3163/2020/7070175.pdf"
"Norma Ayub";"";"66179";"282";"2019";"ES";"PP";"56";"1";"MANUTENÇÃO DE ESCRITÓRIO DE APOIO À ATIVIDADE PARLAMENTAR";"0";"";"EDP ESPIRITO SANTO DISTRIBUICAO DE ENERGIA S.A.";"281.526.500/0017-1";"047795876";"0";"2020-05-27T00:00:00";"95.46";"0";"95.46";"5";"2020";"0";"";"";"1704902";"";"";"";"3163";"7070176";"https://www.camara.leg.br/cota-parlamentar/documentos/publ/3163/2020/7070176.pdf"
"Norma Ayub";"";"66179";"282";"2019";"ES";"PP";"56";"1";"MANUTENÇÃO DE ESCRITÓRIO DE APOIO À ATIVIDADE PARLAMENTAR";"0";"";"EDP ESPIRITO SANTO DISTRIBUICAO DE ENERGIA S.A.";"281.526.500/0017-1";"049490779";"0";"2020-06-25T00:00:00";"35.08";"0";"35.08";"6";"2020";"0";"";"";"1704877";"";"";"";"3163";"7070130";"https://www.camara.leg.br/cota-parlamentar/documentos/publ/3163/2020/7070130.pdf"
"Norma Ayub";"";"66179";"282";"2019";"ES";"PP";"56";"1";"MANUTENÇÃO DE ESCRITÓRIO DE APOIO À ATIVIDADE PARLAMENTAR";"0";"";"EDP ESPIRITO SANTO DISTRIBUICAO DE ENERGIA S.A.";"281.526.500/0017-1";"049490902";"0";"2020-06-25T00:00:00";"67.91";"0";"67.91";"6";"2020";"0";"";"";"1704877";"";"";"";"3163";"7070134";"https://www.camara.leg.br/cota-parlamentar/documentos/publ/3163/2020/7070134.pdf"
"Norma Ayub";"";"66179";"282";"2019";"ES";"PP";"56";"1";"MANUTENÇÃO DE ESCRITÓRIO DE APOIO À ATIVIDADE PARLAMENTAR";"0";"";"EDP ESPIRITO SANTO DISTRIBUICAO DE ENERGIA S.A.";"281.526.500/0017-1";"049490955";"0";"2020-06-25T00:00:00";"102.05";"1.63";"100.42";"6";"2020";"0";"";"";"1704877";"";"";"";"3163";"7070139";"https://www.camara.leg.br/cota-parlamentar/documentos/publ/3163/2020/7070139.pdf"
"Norma Ayub";"";"66179";"282";"2019";"ES";"PP";"56";"1";"MANUTENÇÃO DE ESCRITÓRIO DE APOIO À ATIVIDADE PARLAMENTAR";"0";"";"EDP ESPIRITO SANTO DISTRIBUICAO DE ENERGIA S.A.";"281.526.500/0017-1";"049491014";"0";"2020-06-25T00:00:00";"67.3";"0";"67.3";"6";"2020";"0";"";"";"1704877";"";"";"";"3163";"7070132";"https://www.camara.leg.br/cota-parlamentar/documentos/publ/3163/2020/7070132.pdf"
"Norma Ayub";"";"66179";"282";"2019";"ES";"PP";"56";"1";"MANUTENÇÃO DE ESCRITÓRIO DE APOIO À ATIVIDADE PARLAMENTAR";"0";"";"EDP ESPIRITO SANTO DISTRIBUICAO DE ENERGIA S.A.";"281.526.500/0017-1";"051171209";"0";"2020-07-27T00:00:00";"35.65";"1.7";"33.95";"7";"2020";"0";"";"";"1721948";"";"";"";"3163";"7104473";"https://www.camara.leg.br/cota-parlamentar/documentos/publ/3163/2020/7104473.pdf"
"Norma Ayub";"";"66179";"282";"2019";"ES";"PP";"56";"1";"MANUTENÇÃO DE ESCRITÓRIO DE APOIO À ATIVIDADE PARLAMENTAR";"0";"";"EDP ESPIRITO SANTO DISTRIBUICAO DE ENERGIA S.A.";"281.526.500/0017-1";"051171272";"0";"2020-07-27T00:00:00";"115.53";"13.15";"102.38";"7";"2020";"0";"";"";"1721948";"";"";"";"3163";"7104480";"https://www.camara.leg.br/cota-parlamentar/documentos/publ/3163/2020/7104480.pdf"
"Norma Ayub";"";"66179";"282";"2019";"ES";"PP";"56";"1";"MANUTENÇÃO DE ESCRITÓRIO DE APOIO À ATIVIDADE PARLAMENTAR";"0";"";"EDP ESPIRITO SANTO DISTRIBUICAO DE ENERGIA S.A.";"281.526.500/0017-1";"051171328";"0";"2020-07-27T00:00:00";"39.77";"6.36";"33.41";"7";"2020";"0";"";"";"1721948";"";"";"";"3163";"7104476";"https://www.camara.leg.br/cota-parlamentar/documentos/publ/3163/2020/7104476.pdf"
"Norma Ayub";"";"66179";"282";"2019";"ES";"PP";"56";"1";"MANUTENÇÃO DE ESCRITÓRIO DE APOIO À ATIVIDADE PARLAMENTAR";"0";"";"EDP ESPIRITO SANTO DISTRIBUICAO DE ENERGIA S.A.";"281.526.500/0017-1";"052853914";"0";"2020-08-26T00:00:00";"68.6";"0";"68.6";"8";"2020";"0";"";"";"1721960";"";"";"";"3163";"7104492";"https://www.camara.leg.br/cota-parlamentar/documentos/publ/3163/2020/7104492.pdf"
"Norma Ayub";"";"66179";"282";"2019";"ES";"PP";"56";"1";"MANUTENÇÃO DE ESCRITÓRIO DE APOIO À ATIVIDADE PARLAMENTAR";"0";"";"EDP ESPIRITO SANTO DISTRIBUICAO DE ENERGIA S.A.";"281.526.500/0017-1";"052853972";"0";"2020-08-26T00:00:00";"35.65";"1.14";"34.51";"8";"2020";"0";"";"";"1721960";"";"";"";"3163";"7104489";"https://www.camara.leg.br/cota-parlamentar/documentos/publ/3163/2020/7104489.pdf"
"Norma Ayub";"";"66179";"282";"2019";"ES";"PP";"56";"1";"MANUTENÇÃO DE ESCRITÓRIO DE APOIO À ATIVIDADE PARLAMENTAR";"0";"";"EDP ESPIRITO SANTO DISTRIBUICAO DE ENERGIA S.A.";"281.526.500/0017-1";"052854032";"0";"2020-08-26T00:00:00";"36.35";"1.84";"34.51";"8";"2020";"0";"";"";"1721960";"";"";"";"3163";"7104499";"https://www.camara.leg.br/cota-parlamentar/documentos/publ/3163/2020/7104499.pdf"
"Norma Ayub";"";"66179";"282";"2019";"ES";"PP";"56";"1";"MANUTENÇÃO DE ESCRITÓRIO DE APOIO À ATIVIDADE PARLAMENTAR";"0";"";"EDP ESPIRITO SANTO DISTRIBUICAO DE ENERGIA S.A.";"281.526.500/0017-1";"052854079";"0";"2020-08-26T00:00:00";"35.11";"0.6";"34.51";"8";"2020";"0";"";"";"1721960";"";"";"";"3163";"7104494";"https://www.camara.leg.br/cota-parlamentar/documentos/publ/3163/2020/7104494.pdf"
"Norma Ayub";"";"66179";"282";"2019";"ES";"PP";"56";"1";"MANUTENÇÃO DE ESCRITÓRIO DE APOIO À ATIVIDADE PARLAMENTAR";"0";"";"EDP ESPIRITO SANTO DISTRIBUICAO DE ENERGIA S.A.";"281.526.500/0017-1";"054548066";"0";"2020-09-25T00:00:00";"36.3";"1.33";"34.97";"9";"2020";"0";"";"";"1731409";"";"";"";"3163";"7125423";"https://www.camara.leg.br/cota-parlamentar/documentos/publ/3163/2020/7125423.pdf"
"Norma Ayub";"";"66179";"282";"2019";"ES";"PP";"56";"1";"MANUTENÇÃO DE ESCRITÓRIO DE APOIO À ATIVIDADE PARLAMENTAR";"0";"";"EDP ESPIRITO SANTO DISTRIBUICAO DE ENERGIA S.A.";"281.526.500/0017-1";"054548117";"0";"2020-09-25T00:00:00";"36.85";"1.98";"34.87";"9";"2020";"0";"";"";"1731409";"";"";"";"3163";"7125424";"https://www.camara.leg.br/cota-parlamentar/documentos/publ/3163/2020/7125424.pdf"
"Norma Ayub";"";"66179";"282";"2019";"ES";"PP";"56";"1";"MANUTENÇÃO DE ESCRITÓRIO DE APOIO À ATIVIDADE PARLAMENTAR";"0";"";"EDP ESPIRITO SANTO DISTRIBUICAO DE ENERGIA S.A.";"281.526.500/0017-1";"054548163";"0";"2020-09-25T00:00:00";"39.56";"4.69";"34.87";"9";"2020";"0";"";"";"1731409";"";"";"";"3163";"7125428";"https://www.camara.leg.br/cota-parlamentar/documentos/publ/3163/2020/7125428.pdf"
"Norma Ayub";"";"66179";"282";"2019";"ES";"PP";"56";"1";"MANUTENÇÃO DE ESCRITÓRIO DE APOIO À ATIVIDADE PARLAMENTAR";"0";"";"EDP ESPIRITO SANTO DISTRIBUICAO DE ENERGIA S.A.";"281.526.500/0017-1";"054548217";"0";"2020-09-25T00:00:00";"36.92";"2.05";"34.87";"9";"2020";"0";"";"";"1731409";"";"";"";"3163";"7125426";"https://www.camara.leg.br/cota-parlamentar/documentos/publ/3163/2020/7125426.pdf"
"Norma Ayub";"";"66179";"282";"2019";"ES";"PP";"56";"1";"MANUTENÇÃO DE ESCRITÓRIO DE APOIO À ATIVIDADE PARLAMENTAR";"0";"";"EDP ESPIRITO SANTO DISTRIBUICAO DE ENERGIA S.A.";"281.526.500/0017-1";"056231442";"0";"2020-10-27T00:00:00";"35.84";"0.61";"35.23";"10";"2020";"0";"";"";"1731420";"";"";"";"3163";"7125443";"https://www.camara.leg.br/cota-parlamentar/documentos/publ/3163/2020/7125443.pdf"
"Norma Ayub";"";"66179";"282";"2019";"ES";"PP";"56";"1";"MANUTENÇÃO DE ESCRITÓRIO DE APOIO À ATIVIDADE PARLAMENTAR";"0";"";"EDP ESPIRITO SANTO DISTRIBUICAO DE ENERGIA S.A.";"281.526.500/0017-1";"056231492";"0";"2020-10-27T00:00:00";"35.84";"0.61";"35.23";"10";"2020";"0";"";"";"1731420";"";"";"";"3163";"7125438";"https://www.camara.leg.br/cota-parlamentar/documentos/publ/3163/2020/7125438.pdf"
"Norma Ayub";"";"66179";"282";"2019";"ES";"PP";"56";"1";"MANUTENÇÃO DE ESCRITÓRIO DE APOIO À ATIVIDADE PARLAMENTAR";"0";"";"EDP ESPIRITO SANTO DISTRIBUICAO DE ENERGIA S.A.";"281.526.500/0017-1";"056231545";"0";"2020-10-27T00:00:00";"35.84";"0";"35.84";"10";"2020";"0";"";"";"1731420";"";"";"";"3163";"7125430";"https://www.camara.leg.br/cota-parlamentar/documentos/publ/3163/2020/7125430.pdf"
"Norma Ayub";"";"66179";"282";"2019";"ES";"PP";"56";"1";"MANUTENÇÃO DE ESCRITÓRIO DE APOIO À ATIVIDADE PARLAMENTAR";"0";"";"EDP ESPIRITO SANTO DISTRIBUICAO DE ENERGIA S.A.";"281.526.500/0017-1";"056231595";"0";"2020-10-27T00:00:00";"35.84";"0";"35.84";"10";"2020";"0";"";"";"1731420";"";"";"";"3163";"7125439";"https://www.camara.leg.br/cota-parlamentar/documentos/publ/3163/2020/7125439.pdf"
"Norma Ayub";"";"66179";"282";"2019";"ES";"PP";"56";"1";"MANUTENÇÃO DE ESCRITÓRIO DE APOIO À ATIVIDADE PARLAMENTAR";"0";"";"EDP ESPIRITO SANTO DISTRIBUICAO DE ENERGIA S.A.";"281.526.500/0017-1";"057930163";"0";"2020-11-25T01:00:00";"36.19";"0.62";"35.57";"11";"2020";"0";"";"";"1731424";"";"";"";"3163";"7125444";"https://www.camara.leg.br/cota-parlamentar/documentos/publ/3163/2020/7125444.pdf"
"Norma Ayub";"";"66179";"282";"2019";"ES";"PP";"56";"1";"MANUTENÇÃO DE ESCRITÓRIO DE APOIO À ATIVIDADE PARLAMENTAR";"0";"";"EDP ESPIRITO SANTO DISTRIBUICAO DE ENERGIA S.A.";"281.526.500/0017-1";"057930219";"0";"2020-11-25T01:00:00";"36.19";"0.62";"35.57";"11";"2020";"0";"";"";"1731424";"";"";"";"3163";"7125445";"https://www.camara.leg.br/cota-parlamentar/documentos/publ/3163/2020/7125445.pdf"
"Norma Ayub";"";"66179";"282";"2019";"ES";"PP";"56";"1";"MANUTENÇÃO DE ESCRITÓRIO DE APOIO À ATIVIDADE PARLAMENTAR";"0";"";"EDP ESPIRITO SANTO DISTRIBUICAO DE ENERGIA S.A.";"281.526.500/0017-1";"057930275";"0";"2020-11-25T01:00:00";"36.19";"0.62";"35.57";"11";"2020";"0";"";"";"1731424";"";"";"";"3163";"7125446";"https://www.camara.leg.br/cota-parlamentar/documentos/publ/3163/2020/7125446.pdf"
"Norma Ayub";"";"66179";"282";"2019";"ES";"PP";"56";"1";"MANUTENÇÃO DE ESCRITÓRIO DE APOIO À ATIVIDADE PARLAMENTAR";"0";"";"EDP ESPIRITO SANTO DISTRIBUICAO DE ENERGIA S.A.";"281.526.500/0017-1";"057930322";"0";"2020-11-25T01:00:00";"36.19";"0.62";"35.57";"11";"2020";"0";"";"";"1731424";"";"";"";"3163";"7125452";"https://www.camara.leg.br/cota-parlamentar/documentos/publ/3163/2020/7125452.pdf"
"Norma Ayub";"";"66179";"282";"2019";"ES";"PP";"56";"1";"MANUTENÇÃO DE ESCRITÓRIO DE APOIO À ATIVIDADE PARLAMENTAR";"0";"";"EDP ESPIRITO SANTO DISTRIBUICAO DE ENERGIA S.A.";"281.526.500/0017-1";"059.635.063";"0";"2020-12-28T00:00:00";"41.4";"3.04";"38.36";"12";"2020";"0";"";"";"1737466";"";"";"";"3163";"7137878";"https://www.camara.leg.br/cota-parlamentar/documentos/publ/3163/2021/7137878.pdf"
"Norma Ayub";"";"66179";"282";"2019";"ES";"PP";"56";"1";"MANUTENÇÃO DE ESCRITÓRIO DE APOIO À ATIVIDADE PARLAMENTAR";"0";"";"EDP ESPIRITO SANTO DISTRIBUICAO DE ENERGIA S.A.";"281.526.500/0017-1";"059.635.127";"0";"2020-12-28T00:00:00";"41.28";"2.92";"38.36";"12";"2020";"0";"";"";"1737466";"";"";"";"3163";"7137884";"https://www.camara.leg.br/cota-parlamentar/documentos/publ/3163/2021/7137884.pdf"
"Norma Ayub";"";"66179";"282";"2019";"ES";"PP";"56";"1";"MANUTENÇÃO DE ESCRITÓRIO DE APOIO À ATIVIDADE PARLAMENTAR";"0";"";"EDP ESPIRITO SANTO DISTRIBUICAO DE ENERGIA S.A.";"281.526.500/0017-1";"059634959";"0";"2020-12-28T00:00:00";"41.22";"2.86";"38.36";"12";"2020";"0";"";"";"1737466";"";"";"";"3163";"7137888";"https://www.camara.leg.br/cota-parlamentar/documentos/publ/3163/2021/7137888.pdf"
"Norma Ayub";"";"66179";"282";"2019";"ES";"PP";"56";"1";"MANUTENÇÃO DE ESCRITÓRIO DE APOIO À ATIVIDADE PARLAMENTAR";"0";"";"EDP ESPIRITO SANTO DISTRIBUICAO DE ENERGIA S.A.";"281.526.500/0017-1";"059635013";"0";"2020-12-28T00:00:00";"41.22";"2.86";"38.36";"12";"2020";"0";"";"";"1737466";"";"";"";"3163";"7137889";"https://www.camara.leg.br/cota-parlamentar/documentos/publ/3163/2021/7137889.pdf"
"Norma Ayub";"";"66179";"282";"2019";"ES";"PP";"56";"1";"MANUTENÇÃO DE ESCRITÓRIO DE APOIO À ATIVIDADE PARLAMENTAR";"0";"";"MASTER TOWER";"047.883.560/0019-2";"00396608";"1";"2019-12-12T00:00:00";"422.5";"16.41";"406.09";"1";"2020";"0";"";"";"1682572";"";"";"";"3163";"7014502";"https://www.camara.leg.br/cota-parlamentar/documentos/publ/3163/2020/7014502.pdf"
"Norma Ayub";"";"66179";"282";"2019";"ES";"PP";"56";"1";"MANUTENÇÃO DE ESCRITÓRIO DE APOIO À ATIVIDADE PARLAMENTAR";"0";"";"MASTER TOWER";"047.883.560/0019-2";"00396609";"1";"2019-12-12T00:00:00";"431.32";"16.75";"414.57";"1";"2020";"0";"";"";"1682572";"";"";"";"3163";"7014505";"https://www.camara.leg.br/cota-parlamentar/documentos/publ/3163/2020/7014505.pdf"
"Norma Ayub";"";"66179";"282";"2019";"ES";"PP";"56";"1";"MANUTENÇÃO DE ESCRITÓRIO DE APOIO À ATIVIDADE PARLAMENTAR";"0";"";"MASTER TOWER";"047.883.560/0019-2";"00396610";"1";"2019-12-12T00:00:00";"440.13";"17.09";"423.04";"1";"2020";"0";"";"";"1682572";"";"";"";"3163";"7014508";"https://www.camara.leg.br/cota-parlamentar/documentos/publ/3163/2020/7014508.pdf"
"Norma Ayub";"";"66179";"282";"2019";"ES";"PP";"56";"1";"MANUTENÇÃO DE ESCRITÓRIO DE APOIO À ATIVIDADE PARLAMENTAR";"0";"";"MASTER TOWER";"047.883.560/0019-2";"00396611";"1";"2019-12-12T00:00:00";"449.27";"17.45";"431.82";"1";"2020";"0";"";"";"1682572";"";"";"";"3163";"7014507";"https://www.camara.leg.br/cota-parlamentar/documentos/publ/3163/2020/7014507.pdf"
"Norma Ayub";"";"66179";"282";"2019";"ES";"PP";"56";"1";"MANUTENÇÃO DE ESCRITÓRIO DE APOIO À ATIVIDADE PARLAMENTAR";"0";"";"MASTER TOWER";"047.883.560/0019-2";"00405063";"1";"2020-01-20T00:00:00";"413.13";"16.41";"396.72";"2";"2020";"0";"";"";"1676071";"";"";"";"3163";"7014430";"https://www.camara.leg.br/cota-parlamentar/documentos/publ/3163/2020/7014430.pdf"
"Norma Ayub";"";"66179";"282";"2019";"ES";"PP";"56";"1";"MANUTENÇÃO DE ESCRITÓRIO DE APOIO À ATIVIDADE PARLAMENTAR";"0";"";"MASTER TOWER";"047.883.560/0019-2";"00405064";"1";"2020-01-20T00:00:00";"421.75";"16.75";"405";"2";"2020";"0";"";"";"1676071";"";"";"";"3163";"7014433";"https://www.camara.leg.br/cota-parlamentar/documentos/publ/3163/2020/7014433.pdf"
"Norma Ayub";"";"66179";"282";"2019";"ES";"PP";"56";"1";"MANUTENÇÃO DE ESCRITÓRIO DE APOIO À ATIVIDADE PARLAMENTAR";"0";"";"MASTER TOWER";"047.883.560/0019-2";"00405065";"1";"2020-01-20T00:00:00";"430.37";"17.09";"413.28";"2";"2020";"0";"";"";"1676071";"";"";"";"3163";"7014437";"https://www.camara.leg.br/cota-parlamentar/documentos/publ/3163/2020/7014437.pdf"
"Norma Ayub";"";"66179";"282";"2019";"ES";"PP";"56";"1";"MANUTENÇÃO DE ESCRITÓRIO DE APOIO À ATIVIDADE PARLAMENTAR";"0";"";"MASTER TOWER";"047.883.560/0019-2";"00405066";"1";"2020-01-20T00:00:00";"439.31";"17.45";"421.86";"2";"2020";"0";"";"";"1676071";"";"";"";"3163";"7014424";"https://www.camara.leg.br/cota-parlamentar/documentos/publ/3163/2020/7014424.pdf"
"Norma Ayub";"";"66179";"282";"2019";"ES";"PP";"56";"1";"MANUTENÇÃO DE ESCRITÓRIO DE APOIO À ATIVIDADE PARLAMENTAR";"0";"";"MASTER TOWER";"047.883.560/0019-2";"00412639";"1";"2020-02-19T00:00:00";"417.85";"16.41";"401.44";"3";"2020";"0";"";"";"1697941";"";"";"";"3163";"7057468";"https://www.camara.leg.br/cota-parlamentar/documentos/publ/3163/2020/7057468.pdf"
"Norma Ayub";"";"66179";"282";"2019";"ES";"PP";"56";"1";"MANUTENÇÃO DE ESCRITÓRIO DE APOIO À ATIVIDADE PARLAMENTAR";"0";"";"MASTER TOWER";"047.883.560/0019-2";"00412640";"1";"2020-02-19T00:00:00";"426.57";"16.75";"409.82";"3";"2020";"0";"";"";"1697941";"";"";"";"3163";"7057472";"https://www.camara.leg.br/cota-parlamentar/documentos/publ/3163/2020/7057472.pdf"
"Norma Ayub";"";"66179";"282";"2019";"ES";"PP";"56";"1";"MANUTENÇÃO DE ESCRITÓRIO DE APOIO À ATIVIDADE PARLAMENTAR";"0";"";"MASTER TOWER";"047.883.560/0019-2";"00412641";"1";"2020-02-19T00:00:00";"435.29";"17.09";"418.2";"3";"2020";"0";"";"";"1697941";"";"";"";"3163";"7057478";"https://www.camara.leg.br/cota-parlamentar/documentos/publ/3163/2020/7057478.pdf"
"Norma Ayub";"";"66179";"282";"2019";"ES";"PP";"56";"1";"MANUTENÇÃO DE ESCRITÓRIO DE APOIO À ATIVIDADE PARLAMENTAR";"0";"";"MASTER TOWER";"047.883.560/0019-2";"00412642";"1";"2020-02-19T00:00:00";"444.32";"17.45";"426.87";"3";"2020";"0";"";"";"1697941";"";"";"";"3163";"7057481";"https://www.camara.leg.br/cota-parlamentar/documentos/publ/3163/2020/7057481.pdf"
"Norma Ayub";"";"66179";"282";"2019";"ES";"PP";"56";"1";"MANUTENÇÃO DE ESCRITÓRIO DE APOIO À ATIVIDADE PARLAMENTAR";"0";"";"MASTER TOWER";"047.883.560/0019-2";"00456968";"1";"2020-06-17T00:00:00";"378.94";"15.86";"363.08";"7";"2020";"0";"";"";"1705045";"";"";"";"3163";"7070418";"https://www.camara.leg.br/cota-parlamentar/documentos/publ/3163/2020/7070418.pdf"
"Norma Ayub";"";"66179";"282";"2019";"ES";"PP";"56";"1";"MANUTENÇÃO DE ESCRITÓRIO DE APOIO À ATIVIDADE PARLAMENTAR";"0";"";"MASTER TOWER";"047.883.560/0019-2";"00456969";"1";"2020-06-17T00:00:00";"386.85";"16.19";"370.66";"7";"2020";"0";"";"";"1705045";"";"";"";"3163";"7070415";"https://www.camara.leg.br/cota-parlamentar/documentos/publ/3163/2020/7070415.pdf"
"Norma Ayub";"";"66179";"282";"2019";"ES";"PP";"56";"1";"MANUTENÇÃO DE ESCRITÓRIO DE APOIO À ATIVIDADE PARLAMENTAR";"0";"";"MASTER TOWER";"047.883.560/0019-2";"00456970";"1";"2020-06-17T00:00:00";"394.76";"16.52";"378.24";"7";"2020";"0";"";"";"1705045";"";"";"";"3163";"7070416";"https://www.camara.leg.br/cota-parlamentar/documentos/publ/3163/2020/7070416.pdf"
"Norma Ayub";"";"66179";"282";"2019";"ES";"PP";"56";"1";"MANUTENÇÃO DE ESCRITÓRIO DE APOIO À ATIVIDADE PARLAMENTAR";"0";"";"MASTER TOWER";"047.883.560/0019-2";"00456971";"1";"2020-06-17T00:00:00";"402.95";"16.87";"386.08";"7";"2020";"0";"";"";"1705045";"";"";"";"3163";"7070414";"https://www.camara.leg.br/cota-parlamentar/documentos/publ/3163/2020/7070414.pdf"
"Norma Ayub";"";"66179";"282";"2019";"ES";"PP";"56";"1";"MANUTENÇÃO DE ESCRITÓRIO DE APOIO À ATIVIDADE PARLAMENTAR";"0";"";"MASTER TOWER";"047.883.560/0019-2";"00464398";"1";"2020-08-05T00:00:00";"393.1";"21.68";"371.42";"8";"2020";"0";"";"";"1712258";"";"";"";"3163";"7084574";"https://www.camara.leg.br/cota-parlamentar/documentos/publ/3163/2020/7084574.pdf"
"Norma Ayub";"";"66179";"282";"2019";"ES";"PP";"56";"1";"MANUTENÇÃO DE ESCRITÓRIO DE APOIO À ATIVIDADE PARLAMENTAR";"0";"";"MASTER TOWER";"047.883.560/0019-2";"00464399";"1";"2020-08-05T00:00:00";"401.25";"22.09";"379.16";"8";"2020";"0";"";"";"1712258";"";"";"";"3163";"7084577";"https://www.camara.leg.br/cota-parlamentar/documentos/publ/3163/2020/7084577.pdf"
"Norma Ayub";"";"66179";"282";"2019";"ES";"PP";"56";"1";"MANUTENÇÃO DE ESCRITÓRIO DE APOIO À ATIVIDADE PARLAMENTAR";"0";"";"MASTER TOWER";"047.883.560/0019-2";"00464401";"1";"2020-08-05T00:00:00";"418.04";"23.09";"394.95";"8";"2020";"0";"";"";"1712258";"";"";"";"3163";"7084582";"https://www.camara.leg.br/cota-parlamentar/documentos/publ/3163/2020/7084582.pdf"
"Norma Ayub";"";"66179";"282";"2019";"ES";"PP";"56";"1";"MANUTENÇÃO DE ESCRITÓRIO DE APOIO À ATIVIDADE PARLAMENTAR";"0";"";"MASTER TOWER";"047.883.560/0019-2";"00473381";"1";"2020-09-05T00:00:00";"399.02";"16.19";"382.83";"9";"2020";"0";"";"";"1731059";"";"";"";"3163";"7124725";"https://www.camara.leg.br/cota-parlamentar/documentos/publ/3163/2020/7124725.pdf"
"Norma Ayub";"";"66179";"282";"2019";"ES";"PP";"56";"1";"MANUTENÇÃO DE ESCRITÓRIO DE APOIO À ATIVIDADE PARLAMENTAR";"0";"";"MASTER TOWER";"047.883.560/0019-2";"00473382";"1";"2020-09-05T00:00:00";"407.19";"16.52";"390.67";"9";"2020";"0";"";"";"1731059";"";"";"";"3163";"7124726";"https://www.camara.leg.br/cota-parlamentar/documentos/publ/3163/2020/7124726.pdf"
"Norma Ayub";"";"66179";"282";"2019";"ES";"PP";"56";"1";"MANUTENÇÃO DE ESCRITÓRIO DE APOIO À ATIVIDADE PARLAMENTAR";"0";"";"MASTER TOWER";"047.883.560/0019-2";"00473383";"1";"2020-09-05T00:00:00";"415.64";"16.87";"398.77";"9";"2020";"0";"";"";"1731059";"";"";"";"3163";"7124729";"https://www.camara.leg.br/cota-parlamentar/documentos/publ/3163/2020/7124729.pdf"
"Norma Ayub";"";"66179";"282";"2019";"ES";"PP";"56";"1";"MANUTENÇÃO DE ESCRITÓRIO DE APOIO À ATIVIDADE PARLAMENTAR";"0";"";"MASTER TOWER";"047.883.560/0019-2";"00481231";"1";"2020-10-05T00:00:00";"402.24";"15.86";"386.38";"10";"2020";"0";"";"";"1729814";"";"";"";"3163";"7122193";"https://www.camara.leg.br/cota-parlamentar/documentos/publ/3163/2020/7122193.pdf"
"Norma Ayub";"";"66179";"282";"2019";"ES";"PP";"56";"1";"MANUTENÇÃO DE ESCRITÓRIO DE APOIO À ATIVIDADE PARLAMENTAR";"0";"";"MASTER TOWER";"047.883.560/0019-2";"00481232";"1";"2020-10-05T00:00:00";"410.64";"16.19";"394.45";"10";"2020";"0";"";"";"1729815";"";"";"";"3163";"7122190";"https://www.camara.leg.br/cota-parlamentar/documentos/publ/3163/2020/7122190.pdf"
"Norma Ayub";"";"66179";"282";"2019";"ES";"PP";"56";"1";"MANUTENÇÃO DE ESCRITÓRIO DE APOIO À ATIVIDADE PARLAMENTAR";"0";"";"MASTER TOWER";"047.883.560/0019-2";"00481233";"1";"2020-10-05T00:00:00";"419.04";"16.52";"402.52";"10";"2020";"0";"";"";"1729814";"";"";"";"3163";"7122188";"https://www.camara.leg.br/cota-parlamentar/documentos/publ/3163/2020/7122188.pdf"
"Norma Ayub";"";"66179";"282";"2019";"ES";"PP";"56";"1";"MANUTENÇÃO DE ESCRITÓRIO DE APOIO À ATIVIDADE PARLAMENTAR";"0";"";"MASTER TOWER";"047.883.560/0019-2";"00481234";"1";"2020-10-05T00:00:00";"427.73";"16.87";"410.86";"10";"2020";"0";"";"";"1729814";"";"";"";"3163";"7122187";"https://www.camara.leg.br/cota-parlamentar/documentos/publ/3163/2020/7122187.pdf"
"Norma Ayub";"";"66179";"282";"2019";"ES";"PP";"56";"1";"MANUTENÇÃO DE ESCRITÓRIO DE APOIO À ATIVIDADE PARLAMENTAR";"0";"";"MASTER TOWER";"047.883.560/0019-2";"00489437";"1";"2020-10-30T00:00:00";"402.38";"15.86";"386.52";"11";"2020";"0";"";"";"1731444";"";"";"";"3163";"7125474";"https://www.camara.leg.br/cota-parlamentar/documentos/publ/3163/2020/7125474.pdf"
"Norma Ayub";"";"66179";"282";"2019";"ES";"PP";"56";"1";"MANUTENÇÃO DE ESCRITÓRIO DE APOIO À ATIVIDADE PARLAMENTAR";"0";"";"MASTER TOWER";"047.883.560/0019-2";"00489438";"1";"2020-10-30T00:00:00";"410.77";"16.19";"394.58";"11";"2020";"0";"";"";"1731444";"";"";"";"3163";"7125473";"https://www.camara.leg.br/cota-parlamentar/documentos/publ/3163/2020/7125473.pdf"
"Norma Ayub";"";"66179";"282";"2019";"ES";"PP";"56";"1";"MANUTENÇÃO DE ESCRITÓRIO DE APOIO À ATIVIDADE PARLAMENTAR";"0";"";"MASTER TOWER";"047.883.560/0019-2";"00489439";"1";"2020-10-30T00:00:00";"419.18";"16.52";"402.66";"11";"2020";"0";"";"";"1731444";"";"";"";"3163";"7125472";"https://www.camara.leg.br/cota-parlamentar/documentos/publ/3163/2020/7125472.pdf"
"Norma Ayub";"";"66179";"282";"2019";"ES";"PP";"56";"1";"MANUTENÇÃO DE ESCRITÓRIO DE APOIO À ATIVIDADE PARLAMENTAR";"0";"";"MASTER TOWER";"047.883.560/0019-2";"00489440";"1";"2020-10-30T00:00:00";"427.87";"16.87";"411";"11";"2020";"0";"";"";"1731444";"";"";"";"3163";"7125471";"https://www.camara.leg.br/cota-parlamentar/documentos/publ/3163/2020/7125471.pdf"
"Norma Ayub";"";"66179";"282";"2019";"ES";"PP";"56";"1";"MANUTENÇÃO DE ESCRITÓRIO DE APOIO À ATIVIDADE PARLAMENTAR";"0";"";"MASTER TOWER";"047.883.560/0019-2";"00499397";"1";"2020-11-20T01:00:00";"402.87";"15.86";"387.01";"12";"2020";"0";"";"";"1731844";"";"";"";"3163";"7126236";"https://www.camara.leg.br/cota-parlamentar/documentos/publ/3163/2020/7126236.pdf"
"Norma Ayub";"";"66179";"282";"2019";"ES";"PP";"56";"1";"MANUTENÇÃO DE ESCRITÓRIO DE APOIO À ATIVIDADE PARLAMENTAR";"0";"";"MASTER TOWER";"047.883.560/0019-2";"00499398";"1";"2020-11-20T01:00:00";"411.28";"16.19";"395.09";"12";"2020";"0";"";"";"1731844";"";"";"";"3163";"7126239";"https://www.camara.leg.br/cota-parlamentar/documentos/publ/3163/2020/7126239.pdf"
"Norma Ayub";"";"66179";"282";"2019";"ES";"PP";"56";"1";"MANUTENÇÃO DE ESCRITÓRIO DE APOIO À ATIVIDADE PARLAMENTAR";"0";"";"MASTER TOWER";"047.883.560/0019-2";"00499399";"1";"2020-11-20T01:00:00";"414.69";"16.52";"398.17";"12";"2020";"0";"";"";"1731844";"";"";"";"3163";"7126243";"https://www.camara.leg.br/cota-parlamentar/documentos/publ/3163/2020/7126243.pdf"
"Norma Ayub";"";"66179";"282";"2019";"ES";"PP";"56";"1";"MANUTENÇÃO DE ESCRITÓRIO DE APOIO À ATIVIDADE PARLAMENTAR";"0";"";"MASTER TOWER";"047.883.560/0019-2";"00499400";"1";"2020-11-20T01:00:00";"428.4";"16.87";"411.53";"12";"2020";"0";"";"";"1731844";"";"";"";"3163";"7126244";"https://www.camara.leg.br/cota-parlamentar/documentos/publ/3163/2020/7126244.pdf"
"Norma Ayub";"";"66179";"282";"2019";"ES";"PP";"56";"1";"MANUTENÇÃO DE ESCRITÓRIO DE APOIO À ATIVIDADE PARLAMENTAR";"0";"";"MASTER TOWER";"047.883.560/0019-2";"438856";"1";"2020-05-05T00:00:00";"436.25";"17.39";"418.86";"5";"2020";"0";"";"";"1704530";"";"";"";"3163";"7069519";"https://www.camara.leg.br/cota-parlamentar/documentos/publ/3163/2020/7069519.pdf"
"Norma Ayub";"";"66179";"282";"2019";"ES";"PP";"56";"1";"MANUTENÇÃO DE ESCRITÓRIO DE APOIO À ATIVIDADE PARLAMENTAR";"0";"";"MASTER TOWER";"047.883.560/0019-2";"438860";"1";"2020-05-05T00:00:00";"445.37";"17.75";"427.62";"5";"2020";"0";"";"";"1704530";"";"";"";"3163";"7069516";"https://www.camara.leg.br/cota-parlamentar/documentos/publ/3163/2020/7069516.pdf"
"Norma Ayub";"";"66179";"282";"2019";"ES";"PP";"56";"1";"MANUTENÇÃO DE ESCRITÓRIO DE APOIO À ATIVIDADE PARLAMENTAR";"0";"";"MASTER TOWER";"047.883.560/0019-2";"438861";"1";"2020-05-05T00:00:00";"454.48";"18.12";"436.36";"5";"2020";"0";"";"";"1704530";"";"";"";"3163";"7069502";"https://www.camara.leg.br/cota-parlamentar/documentos/publ/3163/2020/7069502.pdf"
"Norma Ayub";"";"66179";"282";"2019";"ES";"PP";"56";"1";"MANUTENÇÃO DE ESCRITÓRIO DE APOIO À ATIVIDADE PARLAMENTAR";"0";"";"MASTER TOWER";"047.883.560/0019-2";"438862";"1";"2020-05-05T00:00:00";"463.9";"18.49";"445.41";"5";"2020";"0";"";"";"1704530";"";"";"";"3163";"7069490";"https://www.camara.leg.br/cota-parlamentar/documentos/publ/3163/2020/7069490.pdf"
"Norma Ayub";"";"66179";"282";"2019";"ES";"PP";"56";"1";"MANUTENÇÃO DE ESCRITÓRIO DE APOIO À ATIVIDADE PARLAMENTAR";"0";"";"MASTER TOWER";"047.883.560/0019-2";"464400";"1";"2020-08-05T00:00:00";"409.43";"22.5";"386.93";"8";"2020";"0";"";"";"1712258";"";"";"";"3163";"7084579";"https://www.camara.leg.br/cota-parlamentar/documentos/publ/3163/2020/7084579.pdf"
"Norma Ayub";"";"66179";"282";"2019";"ES";"PP";"56";"1";"MANUTENÇÃO DE ESCRITÓRIO DE APOIO À ATIVIDADE PARLAMENTAR";"0";"";"MASTER TOWER";"047.883.560/0019-2";"s/n";"1";"2020-09-05T00:00:00";"390.87";"15.86";"375.01";"9";"2020";"0";"";"";"1731059";"";"";"";"3163";"7124714";"https://www.camara.leg.br/cota-parlamentar/documentos/publ/3163/2020/7124714.pdf"
"Norma Ayub";"";"66179";"282";"2019";"ES";"PP";"56";"1";"MANUTENÇÃO DE ESCRITÓRIO DE APOIO À ATIVIDADE PARLAMENTAR";"0";"";"Paulo Roberto de Araújo Bastos";"277.024.646/15  -";"s/n";"1";"2020-02-06T00:00:00";"4500";"0";"4500";"1";"2020";"0";"";"";"1676076";"";"";"";"3163";"7014456";"https://www.camara.leg.br/cota-parlamentar/documentos/publ/3163/2020/7014456.pdf"
"Norma Ayub";"";"66179";"282";"2019";"ES";"PP";"56";"1";"MANUTENÇÃO DE ESCRITÓRIO DE APOIO À ATIVIDADE PARLAMENTAR";"0";"";"Paulo Roberto de Araújo Bastos";"277.024.646/15  -";"s/n";"1";"2020-04-07T00:00:00";"4852";"0";"4852";"3";"2020";"0";"";"";"1697216";"";"";"";"3163";"7056160";"https://www.camara.leg.br/cota-parlamentar/documentos/publ/3163/2020/7056160.pdf"
"Norma Ayub";"";"66179";"282";"2019";"ES";"PP";"56";"1";"MANUTENÇÃO DE ESCRITÓRIO DE APOIO À ATIVIDADE PARLAMENTAR";"0";"";"Paulo Roberto de Araújo Bastos";"277.024.646/15  -";"S/N";"1";"2020-05-06T00:00:00";"4852";"0";"4852";"4";"2020";"0";"";"";"1704535";"";"";"";"3163";"7069523";"https://www.camara.leg.br/cota-parlamentar/documentos/publ/3163/2020/7069523.pdf"
"Norma Ayub";"";"66179";"282";"2019";"ES";"PP";"56";"1";"MANUTENÇÃO DE ESCRITÓRIO DE APOIO À ATIVIDADE PARLAMENTAR";"0";"";"Paulo Roberto de Araújo Bastos";"277.024.646/15  -";"s/N";"1";"2020-06-08T00:00:00";"4852";"0";"4852";"5";"2020";"0";"";"";"1711836";"";"";"";"3163";"7083689";"https://www.camara.leg.br/cota-parlamentar/documentos/publ/3163/2020/7083689.pdf"
"Norma Ayub";"";"66179";"282";"2019";"ES";"PP";"56";"1";"MANUTENÇÃO DE ESCRITÓRIO DE APOIO À ATIVIDADE PARLAMENTAR";"0";"";"Paulo Roberto de Araújo Bastos";"277.024.646/15  -";"s/n";"1";"2020-07-07T00:00:00";"4852";"0";"4852";"6";"2020";"0";"";"";"1711839";"";"";"";"3163";"7083698";"https://www.camara.leg.br/cota-parlamentar/documentos/publ/3163/2020/7083698.pdf"
"Norma Ayub";"";"66179";"282";"2019";"ES";"PP";"56";"1";"MANUTENÇÃO DE ESCRITÓRIO DE APOIO À ATIVIDADE PARLAMENTAR";"0";"";"Paulo Roberto de Araújo Bastos";"277.024.646/15  -";"s/n";"1";"2020-08-07T00:00:00";"4852";"0";"4852";"7";"2020";"0";"";"";"1711843";"";"";"";"3163";"7083702";"https://www.camara.leg.br/cota-parlamentar/documentos/publ/3163/2020/7083702.pdf"
"Norma Ayub";"";"66179";"282";"2019";"ES";"PP";"56";"1";"MANUTENÇÃO DE ESCRITÓRIO DE APOIO À ATIVIDADE PARLAMENTAR";"0";"";"Paulo Roberto de Araújo Bastos";"277.024.646/15  -";"s/n";"1";"2020-10-07T00:00:00";"4852";"0";"4852";"9";"2020";"0";"";"";"1729820";"";"";"";"3163";"7122206";"https://www.camara.leg.br/cota-parlamentar/documentos/publ/3163/2020/7122206.pdf"
"Norma Ayub";"";"66179";"282";"2019";"ES";"PP";"56";"1";"MANUTENÇÃO DE ESCRITÓRIO DE APOIO À ATIVIDADE PARLAMENTAR";"0";"";"Paulo Roberto de Araújo Bastos";"277.024.646/15  -";"S/N";"1";"2020-11-09T01:00:00";"4852";"0";"4852";"10";"2020";"0";"";"";"1729821";"";"";"";"3163";"7122208";"https://www.camara.leg.br/cota-parlamentar/documentos/publ/3163/2020/7122208.pdf"
"Norma Ayub";"";"66179";"282";"2019";"ES";"PP";"56";"1";"MANUTENÇÃO DE ESCRITÓRIO DE APOIO À ATIVIDADE PARLAMENTAR";"0";"";"Paulo Roberto de Araújo Bastos";"277.024.646/15  -";"s/n";"1";"2020-12-08T01:00:00";"4852";"0";"4852";"11";"2020";"0";"";"";"1731996";"";"";"";"3163";"7126581";"https://www.camara.leg.br/cota-parlamentar/documentos/publ/3163/2020/7126581.pdf"
"Norma Ayub";"";"66179";"282";"2019";"ES";"PP";"56";"1";"MANUTENÇÃO DE ESCRITÓRIO DE APOIO À ATIVIDADE PARLAMENTAR";"0";"";"Paulo Roberto de Araújo Bastos";"277.024.646/15  -";"s/n";"1";"2020-12-28T00:00:00";"4852";"0";"4852";"12";"2020";"0";"";"";"1737679";"";"";"";"3163";"7138339";"https://www.camara.leg.br/cota-parlamentar/documentos/publ/3163/2021/7138339.pdf"
"Norma Ayub";"";"66179";"282";"2019";"ES";"PP";"56";"1";"MANUTENÇÃO DE ESCRITÓRIO DE APOIO À ATIVIDADE PARLAMENTAR";"0";"";"VITORIA TECNOLOGIA DA INFORMACAO LTDA";"060.696.670/0012-7";"006790";"1";"2020-12-08T00:00:00";"480";"0";"480";"12";"2020";"0";"";"";"1736621";"";"";"";"3163";"7136251";"https://www.camara.leg.br/cota-parlamentar/documentos/publ/3163/2020/7136251.pdf"
"Norma Ayub";"";"66179";"282";"2019";"ES";"PP";"56";"1";"MANUTENÇÃO DE ESCRITÓRIO DE APOIO À ATIVIDADE PARLAMENTAR";"0";"";"VITÓRIA TECNOLOGIA DA INFORMAÇÃO LTDA";"060.696.670/0012-7";"006030";"1";"2020-01-06T00:00:00";"480";"0";"480";"1";"2020";"0";"";"";"1676074";"";"";"";"3163";"7014451";"https://www.camara.leg.br/cota-parlamentar/documentos/publ/3163/2020/7014451.pdf"
"Norma Ayub";"";"66179";"282";"2019";"ES";"PP";"56";"1";"MANUTENÇÃO DE ESCRITÓRIO DE APOIO À ATIVIDADE PARLAMENTAR";"0";"";"VITÓRIA TECNOLOGIA DA INFORMAÇÃO LTDA";"060.696.670/0012-7";"006163";"1";"2020-03-02T00:00:00";"480";"0";"480";"3";"2020";"0";"";"";"1698285";"";"";"";"3163";"7058011";"https://www.camara.leg.br/cota-parlamentar/documentos/publ/3163/2020/7058011.pdf"
"Norma Ayub";"";"66179";"282";"2019";"ES";"PP";"56";"1";"MANUTENÇÃO DE ESCRITÓRIO DE APOIO À ATIVIDADE PARLAMENTAR";"0";"";"VITÓRIA TECNOLOGIA DA INFORMAÇÃO LTDA";"060.696.670/0012-7";"006351";"1";"2020-06-03T00:00:00";"480";"0";"480";"6";"2020";"0";"";"";"1704540";"";"";"";"3163";"7069530";"https://www.camara.leg.br/cota-parlamentar/documentos/publ/3163/2020/7069530.pdf"
"Norma Ayub";"";"66179";"282";"2019";"ES";"PP";"56";"1";"MANUTENÇÃO DE ESCRITÓRIO DE APOIO À ATIVIDADE PARLAMENTAR";"0";"";"VITÓRIA TECNOLOGIA DA INFORMAÇÃO LTDA";"060.696.670/0012-7";"006606";"1";"2020-10-02T00:00:00";"480";"0";"480";"10";"2020";"0";"";"";"1729822";"";"";"";"3163";"7122211";"https://www.camara.leg.br/cota-parlamentar/documentos/publ/3163/2020/7122211.pdf"
"Norma Ayub";"";"66179";"282";"2019";"ES";"PP";"56";"1";"MANUTENÇÃO DE ESCRITÓRIO DE APOIO À ATIVIDADE PARLAMENTAR";"0";"";"VITÓRIA TECNOLOGIA DA INFORMAÇÃO LTDA";"060.696.670/0012-7";"006716";"1";"2020-11-10T01:00:00";"480";"0";"480";"11";"2020";"0";"";"";"1734783";"";"";"";"3163";"7132493";"https://www.camara.leg.br/cota-parlamentar/documentos/publ/3163/2020/7132493.pdf"
"Norma Ayub";"";"66179";"282";"2019";"ES";"PP";"56";"3";"COMBUSTÍVEIS E LUBRIFICANTES.";"1";"Veículos Automotores";"AUTO POSTO BANDEIRA LTDA - EPP";"009.959.330/0016-6";"74793";"4";"2020-01-28T00:00:00";"237.54";"0";"237.54";"1";"2020";"0";"";"";"1675981";"";"";"";"3163";"7014060";"https://www.camara.leg.br/cota-parlamentar/nota-fiscal-eletronica?ideDocumentoFiscal=7014060"
"Norma Ayub";"";"66179";"282";"2019";"ES";"PP";"56";"3";"COMBUSTÍVEIS E LUBRIFICANTES.";"1";"Veículos Automotores";"AUTO POSTO ESCOLA COMERCIO DE COMBUSTIVEIS LUBRIFICANTES";"165.777.420/0011-4";"488430";"4";"2020-01-17T00:00:00";"177.72";"0";"177.72";"1";"2020";"0";"";"";"1675981";"";"";"";"3163";"7014059";"https://www.camara.leg.br/cota-parlamentar/nota-fiscal-eletronica?ideDocumentoFiscal=7014059"
"Norma Ayub";"";"66179";"282";"2019";"ES";"PP";"56";"3";"COMBUSTÍVEIS E LUBRIFICANTES.";"1";"Veículos Automotores";"AUTO POSTO GOLDEN GAS LAGO LTDA";"308.792.610/0019-4";"85679";"4";"2020-02-03T00:00:00";"100";"0";"100";"1";"2020";"0";"";"";"1670890";"";"";"";"3163";"7002786";"https://www.camara.leg.br/cota-parlamentar/nota-fiscal-eletronica?ideDocumentoFiscal=7002786"
"Norma Ayub";"";"66179";"282";"2019";"ES";"PP";"56";"3";"COMBUSTÍVEIS E LUBRIFICANTES.";"1";"Veículos Automotores";"AUTO POSTO GOLDEN GAS LAGO LTDA";"308.792.610/0019-4";"89422";"4";"2020-02-17T00:00:00";"50";"0";"50";"2";"2020";"0";"";"";"1678312";"";"";"";"3163";"7018294";"https://www.camara.leg.br/cota-parlamentar/nota-fiscal-eletronica?ideDocumentoFiscal=7018294"
"Norma Ayub";"";"66179";"282";"2019";"ES";"PP";"56";"3";"COMBUSTÍVEIS E LUBRIFICANTES.";"1";"Veículos Automotores";"AUTO SERVICO MARATAIZES LTDA";"363.441.090/0019-3";"259645";"4";"2020-12-31T00:00:00";"77.76";"0";"77.76";"12";"2020";"0";"";"";"1737185";"";"";"";"3163";"7137351";"https://www.camara.leg.br/cota-parlamentar/nota-fiscal-eletronica?ideDocumentoFiscal=7137351"
"Norma Ayub";"";"66179";"282";"2019";"ES";"PP";"56";"3";"COMBUSTÍVEIS E LUBRIFICANTES.";"1";"Veículos Automotores";"CASCOL COMBUSTIVEIS PARA VEICULOS LTDA";"003.065.970/0311-2";"389996";"4";"2020-02-06T00:00:00";"100";"0";"100";"1";"2020";"0";"";"";"1673371";"";"";"";"3163";"7008288";"https://www.camara.leg.br/cota-parlamentar/nota-fiscal-eletronica?ideDocumentoFiscal=7008288"
"Norma Ayub";"";"66179";"282";"2019";"ES";"PP";"56";"3";"COMBUSTÍVEIS E LUBRIFICANTES.";"1";"Veículos Automotores";"CASCOL COMBUSTIVEIS PARA VEICULOS LTDA";"003.065.970/0311-2";"407481";"4";"2020-03-09T00:00:00";"100";"0";"100";"3";"2020";"0";"";"";"1683744";"";"";"";"3163";"7030699";"https://www.camara.leg.br/cota-parlamentar/nota-fiscal-eletronica?ideDocumentoFiscal=7030699"
"Norma Ayub";"";"66179";"282";"2019";"ES";"PP";"56";"3";"COMBUSTÍVEIS E LUBRIFICANTES.";"1";"Veículos Automotores";"CASCOL COMBUSTIVEIS PARA VEICULOS LTDA";"003.065.970/0311-2";"408940";"4";"2020-03-11T00:00:00";"100";"0";"100";"3";"2020";"0";"";"";"1690284";"";"";"";"3163";"7043854";"https://www.camara.leg.br/cota-parlamentar/nota-fiscal-eletronica?ideDocumentoFiscal=7043854"
"Norma Ayub";"";"66179";"282";"2019";"ES";"PP";"56";"3";"COMBUSTÍVEIS E LUBRIFICANTES.";"1";"Veículos Automotores";"CASCOL COMBUSTIVEIS PARA VEICULOS LTDA";"003.065.970/0451-8";"13507";"4";"2020-11-23T01:00:00";"50";"0";"50";"11";"2020";"0";"";"";"1729808";"";"";"";"3163";"7122183";"https://www.camara.leg.br/cota-parlamentar/nota-fiscal-eletronica?ideDocumentoFiscal=7122183"
"Norma Ayub";"";"66179";"282";"2019";"ES";"PP";"56";"3";"COMBUSTÍVEIS E LUBRIFICANTES.";"1";"Veículos Automotores";"DISTRIBUIDORA BRASILIA DE VEICULOS S/A - POSTO DISBRAVE SOBR";"000.013.880/0030-7";"60586";"4";"2020-02-06T00:00:00";"210.39";"0";"210.39";"2";"2020";"0";"";"";"1676050";"";"";"";"3163";"7014379";"https://www.camara.leg.br/cota-parlamentar/nota-fiscal-eletronica?ideDocumentoFiscal=7014379"
"Norma Ayub";"";"66179";"282";"2019";"ES";"PP";"56";"3";"COMBUSTÍVEIS E LUBRIFICANTES.";"1";"Veículos Automotores";"FRATELLI POSTO DE COMBUSTIVEIS LTDA";"088.840.380/0018-6";"2305";"4";"2020-02-07T00:00:00";"134.1";"0";"134.1";"2";"2020";"0";"";"";"1675973";"";"";"";"3163";"7014027";"https://www.camara.leg.br/cota-parlamentar/nota-fiscal-eletronica?ideDocumentoFiscal=7014027"
"Norma Ayub";"";"66179";"282";"2019";"ES";"PP";"56";"3";"COMBUSTÍVEIS E LUBRIFICANTES.";"1";"Veículos Automotores";"FRATELLI POSTO DE COMBUSTIVEIS LTDA";"088.840.380/0018-6";"9647";"4";"2020-03-27T00:00:00";"120";"0";"120";"3";"2020";"0";"";"";"1690276";"";"";"";"3163";"7043847";"https://www.camara.leg.br/cota-parlamentar/nota-fiscal-eletronica?ideDocumentoFiscal=7043847"
"Norma Ayub";"";"66179";"282";"2019";"ES";"PP";"56";"3";"COMBUSTÍVEIS E LUBRIFICANTES.";"1";"Veículos Automotores";"POSTO CLUB EIRELI ME";"095.673.310/0018-2";"124081";"4";"2020-12-02T00:00:00";"216.72";"0";"216.72";"12";"2020";"0";"";"";"1739913";"";"";"";"3163";"7142977";"https://www.camara.leg.br/cota-parlamentar/nota-fiscal-eletronica?ideDocumentoFiscal=7142977"
"Norma Ayub";"";"66179";"282";"2019";"ES";"PP";"56";"3";"COMBUSTÍVEIS E LUBRIFICANTES.";"1";"Veículos Automotores";"POSTO DA VILA LTDA";"242.547.780/0019-5";"174192";"4";"2020-12-21T00:00:00";"293.67";"0";"293.67";"12";"2020";"0";"";"";"1735561";"";"";"";"3163";"7134079";"https://www.camara.leg.br/cota-parlamentar/nota-fiscal-eletronica?ideDocumentoFiscal=7134079"
"Norma Ayub";"";"66179";"282";"2019";"ES";"PP";"56";"3";"COMBUSTÍVEIS E LUBRIFICANTES.";"1";"Veículos Automotores";"POSTO DA VILA LTDA";"242.547.780/0019-5";"175770";"0";"2020-12-28T00:00:00";"257.07";"0";"257.07";"12";"2020";"0";"";"";"1736549";"";"";"";"3163";"7136055";"https://www.camara.leg.br/cota-parlamentar/documentos/publ/3163/2020/7136055.pdf"
"Norma Ayub";"";"66179";"282";"2019";"ES";"PP";"56";"3";"COMBUSTÍVEIS E LUBRIFICANTES.";"1";"Veículos Automotores";"POSTO DA VILA LTDA";"242.547.780/0019-5";"176179";"4";"2020-12-30T00:00:00";"150.03";"0";"150.03";"12";"2020";"0";"";"";"1737185";"";"";"";"3163";"7137344";"https://www.camara.leg.br/cota-parlamentar/nota-fiscal-eletronica?ideDocumentoFiscal=7137344"
"Norma Ayub";"";"66179";"282";"2019";"ES";"PP";"56";"3";"COMBUSTÍVEIS E LUBRIFICANTES.";"1";"Veículos Automotores";"POSTO DA VILA LTDA";"242.547.780/0019-5";"176428";"4";"2020-12-31T00:00:00";"215.03";"0";"215.03";"12";"2020";"0";"";"";"1737185";"";"";"";"3163";"7137338";"https://www.camara.leg.br/cota-parlamentar/nota-fiscal-eletronica?ideDocumentoFiscal=7137338"
"Norma Ayub";"";"66179";"282";"2019";"ES";"PP";"56";"3";"COMBUSTÍVEIS E LUBRIFICANTES.";"1";"Veículos Automotores";"POSTO DE SERVICO GAETA LTDA EPP";"317.076.560/0017-2";"31981";"4";"2020-01-16T00:00:00";"145.34";"0";"145.34";"1";"2020";"0";"";"";"1675981";"";"";"";"3163";"7014058";"https://www.camara.leg.br/cota-parlamentar/nota-fiscal-eletronica?ideDocumentoFiscal=7014058"
"Norma Ayub";"";"66179";"282";"2019";"ES";"PP";"56";"3";"COMBUSTÍVEIS E LUBRIFICANTES.";"1";"Veículos Automotores";"POSTO RODOVIA DO SOL LTDA";"176.365.860/0018-8";"126690";"4";"2020-12-01T01:00:00";"100";"0";"100";"12";"2020";"0";"";"";"1735054";"";"";"";"3163";"7133023";"https://www.camara.leg.br/cota-parlamentar/nota-fiscal-eletronica?ideDocumentoFiscal=7133023"
"Norma Ayub";"";"66179";"282";"2019";"ES";"PP";"56";"3";"COMBUSTÍVEIS E LUBRIFICANTES.";"1";"Veículos Automotores";"R K REVENDA DE PETROLEO LTDA";"110.542.060/0011-0";"185593";"4";"2020-01-02T00:00:00";"152.02";"0";"152.02";"1";"2020";"0";"";"";"1675981";"";"";"";"3163";"7014055";"https://www.camara.leg.br/cota-parlamentar/nota-fiscal-eletronica?ideDocumentoFiscal=7014055"
"Norma Ayub";"";"66179";"282";"2019";"ES";"PP";"56";"3";"COMBUSTÍVEIS E LUBRIFICANTES.";"1";"Veículos Automotores";"VIEIRA REVENDEDORA DE PETROLEO LTDA";"277.799.170/0019-2";"132103";"4";"2020-01-08T00:00:00";"206.04";"0";"206.04";"1";"2020";"0";"";"";"1675981";"";"";"";"3163";"7014056";"https://www.camara.leg.br/cota-parlamentar/nota-fiscal-eletronica?ideDocumentoFiscal=7014056"
"Norma Ayub";"";"66179";"282";"2019";"ES";"PP";"56";"3";"COMBUSTÍVEIS E LUBRIFICANTES.";"1";"Veículos Automotores";"VIEIRA REVENDEDORA DE PETROLEO LTDA";"277.799.170/0019-2";"135226";"4";"2020-01-21T00:00:00";"192.66";"0";"192.66";"1";"2020";"0";"";"";"1675981";"";"";"";"3163";"7014061";"https://www.camara.leg.br/cota-parlamentar/nota-fiscal-eletronica?ideDocumentoFiscal=7014061"
"Norma Ayub";"";"66179";"282";"2019";"ES";"PP";"56";"3";"COMBUSTÍVEIS E LUBRIFICANTES.";"1";"Veículos Automotores";"VIEIRA REVENDEDORA DE PETROLEO LTDA";"277.799.170/0019-2";"202193";"4";"2020-12-30T00:00:00";"120.51";"0";"120.51";"12";"2020";"0";"";"";"1737185";"";"";"";"3163";"7137356";"https://www.camara.leg.br/cota-parlamentar/nota-fiscal-eletronica?ideDocumentoFiscal=7137356"
"Norma Ayub";"";"66179";"282";"2019";"ES";"PP";"56";"3";"COMBUSTÍVEIS E LUBRIFICANTES.";"1";"Veículos Automotores";"VIEIRA REVENDEDORA DE PETROLEO LTDA";"277.799.170/0019-2";"202234";"4";"2020-12-30T00:00:00";"183.23";"0";"183.23";"12";"2020";"0";"";"";"1737628";"";"";"";"3163";"7138241";"https://www.camara.leg.br/cota-parlamentar/nota-fiscal-eletronica?ideDocumentoFiscal=7138241"
"Norma Ayub";"";"66179";"282";"2019";"ES";"PP";"56";"5";"DIVULGAÇÃO DA ATIVIDADE PARLAMENTAR.";"0";"";"FACEBOOK SERVIÇOS ONLINE DO BRASIL LTDA";"133.470.160/0011-7";"15011853";"0";"2020-02-04T00:00:00";"351.5";"14.69";"336.81";"1";"2020";"0";"";"";"1683100";"";"";"";"3163";"7028991";"https://www.camara.leg.br/cota-parlamentar/documentos/publ/3163/2020/7028991.pdf"
"Norma Ayub";"";"66179";"282";"2019";"ES";"PP";"56";"5";"DIVULGAÇÃO DA ATIVIDADE PARLAMENTAR.";"0";"";"FACEBOOK SERVIÇOS ONLINE DO BRASIL LTDA";"133.470.160/0011-7";"16639211";"0";"2020-04-04T00:00:00";"779.98";"0";"779.98";"3";"2020";"0";"";"";"1692278";"";"";"";"3163";"7047219";"https://www.camara.leg.br/cota-parlamentar/documentos/publ/3163/2020/7047219.pdf"
"Norma Ayub";"";"66179";"282";"2019";"ES";"PP";"56";"5";"DIVULGAÇÃO DA ATIVIDADE PARLAMENTAR.";"0";"";"FACEBOOK SERVIÇOS ONLINE DO BRASIL LTDA";"133.470.160/0011-7";"17470342";"0";"2020-05-05T00:00:00";"977.43";"28.23";"949.2";"4";"2020";"0";"";"";"1704780";"";"";"";"3163";"7069980";"https://www.camara.leg.br/cota-parlamentar/documentos/publ/3163/2020/7069980.pdf"
"Norma Ayub";"";"66179";"282";"2019";"ES";"PP";"56";"5";"DIVULGAÇÃO DA ATIVIDADE PARLAMENTAR.";"0";"";"FACEBOOK SERVIÇOS ONLINE DO BRASIL LTDA";"133.470.160/0011-7";"18383497";"0";"2020-06-03T00:00:00";"662.04";"0";"662.04";"5";"2020";"0";"";"";"1704337";"";"";"";"3163";"7069195";"https://www.camara.leg.br/cota-parlamentar/documentos/publ/3163/2020/7069195.pdf"
"Norma Ayub";"";"66179";"282";"2019";"ES";"PP";"56";"5";"DIVULGAÇÃO DA ATIVIDADE PARLAMENTAR.";"0";"";"FACEBOOK SERVIÇOS ONLINE DO BRASIL LTDA";"133.470.160/0011-7";"19379439";"0";"2020-07-05T00:00:00";"712.91";"0";"712.91";"6";"2020";"0";"";"";"1706945";"";"";"";"3163";"7074041";"https://www.camara.leg.br/cota-parlamentar/documentos/publ/3163/2020/7074041.pdf"
"Norma Ayub";"";"66179";"282";"2019";"ES";"PP";"56";"5";"DIVULGAÇÃO DA ATIVIDADE PARLAMENTAR.";"0";"";"FACEBOOK SERVIÇOS ONLINE DO BRASIL LTDA";"133.470.160/0011-7";"25165105";"0";"2021-01-03T00:00:00";"726.1";"206.03";"520.07";"12";"2020";"0";"";"";"1737395";"";"";"";"3163";"7137739";"https://www.camara.leg.br/cota-parlamentar/documentos/publ/3163/2021/7137739.pdf"
"Norma Ayub";"";"66179";"282";"2019";"ES";"PP";"56";"10";"TELEFONIA";"0";"";"Telefônica Brasil S. A. VIVO";"025.581.570/0016-2";"3944470";"0";"2020-04-09T00:00:00";"234.19";"0";"234.19";"4";"2020";"0";"";"";"1704925";"";"";"";"3163";"7070218";"https://www.camara.leg.br/cota-parlamentar/documentos/publ/3163/2020/7070218.pdf"
"Norma Ayub";"";"66179";"282";"2019";"ES";"PP";"56";"10";"TELEFONIA";"0";"";"Telefônica Brasil S. A. VIVO";"025.581.570/0016-2";"4119330";"0";"2020-05-09T00:00:00";"218.93";"45.9";"173.03";"5";"2020";"0";"";"";"1704941";"";"";"";"3163";"7070240";"https://www.camara.leg.br/cota-parlamentar/documentos/publ/3163/2020/7070240.pdf"
"Norma Ayub";"";"66179";"282";"2019";"ES";"PP";"56";"10";"TELEFONIA";"0";"";"Telefônica Brasil S. A. VIVO";"025.581.570/0016-2";"4294172";"0";"2020-06-09T00:00:00";"233.57";"10.41";"223.16";"6";"2020";"0";"";"";"1704942";"";"";"";"3163";"7070234";"https://www.camara.leg.br/cota-parlamentar/documentos/publ/3163/2020/7070234.pdf"
"Norma Ayub";"";"66179";"282";"2019";"ES";"PP";"56";"10";"TELEFONIA";"0";"";"Telefônica Brasil S. A. VIVO";"025.581.570/0016-2";"4999764";"0";"2020-10-09T00:00:00";"229.15";"36.99";"192.16";"10";"2020";"0";"";"";"1729831";"";"";"";"3163";"7122232";"https://www.camara.leg.br/cota-parlamentar/documentos/publ/3163/2020/7122232.pdf"
"Norma Ayub";"";"66179";"282";"2019";"ES";"PP";"56";"10";"TELEFONIA";"0";"";"Telefônica Brasil S. A. VIVO";"025.581.570/0016-2";"5174507";"1";"2020-11-09T01:00:00";"223.16";"0";"223.16";"11";"2020";"0";"";"";"1734565";"";"";"";"3163";"7132065";"https://www.camara.leg.br/cota-parlamentar/documentos/publ/3163/2020/7132065.pdf"
"Norma Ayub";"";"66179";"282";"2019";"ES";"PP";"56";"10";"TELEFONIA";"0";"";"Telefônica Brasil S. A. VIVO";"025.581.570/0016-2";"5347679";"0";"2020-12-09T00:00:00";"232.79";"117.77";"115.02";"12";"2020";"0";"";"";"1735098";"";"";"";"3163";"7133075";"https://www.camara.leg.br/cota-parlamentar/documentos/publ/3163/2020/7133075.pdf"
"Norma Ayub";"";"66179";"282";"2019";"ES";"PP";"56";"10";"TELEFONIA";"0";"";"Telefônica Brasil S. A. VIVO/GVT";"025.581.570/0016-2";"4469863";"0";"2020-07-09T00:00:00";"223.16";"45.9";"177.26";"7";"2020";"0";"";"";"1721930";"";"";"";"3163";"7104450";"https://www.camara.leg.br/cota-parlamentar/documentos/publ/3163/2020/7104450.pdf"
"Norma Ayub";"";"66179";"282";"2019";"ES";"PP";"56";"10";"TELEFONIA";"0";"";"Telefônica Brasil S. A. VIVO/GVT";"025.581.570/0016-2";"4645069";"0";"2020-08-09T00:00:00";"222.71";"45.9";"176.81";"8";"2020";"0";"";"";"1721921";"";"";"";"3163";"7104436";"https://www.camara.leg.br/cota-parlamentar/documentos/publ/3163/2020/7104436.pdf"
"Norma Ayub";"";"66179";"282";"2019";"ES";"PP";"56";"10";"TELEFONIA";"0";"";"Telefônica Brasil S. A. VIVO/GVT";"025.581.570/0016-2";"4823424";"0";"2020-09-09T00:00:00";"229.38";"52.12";"177.26";"9";"2020";"0";"";"";"1721919";"";"";"";"3163";"7104108";"https://www.camara.leg.br/cota-parlamentar/documentos/publ/3163/2020/7104108.pdf"
"Norma Ayub";"";"66179";"282";"2019";"ES";"PP";"56";"10";"TELEFONIA";"0";"";"Telefônica Brasil S.A. VIVO";"025.581.570/0016-2";"09906845030";"0";"2020-01-09T00:00:00";"217.74";"5.1";"212.64";"1";"2020";"0";"";"";"1676078";"";"";"";"3163";"7014462";"https://www.camara.leg.br/cota-parlamentar/documentos/publ/3163/2020/7014462.pdf"
"Norma Ayub";"";"66179";"282";"2019";"ES";"PP";"56";"11";"SERVIÇOS POSTAIS";"0";"";"ECT EMP. BRAS. CORREIOS E TELEGRAFOS";"029.610.280/0011-0";"1826947981";"1";"2020-06-01T00:00:00";"85.5";"0";"85.5";"6";"2020";"0";"";"";"1699662";"";"";"";"3163";"7060389";"https://www.camara.leg.br/cota-parlamentar/documentos/publ/3163/2020/7060389.pdf"
"Norma Ayub";"";"66179";"282";"2019";"ES";"PP";"56";"11";"SERVIÇOS POSTAIS";"0";"";"ECT EMP. BRAS. CORREIOS E TELEGRAFOS";"029.610.280/0011-0";"1832236876";"1";"2020-06-10T00:00:00";"58.1";"0";"58.1";"6";"2020";"0";"";"";"1700503";"";"";"";"3163";"7061882";"https://www.camara.leg.br/cota-parlamentar/documentos/publ/3163/2020/7061882.pdf"
"Norma Ayub";"";"66179";"282";"2019";"ES";"PP";"56";"11";"SERVIÇOS POSTAIS";"0";"";"ECT EMP. BRAS. CORREIOS E TELEGRAFOS";"029.610.280/0011-0";"1843945033";"1";"2020-07-02T00:00:00";"230.2";"0";"230.2";"7";"2020";"0";"";"";"1704327";"";"";"";"3163";"7069122";"https://www.camara.leg.br/cota-parlamentar/documentos/publ/3163/2020/7069122.pdf"
"Norma Ayub";"";"66179";"282";"2019";"ES";"PP";"56";"11";"SERVIÇOS POSTAIS";"0";"";"ECT EMP. BRAS. CORREIOS E TELEGRAFOS";"029.610.280/0011-0";"1862260911";"1";"2020-08-05T00:00:00";"241.2";"0";"241.2";"8";"2020";"0";"";"";"1709649";"";"";"";"3163";"7079481";"https://www.camara.leg.br/cota-parlamentar/documentos/publ/3163/2020/7079481.pdf"
"Norma Ayub";"";"66179";"282";"2019";"ES";"PP";"56";"11";"SERVIÇOS POSTAIS";"0";"";"ECT EMP. BRAS. CORREIOS E TELEGRAFOS";"029.610.280/0011-0";"1905001266";"1";"2020-10-30T00:00:00";"58.1";"0";"58.1";"10";"2020";"0";"";"";"1724657";"";"";"";"3163";"7110624";"https://www.camara.leg.br/cota-parlamentar/documentos/publ/3163/2020/7110624.pdf"
"Norma Ayub";"";"66179";"282";"2019";"ES";"PP";"56";"11";"SERVIÇOS POSTAIS";"0";"";"ECT EMP. BRAS. CORREIOS E TELEGRAFOS";"029.610.280/0011-0";"1944271562";"1";"2020-12-22T00:00:00";"226.34";"0";"226.34";"12";"2020";"0";"";"";"1735689";"";"";"";"3163";"7134338";"https://www.camara.leg.br/cota-parlamentar/documentos/publ/3163/2020/7134338.pdf"
"Norma Ayub";"";"66179";"282";"2019";"ES";"PP";"56";"11";"SERVIÇOS POSTAIS";"0";"";"EMPRESA BRASILEIRA DE CORREIOS E TELEGRAFOS";"340.283.162/8659-7";"1838788615";"1";"2020-06-23T00:00:00";"127.55";"0";"127.55";"6";"2020";"0";"";"";"1704319";"";"";"";"3163";"7069113";"https://www.camara.leg.br/cota-parlamentar/documentos/publ/3163/2020/7069113.pdf"
"Norma Ayub";"";"66179";"282";"2019";"ES";"PP";"56";"120";"LOCAÇÃO OU FRETAMENTO DE VEÍCULOS AUTOMOTORES";"0";"";"LOCALIZA RENT A CAR SA";"166.700.850/0244-1";"472192";"1";"2020-01-31T00:00:00";"2388.62";"0";"2388.62";"1";"2020";"0";"";"";"1673960";"";"";"";"3163";"7009759";"https://www.camara.leg.br/cota-parlamentar/documentos/publ/3163/2020/7009759.pdf"
"Norma Ayub";"";"66179";"282";"2019";"ES";"PP";"56";"120";"LOCAÇÃO OU FRETAMENTO DE VEÍCULOS AUTOMOTORES";"0";"";"LOCALIZA RENT A CAR SA";"166.700.850/0244-1";"480721";"1";"2020-04-22T00:00:00";"2354.35";"0";"2354.35";"3";"2020";"0";"";"";"1697919";"";"";"";"3163";"7057435";"https://www.camara.leg.br/cota-parlamentar/documentos/publ/3163/2020/7057435.pdf"
"Norma Ayub";"";"66179";"282";"2019";"ES";"PP";"56";"120";"LOCAÇÃO OU FRETAMENTO DE VEÍCULOS AUTOMOTORES";"0";"";"LOCALIZA RENT A CAR SA";"166.700.850/0244-1";"481519";"1";"2020-04-30T00:00:00";"2342.93";"0";"2342.93";"4";"2020";"0";"";"";"1704298";"";"";"";"3163";"7069074";"https://www.camara.leg.br/cota-parlamentar/documentos/publ/3163/2020/7069074.pdf"
"Norma Ayub";"";"66179";"282";"2019";"ES";"PP";"56";"120";"LOCAÇÃO OU FRETAMENTO DE VEÍCULOS AUTOMOTORES";"0";"";"LOCALIZA RENT A CAR SA";"166.700.850/0244-1";"483751";"1";"2020-05-30T00:00:00";"2331.5";"0";"2331.5";"5";"2020";"0";"";"";"1711821";"";"";"";"3163";"7083675";"https://www.camara.leg.br/cota-parlamentar/documentos/publ/3163/2020/7083675.pdf"
"Norma Ayub";"";"66179";"282";"2019";"ES";"PP";"56";"120";"LOCAÇÃO OU FRETAMENTO DE VEÍCULOS AUTOMOTORES";"0";"";"LOCALIZA RENT A CAR SA";"166.700.850/0244-1";"486533";"1";"2020-07-03T00:00:00";"2331.5";"0";"2331.5";"6";"2020";"0";"";"";"1717489";"";"";"";"3163";"7095019";"https://www.camara.leg.br/cota-parlamentar/documentos/publ/3163/2020/7095019.pdf"
"Norma Ayub";"";"66179";"282";"2019";"ES";"PP";"56";"120";"LOCAÇÃO OU FRETAMENTO DE VEÍCULOS AUTOMOTORES";"0";"";"LOCALIZA RENT A CAR SA";"166.700.850/0244-1";"496531";"1";"2020-09-25T00:00:00";"2419.87";"0";"2419.87";"9";"2020";"0";"";"";"1731432";"";"";"";"3163";"7125467";"https://www.camara.leg.br/cota-parlamentar/documentos/publ/3163/2020/7125467.pdf"
"Norma Ayub";"";"66179";"282";"2019";"ES";"PP";"56";"120";"LOCAÇÃO OU FRETAMENTO DE VEÍCULOS AUTOMOTORES";"0";"";"LOCALIZA RENT A CAR SA";"166.700.850/0244-1";"500806";"1";"2020-10-25T00:00:00";"2419.87";"0";"2419.87";"10";"2020";"0";"";"";"1735465";"";"";"";"3163";"7133875";"https://www.camara.leg.br/cota-parlamentar/documentos/publ/3163/2020/7133875.pdf"
"Norma Ayub";"";"66179";"282";"2019";"ES";"PP";"56";"120";"LOCAÇÃO OU FRETAMENTO DE VEÍCULOS AUTOMOTORES";"0";"";"LOCALIZA RENT A CAR SA";"166.700.850/0244-1";"505648";"1";"2020-11-24T00:00:00";"2419.87";"0";"2419.87";"11";"2020";"0";"";"";"1740202";"";"";"";"3163";"7143703";"https://www.camara.leg.br/cota-parlamentar/documentos/publ/3163/2021/7143703.pdf"
"Norma Ayub";"";"66179";"282";"2019";"ES";"PP";"56";"120";"LOCAÇÃO OU FRETAMENTO DE VEÍCULOS AUTOMOTORES";"0";"";"LOCALIZA RENT A CAR SA";"166.700.850/0244-1";"510315";"1";"2020-12-24T00:00:00";"2419.87";"0";"2419.87";"12";"2020";"0";"";"";"1736292";"";"";"";"3163";"7135567";"https://www.camara.leg.br/cota-parlamentar/documentos/publ/3163/2020/7135567.pdf"
"Norma Ayub";"";"66179";"282";"2019";"ES";"PP";"56";"120";"LOCAÇÃO OU FRETAMENTO DE VEÍCULOS AUTOMOTORES";"0";"";"LOCAR 1000 LOCADORA DE VEICULOS LTDA";"193.747.910/0014-8";"291";"4";"2020-11-21T01:00:00";"4000";"0";"4000";"11";"2020";"0";"";"";"1729817";"";"";"";"3163";"7122196";"https://www.camara.leg.br/cota-parlamentar/nota-fiscal-eletronica?ideDocumentoFiscal=7122196"
"Norma Ayub";"";"66179";"282";"2019";"ES";"PP";"56";"120";"LOCAÇÃO OU FRETAMENTO DE VEÍCULOS AUTOMOTORES";"0";"";"LOCAR 1000 LOCADORA DE VEICULOS LTDA ME";"193.747.910/0014-8";"231";"4";"2020-01-08T00:00:00";"4000";"0";"4000";"1";"2020";"0";"";"";"1667631";"";"";"";"3163";"6995864";"https://www.camara.leg.br/cota-parlamentar/nota-fiscal-eletronica?ideDocumentoFiscal=6995864"
"Norma Ayub";"";"66179";"282";"2019";"ES";"PP";"56";"120";"LOCAÇÃO OU FRETAMENTO DE VEÍCULOS AUTOMOTORES";"0";"";"LOCAR 1000 LOCADORA DE VEICULOS LTDA ME";"193.747.910/0014-8";"235";"4";"2020-02-15T00:00:00";"4000";"0";"4000";"2";"2020";"0";"";"";"1678384";"";"";"";"3163";"7018454";"https://www.camara.leg.br/cota-parlamentar/nota-fiscal-eletronica?ideDocumentoFiscal=7018454"
"Norma Ayub";"";"66179";"282";"2019";"ES";"PP";"56";"120";"LOCAÇÃO OU FRETAMENTO DE VEÍCULOS AUTOMOTORES";"0";"";"LOCAR 1000 LOCADORA DE VEICULOS LTDA ME";"193.747.910/0014-8";"242";"4";"2020-03-15T00:00:00";"4000";"0";"4000";"3";"2020";"0";"";"";"1689210";"";"";"";"3163";"7042085";"https://www.camara.leg.br/cota-parlamentar/nota-fiscal-eletronica?ideDocumentoFiscal=7042085"
"Norma Ayub";"";"66179";"282";"2019";"ES";"PP";"56";"120";"LOCAÇÃO OU FRETAMENTO DE VEÍCULOS AUTOMOTORES";"0";"";"LOCAR 1000 LOCADORA DE VEICULOS LTDA ME";"193.747.910/0014-8";"249";"4";"2020-04-15T00:00:00";"4000";"0";"4000";"4";"2020";"0";"";"";"1691285";"";"";"";"3163";"7045496";"https://www.camara.leg.br/cota-parlamentar/nota-fiscal-eletronica?ideDocumentoFiscal=7045496"
"Norma Ayub";"";"66179";"282";"2019";"ES";"PP";"56";"120";"LOCAÇÃO OU FRETAMENTO DE VEÍCULOS AUTOMOTORES";"0";"";"LOCAR 1000 LOCADORA DE VEICULOS LTDA ME";"193.747.910/0014-8";"254";"4";"2020-05-15T00:00:00";"4000";"0";"4000";"5";"2020";"0";"";"";"1697065";"";"";"";"3163";"7055877";"https://www.camara.leg.br/cota-parlamentar/nota-fiscal-eletronica?ideDocumentoFiscal=7055877"
"Norma Ayub";"";"66179";"282";"2019";"ES";"PP";"56";"120";"LOCAÇÃO OU FRETAMENTO DE VEÍCULOS AUTOMOTORES";"0";"";"LOCAR 1000 LOCADORA DE VEICULOS LTDA ME";"193.747.910/0014-8";"257";"4";"2020-06-16T00:00:00";"4000";"0";"4000";"6";"2020";"0";"";"";"1701535";"";"";"";"3163";"7063868";"https://www.camara.leg.br/cota-parlamentar/nota-fiscal-eletronica?ideDocumentoFiscal=7063868"
"Norma Ayub";"";"66179";"282";"2019";"ES";"PP";"56";"120";"LOCAÇÃO OU FRETAMENTO DE VEÍCULOS AUTOMOTORES";"0";"";"LOCAR 1000 LOCADORA DE VEICULOS LTDA ME";"193.747.910/0014-8";"262";"4";"2020-07-14T00:00:00";"4000";"0";"4000";"7";"2020";"0";"";"";"1705999";"";"";"";"3163";"7072237";"https://www.camara.leg.br/cota-parlamentar/nota-fiscal-eletronica?ideDocumentoFiscal=7072237"
"Norma Ayub";"";"66179";"282";"2019";"ES";"PP";"56";"120";"LOCAÇÃO OU FRETAMENTO DE VEÍCULOS AUTOMOTORES";"0";"";"LOCAR 1000 LOCADORA DE VEICULOS LTDA ME";"193.747.910/0014-8";"269";"4";"2020-08-15T00:00:00";"4000";"0";"4000";"8";"2020";"0";"";"";"1711683";"";"";"";"3163";"7083391";"https://www.camara.leg.br/cota-parlamentar/nota-fiscal-eletronica?ideDocumentoFiscal=7083391"
"Norma Ayub";"";"66179";"282";"2019";"ES";"PP";"56";"120";"LOCAÇÃO OU FRETAMENTO DE VEÍCULOS AUTOMOTORES";"0";"";"LOCAR 1000 LOCADORA DE VEICULOS LTDA ME";"193.747.910/0014-8";"274";"4";"2020-09-17T00:00:00";"4000";"0";"4000";"9";"2020";"0";"";"";"1717223";"";"";"";"3163";"7094412";"https://www.camara.leg.br/cota-parlamentar/nota-fiscal-eletronica?ideDocumentoFiscal=7094412"
"Norma Ayub";"";"66179";"282";"2019";"ES";"PP";"56";"120";"LOCAÇÃO OU FRETAMENTO DE VEÍCULOS AUTOMOTORES";"0";"";"LOCAR 1000 LOCADORA DE VEICULOS LTDA ME";"193.747.910/0014-8";"283";"4";"2020-10-17T00:00:00";"4000";"0";"4000";"10";"2020";"0";"";"";"1724656";"";"";"";"3163";"7110622";"https://www.camara.leg.br/cota-parlamentar/nota-fiscal-eletronica?ideDocumentoFiscal=7110622"
"Norma Ayub";"";"66179";"282";"2019";"ES";"PP";"56";"120";"LOCAÇÃO OU FRETAMENTO DE VEÍCULOS AUTOMOTORES";"0";"";"LOCAR 1000 LOCADORA DE VEICULOS LTDA ME";"193.747.910/0014-8";"294";"4";"2020-12-15T01:00:00";"4000";"0";"4000";"12";"2020";"0";"";"";"1733954";"";"";"";"3163";"7130827";"https://www.camara.leg.br/cota-parlamentar/nota-fiscal-eletronica?ideDocumentoFiscal=7130827"
"Fausto Pinato";"";"66828";"355";"2019";"SP";"UNIÃO";"56";"1";"MANUTENÇÃO DE ESCRITÓRIO DE APOIO À ATIVIDADE PARLAMENTAR";"0";"";"WMS COMERCIO DE ARTIGOS DE PAPELARIA LTDA-ME";"121.328.540/0010-0";"2810";"4";"2020-02-11T00:00:00";"246.55";"0";"246.55";"2";"2020";"0";"";"";"1674646";"";"";"";"2917";"7011225";"https://www.camara.leg.br/cota-parlamentar/nota-fiscal-eletronica?ideDocumentoFiscal=7011225"
"Fausto Pinato";"";"66828";"355";"2019";"SP";"UNIÃO";"56";"1";"MANUTENÇÃO DE ESCRITÓRIO DE APOIO À ATIVIDADE PARLAMENTAR";"0";"";"WMS COMERCIO DE ARTIGOS DE PAPELARIA LTDA-ME";"121.328.540/0010-0";"2932";"4";"2020-03-23T00:00:00";"507.7";"0";"507.7";"3";"2020";"0";"";"";"1687497";"";"";"";"2917";"7039180";"https://www.camara.leg.br/cota-parlamentar/nota-fiscal-eletronica?ideDocumentoFiscal=7039180"
"Fausto Pinato";"";"66828";"355";"2019";"SP";"UNIÃO";"56";"1";"MANUTENÇÃO DE ESCRITÓRIO DE APOIO À ATIVIDADE PARLAMENTAR";"0";"";"WMS COMERCIO DE ARTIGOS DE PAPELARIA LTDA-ME";"121.328.540/0010-0";"3104";"0";"2020-11-10T01:00:00";"124.5";"0";"124.5";"11";"2020";"0";"";"";"1727165";"";"";"";"2917";"7116195";"https://www.camara.leg.br/cota-parlamentar/documentos/publ/2917/2020/7116195.pdf"
"Fausto Pinato";"";"66828";"355";"2019";"SP";"UNIÃO";"56";"1";"MANUTENÇÃO DE ESCRITÓRIO DE APOIO À ATIVIDADE PARLAMENTAR";"0";"";"WMS COMERCIO DE ARTIGOS DE PAPELARIA LTDA-ME";"121.328.540/0010-0";"3176";"4";"2020-12-21T00:00:00";"502.2";"0";"502.2";"12";"2020";"0";"";"";"1735401";"";"";"";"2917";"7133764";"https://www.camara.leg.br/cota-parlamentar/nota-fiscal-eletronica?ideDocumentoFiscal=7133764"
"Fausto Pinato";"";"66828";"355";"2019";"SP";"UNIÃO";"56";"3";"COMBUSTÍVEIS E LUBRIFICANTES.";"1";"Veículos Automotores";"AUTO POSTO BRASIL DE FERNANDOPOLIS LTDA";"469.334.380/0012-3";"11041";"0";"2020-01-13T00:00:00";"1249.82";"0";"1249.82";"1";"2020";"0";"";"";"1667329";"";"";"";"2917";"6995087";"https://www.camara.leg.br/cota-parlamentar/documentos/publ/2917/2020/6995087.pdf"
"Fausto Pinato";"";"66828";"355";"2019";"SP";"UNIÃO";"56";"3";"COMBUSTÍVEIS E LUBRIFICANTES.";"1";"Veículos Automotores";"AUTO POSTO BRASIL DE FERNANDOPOLIS LTDA";"469.334.380/0012-3";"11161";"0";"2020-02-11T00:00:00";"1298.72";"0";"1298.72";"2";"2020";"0";"";"";"1680305";"";"";"";"2917";"7021671";"https://www.camara.leg.br/cota-parlamentar/documentos/publ/2917/2020/7021671.pdf"
"Fausto Pinato";"";"66828";"355";"2019";"SP";"UNIÃO";"56";"3";"COMBUSTÍVEIS E LUBRIFICANTES.";"1";"Veículos Automotores";"AUTO POSTO BRASIL DE FERNANDOPOLIS LTDA";"469.334.380/0012-3";"11285";"0";"2020-03-10T00:00:00";"2595.6";"0";"2595.6";"3";"2020";"0";"";"";"1685504";"";"";"";"2917";"7032236";"https://www.camara.leg.br/cota-parlamentar/documentos/publ/2917/2020/7032236.pdf"
"Fausto Pinato";"";"66828";"355";"2019";"SP";"UNIÃO";"56";"3";"COMBUSTÍVEIS E LUBRIFICANTES.";"1";"Veículos Automotores";"AUTO POSTO BRASIL DE FERNANDOPOLIS LTDA";"469.334.380/0012-3";"11410";"0";"2020-04-15T00:00:00";"3241.53";"0";"3241.53";"4";"2020";"0";"";"";"1691135";"";"";"";"2917";"7045265";"https://www.camara.leg.br/cota-parlamentar/documentos/publ/2917/2020/7045265.pdf"
"Fausto Pinato";"";"66828";"355";"2019";"SP";"UNIÃO";"56";"3";"COMBUSTÍVEIS E LUBRIFICANTES.";"1";"Veículos Automotores";"AUTO POSTO BRASIL DE FERNANDOPOLIS LTDA";"469.334.380/0012-3";"11502";"0";"2020-05-11T00:00:00";"3280.19";"0";"3280.19";"5";"2020";"0";"";"";"1695349";"";"";"";"2917";"7052608";"https://www.camara.leg.br/cota-parlamentar/documentos/publ/2917/2020/7052608.pdf"
"Fausto Pinato";"";"66828";"355";"2019";"SP";"UNIÃO";"56";"3";"COMBUSTÍVEIS E LUBRIFICANTES.";"1";"Veículos Automotores";"AUTO POSTO BRASIL DE FERNANDOPOLIS LTDA";"469.334.380/0012-3";"11574";"0";"2020-06-01T00:00:00";"3890.74";"0";"3890.74";"6";"2020";"0";"";"";"1698917";"";"";"";"2917";"7059100";"https://www.camara.leg.br/cota-parlamentar/documentos/publ/2917/2020/7059100.pdf"
"Fausto Pinato";"";"66828";"355";"2019";"SP";"UNIÃO";"56";"3";"COMBUSTÍVEIS E LUBRIFICANTES.";"1";"Veículos Automotores";"AUTO POSTO BRASIL DE FERNANDOPOLIS LTDA";"469.334.380/0012-3";"11691";"0";"2020-07-09T00:00:00";"3832.52";"0";"3832.52";"7";"2020";"0";"";"";"1705505";"";"";"";"2917";"7071212";"https://www.camara.leg.br/cota-parlamentar/documentos/publ/2917/2020/7071212.pdf"
"Fausto Pinato";"";"66828";"355";"2019";"SP";"UNIÃO";"56";"3";"COMBUSTÍVEIS E LUBRIFICANTES.";"1";"Veículos Automotores";"AUTO POSTO BRASIL DE FERNANDOPOLIS LTDA";"469.334.380/0012-3";"11766";"0";"2020-08-05T00:00:00";"3600.24";"0";"3600.24";"8";"2020";"0";"";"";"1709819";"";"";"";"2917";"7079704";"https://www.camara.leg.br/cota-parlamentar/documentos/publ/2917/2020/7079704.pdf"
"Fausto Pinato";"";"66828";"355";"2019";"SP";"UNIÃO";"56";"3";"COMBUSTÍVEIS E LUBRIFICANTES.";"1";"Veículos Automotores";"AUTO POSTO BRASIL DE FERNANDOPOLIS LTDA";"469.334.380/0012-3";"11851";"0";"2020-09-03T00:00:00";"3543.31";"0";"3543.31";"9";"2020";"0";"";"";"1715374";"";"";"";"2917";"7090778";"https://www.camara.leg.br/cota-parlamentar/documentos/publ/2917/2020/7090778.pdf"
"Fausto Pinato";"";"66828";"355";"2019";"SP";"UNIÃO";"56";"3";"COMBUSTÍVEIS E LUBRIFICANTES.";"1";"Veículos Automotores";"AUTO POSTO BRASIL DE FERNANDOPOLIS LTDA";"469.334.380/0012-3";"11942";"0";"2020-10-02T00:00:00";"2928.27";"0";"2928.27";"10";"2020";"0";"";"";"1720588";"";"";"";"2917";"7101644";"https://www.camara.leg.br/cota-parlamentar/documentos/publ/2917/2020/7101644.pdf"
"Fausto Pinato";"";"66828";"355";"2019";"SP";"UNIÃO";"56";"3";"COMBUSTÍVEIS E LUBRIFICANTES.";"1";"Veículos Automotores";"AUTO POSTO BRASIL DE FERNANDOPOLIS LTDA";"469.334.380/0012-3";"12033";"0";"2020-11-12T01:00:00";"2244.4";"0";"2244.4";"11";"2020";"0";"";"";"1727171";"";"";"";"2917";"7116203";"https://www.camara.leg.br/cota-parlamentar/documentos/publ/2917/2020/7116203.pdf"
"Fausto Pinato";"";"66828";"355";"2019";"SP";"UNIÃO";"56";"3";"COMBUSTÍVEIS E LUBRIFICANTES.";"1";"Veículos Automotores";"AUTO POSTO BRASIL DE FERNANDOPOLIS LTDA";"469.334.380/0012-3";"12120";"0";"2020-12-14T01:00:00";"3201.57";"0";"3201.57";"12";"2020";"0";"";"";"1733527";"";"";"";"2917";"7129829";"https://www.camara.leg.br/cota-parlamentar/documentos/publ/2917/2020/7129829.pdf"
"Fausto Pinato";"";"66828";"355";"2019";"SP";"UNIÃO";"56";"3";"COMBUSTÍVEIS E LUBRIFICANTES.";"1";"Veículos Automotores";"AUTO POSTO DUQUE CONDE ALPHAVILLE LTDA";"112.591.680/0013-2";"131203";"0";"2020-10-29T00:00:00";"100";"0";"100";"10";"2020";"0";"";"";"1726719";"";"";"";"2917";"7115046";"https://www.camara.leg.br/cota-parlamentar/documentos/publ/2917/2020/7115046.pdf"
"Fausto Pinato";"";"66828";"355";"2019";"SP";"UNIÃO";"56";"3";"COMBUSTÍVEIS E LUBRIFICANTES.";"1";"Veículos Automotores";"AUTO POSTO INTERCOLINAS LTDA";"193.644.980/0010-8";"352038";"0";"2020-11-06T01:00:00";"250.75";"0";"250.75";"11";"2020";"0";"";"";"1726721";"";"";"";"2917";"7115068";"https://www.camara.leg.br/cota-parlamentar/documentos/publ/2917/2020/7115068.pdf"
"Fausto Pinato";"";"66828";"355";"2019";"SP";"UNIÃO";"56";"3";"COMBUSTÍVEIS E LUBRIFICANTES.";"1";"Veículos Automotores";"AUTO POSTO JK LTDA";"034.822.080/0018-2";"318280";"4";"2020-05-06T00:00:00";"147.31";"0";"147.31";"5";"2020";"0";"";"";"1695350";"";"";"";"2917";"7052614";"https://www.camara.leg.br/cota-parlamentar/nota-fiscal-eletronica?ideDocumentoFiscal=7052614"
"Fausto Pinato";"";"66828";"355";"2019";"SP";"UNIÃO";"56";"3";"COMBUSTÍVEIS E LUBRIFICANTES.";"1";"Veículos Automotores";"AUTO POSTO LINS LT";"516.652.890/0010-7";"326217";"0";"2020-10-30T00:00:00";"188.01";"0";"188.01";"10";"2020";"0";"";"";"1732089";"";"";"";"2917";"7126794";"https://www.camara.leg.br/cota-parlamentar/documentos/publ/2917/2020/7126794.pdf"
"Fausto Pinato";"";"66828";"355";"2019";"SP";"UNIÃO";"56";"3";"COMBUSTÍVEIS E LUBRIFICANTES.";"1";"Veículos Automotores";"AUTO POSTO PETROMINAS LTDA";"052.100.640/0013-0";"87859";"0";"2020-03-02T00:00:00";"250";"0";"250";"3";"2020";"0";"";"";"1681592";"";"";"";"2917";"7024585";"https://www.camara.leg.br/cota-parlamentar/documentos/publ/2917/2020/7024585.pdf"
"Fausto Pinato";"";"66828";"355";"2019";"SP";"UNIÃO";"56";"3";"COMBUSTÍVEIS E LUBRIFICANTES.";"1";"Veículos Automotores";"AUTO POSTO PETROMINAS LTDA";"052.100.640/0013-0";"88675";"0";"2020-12-01T01:00:00";"1087.98";"0";"1087.98";"12";"2020";"0";"";"";"1731466";"";"";"";"2917";"7125507";"https://www.camara.leg.br/cota-parlamentar/documentos/publ/2917/2020/7125507.pdf"
"Fausto Pinato";"";"66828";"355";"2019";"SP";"UNIÃO";"56";"3";"COMBUSTÍVEIS E LUBRIFICANTES.";"1";"Veículos Automotores";"AUTO POSTO PRA FRENTE LTDA";"108.456.680/0019-3";"066717";"0";"2020-11-15T01:00:00";"100";"0";"100";"11";"2020";"0";"";"";"1727634";"";"";"";"2917";"7117400";"https://www.camara.leg.br/cota-parlamentar/documentos/publ/2917/2020/7117400.pdf"
"Fausto Pinato";"";"66828";"355";"2019";"SP";"UNIÃO";"56";"3";"COMBUSTÍVEIS E LUBRIFICANTES.";"1";"Veículos Automotores";"AUTO POSTO ROMAFS LT";"577.960.210/0018-2";"1856";"0";"2020-01-07T00:00:00";"918";"0";"918";"1";"2020";"0";"";"";"1666849";"";"";"";"2917";"6993848";"https://www.camara.leg.br/cota-parlamentar/documentos/publ/2917/2020/6993848.pdf"
"Fausto Pinato";"";"66828";"355";"2019";"SP";"UNIÃO";"56";"3";"COMBUSTÍVEIS E LUBRIFICANTES.";"1";"Veículos Automotores";"AUTO POSTO ROMAFS LT";"577.960.210/0018-2";"1891";"0";"2020-02-14T00:00:00";"180";"0";"180";"2";"2020";"0";"";"";"1680305";"";"";"";"2917";"7021674";"https://www.camara.leg.br/cota-parlamentar/documentos/publ/2917/2020/7021674.pdf"
"Fausto Pinato";"";"66828";"355";"2019";"SP";"UNIÃO";"56";"3";"COMBUSTÍVEIS E LUBRIFICANTES.";"1";"Veículos Automotores";"AUTO POSTO ROMAFS LT";"577.960.210/0018-2";"1908";"0";"2020-03-06T00:00:00";"550";"0";"550";"3";"2020";"0";"";"";"1685504";"";"";"";"2917";"7032257";"https://www.camara.leg.br/cota-parlamentar/documentos/publ/2917/2020/7032257.pdf"
"Fausto Pinato";"";"66828";"355";"2019";"SP";"UNIÃO";"56";"3";"COMBUSTÍVEIS E LUBRIFICANTES.";"1";"Veículos Automotores";"AUTO POSTO ROMAFS LT";"577.960.210/0018-2";"1949";"0";"2020-04-08T00:00:00";"450";"0";"450";"4";"2020";"0";"";"";"1690209";"";"";"";"2917";"7043702";"https://www.camara.leg.br/cota-parlamentar/documentos/publ/2917/2020/7043702.pdf"
"Fausto Pinato";"";"66828";"355";"2019";"SP";"UNIÃO";"56";"3";"COMBUSTÍVEIS E LUBRIFICANTES.";"1";"Veículos Automotores";"AUTO POSTO ROMAFS LT";"577.960.210/0018-2";"1968";"0";"2020-05-07T00:00:00";"400";"0";"400";"5";"2020";"0";"";"";"1696142";"";"";"";"2917";"7054070";"https://www.camara.leg.br/cota-parlamentar/documentos/publ/2917/2020/7054070.pdf"
"Fausto Pinato";"";"66828";"355";"2019";"SP";"UNIÃO";"56";"3";"COMBUSTÍVEIS E LUBRIFICANTES.";"1";"Veículos Automotores";"AUTO POSTO ROMAFS LT";"577.960.210/0018-2";"1986";"0";"2020-06-05T00:00:00";"400";"0";"400";"6";"2020";"0";"";"";"1699895";"";"";"";"2917";"7060781";"https://www.camara.leg.br/cota-parlamentar/documentos/publ/2917/2020/7060781.pdf"
"Fausto Pinato";"";"66828";"355";"2019";"SP";"UNIÃO";"56";"3";"COMBUSTÍVEIS E LUBRIFICANTES.";"1";"Veículos Automotores";"AUTO POSTO ROMAFS LT";"577.960.210/0018-2";"2017";"0";"2020-07-06T00:00:00";"725.03";"0";"725.03";"7";"2020";"0";"";"";"1704576";"";"";"";"2917";"7069584";"https://www.camara.leg.br/cota-parlamentar/documentos/publ/2917/2020/7069584.pdf"
"Fausto Pinato";"";"66828";"355";"2019";"SP";"UNIÃO";"56";"3";"COMBUSTÍVEIS E LUBRIFICANTES.";"1";"Veículos Automotores";"AUTO POSTO ROMAFS LT";"577.960.210/0018-2";"2032";"0";"2020-08-06T00:00:00";"847.66";"0";"847.66";"8";"2020";"0";"";"";"1710078";"";"";"";"2917";"7080268";"https://www.camara.leg.br/cota-parlamentar/documentos/publ/2917/2020/7080268.pdf"
"Fausto Pinato";"";"66828";"355";"2019";"SP";"UNIÃO";"56";"3";"COMBUSTÍVEIS E LUBRIFICANTES.";"1";"Veículos Automotores";"AUTO POSTO ROMAFS LT";"577.960.210/0018-2";"2055";"0";"2020-09-05T00:00:00";"1164.01";"0";"1164.01";"9";"2020";"0";"";"";"1715374";"";"";"";"2917";"7090766";"https://www.camara.leg.br/cota-parlamentar/documentos/publ/2917/2020/7090766.pdf"
"Fausto Pinato";"";"66828";"355";"2019";"SP";"UNIÃO";"56";"3";"COMBUSTÍVEIS E LUBRIFICANTES.";"1";"Veículos Automotores";"AUTO POSTO SENA LT";"964.607.790/0010-5";"692381";"0";"2020-07-29T00:00:00";"211.3";"0";"211.3";"7";"2020";"0";"";"";"1710984";"";"";"";"2917";"7082005";"https://www.camara.leg.br/cota-parlamentar/documentos/publ/2917/2020/7082005.pdf"
"Fausto Pinato";"";"66828";"355";"2019";"SP";"UNIÃO";"56";"3";"COMBUSTÍVEIS E LUBRIFICANTES.";"1";"Veículos Automotores";"AUTO POSTO SP 400 LTDA";"031.135.220/0027-9";"290430";"0";"2020-11-01T01:00:00";"140.02";"0";"140.02";"11";"2020";"0";"";"";"1726721";"";"";"";"2917";"7115036";"https://www.camara.leg.br/cota-parlamentar/documentos/publ/2917/2020/7115036.pdf"
"Fausto Pinato";"";"66828";"355";"2019";"SP";"UNIÃO";"56";"3";"COMBUSTÍVEIS E LUBRIFICANTES.";"1";"Veículos Automotores";"AUTO POSTO TALISMA VILA JAGUARA LTDA";"120.741.390/0016-9";"009908";"0";"2020-07-20T00:00:00";"219.08";"0";"219.08";"7";"2020";"0";"";"";"1710984";"";"";"";"2917";"7081986";"https://www.camara.leg.br/cota-parlamentar/documentos/publ/2917/2020/7081986.pdf"
"Fausto Pinato";"";"66828";"355";"2019";"SP";"UNIÃO";"56";"3";"COMBUSTÍVEIS E LUBRIFICANTES.";"1";"Veículos Automotores";"Auto Posto Trevão Lafaiete Ltda";"031.629.250/0012-7";"55622";"0";"2020-02-22T00:00:00";"158.43";"0";"158.43";"2";"2020";"0";"";"";"1680342";"";"";"";"2917";"7021808";"https://www.camara.leg.br/cota-parlamentar/documentos/publ/2917/2020/7021808.pdf"
"Fausto Pinato";"";"66828";"355";"2019";"SP";"UNIÃO";"56";"3";"COMBUSTÍVEIS E LUBRIFICANTES.";"1";"Veículos Automotores";"AUTO POSTO VENESA LTDA";"661.022.940/0017-0";"748869";"0";"2020-07-25T00:00:00";"100";"0";"100";"7";"2020";"0";"";"";"1710984";"";"";"";"2917";"7081995";"https://www.camara.leg.br/cota-parlamentar/documentos/publ/2917/2020/7081995.pdf"
"Fausto Pinato";"";"66828";"355";"2019";"SP";"UNIÃO";"56";"3";"COMBUSTÍVEIS E LUBRIFICANTES.";"1";"Veículos Automotores";"AUTO SHOPPING DERIVADO DE PETROLEO LTDA";"370.633.280/0105-8";"653895";"4";"2020-01-17T00:00:00";"100";"0";"100";"1";"2020";"0";"";"";"1674050";"";"";"";"2917";"7009879";"https://www.camara.leg.br/cota-parlamentar/nota-fiscal-eletronica?ideDocumentoFiscal=7009879"
"Fausto Pinato";"";"66828";"355";"2019";"SP";"UNIÃO";"56";"3";"COMBUSTÍVEIS E LUBRIFICANTES.";"1";"Veículos Automotores";"AUTO SHOPPING DERIVADO DE PETROLEO LTDA";"370.633.280/0105-8";"655322";"4";"2020-01-22T00:00:00";"100";"0";"100";"1";"2020";"0";"";"";"1670457";"";"";"";"2917";"7001985";"https://www.camara.leg.br/cota-parlamentar/nota-fiscal-eletronica?ideDocumentoFiscal=7001985"
"Fausto Pinato";"";"66828";"355";"2019";"SP";"UNIÃO";"56";"3";"COMBUSTÍVEIS E LUBRIFICANTES.";"1";"Veículos Automotores";"AUTO SHOPPING DERIVADO DE PETROLEO LTDA";"370.633.280/0105-8";"658400";"4";"2020-01-31T00:00:00";"102";"0";"102";"1";"2020";"0";"";"";"1670457";"";"";"";"2917";"7001986";"https://www.camara.leg.br/cota-parlamentar/nota-fiscal-eletronica?ideDocumentoFiscal=7001986"
"Fausto Pinato";"";"66828";"355";"2019";"SP";"UNIÃO";"56";"3";"COMBUSTÍVEIS E LUBRIFICANTES.";"1";"Veículos Automotores";"AUTO SHOPPING DERIVADO DE PETROLEO LTDA";"370.633.280/0105-8";"661007";"4";"2020-02-08T00:00:00";"100";"0";"100";"2";"2020";"0";"";"";"1674049";"";"";"";"2917";"7009881";"https://www.camara.leg.br/cota-parlamentar/nota-fiscal-eletronica?ideDocumentoFiscal=7009881"
"Fausto Pinato";"";"66828";"355";"2019";"SP";"UNIÃO";"56";"3";"COMBUSTÍVEIS E LUBRIFICANTES.";"1";"Veículos Automotores";"AUTO SHOPPING DERIVADO DE PETROLEO LTDA";"370.633.280/0105-8";"681657";"4";"2020-04-29T00:00:00";"100";"0";"100";"4";"2020";"0";"";"";"1693391";"";"";"";"2917";"7049228";"https://www.camara.leg.br/cota-parlamentar/nota-fiscal-eletronica?ideDocumentoFiscal=7049228"
"Fausto Pinato";"";"66828";"355";"2019";"SP";"UNIÃO";"56";"3";"COMBUSTÍVEIS E LUBRIFICANTES.";"1";"Veículos Automotores";"AUTO SHOPPING DERIVADO DE PETROLEO LTDA";"370.633.280/0105-8";"685390";"4";"2020-05-18T00:00:00";"150";"0";"150";"5";"2020";"0";"";"";"1697979";"";"";"";"2917";"7057541";"https://www.camara.leg.br/cota-parlamentar/nota-fiscal-eletronica?ideDocumentoFiscal=7057541"
"Fausto Pinato";"";"66828";"355";"2019";"SP";"UNIÃO";"56";"3";"COMBUSTÍVEIS E LUBRIFICANTES.";"1";"Veículos Automotores";"AUTO SHOPPING DERIVADO DE PETROLEO LTDA";"370.633.280/0105-8";"698141";"4";"2020-07-14T00:00:00";"105";"0";"105";"7";"2020";"0";"";"";"1710985";"";"";"";"2917";"7081980";"https://www.camara.leg.br/cota-parlamentar/nota-fiscal-eletronica?ideDocumentoFiscal=7081980"
"Fausto Pinato";"";"66828";"355";"2019";"SP";"UNIÃO";"56";"3";"COMBUSTÍVEIS E LUBRIFICANTES.";"1";"Veículos Automotores";"AUTO SHOPPING DERIVADO DE PETROLEO LTDA";"370.633.280/0105-8";"704599";"4";"2020-08-12T00:00:00";"100";"0";"100";"8";"2020";"0";"";"";"1711206";"";"";"";"2917";"7082374";"https://www.camara.leg.br/cota-parlamentar/nota-fiscal-eletronica?ideDocumentoFiscal=7082374"
"Fausto Pinato";"";"66828";"355";"2019";"SP";"UNIÃO";"56";"3";"COMBUSTÍVEIS E LUBRIFICANTES.";"1";"Veículos Automotores";"AUTO SHOPPING DERIVADO DE PETROLEO LTDA";"370.633.280/0105-8";"705953";"4";"2020-08-19T00:00:00";"100";"0";"100";"8";"2020";"0";"";"";"1712506";"";"";"";"2917";"7084967";"https://www.camara.leg.br/cota-parlamentar/nota-fiscal-eletronica?ideDocumentoFiscal=7084967"
"Fausto Pinato";"";"66828";"355";"2019";"SP";"UNIÃO";"56";"3";"COMBUSTÍVEIS E LUBRIFICANTES.";"1";"Veículos Automotores";"AUTO SHOPPING DERIVADO DE PETROLEO LTDA";"370.633.280/0105-8";"706687";"4";"2020-08-22T00:00:00";"247.92";"226.84";"21.08";"8";"2020";"0";"";"";"1713061";"";"";"";"2917";"7085903";"https://www.camara.leg.br/cota-parlamentar/nota-fiscal-eletronica?ideDocumentoFiscal=7085903"
"Fausto Pinato";"";"66828";"355";"2019";"SP";"UNIÃO";"56";"3";"COMBUSTÍVEIS E LUBRIFICANTES.";"1";"Veículos Automotores";"AUTO SHOPPING DERIVADO DE PETROLEO LTDA";"370.633.280/0105-8";"778491";"4";"2020-11-27T01:00:00";"200";"0";"200";"11";"2020";"0";"";"";"1734609";"";"";"";"2917";"7132156";"https://www.camara.leg.br/cota-parlamentar/nota-fiscal-eletronica?ideDocumentoFiscal=7132156"
"Fausto Pinato";"";"66828";"355";"2019";"SP";"UNIÃO";"56";"3";"COMBUSTÍVEIS E LUBRIFICANTES.";"1";"Veículos Automotores";"AUTO SHOPPING DERIVADOS DE PETROLEO LTDA";"370.633.280/0130-9";"133469";"4";"2020-11-20T01:00:00";"200";"0";"200";"11";"2020";"0";"";"";"1734609";"";"";"";"2917";"7132158";"https://www.camara.leg.br/cota-parlamentar/nota-fiscal-eletronica?ideDocumentoFiscal=7132158"
"Fausto Pinato";"";"66828";"355";"2019";"SP";"UNIÃO";"56";"3";"COMBUSTÍVEIS E LUBRIFICANTES.";"1";"Veículos Automotores";"CALENTI & GONCALVES FERNANDOP. LTDA. ME";"090.413.980/0018-9";"3113";"0";"2020-12-01T01:00:00";"189";"69";"120";"12";"2020";"0";"";"";"1731466";"";"";"";"2917";"7125509";"https://www.camara.leg.br/cota-parlamentar/documentos/publ/2917/2020/7125509.pdf"
"Fausto Pinato";"";"66828";"355";"2019";"SP";"UNIÃO";"56";"3";"COMBUSTÍVEIS E LUBRIFICANTES.";"1";"Veículos Automotores";"CALENTI & GONCALVES FERNANDOP. LTDA. ME";"090.413.980/0018-9";"3123";"0";"2020-12-14T01:00:00";"673";"293";"380";"12";"2020";"0";"";"";"1734914";"";"";"";"2917";"7132735";"https://www.camara.leg.br/cota-parlamentar/documentos/publ/2917/2020/7132735.pdf"
"Fausto Pinato";"";"66828";"355";"2019";"SP";"UNIÃO";"56";"3";"COMBUSTÍVEIS E LUBRIFICANTES.";"1";"Veículos Automotores";"CAMPEAO 38 POSTO DE SERVICOS LTDA";"077.451.130/0016-5";"411681";"0";"2020-08-11T00:00:00";"244.88";"0";"244.88";"8";"2020";"0";"";"";"1712505";"";"";"";"2917";"7084999";"https://www.camara.leg.br/cota-parlamentar/documentos/publ/2917/2020/7084999.pdf"
"Fausto Pinato";"";"66828";"355";"2019";"SP";"UNIÃO";"56";"3";"COMBUSTÍVEIS E LUBRIFICANTES.";"1";"Veículos Automotores";"CASCOL COMBUSTIVEIS PARA VEICULOS LTDA";"003.065.970/0192-6";"9395";"4";"2020-11-18T01:00:00";"200";"0";"200";"11";"2020";"0";"";"";"1732091";"";"";"";"2917";"7126775";"https://www.camara.leg.br/cota-parlamentar/nota-fiscal-eletronica?ideDocumentoFiscal=7126775"
"Fausto Pinato";"";"66828";"355";"2019";"SP";"UNIÃO";"56";"3";"COMBUSTÍVEIS E LUBRIFICANTES.";"1";"Veículos Automotores";"CASCOL COMBUSTIVEIS PARA VEICULOS LTDA";"003.065.970/0311-2";"392518";"4";"2020-02-11T00:00:00";"150";"0";"150";"2";"2020";"0";"";"";"1674653";"";"";"";"2917";"7011237";"https://www.camara.leg.br/cota-parlamentar/nota-fiscal-eletronica?ideDocumentoFiscal=7011237"
"Fausto Pinato";"";"66828";"355";"2019";"SP";"UNIÃO";"56";"3";"COMBUSTÍVEIS E LUBRIFICANTES.";"1";"Veículos Automotores";"CASCOL COMBUSTIVEIS PARA VEICULOS LTDA";"003.065.970/0311-2";"397981";"4";"2020-02-20T00:00:00";"238.49";"0";"238.49";"2";"2020";"0";"";"";"1680343";"";"";"";"2917";"7021799";"https://www.camara.leg.br/cota-parlamentar/nota-fiscal-eletronica?ideDocumentoFiscal=7021799"
"Fausto Pinato";"";"66828";"355";"2019";"SP";"UNIÃO";"56";"3";"COMBUSTÍVEIS E LUBRIFICANTES.";"1";"Veículos Automotores";"CASCOL COMBUSTIVEIS PARA VEICULOS LTDA";"003.065.970/0451-8";"14721";"4";"2020-11-25T01:00:00";"150";"0";"150";"11";"2020";"0";"";"";"1734609";"";"";"";"2917";"7132161";"https://www.camara.leg.br/cota-parlamentar/nota-fiscal-eletronica?ideDocumentoFiscal=7132161"
"Fausto Pinato";"";"66828";"355";"2019";"SP";"UNIÃO";"56";"3";"COMBUSTÍVEIS E LUBRIFICANTES.";"1";"Veículos Automotores";"CASCOL COMBUSTIVEIS PARA VEICULOS LTDA";"003.065.970/0630-8";"14868";"4";"2020-03-04T00:00:00";"100";"0";"100";"3";"2020";"0";"";"";"1682822";"";"";"";"2917";"7027490";"https://www.camara.leg.br/cota-parlamentar/nota-fiscal-eletronica?ideDocumentoFiscal=7027490"
"Fausto Pinato";"";"66828";"355";"2019";"SP";"UNIÃO";"56";"3";"COMBUSTÍVEIS E LUBRIFICANTES.";"1";"Veículos Automotores";"CASCOL COMBUSTIVEIS PARA VEICULOS LTDA";"003.065.970/0630-8";"18263";"4";"2020-03-12T00:00:00";"200";"0";"200";"3";"2020";"0";"";"";"1688650";"";"";"";"2917";"7041202";"https://www.camara.leg.br/cota-parlamentar/nota-fiscal-eletronica?ideDocumentoFiscal=7041202"
"Fausto Pinato";"";"66828";"355";"2019";"SP";"UNIÃO";"56";"3";"COMBUSTÍVEIS E LUBRIFICANTES.";"1";"Veículos Automotores";"CASCOL COMBUSTIVEIS PARA VEICULOS LTDA";"003.065.970/0630-8";"27485";"4";"2020-04-16T00:00:00";"92.73";"0";"92.73";"4";"2020";"0";"";"";"1693391";"";"";"";"2917";"7049224";"https://www.camara.leg.br/cota-parlamentar/nota-fiscal-eletronica?ideDocumentoFiscal=7049224"
"Fausto Pinato";"";"66828";"355";"2019";"SP";"UNIÃO";"56";"3";"COMBUSTÍVEIS E LUBRIFICANTES.";"1";"Veículos Automotores";"CENTRO AUTOMOTIVO POLO TAMBORE LTDA";"111.228.520/0017-8";"305749";"0";"2020-08-03T00:00:00";"241.02";"0";"241.02";"8";"2020";"0";"";"";"1710986";"";"";"";"2917";"7082000";"https://www.camara.leg.br/cota-parlamentar/documentos/publ/2917/2020/7082000.pdf"
"Fausto Pinato";"";"66828";"355";"2019";"SP";"UNIÃO";"56";"3";"COMBUSTÍVEIS E LUBRIFICANTES.";"1";"Veículos Automotores";"CENTRO AUTOMOTIVO TOSCANA LTDA";"165.396.070/0018-4";"393419";"0";"2020-08-06T00:00:00";"226.05";"0";"226.05";"8";"2020";"0";"";"";"1712505";"";"";"";"2917";"7084993";"https://www.camara.leg.br/cota-parlamentar/documentos/publ/2917/2020/7084993.pdf"
"Fausto Pinato";"";"66828";"355";"2019";"SP";"UNIÃO";"56";"3";"COMBUSTÍVEIS E LUBRIFICANTES.";"1";"Veículos Automotores";"COMPANHIA BRASILEIRA DE DISTRIBUICAO";"475.084.110/6390-5";"104536";"0";"2020-10-28T00:00:00";"100";"0";"100";"10";"2020";"0";"";"";"1726719";"";"";"";"2917";"7115063";"https://www.camara.leg.br/cota-parlamentar/documentos/publ/2917/2020/7115063.pdf"
"Fausto Pinato";"";"66828";"355";"2019";"SP";"UNIÃO";"56";"3";"COMBUSTÍVEIS E LUBRIFICANTES.";"1";"Veículos Automotores";"CRUZEIRO COMBUSTIVEIS E SERVICOS S/A";"269.910.670/0012-9";"176667";"4";"2020-08-03T00:00:00";"100";"0";"100";"8";"2020";"0";"";"";"1709820";"";"";"";"2917";"7079767";"https://www.camara.leg.br/cota-parlamentar/nota-fiscal-eletronica?ideDocumentoFiscal=7079767"
"Fausto Pinato";"";"66828";"355";"2019";"SP";"UNIÃO";"56";"3";"COMBUSTÍVEIS E LUBRIFICANTES.";"1";"Veículos Automotores";"CRUZEIRO COMBUSTIVEIS E SERVICOS S/A";"269.910.670/0012-9";"190186";"4";"2020-12-06T01:00:00";"200";"0";"200";"12";"2020";"0";"";"";"1734610";"";"";"";"2917";"7132139";"https://www.camara.leg.br/cota-parlamentar/nota-fiscal-eletronica?ideDocumentoFiscal=7132139"
"Fausto Pinato";"";"66828";"355";"2019";"SP";"UNIÃO";"56";"3";"COMBUSTÍVEIS E LUBRIFICANTES.";"1";"Veículos Automotores";"FRATELLI POSTO DE COMBUSTIVEIS LTDA";"088.840.380/0018-6";"23611";"4";"2020-12-17T01:00:00";"346.38";"0";"346.38";"12";"2020";"0";"";"";"1734623";"";"";"";"2917";"7132184";"https://www.camara.leg.br/cota-parlamentar/nota-fiscal-eletronica?ideDocumentoFiscal=7132184"
"Fausto Pinato";"";"66828";"355";"2019";"SP";"UNIÃO";"56";"3";"COMBUSTÍVEIS E LUBRIFICANTES.";"1";"Veículos Automotores";"JARJOUR COMERCIO DE DERIVADOS DE PETROLEO LTDA";"320.848.930/0019-7";"7210";"4";"2020-07-20T00:00:00";"150";"0";"150";"7";"2020";"0";"";"";"1710985";"";"";"";"2917";"7081834";"https://www.camara.leg.br/cota-parlamentar/nota-fiscal-eletronica?ideDocumentoFiscal=7081834"
"Fausto Pinato";"";"66828";"355";"2019";"SP";"UNIÃO";"56";"3";"COMBUSTÍVEIS E LUBRIFICANTES.";"1";"Veículos Automotores";"JARJOUR COMERCIO DE DERIVADOS DE PETROLEO LTDA";"320.848.930/0019-7";"8166";"4";"2020-07-28T00:00:00";"100";"0";"100";"7";"2020";"0";"";"";"1710985";"";"";"";"2917";"7081832";"https://www.camara.leg.br/cota-parlamentar/nota-fiscal-eletronica?ideDocumentoFiscal=7081832"
"Fausto Pinato";"";"66828";"355";"2019";"SP";"UNIÃO";"56";"3";"COMBUSTÍVEIS E LUBRIFICANTES.";"1";"Veículos Automotores";"JARJOUR FILIAL - 206 NORTE";"001.086.700/0020-7";"145553";"4";"2020-01-20T00:00:00";"100";"0";"100";"1";"2020";"0";"";"";"1670457";"";"";"";"2917";"7001930";"https://www.camara.leg.br/cota-parlamentar/nota-fiscal-eletronica?ideDocumentoFiscal=7001930"
"Fausto Pinato";"";"66828";"355";"2019";"SP";"UNIÃO";"56";"3";"COMBUSTÍVEIS E LUBRIFICANTES.";"1";"Veículos Automotores";"JARJOUR FILIAL - 206 NORTE";"001.086.700/0020-7";"148993";"4";"2020-02-13T00:00:00";"233.18";"0";"233.18";"2";"2020";"0";"";"";"1688648";"";"";"";"2917";"7041189";"https://www.camara.leg.br/cota-parlamentar/nota-fiscal-eletronica?ideDocumentoFiscal=7041189"
"Fausto Pinato";"";"66828";"355";"2019";"SP";"UNIÃO";"56";"3";"COMBUSTÍVEIS E LUBRIFICANTES.";"1";"Veículos Automotores";"KALINE AUTO POSTO";"104.979.120/0017-4";"045413";"0";"2020-11-02T01:00:00";"159";"0";"159";"11";"2020";"0";"";"";"1726721";"";"";"";"2917";"7115072";"https://www.camara.leg.br/cota-parlamentar/documentos/publ/2917/2020/7115072.pdf"
"Fausto Pinato";"";"66828";"355";"2019";"SP";"UNIÃO";"56";"3";"COMBUSTÍVEIS E LUBRIFICANTES.";"1";"Veículos Automotores";"PLUS CENTER AUTO POSTO";"020.199.360/0019-0";"235731";"0";"2020-07-24T00:00:00";"193.96";"0";"193.96";"7";"2020";"0";"";"";"1711205";"";"";"";"2917";"7082388";"https://www.camara.leg.br/cota-parlamentar/documentos/publ/2917/2020/7082388.pdf"
"Fausto Pinato";"";"66828";"355";"2019";"SP";"UNIÃO";"56";"3";"COMBUSTÍVEIS E LUBRIFICANTES.";"1";"Veículos Automotores";"POSTO 208 NORTE";"077.437.770/0019-5";"184664";"4";"2020-12-12T01:00:00";"300";"0";"300";"12";"2020";"0";"";"";"1734610";"";"";"";"2917";"7132151";"https://www.camara.leg.br/cota-parlamentar/nota-fiscal-eletronica?ideDocumentoFiscal=7132151"
"Fausto Pinato";"";"66828";"355";"2019";"SP";"UNIÃO";"56";"3";"COMBUSTÍVEIS E LUBRIFICANTES.";"1";"Veículos Automotores";"POSTO 7 SÃO CARLOS LTDA";"355.807.430/0016-2";"068119";"0";"2020-11-16T01:00:00";"215.4";"0";"215.4";"11";"2020";"0";"";"";"1727634";"";"";"";"2917";"7117403";"https://www.camara.leg.br/cota-parlamentar/documentos/publ/2917/2020/7117403.pdf"
"Fausto Pinato";"";"66828";"355";"2019";"SP";"UNIÃO";"56";"3";"COMBUSTÍVEIS E LUBRIFICANTES.";"1";"Veículos Automotores";"POSTO DE COMBUSTIVEIS 310 SUL LTDA";"325.902.570/0013-7";"4657";"4";"2020-12-02T01:00:00";"300";"0";"300";"12";"2020";"0";"";"";"1732090";"";"";"";"2917";"7126783";"https://www.camara.leg.br/cota-parlamentar/nota-fiscal-eletronica?ideDocumentoFiscal=7126783"
"Fausto Pinato";"";"66828";"355";"2019";"SP";"UNIÃO";"56";"3";"COMBUSTÍVEIS E LUBRIFICANTES.";"1";"Veículos Automotores";"POSTO DE COMBUSTIVEIS 310 SUL LTDA";"325.902.570/0013-7";"71622";"4";"2020-06-22T00:00:00";"150";"0";"150";"6";"2020";"0";"";"";"1701991";"";"";"";"2917";"7064733";"https://www.camara.leg.br/cota-parlamentar/nota-fiscal-eletronica?ideDocumentoFiscal=7064733"
"Fausto Pinato";"";"66828";"355";"2019";"SP";"UNIÃO";"56";"3";"COMBUSTÍVEIS E LUBRIFICANTES.";"1";"Veículos Automotores";"POSTO DE COMBUSTIVEIS 310 SUL LTDA";"325.902.570/0013-7";"82469";"4";"2020-10-21T00:00:00";"150";"0";"150";"10";"2020";"0";"";"";"1734614";"";"";"";"2917";"7129851";"https://www.camara.leg.br/cota-parlamentar/nota-fiscal-eletronica?ideDocumentoFiscal=7129851"
"Fausto Pinato";"";"66828";"355";"2019";"SP";"UNIÃO";"56";"3";"COMBUSTÍVEIS E LUBRIFICANTES.";"1";"Veículos Automotores";"POSTO DE SERVIÇOS HORIZONTE DO BRASIL LTDA";"228.084.540/0012-6";"047241";"0";"2020-08-15T00:00:00";"200.06";"0";"200.06";"8";"2020";"0";"";"";"1712505";"";"";"";"2917";"7085001";"https://www.camara.leg.br/cota-parlamentar/documentos/publ/2917/2020/7085001.pdf"
"Fausto Pinato";"";"66828";"355";"2019";"SP";"UNIÃO";"56";"3";"COMBUSTÍVEIS E LUBRIFICANTES.";"1";"Veículos Automotores";"POSTO DE SERVIÇOS HORIZONTE DO BRASIL LTDA";"228.084.540/0012-6";"053171";"0";"2020-11-08T01:00:00";"176.49";"0";"176.49";"11";"2020";"0";"";"";"1726719";"";"";"";"2917";"7115065";"https://www.camara.leg.br/cota-parlamentar/documentos/publ/2917/2020/7115065.pdf"
"Fausto Pinato";"";"66828";"355";"2019";"SP";"UNIÃO";"56";"3";"COMBUSTÍVEIS E LUBRIFICANTES.";"1";"Veículos Automotores";"POSTO DE SERVICOS NOVA CASTELO LTDA";"605.798.360/0011-4";"141484";"0";"2020-10-29T00:00:00";"123.4";"0";"123.4";"10";"2020";"0";"";"";"1732089";"";"";"";"2917";"7126797";"https://www.camara.leg.br/cota-parlamentar/documentos/publ/2917/2020/7126797.pdf"
"Fausto Pinato";"";"66828";"355";"2019";"SP";"UNIÃO";"56";"3";"COMBUSTÍVEIS E LUBRIFICANTES.";"1";"Veículos Automotores";"POSTO DISBRAVE IMPERIAL LTDA";"107.500.390/0018-0";"100697";"4";"2020-03-06T00:00:00";"200";"0";"200";"3";"2020";"0";"";"";"1688650";"";"";"";"2917";"7041184";"https://www.camara.leg.br/cota-parlamentar/nota-fiscal-eletronica?ideDocumentoFiscal=7041184"
"Fausto Pinato";"";"66828";"355";"2019";"SP";"UNIÃO";"56";"3";"COMBUSTÍVEIS E LUBRIFICANTES.";"1";"Veículos Automotores";"R13 SETOR HOTELEIRO SUL COMERCIO DE PRODUTOS DERIVADOS DE PE";"320.151.030/0011-1";"12842";"4";"2020-12-08T01:00:00";"300";"235.93";"64.07";"12";"2020";"0";"";"";"1735641";"";"";"";"2917";"7134242";"https://www.camara.leg.br/cota-parlamentar/nota-fiscal-eletronica?ideDocumentoFiscal=7134242"
"Fausto Pinato";"";"66828";"355";"2019";"SP";"UNIÃO";"56";"3";"COMBUSTÍVEIS E LUBRIFICANTES.";"1";"Veículos Automotores";"RIO NEGRO DERIVADOS DE PETROLEO LT";"673.967.470/0018-1";"326771";"0";"2020-08-07T00:00:00";"319.01";"0";"319.01";"8";"2020";"0";"";"";"1712505";"";"";"";"2917";"7084997";"https://www.camara.leg.br/cota-parlamentar/documentos/publ/2917/2020/7084997.pdf"
"Fausto Pinato";"";"66828";"355";"2019";"SP";"UNIÃO";"56";"3";"COMBUSTÍVEIS E LUBRIFICANTES.";"1";"Veículos Automotores";"SAO JOAO POSTOS DE ABASTECIMENTO E SERVICOS LTDA";"371.304.810/0016-0";"244463";"4";"2020-02-04T00:00:00";"150";"0";"150";"2";"2020";"0";"";"";"1672208";"";"";"";"2917";"7005684";"https://www.camara.leg.br/cota-parlamentar/nota-fiscal-eletronica?ideDocumentoFiscal=7005684"
"Fausto Pinato";"";"66828";"355";"2019";"SP";"UNIÃO";"56";"3";"COMBUSTÍVEIS E LUBRIFICANTES.";"1";"Veículos Automotores";"SETE COMERCIO DE COMBUSTIVEIS LTDA";"577.960.210/0018-2";"2085";"0";"2020-10-07T00:00:00";"580";"0";"580";"10";"2020";"0";"";"";"1721773";"";"";"";"2917";"7104009";"https://www.camara.leg.br/cota-parlamentar/documentos/publ/2917/2020/7104009.pdf"
"Fausto Pinato";"";"66828";"355";"2019";"SP";"UNIÃO";"56";"3";"COMBUSTÍVEIS E LUBRIFICANTES.";"1";"Veículos Automotores";"SETE COMERCIO DE COMBUSTIVEIS LTDA";"577.960.210/0018-2";"2107";"0";"2020-11-05T01:00:00";"836.72";"0";"836.72";"11";"2020";"0";"";"";"1726651";"";"";"";"2917";"7113775";"https://www.camara.leg.br/cota-parlamentar/documentos/publ/2917/2020/7113775.pdf"
"Fausto Pinato";"";"66828";"355";"2019";"SP";"UNIÃO";"56";"3";"COMBUSTÍVEIS E LUBRIFICANTES.";"1";"Veículos Automotores";"SIQUELERO SERRAZUL AUTO POSTO LTDA";"006.663.190/0015-0";"704338";"0";"2020-10-24T00:00:00";"259.43";"0";"259.43";"10";"2020";"0";"";"";"1726719";"";"";"";"2917";"7115034";"https://www.camara.leg.br/cota-parlamentar/documentos/publ/2917/2020/7115034.pdf"
"Fausto Pinato";"";"66828";"355";"2019";"SP";"UNIÃO";"56";"5";"DIVULGAÇÃO DA ATIVIDADE PARLAMENTAR.";"0";"";"PAULO HENRIQUE SORTINO";"301.766.910/0014-0";"12";"0";"2020-01-23T00:00:00";"6000";"0";"6000";"1";"2020";"0";"";"";"1669747";"";"";"";"2917";"7000038";"https://www.camara.leg.br/cota-parlamentar/documentos/publ/2917/2020/7000038.pdf"
"Fausto Pinato";"";"66828";"355";"2019";"SP";"UNIÃO";"56";"5";"DIVULGAÇÃO DA ATIVIDADE PARLAMENTAR.";"0";"";"PAULO HENRIQUE SORTINO";"301.766.910/0014-0";"15";"0";"2020-03-23T00:00:00";"6000";"0";"6000";"2";"2020";"0";"";"";"1687485";"";"";"";"2917";"7039161";"https://www.camara.leg.br/cota-parlamentar/documentos/publ/2917/2020/7039161.pdf"
"Fausto Pinato";"";"66828";"355";"2019";"SP";"UNIÃO";"56";"5";"DIVULGAÇÃO DA ATIVIDADE PARLAMENTAR.";"0";"";"PAULO HENRIQUE SORTINO";"301.766.910/0014-0";"19";"0";"2020-05-12T00:00:00";"6000";"0";"6000";"3";"2020";"0";"";"";"1695540";"";"";"";"2917";"7052922";"https://www.camara.leg.br/cota-parlamentar/documentos/publ/2917/2020/7052922.pdf"
"Fausto Pinato";"";"66828";"355";"2019";"SP";"UNIÃO";"56";"5";"DIVULGAÇÃO DA ATIVIDADE PARLAMENTAR.";"0";"";"PAULO HENRIQUE SORTINO";"301.766.910/0014-0";"20";"0";"2020-05-12T00:00:00";"6000";"0";"6000";"4";"2020";"0";"";"";"1695539";"";"";"";"2917";"7052920";"https://www.camara.leg.br/cota-parlamentar/documentos/publ/2917/2020/7052920.pdf"
"Fausto Pinato";"";"66828";"355";"2019";"SP";"UNIÃO";"56";"5";"DIVULGAÇÃO DA ATIVIDADE PARLAMENTAR.";"0";"";"PAULO HENRIQUE SORTINO";"301.766.910/0014-0";"22";"0";"2020-05-29T00:00:00";"2000";"0";"2000";"4";"2020";"0";"";"";"1698096";"";"";"";"2917";"7057745";"https://www.camara.leg.br/cota-parlamentar/documentos/publ/2917/2020/7057745.pdf"
"Fausto Pinato";"";"66828";"355";"2019";"SP";"UNIÃO";"56";"5";"DIVULGAÇÃO DA ATIVIDADE PARLAMENTAR.";"0";"";"PAULO HENRIQUE SORTINO";"301.766.910/0014-0";"23";"0";"2020-06-02T00:00:00";"7500";"0";"7500";"5";"2020";"0";"";"";"1698772";"";"";"";"2917";"7058780";"https://www.camara.leg.br/cota-parlamentar/documentos/publ/2917/2020/7058780.pdf"
"Fausto Pinato";"";"66828";"355";"2019";"SP";"UNIÃO";"56";"5";"DIVULGAÇÃO DA ATIVIDADE PARLAMENTAR.";"0";"";"PAULO HENRIQUE SORTINO";"301.766.910/0014-0";"26";"0";"2020-07-06T00:00:00";"6000";"0";"6000";"6";"2020";"0";"";"";"1704415";"";"";"";"2917";"7069320";"https://www.camara.leg.br/cota-parlamentar/documentos/publ/2917/2020/7069320.pdf"
"Fausto Pinato";"";"66828";"355";"2019";"SP";"UNIÃO";"56";"5";"DIVULGAÇÃO DA ATIVIDADE PARLAMENTAR.";"0";"";"PAULO HENRIQUE SORTINO";"301.766.910/0014-0";"29";"0";"2020-08-07T00:00:00";"1500";"0";"1500";"7";"2020";"0";"";"";"1710077";"";"";"";"2917";"7080271";"https://www.camara.leg.br/cota-parlamentar/documentos/publ/2917/2020/7080271.pdf"
"Fausto Pinato";"";"66828";"355";"2019";"SP";"UNIÃO";"56";"5";"DIVULGAÇÃO DA ATIVIDADE PARLAMENTAR.";"0";"";"PAULO HENRIQUE SORTINO";"301.766.910/0014-0";"30";"0";"2020-08-07T00:00:00";"6000";"0";"6000";"7";"2020";"0";"";"";"1710077";"";"";"";"2917";"7080269";"https://www.camara.leg.br/cota-parlamentar/documentos/publ/2917/2020/7080269.pdf"
"Fausto Pinato";"";"66828";"355";"2019";"SP";"UNIÃO";"56";"5";"DIVULGAÇÃO DA ATIVIDADE PARLAMENTAR.";"0";"";"PAULO HENRIQUE SORTINO";"301.766.910/0014-0";"34";"0";"2020-09-09T00:00:00";"6000";"0";"6000";"8";"2020";"0";"";"";"1715749";"";"";"";"2917";"7091588";"https://www.camara.leg.br/cota-parlamentar/documentos/publ/2917/2020/7091588.pdf"
"Fausto Pinato";"";"66828";"355";"2019";"SP";"UNIÃO";"56";"5";"DIVULGAÇÃO DA ATIVIDADE PARLAMENTAR.";"0";"";"PAULO HENRIQUE SORTINO";"301.766.910/0014-0";"36";"0";"2020-10-06T00:00:00";"6000";"0";"6000";"9";"2020";"0";"";"";"1720899";"";"";"";"2917";"7102192";"https://www.camara.leg.br/cota-parlamentar/documentos/publ/2917/2020/7102192.pdf"
"Fausto Pinato";"";"66828";"355";"2019";"SP";"UNIÃO";"56";"5";"DIVULGAÇÃO DA ATIVIDADE PARLAMENTAR.";"0";"";"PAULO HENRIQUE SORTINO";"301.766.910/0014-0";"38";"0";"2020-11-09T01:00:00";"6000";"0";"6000";"10";"2020";"0";"";"";"1726652";"";"";"";"2917";"7114791";"https://www.camara.leg.br/cota-parlamentar/documentos/publ/2917/2020/7114791.pdf"
"Fausto Pinato";"";"66828";"355";"2019";"SP";"UNIÃO";"56";"5";"DIVULGAÇÃO DA ATIVIDADE PARLAMENTAR.";"0";"";"PAULO HENRIQUE SORTINO";"301.766.910/0014-0";"40";"0";"2020-12-07T01:00:00";"6000";"0";"6000";"11";"2020";"0";"";"";"1731918";"";"";"";"2917";"7126385";"https://www.camara.leg.br/cota-parlamentar/documentos/publ/2917/2020/7126385.pdf"
"Fausto Pinato";"";"66828";"355";"2019";"SP";"UNIÃO";"56";"5";"DIVULGAÇÃO DA ATIVIDADE PARLAMENTAR.";"0";"";"PAULO HENRIQUE SORTINO";"301.766.910/0014-0";"41";"0";"2020-12-07T01:00:00";"6000";"0";"6000";"12";"2020";"0";"";"";"1731919";"";"";"";"2917";"7126386";"https://www.camara.leg.br/cota-parlamentar/documentos/publ/2917/2020/7126386.pdf"
"Fausto Pinato";"";"66828";"355";"2019";"SP";"UNIÃO";"56";"5";"DIVULGAÇÃO DA ATIVIDADE PARLAMENTAR.";"0";"";"PAULO HENRIQUE SORTINO";"301.766.910/0014-0";"42";"0";"2020-12-21T01:00:00";"1000";"0";"1000";"12";"2020";"0";"";"";"1735300";"";"";"";"2917";"7133357";"https://www.camara.leg.br/cota-parlamentar/documentos/publ/2917/2020/7133357.pdf"
"Fausto Pinato";"";"66828";"355";"2019";"SP";"UNIÃO";"56";"10";"TELEFONIA";"0";"";"Telefônica Brasil S. A. VIVO";"025.581.570/0016-2";"10745159";"0";"2020-07-01T00:00:00";"319.99";"0";"319.99";"6";"2020";"0";"";"";"1705535";"";"";"";"2917";"7071284";"https://www.camara.leg.br/cota-parlamentar/documentos/publ/2917/2020/7071284.pdf"
"Fausto Pinato";"";"66828";"355";"2019";"SP";"UNIÃO";"56";"10";"TELEFONIA";"0";"";"Telefônica Brasil S. A. VIVO";"025.581.570/0016-2";"12209611";"0";"2020-12-01T01:00:00";"319.99";"0";"319.99";"11";"2020";"0";"";"";"1732992";"";"";"";"2917";"7128530";"https://www.camara.leg.br/cota-parlamentar/documentos/publ/2917/2020/7128530.pdf"
"Fausto Pinato";"";"66828";"355";"2019";"SP";"UNIÃO";"56";"10";"TELEFONIA";"0";"";"Telefônica Brasil S. A. VIVO";"025.581.570/0016-2";"144469540";"0";"2020-07-01T00:00:00";"731.93";"35.99";"695.94";"6";"2020";"0";"";"";"1705535";"";"";"";"2917";"7071280";"https://www.camara.leg.br/cota-parlamentar/documentos/publ/2917/2020/7071280.pdf"
"Fausto Pinato";"";"66828";"355";"2019";"SP";"UNIÃO";"56";"10";"TELEFONIA";"0";"";"Telefônica Brasil S. A. VIVO";"025.581.570/0016-2";"164103961";"0";"2020-12-01T01:00:00";"735.92";"35.99";"699.93";"11";"2020";"0";"";"";"1732992";"";"";"";"2917";"7128551";"https://www.camara.leg.br/cota-parlamentar/documentos/publ/2917/2020/7128551.pdf"
"Fausto Pinato";"";"66828";"355";"2019";"SP";"UNIÃO";"56";"10";"TELEFONIA";"0";"";"Telefônica Brasil S. A. VIVO  - Celulares";"025.581.570/0016-2";"11086578";"0";"2020-08-01T00:00:00";"326.71";"0";"326.71";"7";"2020";"0";"";"";"1710265";"";"";"";"2917";"7080583";"https://www.camara.leg.br/cota-parlamentar/documentos/publ/2917/2020/7080583.pdf"
"Fausto Pinato";"";"66828";"355";"2019";"SP";"UNIÃO";"56";"10";"TELEFONIA";"0";"";"Telefônica Brasil S. A. VIVO  - Celulares";"025.581.570/0016-2";"149318471";"0";"2020-08-01T00:00:00";"747.31";"0";"747.31";"7";"2020";"0";"";"";"1710265";"";"";"";"2917";"7080575";"https://www.camara.leg.br/cota-parlamentar/documentos/publ/2917/2020/7080575.pdf"
"Fausto Pinato";"";"66828";"355";"2019";"SP";"UNIÃO";"56";"10";"TELEFONIA";"0";"";"Telefônica Brasil S. A. VIVO/GVT";"025.581.570/0016-2";"11744746";"0";"2020-10-01T00:00:00";"326.82";"6.83";"319.99";"9";"2020";"0";"";"";"1721772";"";"";"";"2917";"7103946";"https://www.camara.leg.br/cota-parlamentar/documentos/publ/2917/2020/7103946.pdf"
"Fausto Pinato";"";"66828";"355";"2019";"SP";"UNIÃO";"56";"10";"TELEFONIA";"0";"";"Telefônica Brasil S. A. VIVO/GVT";"025.581.570/0016-2";"158393629";"0";"2020-10-01T00:00:00";"751.19";"15.27";"735.92";"9";"2020";"0";"";"";"1721772";"";"";"";"2917";"7103997";"https://www.camara.leg.br/cota-parlamentar/documentos/publ/2917/2020/7103997.pdf"
"Fausto Pinato";"";"66828";"355";"2019";"SP";"UNIÃO";"56";"10";"TELEFONIA";"0";"";"Telefônica Brasil S.A. VIVO";"025.581.570/0016-2";"10054175";"0";"2020-05-01T00:00:00";"319.99";"0";"319.99";"4";"2020";"0";"";"";"1695347";"";"";"";"2917";"7052588";"https://www.camara.leg.br/cota-parlamentar/documentos/publ/2917/2020/7052588.pdf"
"Fausto Pinato";"";"66828";"355";"2019";"SP";"UNIÃO";"56";"10";"TELEFONIA";"0";"";"Telefônica Brasil S.A. VIVO";"025.581.570/0016-2";"119668895";"0";"2020-02-01T00:00:00";"731.93";"35.99";"695.94";"1";"2020";"0";"";"";"1674048";"";"";"";"2917";"7009884";"https://www.camara.leg.br/cota-parlamentar/documentos/publ/2917/2020/7009884.pdf"
"Fausto Pinato";"";"66828";"355";"2019";"SP";"UNIÃO";"56";"10";"TELEFONIA";"0";"";"Telefônica Brasil S.A. VIVO";"025.581.570/0016-2";"134565992";"0";"2020-05-01T00:00:00";"735.92";"35.99";"699.93";"4";"2020";"0";"";"";"1695347";"";"";"";"2917";"7052587";"https://www.camara.leg.br/cota-parlamentar/documentos/publ/2917/2020/7052587.pdf"
"Fausto Pinato";"";"66828";"355";"2019";"SP";"UNIÃO";"56";"10";"TELEFONIA";"0";"";"Telefônica Brasil S.A. VIVO";"025.581.570/0016-2";"9010164";"0";"2020-02-01T00:00:00";"319.96";"0";"319.96";"1";"2020";"0";"";"";"1674048";"";"";"";"2917";"7009885";"https://www.camara.leg.br/cota-parlamentar/documentos/publ/2917/2020/7009885.pdf"
"Fausto Pinato";"";"66828";"355";"2019";"SP";"UNIÃO";"56";"10";"TELEFONIA";"0";"";"Telefônica Brasil S.A. VIVO/GVT";"025.581.570/0016-2";"124454300";"0";"2020-03-01T00:00:00";"746.8";"14.87";"731.93";"2";"2020";"0";"";"";"1683799";"";"";"";"2917";"7030668";"https://www.camara.leg.br/cota-parlamentar/documentos/publ/2917/2020/7030668.pdf"
"Fausto Pinato";"";"66828";"355";"2019";"SP";"UNIÃO";"56";"10";"TELEFONIA";"0";"";"Telefônica Brasil S.A. VIVO/GVT";"025.581.570/0016-2";"129573281";"0";"2020-04-01T00:00:00";"731.93";"0";"731.93";"3";"2020";"0";"";"";"1689663";"";"";"";"2917";"7042886";"https://www.camara.leg.br/cota-parlamentar/documentos/publ/2917/2020/7042886.pdf"
"Fausto Pinato";"";"66828";"355";"2019";"SP";"UNIÃO";"56";"10";"TELEFONIA";"0";"";"Telefônica Brasil S.A. VIVO/GVT";"025.581.570/0016-2";"9342986";"0";"2020-03-01T00:00:00";"326.49";"6.5";"319.99";"2";"2020";"0";"";"";"1683799";"";"";"";"2917";"7030805";"https://www.camara.leg.br/cota-parlamentar/documentos/publ/2917/2020/7030805.pdf"
"Fausto Pinato";"";"66828";"355";"2019";"SP";"UNIÃO";"56";"10";"TELEFONIA";"0";"";"Telefônica Brasil S.A. VIVO/GVT";"025.581.570/0016-2";"9703414";"0";"2020-04-01T00:00:00";"319.99";"0";"319.99";"3";"2020";"0";"";"";"1689663";"";"";"";"2917";"7042891";"https://www.camara.leg.br/cota-parlamentar/documentos/publ/2917/2020/7042891.pdf"
"Fausto Pinato";"";"66828";"355";"2019";"SP";"UNIÃO";"56";"10";"TELEFONIA";"0";"";"VIVO telefonica";"025.581.570/0016-2";"10410572";"0";"2020-06-01T00:00:00";"319.99";"0";"319.99";"5";"2020";"0";"";"";"1700482";"";"";"";"2917";"7061838";"https://www.camara.leg.br/cota-parlamentar/documentos/publ/2917/2020/7061838.pdf"
"Fausto Pinato";"";"66828";"355";"2019";"SP";"UNIÃO";"56";"10";"TELEFONIA";"0";"";"VIVO telefonica";"025.581.570/0016-2";"139506025/06/2020";"0";"2020-06-01T00:00:00";"731.93";"0";"731.93";"5";"2020";"0";"";"";"1700482";"";"";"";"2917";"7061834";"https://www.camara.leg.br/cota-parlamentar/documentos/publ/2917/2020/7061834.pdf"
"Fausto Pinato";"";"66828";"355";"2019";"SP";"UNIÃO";"56";"13";"FORNECIMENTO DE ALIMENTAÇÃO DO PARLAMENTAR";"0";"";"MAREMONTI SAO JOSE DO RIO PRETO RESTAURANTE LTDA";"197.891.390/0019-4";"019288";"0";"2020-11-03T01:00:00";"72.6";"6.6";"66";"11";"2020";"0";"";"";"1726722";"";"";"";"2917";"7115015";"https://www.camara.leg.br/cota-parlamentar/documentos/publ/2917/2020/7115015.pdf"
"Fausto Pinato";"";"66828";"355";"2019";"SP";"UNIÃO";"56";"13";"FORNECIMENTO DE ALIMENTAÇÃO DO PARLAMENTAR";"0";"";"ZRC COMERCIO DE ALIMENTOS EIRELI";"276.882.390/0015-2";"21062";"4";"2020-01-22T00:00:00";"117.6";"12.6";"105";"1";"2020";"0";"";"";"1670458";"";"";"";"2917";"7001981";"https://www.camara.leg.br/cota-parlamentar/nota-fiscal-eletronica?ideDocumentoFiscal=7001981"
"Fausto Pinato";"";"66828";"355";"2019";"SP";"UNIÃO";"56";"14";"HOSPEDAGEM ,EXCETO DO PARLAMENTAR NO DISTRITO FEDERAL.";"0";"";"ALVES HOTEL LTDA";"430.867.010/0010-6";"000000030563";"0";"2020-10-30T00:00:00";"175";"0";"175";"10";"2020";"0";"";"";"1734907";"";"";"";"2917";"7126800";"https://www.camara.leg.br/cota-parlamentar/documentos/publ/2917/2020/7126800.pdf"
"Fausto Pinato";"";"66828";"355";"2019";"SP";"UNIÃO";"56";"14";"HOSPEDAGEM ,EXCETO DO PARLAMENTAR NO DISTRITO FEDERAL.";"0";"";"ARUA HOTEL LTDA";"464.308.150/0010-1";"47739";"0";"2020-11-01T01:00:00";"519.75";"24.75";"495";"11";"2020";"0";"";"";"1726651";"";"";"";"2917";"7114453";"https://www.camara.leg.br/cota-parlamentar/documentos/publ/2917/2020/7114453.pdf"
"Fausto Pinato";"";"66828";"355";"2019";"SP";"UNIÃO";"56";"14";"HOSPEDAGEM ,EXCETO DO PARLAMENTAR NO DISTRITO FEDERAL.";"0";"";"ASSET ATIVIDADES HOTELEIROS LTDA";"129.103.280/0039-6";"00434914";"0";"2020-02-18T00:00:00";"221.13";"0";"221.13";"2";"2020";"0";"";"";"1687181";"";"";"";"2917";"7038360";"https://www.camara.leg.br/cota-parlamentar/documentos/publ/2917/2020/7038360.pdf"
"Fausto Pinato";"";"66828";"355";"2019";"SP";"UNIÃO";"56";"14";"HOSPEDAGEM ,EXCETO DO PARLAMENTAR NO DISTRITO FEDERAL.";"0";"";"HOTEL FERNANDOPOLIS S.A";"237.337.410/0018-7";"1804";"0";"2020-11-04T01:00:00";"110";"0";"110";"11";"2020";"0";"";"";"1728041";"";"";"";"2917";"7118321";"https://www.camara.leg.br/cota-parlamentar/documentos/publ/2917/2020/7118321.pdf"
"Fausto Pinato";"";"66828";"355";"2019";"SP";"UNIÃO";"56";"14";"HOSPEDAGEM ,EXCETO DO PARLAMENTAR NO DISTRITO FEDERAL.";"0";"";"HOTEL FERNANDOPOLIS S.A";"237.337.410/0018-7";"1805";"0";"2020-11-04T01:00:00";"110";"0";"110";"11";"2020";"0";"";"";"1728041";"";"";"";"2917";"7118325";"https://www.camara.leg.br/cota-parlamentar/documentos/publ/2917/2020/7118325.pdf"
"Fausto Pinato";"";"66828";"355";"2019";"SP";"UNIÃO";"56";"14";"HOSPEDAGEM ,EXCETO DO PARLAMENTAR NO DISTRITO FEDERAL.";"0";"";"HOTELARIA ACCOR BRASIL SA - ADAGIO";"099.678.520/1922-7";"048691";"0";"2020-09-01T00:00:00";"1322.62";"0";"1322.62";"8";"2020";"0";"";"";"1715375";"";"";"";"2917";"7090689";"https://www.camara.leg.br/cota-parlamentar/documentos/publ/2917/2020/7090689.pdf"
"Fausto Pinato";"";"66828";"355";"2019";"SP";"UNIÃO";"56";"14";"HOSPEDAGEM ,EXCETO DO PARLAMENTAR NO DISTRITO FEDERAL.";"0";"";"RIO PRETO HOTEIS";"182.249.990/0011-8";"49205";"0";"2020-11-04T01:00:00";"766.86";"0";"766.86";"11";"2020";"0";"";"";"1726651";"";"";"";"2917";"7114553";"https://www.camara.leg.br/cota-parlamentar/documentos/publ/2917/2020/7114553.pdf"
"Fausto Pinato";"";"66828";"355";"2019";"SP";"UNIÃO";"56";"14";"HOSPEDAGEM ,EXCETO DO PARLAMENTAR NO DISTRITO FEDERAL.";"0";"";"RITZ ADMINISTRAÇÃO HOTELEIRA EIRELI EPP";"280.392.340/0016-1";"00005038";"0";"2020-03-02T00:00:00";"698.25";"0";"698.25";"3";"2020";"0";"";"";"1682757";"";"";"";"2917";"7027329";"https://www.camara.leg.br/cota-parlamentar/documentos/publ/2917/2020/7027329.pdf"
"Fausto Pinato";"";"66828";"355";"2019";"SP";"UNIÃO";"56";"122";"SERVIÇO DE TÁXI, PEDÁGIO E ESTACIONAMENTO";"0";"";"CENTRO DE GESTÃO DE MEIOS DE PGTO. LTDA. - SEM PARAR";"040.882.080/0016-5";"2042361088";"0";"2020-03-22T00:00:00";"565.52";"0";"565.52";"3";"2020";"0";"";"";"1690203";"";"";"";"2917";"7043717";"https://www.camara.leg.br/cota-parlamentar/documentos/publ/2917/2020/7043717.pdf"
"Fausto Pinato";"";"66828";"355";"2019";"SP";"UNIÃO";"56";"122";"SERVIÇO DE TÁXI, PEDÁGIO E ESTACIONAMENTO";"0";"";"CENTRO DE GESTÃO DE MEIOS DE PGTO. LTDA. - SEM PARAR";"040.882.080/0016-5";"398560542";"0";"2020-01-22T00:00:00";"735.92";"0";"735.92";"1";"2020";"0";"";"";"1683797";"";"";"";"2917";"7030810";"https://www.camara.leg.br/cota-parlamentar/documentos/publ/2917/2020/7030810.pdf"
"Fausto Pinato";"";"66828";"355";"2019";"SP";"UNIÃO";"56";"122";"SERVIÇO DE TÁXI, PEDÁGIO E ESTACIONAMENTO";"0";"";"CENTRO DE GESTÃO DE MEIOS DE PGTO. LTDA. - SEM PARAR";"040.882.080/0016-5";"402076929";"0";"2020-02-21T00:00:00";"160.52";"0";"160.52";"2";"2020";"0";"";"";"1683799";"";"";"";"2917";"7030811";"https://www.camara.leg.br/cota-parlamentar/documentos/publ/2917/2020/7030811.pdf"
"Fausto Pinato";"";"66828";"355";"2019";"SP";"UNIÃO";"56";"122";"SERVIÇO DE TÁXI, PEDÁGIO E ESTACIONAMENTO";"0";"";"CENTRO DE GESTÃO DE MEIOS DE PGTO. LTDA. - SEM PARAR";"040.882.080/0016-5";"412237491";"0";"2020-05-22T00:00:00";"232.32";"0";"232.32";"5";"2020";"0";"";"";"1708711";"";"";"";"2917";"7077679";"https://www.camara.leg.br/cota-parlamentar/documentos/publ/2917/2020/7077679.pdf"
"Fausto Pinato";"";"66828";"355";"2019";"SP";"UNIÃO";"56";"122";"SERVIÇO DE TÁXI, PEDÁGIO E ESTACIONAMENTO";"0";"";"CENTRO DE GESTÃO DE MEIOS DE PGTO. LTDA. - SEM PARAR";"040.882.080/0016-5";"415491010";"0";"2020-06-22T00:00:00";"501";"0";"501";"6";"2020";"0";"";"";"1708712";"";"";"";"2917";"7077682";"https://www.camara.leg.br/cota-parlamentar/documentos/publ/2917/2020/7077682.pdf"
"Fausto Pinato";"";"66828";"355";"2019";"SP";"UNIÃO";"56";"122";"SERVIÇO DE TÁXI, PEDÁGIO E ESTACIONAMENTO";"0";"";"CENTRO DE GESTÃO DE MEIOS DE PGTO. LTDA. - SEM PARAR";"040.882.080/0016-5";"418761145";"0";"2020-07-22T00:00:00";"1155.82";"212";"943.82";"7";"2020";"0";"";"";"1708715";"";"";"";"2917";"7077687";"https://www.camara.leg.br/cota-parlamentar/documentos/publ/2917/2020/7077687.pdf"
"Fausto Pinato";"";"66828";"355";"2019";"SP";"UNIÃO";"56";"122";"SERVIÇO DE TÁXI, PEDÁGIO E ESTACIONAMENTO";"0";"";"CENTRO DE GESTÃO DE MEIOS DE PGTO. LTDA. - SEM PARAR";"040.882.080/0016-5";"422037036";"0";"2020-08-22T00:00:00";"1804.24";"134.8";"1669.44";"8";"2020";"0";"";"";"1715375";"";"";"";"2917";"7090753";"https://www.camara.leg.br/cota-parlamentar/documentos/publ/2917/2020/7090753.pdf"
"Fausto Pinato";"";"66828";"355";"2019";"SP";"UNIÃO";"56";"122";"SERVIÇO DE TÁXI, PEDÁGIO E ESTACIONAMENTO";"0";"";"CENTRO DE GESTÃO DE MEIOS DE PGTO. LTDA. - SEM PARAR";"040.882.080/0016-5";"425373139";"0";"2020-09-22T00:00:00";"2424.44";"141";"2283.44";"9";"2020";"0";"";"";"1722942";"";"";"";"2917";"7106733";"https://www.camara.leg.br/cota-parlamentar/documentos/publ/2917/2020/7106733.pdf"
"Fausto Pinato";"";"66828";"355";"2019";"SP";"UNIÃO";"56";"122";"SERVIÇO DE TÁXI, PEDÁGIO E ESTACIONAMENTO";"0";"";"CENTRO DE GESTÃO DE MEIOS DE PGTO. LTDA. - SEM PARAR";"040.882.080/0016-5";"428759446";"0";"2020-10-23T00:00:00";"796.54";"0";"796.54";"10";"2020";"0";"";"";"1723640";"";"";"";"2917";"7108272";"https://www.camara.leg.br/cota-parlamentar/documentos/publ/2917/2020/7108272.pdf"
"Fausto Pinato";"";"66828";"355";"2019";"SP";"UNIÃO";"56";"122";"SERVIÇO DE TÁXI, PEDÁGIO E ESTACIONAMENTO";"0";"";"CENTRO DE GESTÃO DE MEIOS DE PGTO. LTDA. - SEM PARAR";"040.882.080/0016-5";"435707747";"0";"2020-12-22T00:00:00";"1198.84";"45";"1153.84";"12";"2020";"0";"";"";"1737058";"";"";"";"2917";"7137091";"https://www.camara.leg.br/cota-parlamentar/documentos/publ/2917/2020/7137091.pdf"
"Fausto Pinato";"";"66828";"355";"2019";"SP";"UNIÃO";"56";"122";"SERVIÇO DE TÁXI, PEDÁGIO E ESTACIONAMENTO";"0";"";"CGMP CENTRO DE GESTAO DE MEIOS DE PAGAMENTO LTDA";"040.882.080/0016-5";"432195694";"0";"2020-11-22T01:00:00";"1291.82";"27";"1264.82";"11";"2020";"0";"";"";"1729148";"";"";"";"2917";"7120817";"https://www.camara.leg.br/cota-parlamentar/documentos/publ/2917/2020/7120817.pdf"
"Fausto Pinato";"";"66828";"355";"2019";"SP";"UNIÃO";"56";"123";"PASSAGENS TERRESTRES, MARÍTIMAS OU FLUVIAIS";"0";"";"EXPRESSO ITAMARATI S.A.";"599.650.380/0014-1";"1005131";"0";"2020-04-13T00:00:00";"213.3";"0";"213.3";"4";"2020";"0";"";"";"1695604";"";"";"";"2917";"7053019";"https://www.camara.leg.br/cota-parlamentar/documentos/publ/2917/2020/7053019.pdf"
"Fausto Pinato";"";"66828";"355";"2019";"SP";"UNIÃO";"56";"123";"PASSAGENS TERRESTRES, MARÍTIMAS OU FLUVIAIS";"0";"";"EXPRESSO ITAMARATI S.A.";"599.650.380/0014-1";"1012546";"0";"2020-04-22T00:00:00";"213.3";"0";"213.3";"4";"2020";"0";"";"";"1695604";"";"";"";"2917";"7053018";"https://www.camara.leg.br/cota-parlamentar/documentos/publ/2917/2020/7053018.pdf"
"Iracema Portella";"";"67138";"113";"2019";"PI";"PP";"56";"1";"MANUTENÇÃO DE ESCRITÓRIO DE APOIO À ATIVIDADE PARLAMENTAR";"0";"";"Com. de Prod. de Pape. MARI LTDA ME";"168.235.730/0015-5";"5260";"4";"2020-02-08T00:00:00";"157";"0";"157";"2";"2020";"0";"";"";"1678102";"";"";"";"2320";"7017842";"https://www.camara.leg.br/cota-parlamentar/nota-fiscal-eletronica?ideDocumentoFiscal=7017842"
"Iracema Portella";"";"67138";"113";"2019";"PI";"PP";"56";"1";"MANUTENÇÃO DE ESCRITÓRIO DE APOIO À ATIVIDADE PARLAMENTAR";"0";"";"PARLANET WEB E TECNOLOGIA EIRELI";"316.027.300/0019-6";"113";"4";"2020-03-10T00:00:00";"350";"0";"350";"3";"2020";"0";"";"";"1688571";"";"";"";"2320";"7041089";"https://www.camara.leg.br/cota-parlamentar/nota-fiscal-eletronica?ideDocumentoFiscal=7041089"
"Iracema Portella";"";"67138";"113";"2019";"PI";"PP";"56";"1";"MANUTENÇÃO DE ESCRITÓRIO DE APOIO À ATIVIDADE PARLAMENTAR";"0";"";"PARLANET WEB E TECNOLOGIA EIRELI";"316.027.300/0019-6";"123";"4";"2020-04-13T00:00:00";"350";"0";"350";"4";"2020";"0";"";"";"1693922";"";"";"";"2320";"7050267";"https://www.camara.leg.br/cota-parlamentar/nota-fiscal-eletronica?ideDocumentoFiscal=7050267"
"Iracema Portella";"";"67138";"113";"2019";"PI";"PP";"56";"1";"MANUTENÇÃO DE ESCRITÓRIO DE APOIO À ATIVIDADE PARLAMENTAR";"0";"";"PARLANET WEB E TECNOLOGIA EIRELI";"316.027.300/0019-6";"128";"4";"2020-05-14T00:00:00";"350";"0";"350";"4";"2020";"0";"";"";"1698386";"";"";"";"2320";"7058207";"https://www.camara.leg.br/cota-parlamentar/nota-fiscal-eletronica?ideDocumentoFiscal=7058207"
"Iracema Portella";"";"67138";"113";"2019";"PI";"PP";"56";"1";"MANUTENÇÃO DE ESCRITÓRIO DE APOIO À ATIVIDADE PARLAMENTAR";"0";"";"PARLANET WEB E TECNOLOGIA EIRELI";"316.027.300/0019-6";"140";"4";"2020-06-16T00:00:00";"350";"0";"350";"5";"2020";"0";"";"";"1703334";"";"";"";"2320";"7064900";"https://www.camara.leg.br/cota-parlamentar/nota-fiscal-eletronica?ideDocumentoFiscal=7064900"
"Iracema Portella";"";"67138";"113";"2019";"PI";"PP";"56";"1";"MANUTENÇÃO DE ESCRITÓRIO DE APOIO À ATIVIDADE PARLAMENTAR";"0";"";"PARLANET WEB E TECNOLOGIA EIRELI";"316.027.300/0019-6";"152";"0";"2020-07-08T00:00:00";"350";"0";"350";"6";"2020";"0";"";"";"1708779";"";"";"";"2320";"7077823";"https://www.camara.leg.br/cota-parlamentar/documentos/publ/2320/2020/7077823.pdf"
"Iracema Portella";"";"67138";"113";"2019";"PI";"PP";"56";"1";"MANUTENÇÃO DE ESCRITÓRIO DE APOIO À ATIVIDADE PARLAMENTAR";"0";"";"PARLANET WEB E TECNOLOGIA EIRELI";"316.027.300/0019-6";"175";"4";"2020-09-22T00:00:00";"350";"0";"350";"8";"2020";"0";"";"";"1719605";"";"";"";"2320";"7099820";"https://www.camara.leg.br/cota-parlamentar/nota-fiscal-eletronica?ideDocumentoFiscal=7099820"
"Iracema Portella";"";"67138";"113";"2019";"PI";"PP";"56";"1";"MANUTENÇÃO DE ESCRITÓRIO DE APOIO À ATIVIDADE PARLAMENTAR";"0";"";"PARLANET WEB E TECNOLOGIA EIRELI";"316.027.300/0019-6";"184";"4";"2020-10-13T00:00:00";"350";"0";"350";"9";"2020";"0";"";"";"1725655";"";"";"";"2320";"7112818";"https://www.camara.leg.br/cota-parlamentar/nota-fiscal-eletronica?ideDocumentoFiscal=7112818"
"Iracema Portella";"";"67138";"113";"2019";"PI";"PP";"56";"1";"MANUTENÇÃO DE ESCRITÓRIO DE APOIO À ATIVIDADE PARLAMENTAR";"0";"";"PARLANET WEB E TECNOLOGIA EIRELI";"316.027.300/0019-6";"202";"4";"2020-12-09T01:00:00";"350";"0";"350";"11";"2020";"0";"";"";"1732933";"";"";"";"2320";"7128466";"https://www.camara.leg.br/cota-parlamentar/nota-fiscal-eletronica?ideDocumentoFiscal=7128466"
"Iracema Portella";"";"67138";"113";"2019";"PI";"PP";"56";"3";"COMBUSTÍVEIS E LUBRIFICANTES.";"1";"Veículos Automotores";"AUTO POSTO GOLDEN GAS LAGO LTDA";"308.792.610/0019-4";"107053";"4";"2020-07-03T00:00:00";"210.06";"0";"210.06";"7";"2020";"0";"";"";"1708922";"";"";"";"2320";"7078030";"https://www.camara.leg.br/cota-parlamentar/nota-fiscal-eletronica?ideDocumentoFiscal=7078030"
"Iracema Portella";"";"67138";"113";"2019";"PI";"PP";"56";"3";"COMBUSTÍVEIS E LUBRIFICANTES.";"1";"Veículos Automotores";"AUTO POSTO GOLDEN GAS LAGO LTDA";"308.792.610/0019-4";"90192";"4";"2020-02-19T00:00:00";"220.01";"0";"220.01";"2";"2020";"0";"";"";"1685585";"";"";"";"2320";"7034609";"https://www.camara.leg.br/cota-parlamentar/nota-fiscal-eletronica?ideDocumentoFiscal=7034609"
"Iracema Portella";"";"67138";"113";"2019";"PI";"PP";"56";"3";"COMBUSTÍVEIS E LUBRIFICANTES.";"1";"Veículos Automotores";"AUTO POSTO LS COMERCIO DE DERIVADOS DE PETROLEO LTDA";"052.567.940/0017-2";"345490";"4";"2020-11-20T01:00:00";"210";"0";"210";"11";"2020";"0";"";"";"1732821";"";"";"";"2320";"7128222";"https://www.camara.leg.br/cota-parlamentar/nota-fiscal-eletronica?ideDocumentoFiscal=7128222"
"Iracema Portella";"";"67138";"113";"2019";"PI";"PP";"56";"3";"COMBUSTÍVEIS E LUBRIFICANTES.";"1";"Veículos Automotores";"CASCOL COMBUSTIVEIS PARA VEICULOS LTDA";"003.065.970/0141-1";"325825";"4";"2020-02-14T00:00:00";"177.5";"0";"177.5";"2";"2020";"0";"";"";"1685585";"";"";"";"2320";"7034605";"https://www.camara.leg.br/cota-parlamentar/nota-fiscal-eletronica?ideDocumentoFiscal=7034605"
"Iracema Portella";"";"67138";"113";"2019";"PI";"PP";"56";"3";"COMBUSTÍVEIS E LUBRIFICANTES.";"1";"Veículos Automotores";"CASCOL COMBUSTIVEIS PARA VEICULOS LTDA";"003.065.970/0141-1";"332611";"4";"2020-03-05T00:00:00";"209.56";"0";"209.56";"3";"2020";"0";"";"";"1685581";"";"";"";"2320";"7034595";"https://www.camara.leg.br/cota-parlamentar/nota-fiscal-eletronica?ideDocumentoFiscal=7034595"
"Iracema Portella";"";"67138";"113";"2019";"PI";"PP";"56";"3";"COMBUSTÍVEIS E LUBRIFICANTES.";"1";"Veículos Automotores";"CASCOL COMBUSTIVEIS PARA VEICULOS LTDA";"003.065.970/0141-1";"338523";"4";"2020-04-01T00:00:00";"195.19";"0";"195.19";"4";"2020";"0";"";"";"1693920";"";"";"";"2320";"7049871";"https://www.camara.leg.br/cota-parlamentar/nota-fiscal-eletronica?ideDocumentoFiscal=7049871"
"Iracema Portella";"";"67138";"113";"2019";"PI";"PP";"56";"3";"COMBUSTÍVEIS E LUBRIFICANTES.";"1";"Veículos Automotores";"CASCOL COMBUSTIVEIS PARA VEICULOS LTDA";"003.065.970/0141-1";"339813";"4";"2020-04-13T00:00:00";"191.01";"0";"191.01";"4";"2020";"0";"";"";"1693920";"";"";"";"2320";"7049865";"https://www.camara.leg.br/cota-parlamentar/nota-fiscal-eletronica?ideDocumentoFiscal=7049865"
"Iracema Portella";"";"67138";"113";"2019";"PI";"PP";"56";"3";"COMBUSTÍVEIS E LUBRIFICANTES.";"1";"Veículos Automotores";"CASCOL COMBUSTIVEIS PARA VEICULOS LTDA";"003.065.970/0141-1";"346457";"4";"2020-06-05T00:00:00";"182.81";"0";"182.81";"6";"2020";"0";"";"";"1708864";"";"";"";"2320";"7077991";"https://www.camara.leg.br/cota-parlamentar/nota-fiscal-eletronica?ideDocumentoFiscal=7077991"
"Iracema Portella";"";"67138";"113";"2019";"PI";"PP";"56";"3";"COMBUSTÍVEIS E LUBRIFICANTES.";"1";"Veículos Automotores";"CASCOL COMBUSTIVEIS PARA VEICULOS LTDA";"003.065.970/0699-5";"288478";"4";"2020-03-02T00:00:00";"200.03";"0";"200.03";"3";"2020";"0";"";"";"1685581";"";"";"";"2320";"7034598";"https://www.camara.leg.br/cota-parlamentar/nota-fiscal-eletronica?ideDocumentoFiscal=7034598"
"Iracema Portella";"";"67138";"113";"2019";"PI";"PP";"56";"3";"COMBUSTÍVEIS E LUBRIFICANTES.";"1";"Veículos Automotores";"POSTO DE COMBUSTIVEIS 208 SUL EIRELI";"204.739.430/0014-9";"80282";"4";"2020-12-09T00:00:00";"205.01";"0";"205.01";"12";"2020";"0";"";"";"1739916";"";"";"";"2320";"7142979";"https://www.camara.leg.br/cota-parlamentar/nota-fiscal-eletronica?ideDocumentoFiscal=7142979"
"Iracema Portella";"";"67138";"113";"2019";"PI";"PP";"56";"3";"COMBUSTÍVEIS E LUBRIFICANTES.";"1";"Veículos Automotores";"POSTO DE COMBUSTIVEL QI 09 LAGO SUL LTDA";"329.658.770/0010-3";"2171";"4";"2020-05-22T00:00:00";"195.47";"0";"195.47";"5";"2020";"0";"";"";"1708880";"";"";"";"2320";"7077999";"https://www.camara.leg.br/cota-parlamentar/nota-fiscal-eletronica?ideDocumentoFiscal=7077999"
"Iracema Portella";"";"67138";"113";"2019";"PI";"PP";"56";"3";"COMBUSTÍVEIS E LUBRIFICANTES.";"1";"Veículos Automotores";"POSTO DE COMBUSTIVEL QI 09 LAGO SUL LTDA";"329.658.770/0010-3";"3921";"4";"2020-06-10T00:00:00";"170.08";"0";"170.08";"6";"2020";"0";"";"";"1708879";"";"";"";"2320";"7077996";"https://www.camara.leg.br/cota-parlamentar/nota-fiscal-eletronica?ideDocumentoFiscal=7077996"
"Iracema Portella";"";"67138";"113";"2019";"PI";"PP";"56";"3";"COMBUSTÍVEIS E LUBRIFICANTES.";"1";"Veículos Automotores";"POSTO DE COMBUSTIVEL QI 09 LAGO SUL LTDA";"329.658.770/0010-3";"4846";"4";"2020-06-19T00:00:00";"206.46";"0";"206.46";"6";"2020";"0";"";"";"1708879";"";"";"";"2320";"7077994";"https://www.camara.leg.br/cota-parlamentar/nota-fiscal-eletronica?ideDocumentoFiscal=7077994"
"Iracema Portella";"";"67138";"113";"2019";"PI";"PP";"56";"3";"COMBUSTÍVEIS E LUBRIFICANTES.";"1";"Veículos Automotores";"POSTO DE COMBUSTIVEL QI 09 LAGO SUL LTDA";"329.658.770/0010-3";"5421";"4";"2020-06-25T00:00:00";"188.09";"0";"188.09";"6";"2020";"0";"";"";"1708879";"";"";"";"2320";"7077997";"https://www.camara.leg.br/cota-parlamentar/nota-fiscal-eletronica?ideDocumentoFiscal=7077997"
"Iracema Portella";"";"67138";"113";"2019";"PI";"PP";"56";"3";"COMBUSTÍVEIS E LUBRIFICANTES.";"1";"Veículos Automotores";"POSTO DE COMBUSTIVEL QI 09 LAGO SUL LTDA";"329.658.770/0010-3";"6717";"4";"2020-07-10T00:00:00";"205.38";"0";"205.38";"7";"2020";"0";"";"";"1708922";"";"";"";"2320";"7078037";"https://www.camara.leg.br/cota-parlamentar/nota-fiscal-eletronica?ideDocumentoFiscal=7078037"
"Iracema Portella";"";"67138";"113";"2019";"PI";"PP";"56";"3";"COMBUSTÍVEIS E LUBRIFICANTES.";"1";"Veículos Automotores";"POSTO DE COMBUSTIVEL QI 09 LAGO SUL LTDA";"329.658.770/0010-3";"7276";"4";"2020-07-16T00:00:00";"205.01";"0";"205.01";"7";"2020";"0";"";"";"1708922";"";"";"";"2320";"7078035";"https://www.camara.leg.br/cota-parlamentar/nota-fiscal-eletronica?ideDocumentoFiscal=7078035"
"Iracema Portella";"";"67138";"113";"2019";"PI";"PP";"56";"3";"COMBUSTÍVEIS E LUBRIFICANTES.";"1";"Veículos Automotores";"POSTO DE COMBUSTIVEL QI 09 LAGO SUL LTDA";"329.658.770/0010-3";"7756";"4";"2020-07-22T00:00:00";"190.02";"0";"190.02";"7";"2020";"0";"";"";"1708922";"";"";"";"2320";"7078033";"https://www.camara.leg.br/cota-parlamentar/nota-fiscal-eletronica?ideDocumentoFiscal=7078033"
"Iracema Portella";"";"67138";"113";"2019";"PI";"PP";"56";"3";"COMBUSTÍVEIS E LUBRIFICANTES.";"3";"Aeronaves";"J W SARAIVA E CIA LTDA";"235.094.410/0011-9";"9378";"4";"2020-08-27T00:00:00";"3027.6";"0";"3027.6";"8";"2020";"0";"";"";"1714719";"";"";"";"2320";"7089579";"https://www.camara.leg.br/cota-parlamentar/nota-fiscal-eletronica?ideDocumentoFiscal=7089579"
"Iracema Portella";"";"67138";"113";"2019";"PI";"PP";"56";"3";"COMBUSTÍVEIS E LUBRIFICANTES.";"3";"Aeronaves";"J W SARAIVA E CIA LTDA";"235.094.410/0011-9";"9434";"4";"2020-09-15T00:00:00";"2969.6";"0";"2969.6";"9";"2020";"0";"";"";"1717182";"";"";"";"2320";"7094342";"https://www.camara.leg.br/cota-parlamentar/nota-fiscal-eletronica?ideDocumentoFiscal=7094342"
"Iracema Portella";"";"67138";"113";"2019";"PI";"PP";"56";"4";"CONSULTORIAS, PESQUISAS E TRABALHOS TÉCNICOS.";"0";"";"IFT.COM EDITORAÇÃO ELETRONICA LTDA";"138.454.950/0010-0";"137";"4";"2020-01-31T00:00:00";"7500";"0";"7500";"1";"2020";"0";"";"";"1672212";"";"";"";"2320";"7005679";"https://www.camara.leg.br/cota-parlamentar/nota-fiscal-eletronica?ideDocumentoFiscal=7005679"
"Iracema Portella";"";"67138";"113";"2019";"PI";"PP";"56";"4";"CONSULTORIAS, PESQUISAS E TRABALHOS TÉCNICOS.";"0";"";"IFT.COM EDITORAÇÃO ELETRONICA LTDA";"138.454.950/0010-0";"138";"4";"2020-02-28T00:00:00";"7500";"0";"7500";"2";"2020";"0";"";"";"1681329";"";"";"";"2320";"7024106";"https://www.camara.leg.br/cota-parlamentar/nota-fiscal-eletronica?ideDocumentoFiscal=7024106"
"Iracema Portella";"";"67138";"113";"2019";"PI";"PP";"56";"4";"CONSULTORIAS, PESQUISAS E TRABALHOS TÉCNICOS.";"0";"";"IFT.COM EDITORAÇÃO ELETRONICA LTDA";"138.454.950/0010-0";"139";"4";"2020-03-31T00:00:00";"7500";"0";"7500";"3";"2020";"0";"";"";"1690999";"";"";"";"2320";"7044995";"https://www.camara.leg.br/cota-parlamentar/nota-fiscal-eletronica?ideDocumentoFiscal=7044995"
"Iracema Portella";"";"67138";"113";"2019";"PI";"PP";"56";"4";"CONSULTORIAS, PESQUISAS E TRABALHOS TÉCNICOS.";"0";"";"IFT.COM EDITORAÇÃO ELETRONICA LTDA";"138.454.950/0010-0";"141";"4";"2020-04-30T00:00:00";"7500";"0";"7500";"4";"2020";"0";"";"";"1693919";"";"";"";"2320";"7049850";"https://www.camara.leg.br/cota-parlamentar/nota-fiscal-eletronica?ideDocumentoFiscal=7049850"
"Iracema Portella";"";"67138";"113";"2019";"PI";"PP";"56";"4";"CONSULTORIAS, PESQUISAS E TRABALHOS TÉCNICOS.";"0";"";"IFT.COM EDITORAÇÃO ELETRONICA LTDA";"138.454.950/0010-0";"143";"4";"2020-05-29T00:00:00";"7500";"0";"7500";"5";"2020";"0";"";"";"1698378";"";"";"";"2320";"7058181";"https://www.camara.leg.br/cota-parlamentar/nota-fiscal-eletronica?ideDocumentoFiscal=7058181"
"Iracema Portella";"";"67138";"113";"2019";"PI";"PP";"56";"4";"CONSULTORIAS, PESQUISAS E TRABALHOS TÉCNICOS.";"0";"";"IFT.COM EDITORAÇÃO ELETRONICA LTDA";"138.454.950/0010-0";"145";"4";"2020-06-29T00:00:00";"7500";"0";"7500";"6";"2020";"0";"";"";"1703364";"";"";"";"2320";"7067286";"https://www.camara.leg.br/cota-parlamentar/nota-fiscal-eletronica?ideDocumentoFiscal=7067286"
"Iracema Portella";"";"67138";"113";"2019";"PI";"PP";"56";"4";"CONSULTORIAS, PESQUISAS E TRABALHOS TÉCNICOS.";"0";"";"IFT.COM EDITORAÇÃO ELETRONICA LTDA";"138.454.950/0010-0";"147";"4";"2020-07-30T00:00:00";"7500";"0";"7500";"7";"2020";"0";"";"";"1708430";"";"";"";"2320";"7077150";"https://www.camara.leg.br/cota-parlamentar/nota-fiscal-eletronica?ideDocumentoFiscal=7077150"
"Iracema Portella";"";"67138";"113";"2019";"PI";"PP";"56";"4";"CONSULTORIAS, PESQUISAS E TRABALHOS TÉCNICOS.";"0";"";"IFT.COM EDITORAÇÃO ELETRONICA LTDA";"138.454.950/0010-0";"152";"4";"2020-08-31T00:00:00";"7500";"0";"7500";"8";"2020";"0";"";"";"1714722";"";"";"";"2320";"7089585";"https://www.camara.leg.br/cota-parlamentar/nota-fiscal-eletronica?ideDocumentoFiscal=7089585"
"Iracema Portella";"";"67138";"113";"2019";"PI";"PP";"56";"4";"CONSULTORIAS, PESQUISAS E TRABALHOS TÉCNICOS.";"0";"";"IFT.COM EDITORAÇÃO ELETRONICA LTDA";"138.454.950/0010-0";"156";"4";"2020-09-30T00:00:00";"7500";"0";"7500";"9";"2020";"0";"";"";"1720466";"";"";"";"2320";"7099801";"https://www.camara.leg.br/cota-parlamentar/nota-fiscal-eletronica?ideDocumentoFiscal=7099801"
"Iracema Portella";"";"67138";"113";"2019";"PI";"PP";"56";"4";"CONSULTORIAS, PESQUISAS E TRABALHOS TÉCNICOS.";"0";"";"IFT.COM EDITORAÇÃO ELETRONICA LTDA";"138.454.950/0010-0";"159";"4";"2020-10-30T00:00:00";"7500";"0";"7500";"10";"2020";"0";"";"";"1725656";"";"";"";"2320";"7112821";"https://www.camara.leg.br/cota-parlamentar/nota-fiscal-eletronica?ideDocumentoFiscal=7112821"
"Iracema Portella";"";"67138";"113";"2019";"PI";"PP";"56";"4";"CONSULTORIAS, PESQUISAS E TRABALHOS TÉCNICOS.";"0";"";"IFT.COM EDITORAÇÃO ELETRONICA LTDA";"138.454.950/0010-0";"163";"4";"2020-11-27T01:00:00";"7500";"0";"7500";"11";"2020";"0";"";"";"1730364";"";"";"";"2320";"7123319";"https://www.camara.leg.br/cota-parlamentar/nota-fiscal-eletronica?ideDocumentoFiscal=7123319"
"Iracema Portella";"";"67138";"113";"2019";"PI";"PP";"56";"4";"CONSULTORIAS, PESQUISAS E TRABALHOS TÉCNICOS.";"0";"";"IFT.COM EDITORAÇÃO ELETRONICA LTDA";"138.454.950/0010-0";"167";"4";"2020-12-21T00:00:00";"7500";"0";"7500";"12";"2020";"0";"";"";"1735360";"";"";"";"2320";"7133634";"https://www.camara.leg.br/cota-parlamentar/nota-fiscal-eletronica?ideDocumentoFiscal=7133634"
"Iracema Portella";"";"67138";"113";"2019";"PI";"PP";"56";"4";"CONSULTORIAS, PESQUISAS E TRABALHOS TÉCNICOS.";"0";"";"MIDIAPRESS COMUNICAÇÃO DIGITAL LTDA -EPP";"206.897.070/0016-4";"353";"0";"2020-12-18T00:00:00";"47000";"0";"47000";"12";"2020";"0";"";"";"1735321";"";"";"";"2320";"7133555";"https://www.camara.leg.br/cota-parlamentar/documentos/publ/2320/2020/7133555.pdf"
"Iracema Portella";"";"67138";"113";"2019";"PI";"PP";"56";"5";"DIVULGAÇÃO DA ATIVIDADE PARLAMENTAR.";"0";"";"MIDIAPRESS COMUNICACAO DIGITAL LTDA";"206.897.070/0016-4";"351";"0";"2020-12-18T01:00:00";"10000";"0";"10000";"12";"2020";"0";"";"";"1735315";"";"";"";"2320";"7133539";"https://www.camara.leg.br/cota-parlamentar/documentos/publ/2320/2020/7133539.pdf"
"Iracema Portella";"";"67138";"113";"2019";"PI";"PP";"56";"5";"DIVULGAÇÃO DA ATIVIDADE PARLAMENTAR.";"0";"";"MIDIAPRESS COMUNICAÇÃO DIGITAL LTDA -EPP";"206.897.070/0016-4";"283";"0";"2020-01-30T00:00:00";"7000";"0";"7000";"1";"2020";"0";"";"";"1672970";"";"";"";"2320";"7007309";"https://www.camara.leg.br/cota-parlamentar/documentos/publ/2320/2020/7007309.pdf"
"Iracema Portella";"";"67138";"113";"2019";"PI";"PP";"56";"5";"DIVULGAÇÃO DA ATIVIDADE PARLAMENTAR.";"0";"";"MIDIAPRESS COMUNICAÇÃO DIGITAL LTDA -EPP";"206.897.070/0016-4";"290";"0";"2020-02-27T00:00:00";"7000";"0";"7000";"2";"2020";"0";"";"";"1681337";"";"";"";"2320";"7024115";"https://www.camara.leg.br/cota-parlamentar/documentos/publ/2320/2020/7024115.pdf"
"Iracema Portella";"";"67138";"113";"2019";"PI";"PP";"56";"5";"DIVULGAÇÃO DA ATIVIDADE PARLAMENTAR.";"0";"";"MIDIAPRESS COMUNICAÇÃO DIGITAL LTDA -EPP";"206.897.070/0016-4";"296";"0";"2020-03-30T00:00:00";"7000";"0";"7000";"3";"2020";"0";"";"";"1688583";"";"";"";"2320";"7041119";"https://www.camara.leg.br/cota-parlamentar/documentos/publ/2320/2020/7041119.pdf"
"Iracema Portella";"";"67138";"113";"2019";"PI";"PP";"56";"5";"DIVULGAÇÃO DA ATIVIDADE PARLAMENTAR.";"0";"";"MIDIAPRESS COMUNICAÇÃO DIGITAL LTDA -EPP";"206.897.070/0016-4";"302";"0";"2020-04-29T00:00:00";"7000";"0";"7000";"4";"2020";"0";"";"";"1693918";"";"";"";"2320";"7049845";"https://www.camara.leg.br/cota-parlamentar/documentos/publ/2320/2020/7049845.pdf"
"Iracema Portella";"";"67138";"113";"2019";"PI";"PP";"56";"5";"DIVULGAÇÃO DA ATIVIDADE PARLAMENTAR.";"0";"";"MIDIAPRESS COMUNICAÇÃO DIGITAL LTDA -EPP";"206.897.070/0016-4";"308";"0";"2020-05-29T00:00:00";"7000";"0";"7000";"5";"2020";"0";"";"";"1698370";"";"";"";"2320";"7058165";"https://www.camara.leg.br/cota-parlamentar/documentos/publ/2320/2020/7058165.pdf"
"Iracema Portella";"";"67138";"113";"2019";"PI";"PP";"56";"5";"DIVULGAÇÃO DA ATIVIDADE PARLAMENTAR.";"0";"";"MIDIAPRESS COMUNICAÇÃO DIGITAL LTDA -EPP";"206.897.070/0016-4";"314";"0";"2020-06-29T00:00:00";"7000";"0";"7000";"6";"2020";"0";"";"";"1703327";"";"";"";"2320";"7067267";"https://www.camara.leg.br/cota-parlamentar/documentos/publ/2320/2020/7067267.pdf"
"Iracema Portella";"";"67138";"113";"2019";"PI";"PP";"56";"5";"DIVULGAÇÃO DA ATIVIDADE PARLAMENTAR.";"0";"";"MIDIAPRESS COMUNICAÇÃO DIGITAL LTDA -EPP";"206.897.070/0016-4";"320";"0";"2020-07-30T00:00:00";"7000";"0";"7000";"7";"2020";"0";"";"";"1708767";"";"";"";"2320";"7077811";"https://www.camara.leg.br/cota-parlamentar/documentos/publ/2320/2020/7077811.pdf"
"Iracema Portella";"";"67138";"113";"2019";"PI";"PP";"56";"5";"DIVULGAÇÃO DA ATIVIDADE PARLAMENTAR.";"0";"";"MIDIAPRESS COMUNICAÇÃO DIGITAL LTDA -EPP";"206.897.070/0016-4";"327";"0";"2020-08-31T00:00:00";"10000";"0";"10000";"8";"2020";"0";"";"";"1714799";"";"";"";"2320";"7089616";"https://www.camara.leg.br/cota-parlamentar/documentos/publ/2320/2020/7089616.pdf"
"Iracema Portella";"";"67138";"113";"2019";"PI";"PP";"56";"5";"DIVULGAÇÃO DA ATIVIDADE PARLAMENTAR.";"0";"";"MIDIAPRESS COMUNICAÇÃO DIGITAL LTDA -EPP";"206.897.070/0016-4";"333";"0";"2020-09-30T00:00:00";"10000";"0";"10000";"9";"2020";"0";"";"";"1719603";"";"";"";"2320";"7099815";"https://www.camara.leg.br/cota-parlamentar/documentos/publ/2320/2020/7099815.pdf"
"Iracema Portella";"";"67138";"113";"2019";"PI";"PP";"56";"5";"DIVULGAÇÃO DA ATIVIDADE PARLAMENTAR.";"0";"";"MIDIAPRESS COMUNICAÇÃO DIGITAL LTDA -EPP";"206.897.070/0016-4";"339";"0";"2020-10-29T00:00:00";"10000";"0";"10000";"10";"2020";"0";"";"";"1725799";"";"";"";"2320";"7113040";"https://www.camara.leg.br/cota-parlamentar/documentos/publ/2320/2020/7113040.pdf"
"Iracema Portella";"";"67138";"113";"2019";"PI";"PP";"56";"5";"DIVULGAÇÃO DA ATIVIDADE PARLAMENTAR.";"0";"";"MIDIAPRESS COMUNICAÇÃO DIGITAL LTDA -EPP";"206.897.070/0016-4";"344";"0";"2020-11-30T01:00:00";"10000";"0";"10000";"11";"2020";"0";"";"";"1730109";"";"";"";"2320";"7122800";"https://www.camara.leg.br/cota-parlamentar/documentos/publ/2320/2020/7122800.pdf"
"Iracema Portella";"";"67138";"113";"2019";"PI";"PP";"56";"8";"SERVIÇO DE SEGURANÇA PRESTADO POR EMPRESA ESPECIALIZADA.";"0";"";"DIPREL DISTRIBUICAO DE PRODUTOS ELETRONICOS LTDA";"003.661.200/0010-7";"74381";"4";"2020-01-03T00:00:00";"251.99";"0";"251.99";"1";"2020";"0";"";"";"1672211";"";"";"";"2320";"7005690";"https://www.camara.leg.br/cota-parlamentar/nota-fiscal-eletronica?ideDocumentoFiscal=7005690"
"Iracema Portella";"";"67138";"113";"2019";"PI";"PP";"56";"8";"SERVIÇO DE SEGURANÇA PRESTADO POR EMPRESA ESPECIALIZADA.";"0";"";"DIPREL DISTRIBUICAO DE PRODUTOS ELETRONICOS LTDA";"003.661.200/0010-7";"75071";"4";"2020-02-04T00:00:00";"251.99";"0";"251.99";"2";"2020";"0";"";"";"1681331";"";"";"";"2320";"7024111";"https://www.camara.leg.br/cota-parlamentar/nota-fiscal-eletronica?ideDocumentoFiscal=7024111"
"Iracema Portella";"";"67138";"113";"2019";"PI";"PP";"56";"8";"SERVIÇO DE SEGURANÇA PRESTADO POR EMPRESA ESPECIALIZADA.";"0";"";"DIPREL DISTRIBUICAO DE PRODUTOS ELETRONICOS LTDA";"003.661.200/0010-7";"75749";"4";"2020-03-04T00:00:00";"251.99";"0";"251.99";"3";"2020";"0";"";"";"1688571";"";"";"";"2320";"7041093";"https://www.camara.leg.br/cota-parlamentar/nota-fiscal-eletronica?ideDocumentoFiscal=7041093"
"Iracema Portella";"";"67138";"113";"2019";"PI";"PP";"56";"8";"SERVIÇO DE SEGURANÇA PRESTADO POR EMPRESA ESPECIALIZADA.";"0";"";"DIPREL DISTRIBUICAO DE PRODUTOS ELETRONICOS LTDA";"003.661.200/0010-7";"76431";"4";"2020-04-02T00:00:00";"251.99";"0";"251.99";"4";"2020";"0";"";"";"1693922";"";"";"";"2320";"7050265";"https://www.camara.leg.br/cota-parlamentar/nota-fiscal-eletronica?ideDocumentoFiscal=7050265"
"Iracema Portella";"";"67138";"113";"2019";"PI";"PP";"56";"8";"SERVIÇO DE SEGURANÇA PRESTADO POR EMPRESA ESPECIALIZADA.";"0";"";"DIPREL DISTRIBUICAO DE PRODUTOS ELETRONICOS LTDA";"003.661.200/0010-7";"76808";"4";"2020-05-05T00:00:00";"251.99";"0";"251.99";"5";"2020";"0";"";"";"1698401";"";"";"";"2320";"7058224";"https://www.camara.leg.br/cota-parlamentar/nota-fiscal-eletronica?ideDocumentoFiscal=7058224"
"Iracema Portella";"";"67138";"113";"2019";"PI";"PP";"56";"8";"SERVIÇO DE SEGURANÇA PRESTADO POR EMPRESA ESPECIALIZADA.";"0";"";"DIPREL DISTRIBUICAO DE PRODUTOS ELETRONICOS LTDA";"003.661.200/0010-7";"79455";"4";"2020-09-01T00:00:00";"251.99";"0";"251.99";"9";"2020";"0";"";"";"1719604";"";"";"";"2320";"7099817";"https://www.camara.leg.br/cota-parlamentar/nota-fiscal-eletronica?ideDocumentoFiscal=7099817"
"Iracema Portella";"";"67138";"113";"2019";"PI";"PP";"56";"8";"SERVIÇO DE SEGURANÇA PRESTADO POR EMPRESA ESPECIALIZADA.";"0";"";"DIPREL DISTRIBUICAO DE PRODUTOS ELETRONICOS LTDA";"003.661.200/0010-7";"80370";"4";"2020-10-02T00:00:00";"267.11";"0";"267.11";"10";"2020";"0";"";"";"1725657";"";"";"";"2320";"7112826";"https://www.camara.leg.br/cota-parlamentar/nota-fiscal-eletronica?ideDocumentoFiscal=7112826"
"Iracema Portella";"";"67138";"113";"2019";"PI";"PP";"56";"10";"TELEFONIA";"0";"";"Claro S.A";"404.325.440/4400-4";"009771344";"0";"2020-01-07T00:00:00";"460.28";"48.5";"411.78";"1";"2020";"0";"";"";"1672800";"";"";"";"2320";"7007075";"https://www.camara.leg.br/cota-parlamentar/documentos/publ/2320/2020/7007075.pdf"
"Iracema Portella";"";"67138";"113";"2019";"PI";"PP";"56";"10";"TELEFONIA";"0";"";"Claro S.A";"404.325.440/4400-4";"010367734";"0";"2020-02-07T00:00:00";"511.13";"0";"511.13";"2";"2020";"0";"";"";"1685577";"";"";"";"2320";"7034590";"https://www.camara.leg.br/cota-parlamentar/documentos/publ/2320/2020/7034590.pdf"
"Iracema Portella";"";"67138";"113";"2019";"PI";"PP";"56";"10";"TELEFONIA";"0";"";"Claro S.A";"404.325.440/4400-4";"010961589";"0";"2020-03-07T00:00:00";"540.96";"85.99";"454.97";"3";"2020";"0";"";"";"1691002";"";"";"";"2320";"7044999";"https://www.camara.leg.br/cota-parlamentar/documentos/publ/2320/2020/7044999.pdf"
"Iracema Portella";"";"67138";"113";"2019";"PI";"PP";"56";"10";"TELEFONIA";"0";"";"Claro S.A";"404.325.440/4400-4";"011562242";"0";"2020-04-07T00:00:00";"562.29";"105";"457.29";"4";"2020";"0";"";"";"1693921";"";"";"";"2320";"7050264";"https://www.camara.leg.br/cota-parlamentar/documentos/publ/2320/2020/7050264.pdf"
"Iracema Portella";"";"67138";"113";"2019";"PI";"PP";"56";"10";"TELEFONIA";"0";"";"CLARO S.A";"404.325.440/4400-4";"012164432";"0";"2020-05-07T00:00:00";"571.38";"0";"571.38";"5";"2020";"0";"";"";"1698413";"";"";"";"2320";"7058237";"https://www.camara.leg.br/cota-parlamentar/documentos/publ/2320/2020/7058237.pdf"
"Iracema Portella";"";"67138";"113";"2019";"PI";"PP";"56";"10";"TELEFONIA";"0";"";"CLARO S.A";"404.325.440/4400-4";"012756361";"0";"2020-06-07T00:00:00";"559.97";"105";"454.97";"6";"2020";"0";"";"";"1703347";"";"";"";"2320";"7067294";"https://www.camara.leg.br/cota-parlamentar/documentos/publ/2320/2020/7067294.pdf"
"Iracema Portella";"";"67138";"113";"2019";"PI";"PP";"56";"10";"TELEFONIA";"0";"";"Claro S.A - NET";"404.325.440/0014-7";"015193005";"0";"2020-10-19T00:00:00";"573.45";"102.58";"470.87";"10";"2020";"0";"";"";"1725669";"";"";"";"2320";"7112851";"https://www.camara.leg.br/cota-parlamentar/documentos/publ/2320/2020/7112851.pdf"
"Iracema Portella";"";"67138";"113";"2019";"PI";"PP";"56";"10";"TELEFONIA";"0";"";"Claro S/A";"404.325.440/4400-4";"015811783";"0";"2020-11-07T01:00:00";"573.32";"103.35";"469.97";"11";"2020";"0";"";"";"1732900";"";"";"";"2320";"7128386";"https://www.camara.leg.br/cota-parlamentar/documentos/publ/2320/2020/7128386.pdf"
"Iracema Portella";"";"67138";"113";"2019";"PI";"PP";"56";"10";"TELEFONIA";"0";"";"Claro SA";"404.325.440/4400-4";"013347068";"0";"2020-07-07T00:00:00";"571.9";"11.93";"559.97";"7";"2020";"0";"";"";"1708783";"";"";"";"2320";"7077838";"https://www.camara.leg.br/cota-parlamentar/documentos/publ/2320/2020/7077838.pdf"
"Iracema Portella";"";"67138";"113";"2019";"PI";"PP";"56";"10";"TELEFONIA";"0";"";"Claro SA";"404.325.440/4400-4";"013952878";"0";"2020-08-07T00:00:00";"559.97";"105";"454.97";"8";"2020";"0";"";"";"1715070";"";"";"";"2320";"7090177";"https://www.camara.leg.br/cota-parlamentar/documentos/publ/2320/2020/7090177.pdf"
"Iracema Portella";"";"67138";"113";"2019";"PI";"PP";"56";"10";"TELEFONIA";"0";"";"Claro SA";"404.325.440/4400-4";"014569055";"0";"2020-09-07T00:00:00";"572.83";"0";"572.83";"9";"2020";"0";"";"";"1720469";"";"";"";"2320";"7101392";"https://www.camara.leg.br/cota-parlamentar/documentos/publ/2320/2020/7101392.pdf"
"Iracema Portella";"";"67138";"113";"2019";"PI";"PP";"56";"119";"LOCAÇÃO OU FRETAMENTO DE AERONAVES";"0";"";"TOP LINE TAXI AEREO LTDA";"041.149.850/0013-7";"2701";"0";"2020-10-29T00:00:00";"9900";"0";"9900";"10";"2020";"0";"";"";"1724548";"";"";"";"2320";"7110458";"https://www.camara.leg.br/cota-parlamentar/documentos/publ/2320/2020/7110458.pdf"
"Iracema Portella";"";"67138";"113";"2019";"PI";"PP";"56";"120";"LOCAÇÃO OU FRETAMENTO DE VEÍCULOS AUTOMOTORES";"0";"";"LUAUTO RENT A CAR LTDA";"073.210.710/0013-5";"414";"1";"2020-11-10T01:00:00";"12000";"0";"12000";"10";"2020";"0";"";"";"1728229";"";"";"";"2320";"7118737";"https://www.camara.leg.br/cota-parlamentar/documentos/publ/2320/2020/7118737.pdf"
"Iracema Portella";"";"67138";"113";"2019";"PI";"PP";"56";"120";"LOCAÇÃO OU FRETAMENTO DE VEÍCULOS AUTOMOTORES";"0";"";"LUAUTO RENT A CAR LTDA";"073.210.710/0013-5";"430";"1";"2020-12-11T00:00:00";"12000";"0";"12000";"11";"2020";"0";"";"";"1733910";"";"";"";"2320";"7130729";"https://www.camara.leg.br/cota-parlamentar/documentos/publ/2320/2020/7130729.pdf"
"Iracema Portella";"";"67138";"113";"2019";"PI";"PP";"56";"120";"LOCAÇÃO OU FRETAMENTO DE VEÍCULOS AUTOMOTORES";"0";"";"LUAUTO RENT A CAR LTDA";"073.210.710/0013-5";"433";"1";"2020-12-24T00:00:00";"12000";"0";"12000";"12";"2020";"0";"";"";"1739903";"";"";"";"2320";"7142964";"https://www.camara.leg.br/cota-parlamentar/documentos/publ/2320/2021/7142964.pdf"
"Iracema Portella";"";"67138";"113";"2019";"PI";"PP";"56";"120";"LOCAÇÃO OU FRETAMENTO DE VEÍCULOS AUTOMOTORES";"0";"";"MEMORIES EVENTOS E TURISMO LTDA ME";"380.548.130/0013-7";"74";"4";"2020-04-24T00:00:00";"4800";"0";"4800";"4";"2020";"0";"";"";"1693919";"";"";"";"2320";"7049840";"https://www.camara.leg.br/cota-parlamentar/nota-fiscal-eletronica?ideDocumentoFiscal=7049840"
"Iracema Portella";"";"67138";"113";"2019";"PI";"PP";"56";"120";"LOCAÇÃO OU FRETAMENTO DE VEÍCULOS AUTOMOTORES";"0";"";"MEMORIES EVENTOS E TURISMO LTDA ME";"380.548.130/0013-7";"75";"4";"2020-05-20T00:00:00";"4800";"0";"4800";"5";"2020";"0";"";"";"1698374";"";"";"";"2320";"7058173";"https://www.camara.leg.br/cota-parlamentar/nota-fiscal-eletronica?ideDocumentoFiscal=7058173"
"Iracema Portella";"";"67138";"113";"2019";"PI";"PP";"56";"120";"LOCAÇÃO OU FRETAMENTO DE VEÍCULOS AUTOMOTORES";"0";"";"MEMORIES EVENTOS E TURISMO LTDA ME";"380.548.130/0013-7";"76";"4";"2020-06-22T00:00:00";"4800";"0";"4800";"6";"2020";"0";"";"";"1703329";"";"";"";"2320";"7064897";"https://www.camara.leg.br/cota-parlamentar/nota-fiscal-eletronica?ideDocumentoFiscal=7064897"
"Iracema Portella";"";"67138";"113";"2019";"PI";"PP";"56";"120";"LOCAÇÃO OU FRETAMENTO DE VEÍCULOS AUTOMOTORES";"0";"";"MEMORIES EVENTOS E TURISMO LTDA ME";"380.548.130/0013-7";"77";"0";"2020-07-20T00:00:00";"4800";"0";"4800";"7";"2020";"0";"";"";"1708761";"";"";"";"2320";"7077790";"https://www.camara.leg.br/cota-parlamentar/documentos/publ/2320/2020/7077790.pdf"
"Iracema Portella";"";"67138";"113";"2019";"PI";"PP";"56";"120";"LOCAÇÃO OU FRETAMENTO DE VEÍCULOS AUTOMOTORES";"0";"";"MEMORIES EVENTOS E TURISMO LTDA ME";"380.548.130/0013-7";"78";"4";"2020-08-21T00:00:00";"4800";"0";"4800";"8";"2020";"0";"";"";"1714715";"";"";"";"2320";"7089567";"https://www.camara.leg.br/cota-parlamentar/nota-fiscal-eletronica?ideDocumentoFiscal=7089567"
"Iracema Portella";"";"67138";"113";"2019";"PI";"PP";"56";"120";"LOCAÇÃO OU FRETAMENTO DE VEÍCULOS AUTOMOTORES";"0";"";"MEMORIES EVENTOS E TURISMO LTDA ME";"380.548.130/0013-7";"79";"4";"2020-09-21T00:00:00";"4800";"0";"4800";"9";"2020";"0";"";"";"1719598";"";"";"";"2320";"7099802";"https://www.camara.leg.br/cota-parlamentar/nota-fiscal-eletronica?ideDocumentoFiscal=7099802"
"Fábio Henrique";"";"68720";"597";"2019";"SE";"UNIÃO";"56";"1";"MANUTENÇÃO DE ESCRITÓRIO DE APOIO À ATIVIDADE PARLAMENTAR";"0";"";"CLARO S.A.";"404.325.440/1070-3";"0000679026";"0";"2020-01-16T00:00:00";"257.98";"0";"257.98";"1";"2020";"0";"";"";"1672014";"";"";"";"3240";"7005238";"https://www.camara.leg.br/cota-parlamentar/documentos/publ/3240/2020/7005238.pdf"
"Fábio Henrique";"";"68720";"597";"2019";"SE";"UNIÃO";"56";"1";"MANUTENÇÃO DE ESCRITÓRIO DE APOIO À ATIVIDADE PARLAMENTAR";"0";"";"CLARO S.A.";"404.325.440/1070-3";"0000722623";"0";"2020-02-17T00:00:00";"265";"7.02";"257.98";"2";"2020";"0";"";"";"1690163";"";"";"";"3240";"7043639";"https://www.camara.leg.br/cota-parlamentar/documentos/publ/3240/2020/7043639.pdf"
"Fábio Henrique";"";"68720";"597";"2019";"SE";"UNIÃO";"56";"1";"MANUTENÇÃO DE ESCRITÓRIO DE APOIO À ATIVIDADE PARLAMENTAR";"0";"";"CLARO S.A.";"404.325.440/1070-3";"0000760262";"0";"2020-03-19T00:00:00";"359.96";"0";"359.96";"3";"2020";"0";"";"";"1687830";"";"";"";"3240";"7039842";"https://www.camara.leg.br/cota-parlamentar/documentos/publ/3240/2020/7039842.pdf"
"Fábio Henrique";"";"68720";"597";"2019";"SE";"UNIÃO";"56";"1";"MANUTENÇÃO DE ESCRITÓRIO DE APOIO À ATIVIDADE PARLAMENTAR";"0";"";"CLARO S.A.";"404.325.440/1070-3";"0000801294";"0";"2020-04-16T00:00:00";"387.47";"6.02";"381.45";"4";"2020";"0";"";"";"1695343";"";"";"";"3240";"7052597";"https://www.camara.leg.br/cota-parlamentar/documentos/publ/3240/2020/7052597.pdf"
"Fábio Henrique";"";"68720";"597";"2019";"SE";"UNIÃO";"56";"1";"MANUTENÇÃO DE ESCRITÓRIO DE APOIO À ATIVIDADE PARLAMENTAR";"0";"";"CLARO S.A.";"404.325.440/1070-3";"000366628";"0";"2020-05-06T00:00:00";"43.28";"1.3";"41.98";"5";"2020";"0";"";"";"1698735";"";"";"";"3240";"7058719";"https://www.camara.leg.br/cota-parlamentar/documentos/publ/3240/2020/7058719.pdf"
"Fábio Henrique";"";"68720";"597";"2019";"SE";"UNIÃO";"56";"1";"MANUTENÇÃO DE ESCRITÓRIO DE APOIO À ATIVIDADE PARLAMENTAR";"0";"";"COMPANHIA DE SANEAMENTO DE SERGIPE DESO";"130.181.710/0019-0";"017496-3";"0";"2020-02-04T00:00:00";"69.31";"1.38";"67.93";"2";"2020";"0";"";"";"1685587";"";"";"";"3240";"7034611";"https://www.camara.leg.br/cota-parlamentar/documentos/publ/3240/2020/7034611.pdf"
"Fábio Henrique";"";"68720";"597";"2019";"SE";"UNIÃO";"56";"1";"MANUTENÇÃO DE ESCRITÓRIO DE APOIO À ATIVIDADE PARLAMENTAR";"0";"";"COMPANHIA DE SANEAMENTO DE SERGIPE DESO";"130.181.710/0019-0";"017496-3";"0";"2020-03-03T00:00:00";"69.29";"0";"69.29";"3";"2020";"0";"";"";"1685557";"";"";"";"3240";"7034542";"https://www.camara.leg.br/cota-parlamentar/documentos/publ/3240/2020/7034542.pdf"
"Fábio Henrique";"";"68720";"597";"2019";"SE";"UNIÃO";"56";"1";"MANUTENÇÃO DE ESCRITÓRIO DE APOIO À ATIVIDADE PARLAMENTAR";"0";"";"COMPANHIA DE SANEAMENTO DE SERGIPE DESO";"130.181.710/0019-0";"0174963";"0";"2020-01-03T00:00:00";"69.3";"1.37";"67.93";"1";"2020";"0";"";"";"1685582";"";"";"";"3240";"7034596";"https://www.camara.leg.br/cota-parlamentar/documentos/publ/3240/2020/7034596.pdf"
"Fábio Henrique";"";"68720";"597";"2019";"SE";"UNIÃO";"56";"1";"MANUTENÇÃO DE ESCRITÓRIO DE APOIO À ATIVIDADE PARLAMENTAR";"0";"";"ENERGISA SERGIPE - DISTRIBUIDORA DE ENERGIA S.A";"130.174.620/0016-3";"020479662";"0";"2020-01-21T00:00:00";"279.12";"0";"279.12";"1";"2020";"0";"";"";"1675119";"";"";"";"3240";"7012263";"https://www.camara.leg.br/cota-parlamentar/documentos/publ/3240/2020/7012263.pdf"
"Fábio Henrique";"";"68720";"597";"2019";"SE";"UNIÃO";"56";"1";"MANUTENÇÃO DE ESCRITÓRIO DE APOIO À ATIVIDADE PARLAMENTAR";"0";"";"GEORGE BATALHA MOREIRA";"138.550.775/68  -";"S/N";"1";"2020-01-31T00:00:00";"3000";"0";"3000";"1";"2020";"0";"";"";"1685386";"";"";"";"3240";"7034203";"https://www.camara.leg.br/cota-parlamentar/documentos/publ/3240/2020/7034203.pdf"
"Fábio Henrique";"";"68720";"597";"2019";"SE";"UNIÃO";"56";"1";"MANUTENÇÃO DE ESCRITÓRIO DE APOIO À ATIVIDADE PARLAMENTAR";"0";"";"GEORGE BATALHA MOREIRA";"138.550.775/68  -";"S/N";"1";"2020-02-28T00:00:00";"3000";"0";"3000";"2";"2020";"0";"";"";"1685401";"";"";"";"3240";"7034254";"https://www.camara.leg.br/cota-parlamentar/documentos/publ/3240/2020/7034254.pdf"
"Fábio Henrique";"";"68720";"597";"2019";"SE";"UNIÃO";"56";"1";"MANUTENÇÃO DE ESCRITÓRIO DE APOIO À ATIVIDADE PARLAMENTAR";"0";"";"GEORGE BATALHA MOREIRA";"138.550.775/68  -";"S/N";"1";"2020-03-09T00:00:00";"3000";"0";"3000";"3";"2020";"0";"";"";"1685475";"";"";"";"3240";"7034396";"https://www.camara.leg.br/cota-parlamentar/documentos/publ/3240/2020/7034396.pdf"
"Fábio Henrique";"";"68720";"597";"2019";"SE";"UNIÃO";"56";"1";"MANUTENÇÃO DE ESCRITÓRIO DE APOIO À ATIVIDADE PARLAMENTAR";"0";"";"GEORGE BATALHA MOREIRA";"138.550.775/68  -";"S/N";"1";"2020-04-03T00:00:00";"3000";"0";"3000";"4";"2020";"0";"";"";"1690159";"";"";"";"3240";"7043658";"https://www.camara.leg.br/cota-parlamentar/documentos/publ/3240/2020/7043658.pdf"
"Fábio Henrique";"";"68720";"597";"2019";"SE";"UNIÃO";"56";"1";"MANUTENÇÃO DE ESCRITÓRIO DE APOIO À ATIVIDADE PARLAMENTAR";"0";"";"MC PAPELARIA LTDA - EPP";"021.940.860/0016-6";"24769";"4";"2020-01-13T00:00:00";"190";"0";"190";"1";"2020";"0";"";"";"1670720";"";"";"";"3240";"7002495";"https://www.camara.leg.br/cota-parlamentar/nota-fiscal-eletronica?ideDocumentoFiscal=7002495"
"Fábio Henrique";"";"68720";"597";"2019";"SE";"UNIÃO";"56";"1";"MANUTENÇÃO DE ESCRITÓRIO DE APOIO À ATIVIDADE PARLAMENTAR";"0";"";"SECRETARIA DA FAZENDA DE ACARAJU/ SE";"131.287.800/0435-0";"32391338-57";"0";"2020-02-19T00:00:00";"192.04";"0";"192.04";"2";"2020";"0";"";"";"1685667";"";"";"";"3240";"7034780";"https://www.camara.leg.br/cota-parlamentar/documentos/publ/3240/2020/7034780.pdf"
"Fábio Henrique";"";"68720";"597";"2019";"SE";"UNIÃO";"56";"3";"COMBUSTÍVEIS E LUBRIFICANTES.";"1";"Veículos Automotores";"A.C. COMERCIO DE COMBUSTIVEIS LTDA (SERRANO VI)";"083.092.330/0018-2";"136323";"4";"2020-11-28T01:00:00";"150";"0";"150";"11";"2020";"0";"";"";"1733569";"";"";"";"3240";"7129904";"https://www.camara.leg.br/cota-parlamentar/nota-fiscal-eletronica?ideDocumentoFiscal=7129904"
"Fábio Henrique";"";"68720";"597";"2019";"SE";"UNIÃO";"56";"3";"COMBUSTÍVEIS E LUBRIFICANTES.";"1";"Veículos Automotores";"A.C. COMERCIO DE COMBUSTIVEIS LTDA (SERRANO VIII)";"083.092.330/0026-3";"243723";"4";"2020-03-06T00:00:00";"272.14";"0";"272.14";"3";"2020";"0";"";"";"1684746";"";"";"";"3240";"7032815";"https://www.camara.leg.br/cota-parlamentar/nota-fiscal-eletronica?ideDocumentoFiscal=7032815"
"Fábio Henrique";"";"68720";"597";"2019";"SE";"UNIÃO";"56";"3";"COMBUSTÍVEIS E LUBRIFICANTES.";"1";"Veículos Automotores";"A.C. COMERCIO DE COMBUSTIVEIS LTDA (SERRANO VIII)";"083.092.330/0026-3";"371591";"4";"2020-12-21T00:00:00";"275.86";"0";"275.86";"12";"2020";"0";"";"";"1740953";"";"";"";"3240";"7145266";"https://www.camara.leg.br/cota-parlamentar/nota-fiscal-eletronica?ideDocumentoFiscal=7145266"
"Fábio Henrique";"";"68720";"597";"2019";"SE";"UNIÃO";"56";"3";"COMBUSTÍVEIS E LUBRIFICANTES.";"1";"Veículos Automotores";"AFJ COMBUSTIVEIS LTDA";"305.558.760/0016-5";"176164";"4";"2020-01-27T00:00:00";"283.09";"0";"283.09";"1";"2020";"0";"";"";"1671827";"";"";"";"3240";"7004771";"https://www.camara.leg.br/cota-parlamentar/nota-fiscal-eletronica?ideDocumentoFiscal=7004771"
"Fábio Henrique";"";"68720";"597";"2019";"SE";"UNIÃO";"56";"3";"COMBUSTÍVEIS E LUBRIFICANTES.";"1";"Veículos Automotores";"ALPHA COMERCIAL DE COMBUSTIVEIS LTDA ( FILIAL 01)";"082.977.100/0013-7";"781698";"4";"2020-02-11T00:00:00";"200";"0";"200";"2";"2020";"0";"";"";"1683004";"";"";"";"3240";"7027813";"https://www.camara.leg.br/cota-parlamentar/nota-fiscal-eletronica?ideDocumentoFiscal=7027813"
"Fábio Henrique";"";"68720";"597";"2019";"SE";"UNIÃO";"56";"3";"COMBUSTÍVEIS E LUBRIFICANTES.";"1";"Veículos Automotores";"ALPHA COMERCIAL DE COMBUSTIVEIS LTDA ( FILIAL 01)";"082.977.100/0013-7";"810623";"4";"2020-04-10T00:00:00";"224.85";"0";"224.85";"4";"2020";"0";"";"";"1695331";"";"";"";"3240";"7052562";"https://www.camara.leg.br/cota-parlamentar/nota-fiscal-eletronica?ideDocumentoFiscal=7052562"
"Fábio Henrique";"";"68720";"597";"2019";"SE";"UNIÃO";"56";"3";"COMBUSTÍVEIS E LUBRIFICANTES.";"1";"Veículos Automotores";"ALPHA COMERCIAL DE COMBUSTIVEIS LTDA ( FILIAL 01)";"082.977.100/0013-7";"830983";"4";"2020-06-13T00:00:00";"100";"0";"100";"6";"2020";"0";"";"";"1700853";"";"";"";"3240";"7062477";"https://www.camara.leg.br/cota-parlamentar/nota-fiscal-eletronica?ideDocumentoFiscal=7062477"
"Fábio Henrique";"";"68720";"597";"2019";"SE";"UNIÃO";"56";"3";"COMBUSTÍVEIS E LUBRIFICANTES.";"1";"Veículos Automotores";"ALPHA COMERCIAL DE COMBUSTIVEIS LTDA ( FILIAL 01)";"082.977.100/0013-7";"839282";"4";"2020-07-26T00:00:00";"239.63";"0";"239.63";"7";"2020";"0";"";"";"1707690";"";"";"";"3240";"7075630";"https://www.camara.leg.br/cota-parlamentar/nota-fiscal-eletronica?ideDocumentoFiscal=7075630"
"Fábio Henrique";"";"68720";"597";"2019";"SE";"UNIÃO";"56";"3";"COMBUSTÍVEIS E LUBRIFICANTES.";"1";"Veículos Automotores";"AUTO POSTO CINCO ESTRELAS LTDA";"006.924.180/0010-7";"29263";"4";"2020-02-13T00:00:00";"150";"0";"150";"2";"2020";"0";"";"";"1676029";"";"";"";"3240";"7014271";"https://www.camara.leg.br/cota-parlamentar/nota-fiscal-eletronica?ideDocumentoFiscal=7014271"
"Fábio Henrique";"";"68720";"597";"2019";"SE";"UNIÃO";"56";"3";"COMBUSTÍVEIS E LUBRIFICANTES.";"1";"Veículos Automotores";"AUTO POSTO CINCO ESTRELAS LTDA";"006.924.180/0010-7";"31364";"4";"2020-03-13T00:00:00";"150";"0";"150";"3";"2020";"0";"";"";"1687813";"";"";"";"3240";"7039808";"https://www.camara.leg.br/cota-parlamentar/nota-fiscal-eletronica?ideDocumentoFiscal=7039808"
"Fábio Henrique";"";"68720";"597";"2019";"SE";"UNIÃO";"56";"3";"COMBUSTÍVEIS E LUBRIFICANTES.";"1";"Veículos Automotores";"AUTO POSTO CINCO ESTRELAS LTDA";"006.924.180/0010-7";"37398";"4";"2020-07-27T00:00:00";"150";"0";"150";"7";"2020";"0";"";"";"1707945";"";"";"";"3240";"7076131";"https://www.camara.leg.br/cota-parlamentar/nota-fiscal-eletronica?ideDocumentoFiscal=7076131"
"Fábio Henrique";"";"68720";"597";"2019";"SE";"UNIÃO";"56";"3";"COMBUSTÍVEIS E LUBRIFICANTES.";"1";"Veículos Automotores";"AUTO POSTO IRMAOS LTDA";"029.181.690/0023-1";"195188";"4";"2020-12-09T01:00:00";"100";"0";"100";"12";"2020";"0";"";"";"1733573";"";"";"";"3240";"7129918";"https://www.camara.leg.br/cota-parlamentar/nota-fiscal-eletronica?ideDocumentoFiscal=7129918"
"Fábio Henrique";"";"68720";"597";"2019";"SE";"UNIÃO";"56";"3";"COMBUSTÍVEIS E LUBRIFICANTES.";"1";"Veículos Automotores";"AUTO POSTO SENHOR DO BOMFIM";"327.348.320/0012-8";"18994";"4";"2020-01-16T00:00:00";"150";"0";"150";"1";"2020";"0";"";"";"1671828";"";"";"";"3240";"7004787";"https://www.camara.leg.br/cota-parlamentar/nota-fiscal-eletronica?ideDocumentoFiscal=7004787"
"Fábio Henrique";"";"68720";"597";"2019";"SE";"UNIÃO";"56";"3";"COMBUSTÍVEIS E LUBRIFICANTES.";"1";"Veículos Automotores";"AUTO POSTO SENHOR DO BOMFIM";"327.348.320/0012-8";"20492";"4";"2020-01-21T00:00:00";"135";"0";"135";"1";"2020";"0";"";"";"1671827";"";"";"";"3240";"7004548";"https://www.camara.leg.br/cota-parlamentar/nota-fiscal-eletronica?ideDocumentoFiscal=7004548"
"Fábio Henrique";"";"68720";"597";"2019";"SE";"UNIÃO";"56";"3";"COMBUSTÍVEIS E LUBRIFICANTES.";"1";"Veículos Automotores";"AUTO POSTO SENHOR DO BOMFIM";"327.348.320/0012-8";"23694";"4";"2020-02-01T00:00:00";"233";"0";"233";"2";"2020";"0";"";"";"1671949";"";"";"";"3240";"7004520";"https://www.camara.leg.br/cota-parlamentar/nota-fiscal-eletronica?ideDocumentoFiscal=7004520"
"Fábio Henrique";"";"68720";"597";"2019";"SE";"UNIÃO";"56";"3";"COMBUSTÍVEIS E LUBRIFICANTES.";"1";"Veículos Automotores";"AUTO POSTO SENHOR DO BOMFIM";"327.348.320/0012-8";"48702";"4";"2020-05-02T00:00:00";"180";"0";"180";"5";"2020";"0";"";"";"1695329";"";"";"";"3240";"7052577";"https://www.camara.leg.br/cota-parlamentar/nota-fiscal-eletronica?ideDocumentoFiscal=7052577"
"Fábio Henrique";"";"68720";"597";"2019";"SE";"UNIÃO";"56";"3";"COMBUSTÍVEIS E LUBRIFICANTES.";"1";"Veículos Automotores";"AUTO POSTO SENHOR DO BOMFIM";"327.348.320/0012-8";"54528";"4";"2020-05-28T00:00:00";"228";"0";"228";"5";"2020";"0";"";"";"1705550";"";"";"";"3240";"7071311";"https://www.camara.leg.br/cota-parlamentar/nota-fiscal-eletronica?ideDocumentoFiscal=7071311"
"Fábio Henrique";"";"68720";"597";"2019";"SE";"UNIÃO";"56";"3";"COMBUSTÍVEIS E LUBRIFICANTES.";"1";"Veículos Automotores";"CASCOL COMBUSTIVEIS PARA VEICULOS LTDA";"003.065.970/0311-2";"390370";"4";"2020-02-06T00:00:00";"100";"0";"100";"2";"2020";"0";"";"";"1676029";"";"";"";"3240";"7014270";"https://www.camara.leg.br/cota-parlamentar/nota-fiscal-eletronica?ideDocumentoFiscal=7014270"
"Fábio Henrique";"";"68720";"597";"2019";"SE";"UNIÃO";"56";"3";"COMBUSTÍVEIS E LUBRIFICANTES.";"1";"Veículos Automotores";"CASCOL COMBUSTIVEIS PARA VEICULOS LTDA";"003.065.970/0699-5";"283878";"4";"2020-02-17T00:00:00";"150";"0";"150";"2";"2020";"0";"";"";"1677493";"";"";"";"3240";"7016461";"https://www.camara.leg.br/cota-parlamentar/nota-fiscal-eletronica?ideDocumentoFiscal=7016461"
"Fábio Henrique";"";"68720";"597";"2019";"SE";"UNIÃO";"56";"3";"COMBUSTÍVEIS E LUBRIFICANTES.";"1";"Veículos Automotores";"CASCOL COMBUSTIVEIS PARA VEICULOS LTDA";"003.065.970/0761-4";"2723";"4";"2020-12-01T01:00:00";"150";"0";"150";"12";"2020";"0";"";"";"1730391";"";"";"";"3240";"7123333";"https://www.camara.leg.br/cota-parlamentar/nota-fiscal-eletronica?ideDocumentoFiscal=7123333"
"Fábio Henrique";"";"68720";"597";"2019";"SE";"UNIÃO";"56";"3";"COMBUSTÍVEIS E LUBRIFICANTES.";"1";"Veículos Automotores";"COMERCIAL MARIVAN LTDA";"131.792.470/0016-9";"107320";"4";"2020-08-11T00:00:00";"200";"0";"200";"8";"2020";"0";"";"";"1712389";"";"";"";"3240";"7084794";"https://www.camara.leg.br/cota-parlamentar/nota-fiscal-eletronica?ideDocumentoFiscal=7084794"
"Fábio Henrique";"";"68720";"597";"2019";"SE";"UNIÃO";"56";"3";"COMBUSTÍVEIS E LUBRIFICANTES.";"1";"Veículos Automotores";"COMERCIAL MARIVAN LTDA";"131.792.470/0016-9";"125573";"4";"2020-11-24T01:00:00";"100";"0";"100";"11";"2020";"0";"";"";"1730416";"";"";"";"3240";"7123370";"https://www.camara.leg.br/cota-parlamentar/nota-fiscal-eletronica?ideDocumentoFiscal=7123370"
"Fábio Henrique";"";"68720";"597";"2019";"SE";"UNIÃO";"56";"3";"COMBUSTÍVEIS E LUBRIFICANTES.";"1";"Veículos Automotores";"COMERCIAL MARIVAN LTDA";"131.792.470/0016-9";"129293";"4";"2020-12-11T01:00:00";"200";"0";"200";"12";"2020";"0";"";"";"1733573";"";"";"";"3240";"7129927";"https://www.camara.leg.br/cota-parlamentar/nota-fiscal-eletronica?ideDocumentoFiscal=7129927"
"Fábio Henrique";"";"68720";"597";"2019";"SE";"UNIÃO";"56";"3";"COMBUSTÍVEIS E LUBRIFICANTES.";"1";"Veículos Automotores";"COMERCIAL MARIVAN LTDA";"131.792.470/0016-9";"132928";"4";"2020-12-28T00:00:00";"200";"0";"200";"12";"2020";"0";"";"";"1740953";"";"";"";"3240";"7145287";"https://www.camara.leg.br/cota-parlamentar/nota-fiscal-eletronica?ideDocumentoFiscal=7145287"
"Fábio Henrique";"";"68720";"597";"2019";"SE";"UNIÃO";"56";"3";"COMBUSTÍVEIS E LUBRIFICANTES.";"1";"Veículos Automotores";"COMERCIAL MARIVAN LTDA";"131.792.470/0016-9";"176890";"4";"2020-11-16T01:00:00";"250";"0";"250";"11";"2020";"0";"";"";"1730416";"";"";"";"3240";"7123351";"https://www.camara.leg.br/cota-parlamentar/nota-fiscal-eletronica?ideDocumentoFiscal=7123351"
"Fábio Henrique";"";"68720";"597";"2019";"SE";"UNIÃO";"56";"3";"COMBUSTÍVEIS E LUBRIFICANTES.";"1";"Veículos Automotores";"COMERCIAL MARIVAN LTDA";"131.792.470/0016-9";"180496";"4";"2020-12-21T00:00:00";"200.04";"0";"200.04";"12";"2020";"0";"";"";"1740953";"";"";"";"3240";"7145256";"https://www.camara.leg.br/cota-parlamentar/nota-fiscal-eletronica?ideDocumentoFiscal=7145256"
"Fábio Henrique";"";"68720";"597";"2019";"SE";"UNIÃO";"56";"3";"COMBUSTÍVEIS E LUBRIFICANTES.";"1";"Veículos Automotores";"COMERCIAL MARIVAN LTDA";"131.792.470/0016-9";"96670";"4";"2020-04-23T00:00:00";"159.53";"0";"159.53";"4";"2020";"0";"";"";"1695331";"";"";"";"3240";"7052569";"https://www.camara.leg.br/cota-parlamentar/nota-fiscal-eletronica?ideDocumentoFiscal=7052569"
"Fábio Henrique";"";"68720";"597";"2019";"SE";"UNIÃO";"56";"3";"COMBUSTÍVEIS E LUBRIFICANTES.";"1";"Veículos Automotores";"GAMA & CIA LTDA";"130.077.520/0012-6";"209920";"4";"2020-02-20T00:00:00";"200";"0";"200";"2";"2020";"0";"";"";"1683004";"";"";"";"3240";"7027819";"https://www.camara.leg.br/cota-parlamentar/nota-fiscal-eletronica?ideDocumentoFiscal=7027819"
"Fábio Henrique";"";"68720";"597";"2019";"SE";"UNIÃO";"56";"3";"COMBUSTÍVEIS E LUBRIFICANTES.";"1";"Veículos Automotores";"GAMA & CIA LTDA";"130.077.520/0012-6";"214065";"4";"2020-04-13T00:00:00";"100";"0";"100";"4";"2020";"0";"";"";"1695331";"";"";"";"3240";"7052566";"https://www.camara.leg.br/cota-parlamentar/nota-fiscal-eletronica?ideDocumentoFiscal=7052566"
"Fábio Henrique";"";"68720";"597";"2019";"SE";"UNIÃO";"56";"3";"COMBUSTÍVEIS E LUBRIFICANTES.";"1";"Veículos Automotores";"GAMA & CIA LTDA";"130.077.520/0012-6";"230665";"4";"2020-11-18T01:00:00";"100";"0";"100";"11";"2020";"0";"";"";"1730416";"";"";"";"3240";"7123356";"https://www.camara.leg.br/cota-parlamentar/nota-fiscal-eletronica?ideDocumentoFiscal=7123356"
"Fábio Henrique";"";"68720";"597";"2019";"SE";"UNIÃO";"56";"3";"COMBUSTÍVEIS E LUBRIFICANTES.";"1";"Veículos Automotores";"GAMA & CIA LTDA";"130.077.520/0012-6";"232226";"4";"2020-12-10T01:00:00";"150";"0";"150";"12";"2020";"0";"";"";"1733573";"";"";"";"3240";"7129921";"https://www.camara.leg.br/cota-parlamentar/nota-fiscal-eletronica?ideDocumentoFiscal=7129921"
"Fábio Henrique";"";"68720";"597";"2019";"SE";"UNIÃO";"56";"3";"COMBUSTÍVEIS E LUBRIFICANTES.";"1";"Veículos Automotores";"GAMA & CIA LTDA";"130.077.520/0012-6";"233060";"4";"2020-12-22T00:00:00";"172.64";"0";"172.64";"12";"2020";"0";"";"";"1740953";"";"";"";"3240";"7145269";"https://www.camara.leg.br/cota-parlamentar/nota-fiscal-eletronica?ideDocumentoFiscal=7145269"
"Fábio Henrique";"";"68720";"597";"2019";"SE";"UNIÃO";"56";"3";"COMBUSTÍVEIS E LUBRIFICANTES.";"1";"Veículos Automotores";"J.F. COMERCIO DE COMBUSTIVEIS LTDA";"114.403.490/0016-0";"188650";"4";"2020-02-08T00:00:00";"242.91";"0";"242.91";"2";"2020";"0";"";"";"1674968";"";"";"";"3240";"7011898";"https://www.camara.leg.br/cota-parlamentar/nota-fiscal-eletronica?ideDocumentoFiscal=7011898"
"Fábio Henrique";"";"68720";"597";"2019";"SE";"UNIÃO";"56";"3";"COMBUSTÍVEIS E LUBRIFICANTES.";"1";"Veículos Automotores";"LEONCIO SANTANA LTDA";"133.535.860/0038-1";"85765";"4";"2020-01-07T00:00:00";"200";"0";"200";"1";"2020";"0";"";"";"1671827";"";"";"";"3240";"7004562";"https://www.camara.leg.br/cota-parlamentar/nota-fiscal-eletronica?ideDocumentoFiscal=7004562"
"Fábio Henrique";"";"68720";"597";"2019";"SE";"UNIÃO";"56";"3";"COMBUSTÍVEIS E LUBRIFICANTES.";"1";"Veículos Automotores";"MARPA COMERCIAL LTDA";"032.040.570/0010-9";"194209";"4";"2020-01-10T00:00:00";"240.03";"0";"240.03";"1";"2020";"0";"";"";"1671827";"";"";"";"3240";"7004573";"https://www.camara.leg.br/cota-parlamentar/nota-fiscal-eletronica?ideDocumentoFiscal=7004573"
"Fábio Henrique";"";"68720";"597";"2019";"SE";"UNIÃO";"56";"3";"COMBUSTÍVEIS E LUBRIFICANTES.";"1";"Veículos Automotores";"PETROX COMERCIAL LTDA (13 DE JULHO)";"052.974.800/0097-5";"543322";"4";"2020-06-15T00:00:00";"230";"0";"230";"6";"2020";"0";"";"";"1705537";"";"";"";"3240";"7071287";"https://www.camara.leg.br/cota-parlamentar/nota-fiscal-eletronica?ideDocumentoFiscal=7071287"
"Fábio Henrique";"";"68720";"597";"2019";"SE";"UNIÃO";"56";"3";"COMBUSTÍVEIS E LUBRIFICANTES.";"1";"Veículos Automotores";"PETROX COMERCIAL LTDA (INDIAROBA)";"052.974.800/0240-4";"108243";"4";"2020-01-11T00:00:00";"203.32";"0";"203.32";"1";"2020";"0";"";"";"1671827";"";"";"";"3240";"7004665";"https://www.camara.leg.br/cota-parlamentar/nota-fiscal-eletronica?ideDocumentoFiscal=7004665"
"Fábio Henrique";"";"68720";"597";"2019";"SE";"UNIÃO";"56";"3";"COMBUSTÍVEIS E LUBRIFICANTES.";"1";"Veículos Automotores";"PETROX COMERCIAL LTDA (INDIAROBA)";"052.974.800/0240-4";"110044";"4";"2020-01-24T00:00:00";"141.04";"0";"141.04";"1";"2020";"0";"";"";"1671827";"";"";"";"3240";"7004736";"https://www.camara.leg.br/cota-parlamentar/nota-fiscal-eletronica?ideDocumentoFiscal=7004736"
"Fábio Henrique";"";"68720";"597";"2019";"SE";"UNIÃO";"56";"3";"COMBUSTÍVEIS E LUBRIFICANTES.";"1";"Veículos Automotores";"PETROX COMERCIAL LTDA (INDIAROBA)";"052.974.800/0240-4";"122717";"4";"2020-06-19T00:00:00";"100.03";"0";"100.03";"6";"2020";"0";"";"";"1705537";"";"";"";"3240";"7071278";"https://www.camara.leg.br/cota-parlamentar/nota-fiscal-eletronica?ideDocumentoFiscal=7071278"
"Fábio Henrique";"";"68720";"597";"2019";"SE";"UNIÃO";"56";"3";"COMBUSTÍVEIS E LUBRIFICANTES.";"1";"Veículos Automotores";"PETROX COMERCIAL LTDA(PETROX ARUANDA)";"052.974.800/0194-7";"550093";"4";"2020-05-16T00:00:00";"199.73";"0";"199.73";"5";"2020";"0";"";"";"1698755";"";"";"";"3240";"7058744";"https://www.camara.leg.br/cota-parlamentar/nota-fiscal-eletronica?ideDocumentoFiscal=7058744"
"Fábio Henrique";"";"68720";"597";"2019";"SE";"UNIÃO";"56";"3";"COMBUSTÍVEIS E LUBRIFICANTES.";"1";"Veículos Automotores";"PETROX COMERCIAL LTDA(PETROX ARUANDA)";"052.974.800/0194-7";"552216";"4";"2020-05-24T00:00:00";"194.78";"0";"194.78";"5";"2020";"0";"";"";"1705550";"";"";"";"3240";"7071304";"https://www.camara.leg.br/cota-parlamentar/nota-fiscal-eletronica?ideDocumentoFiscal=7071304"
"Fábio Henrique";"";"68720";"597";"2019";"SE";"UNIÃO";"56";"3";"COMBUSTÍVEIS E LUBRIFICANTES.";"1";"Veículos Automotores";"PETROX COMERCIAL LTDA(PETROX ARUANDA)";"052.974.800/0194-7";"618395";"4";"2020-11-30T01:00:00";"260.01";"0";"260.01";"11";"2020";"0";"";"";"1730416";"";"";"";"3240";"7123382";"https://www.camara.leg.br/cota-parlamentar/nota-fiscal-eletronica?ideDocumentoFiscal=7123382"
"Fábio Henrique";"";"68720";"597";"2019";"SE";"UNIÃO";"56";"3";"COMBUSTÍVEIS E LUBRIFICANTES.";"1";"Veículos Automotores";"POSTO ARIBE EIRELI";"150.831.400/0014-8";"101049";"4";"2020-04-22T00:00:00";"100";"0";"100";"4";"2020";"0";"";"";"1695331";"";"";"";"3240";"7052567";"https://www.camara.leg.br/cota-parlamentar/nota-fiscal-eletronica?ideDocumentoFiscal=7052567"
"Fábio Henrique";"";"68720";"597";"2019";"SE";"UNIÃO";"56";"3";"COMBUSTÍVEIS E LUBRIFICANTES.";"1";"Veículos Automotores";"POSTO ARIBE EIRELI";"150.831.400/0014-8";"101529";"4";"2020-05-01T00:00:00";"100";"0";"100";"5";"2020";"0";"";"";"1695329";"";"";"";"3240";"7052573";"https://www.camara.leg.br/cota-parlamentar/nota-fiscal-eletronica?ideDocumentoFiscal=7052573"
"Fábio Henrique";"";"68720";"597";"2019";"SE";"UNIÃO";"56";"3";"COMBUSTÍVEIS E LUBRIFICANTES.";"1";"Veículos Automotores";"POSTO ARIBE EIRELI";"150.831.400/0014-8";"102028";"4";"2020-05-11T00:00:00";"100";"0";"100";"5";"2020";"0";"";"";"1698748";"";"";"";"3240";"7058740";"https://www.camara.leg.br/cota-parlamentar/nota-fiscal-eletronica?ideDocumentoFiscal=7058740"
"Fábio Henrique";"";"68720";"597";"2019";"SE";"UNIÃO";"56";"3";"COMBUSTÍVEIS E LUBRIFICANTES.";"1";"Veículos Automotores";"POSTO CAMINHO DO MAR LTDA";"089.921.590/0014-1";"176960";"4";"2020-07-08T00:00:00";"50";"0";"50";"7";"2020";"0";"";"";"1705539";"";"";"";"3240";"7071293";"https://www.camara.leg.br/cota-parlamentar/nota-fiscal-eletronica?ideDocumentoFiscal=7071293"
"Fábio Henrique";"";"68720";"597";"2019";"SE";"UNIÃO";"56";"3";"COMBUSTÍVEIS E LUBRIFICANTES.";"1";"Veículos Automotores";"POSTO CAMINHO DO MAR LTDA";"089.921.590/0014-1";"177456";"4";"2020-07-15T00:00:00";"150";"0";"150";"7";"2020";"0";"";"";"1707690";"";"";"";"3240";"7075625";"https://www.camara.leg.br/cota-parlamentar/nota-fiscal-eletronica?ideDocumentoFiscal=7075625"
"Fábio Henrique";"";"68720";"597";"2019";"SE";"UNIÃO";"56";"3";"COMBUSTÍVEIS E LUBRIFICANTES.";"1";"Veículos Automotores";"POSTO CAMINHO DO MAR LTDA";"089.921.590/0014-1";"181441";"4";"2020-08-29T00:00:00";"200";"0";"200";"8";"2020";"0";"";"";"1716543";"";"";"";"3240";"7092947";"https://www.camara.leg.br/cota-parlamentar/nota-fiscal-eletronica?ideDocumentoFiscal=7092947"
"Fábio Henrique";"";"68720";"597";"2019";"SE";"UNIÃO";"56";"3";"COMBUSTÍVEIS E LUBRIFICANTES.";"1";"Veículos Automotores";"POSTO CAMINHO DO MAR LTDA";"089.921.590/0014-1";"182556";"4";"2020-09-09T00:00:00";"200";"0";"200";"9";"2020";"0";"";"";"1719077";"";"";"";"3240";"7098717";"https://www.camara.leg.br/cota-parlamentar/nota-fiscal-eletronica?ideDocumentoFiscal=7098717"
"Fábio Henrique";"";"68720";"597";"2019";"SE";"UNIÃO";"56";"3";"COMBUSTÍVEIS E LUBRIFICANTES.";"1";"Veículos Automotores";"POSTO CAMINHO DO MAR LTDA";"089.921.590/0014-1";"193090";"4";"2020-12-07T01:00:00";"150";"0";"150";"12";"2020";"0";"";"";"1732342";"";"";"";"3240";"7127273";"https://www.camara.leg.br/cota-parlamentar/nota-fiscal-eletronica?ideDocumentoFiscal=7127273"
"Fábio Henrique";"";"68720";"597";"2019";"SE";"UNIÃO";"56";"3";"COMBUSTÍVEIS E LUBRIFICANTES.";"1";"Veículos Automotores";"POSTO DA TORRE EIRELI - EPP";"044.731.930/0015-9";"295749";"4";"2020-03-05T00:00:00";"150";"0";"150";"3";"2020";"0";"";"";"1684746";"";"";"";"3240";"7032818";"https://www.camara.leg.br/cota-parlamentar/nota-fiscal-eletronica?ideDocumentoFiscal=7032818"
"Fábio Henrique";"";"68720";"597";"2019";"SE";"UNIÃO";"56";"3";"COMBUSTÍVEIS E LUBRIFICANTES.";"1";"Veículos Automotores";"POSTO HERMES FONTES LTDA";"074.705.750/0011-7";"260545";"4";"2020-08-19T00:00:00";"239.53";"0";"239.53";"8";"2020";"0";"";"";"1712389";"";"";"";"3240";"7084795";"https://www.camara.leg.br/cota-parlamentar/nota-fiscal-eletronica?ideDocumentoFiscal=7084795"
"Fábio Henrique";"";"68720";"597";"2019";"SE";"UNIÃO";"56";"3";"COMBUSTÍVEIS E LUBRIFICANTES.";"1";"Veículos Automotores";"POSTO JARDIM EUROPA EIRELI";"311.350.970/0017-3";"370";"4";"2020-08-30T00:00:00";"250";"0";"250";"8";"2020";"0";"";"";"1716543";"";"";"";"3240";"7092952";"https://www.camara.leg.br/cota-parlamentar/nota-fiscal-eletronica?ideDocumentoFiscal=7092952"
"Fábio Henrique";"";"68720";"597";"2019";"SE";"UNIÃO";"56";"3";"COMBUSTÍVEIS E LUBRIFICANTES.";"1";"Veículos Automotores";"POSTO JARDIM EUROPA EIRELI";"311.350.970/0017-3";"3897";"4";"2020-11-16T01:00:00";"86.02";"0";"86.02";"11";"2020";"0";"";"";"1730416";"";"";"";"3240";"7123355";"https://www.camara.leg.br/cota-parlamentar/nota-fiscal-eletronica?ideDocumentoFiscal=7123355"
"Fábio Henrique";"";"68720";"597";"2019";"SE";"UNIÃO";"56";"3";"COMBUSTÍVEIS E LUBRIFICANTES.";"1";"Veículos Automotores";"POSTO JARDIM EUROPA EIRELI";"311.350.970/0017-3";"392";"4";"2020-11-23T01:00:00";"140";"0";"140";"11";"2020";"0";"";"";"1730416";"";"";"";"3240";"7123357";"https://www.camara.leg.br/cota-parlamentar/nota-fiscal-eletronica?ideDocumentoFiscal=7123357"
"Fábio Henrique";"";"68720";"597";"2019";"SE";"UNIÃO";"56";"3";"COMBUSTÍVEIS E LUBRIFICANTES.";"1";"Veículos Automotores";"POSTO JARDIM EUROPA EIRELI";"311.350.970/0017-3";"4613";"4";"2020-12-13T01:00:00";"120";"0";"120";"12";"2020";"0";"";"";"1733573";"";"";"";"3240";"7129930";"https://www.camara.leg.br/cota-parlamentar/nota-fiscal-eletronica?ideDocumentoFiscal=7129930"
"Fábio Henrique";"";"68720";"597";"2019";"SE";"UNIÃO";"56";"3";"COMBUSTÍVEIS E LUBRIFICANTES.";"1";"Veículos Automotores";"POSTO JARDIM EUROPA EIRELI";"311.350.970/0017-3";"5248";"4";"2020-11-23T01:00:00";"112";"0";"112";"11";"2020";"0";"";"";"1730416";"";"";"";"3240";"7123364";"https://www.camara.leg.br/cota-parlamentar/nota-fiscal-eletronica?ideDocumentoFiscal=7123364"
"Fábio Henrique";"";"68720";"597";"2019";"SE";"UNIÃO";"56";"3";"COMBUSTÍVEIS E LUBRIFICANTES.";"1";"Veículos Automotores";"POSTO JARDIM EUROPA EIRELI";"311.350.970/0017-3";"5551";"4";"2020-11-27T01:00:00";"200";"0";"200";"11";"2020";"0";"";"";"1730416";"";"";"";"3240";"7123377";"https://www.camara.leg.br/cota-parlamentar/nota-fiscal-eletronica?ideDocumentoFiscal=7123377"
"Fábio Henrique";"";"68720";"597";"2019";"SE";"UNIÃO";"56";"3";"COMBUSTÍVEIS E LUBRIFICANTES.";"1";"Veículos Automotores";"POSTO JARDIM EUROPA EIRELI";"311.350.970/0017-3";"58125";"4";"2020-06-04T00:00:00";"211.76";"0";"211.76";"6";"2020";"0";"";"";"1700853";"";"";"";"3240";"7062475";"https://www.camara.leg.br/cota-parlamentar/nota-fiscal-eletronica?ideDocumentoFiscal=7062475"
"Fábio Henrique";"";"68720";"597";"2019";"SE";"UNIÃO";"56";"3";"COMBUSTÍVEIS E LUBRIFICANTES.";"1";"Veículos Automotores";"POSTO JARDIM EUROPA EIRELI";"311.350.970/0017-3";"63224";"4";"2020-08-03T00:00:00";"225.01";"0";"225.01";"8";"2020";"0";"";"";"1711233";"";"";"";"3240";"7082458";"https://www.camara.leg.br/cota-parlamentar/nota-fiscal-eletronica?ideDocumentoFiscal=7082458"
"Fábio Henrique";"";"68720";"597";"2019";"SE";"UNIÃO";"56";"3";"COMBUSTÍVEIS E LUBRIFICANTES.";"1";"Veículos Automotores";"POSTO PIRANEMA LTDA";"092.586.640/0020-0";"212742";"4";"2020-05-17T00:00:00";"170";"0";"170";"5";"2020";"0";"";"";"1698761";"";"";"";"3240";"7058757";"https://www.camara.leg.br/cota-parlamentar/nota-fiscal-eletronica?ideDocumentoFiscal=7058757"
"Fábio Henrique";"";"68720";"597";"2019";"SE";"UNIÃO";"56";"3";"COMBUSTÍVEIS E LUBRIFICANTES.";"1";"Veículos Automotores";"POSTO PIRANEMA LTDA";"092.586.640/0020-0";"213323";"4";"2020-06-18T00:00:00";"200";"0";"200";"6";"2020";"0";"";"";"1705537";"";"";"";"3240";"7071283";"https://www.camara.leg.br/cota-parlamentar/nota-fiscal-eletronica?ideDocumentoFiscal=7071283"
"Fábio Henrique";"";"68720";"597";"2019";"SE";"UNIÃO";"56";"3";"COMBUSTÍVEIS E LUBRIFICANTES.";"1";"Veículos Automotores";"POSTO PIRANEMA LTDA";"092.586.640/0020-0";"215266";"4";"2020-09-12T00:00:00";"200";"0";"200";"9";"2020";"0";"";"";"1719049";"";"";"";"3240";"7098664";"https://www.camara.leg.br/cota-parlamentar/nota-fiscal-eletronica?ideDocumentoFiscal=7098664"
"Fábio Henrique";"";"68720";"597";"2019";"SE";"UNIÃO";"56";"3";"COMBUSTÍVEIS E LUBRIFICANTES.";"1";"Veículos Automotores";"POSTO PIRANEMA LTDA";"092.586.640/0020-0";"437574";"4";"2020-02-20T00:00:00";"280";"0";"280";"2";"2020";"0";"";"";"1683004";"";"";"";"3240";"7027824";"https://www.camara.leg.br/cota-parlamentar/nota-fiscal-eletronica?ideDocumentoFiscal=7027824"
"Fábio Henrique";"";"68720";"597";"2019";"SE";"UNIÃO";"56";"3";"COMBUSTÍVEIS E LUBRIFICANTES.";"1";"Veículos Automotores";"POSTO PIRANEMA LTDA";"092.586.640/0020-0";"439161";"4";"2020-02-27T00:00:00";"259.81";"0";"259.81";"2";"2020";"0";"";"";"1683004";"";"";"";"3240";"7027833";"https://www.camara.leg.br/cota-parlamentar/nota-fiscal-eletronica?ideDocumentoFiscal=7027833"
"Fábio Henrique";"";"68720";"597";"2019";"SE";"UNIÃO";"56";"3";"COMBUSTÍVEIS E LUBRIFICANTES.";"1";"Veículos Automotores";"POSTO PIRANEMA LTDA";"092.586.640/0020-0";"443971";"4";"2020-03-25T00:00:00";"242.32";"0";"242.32";"3";"2020";"0";"";"";"1690092";"";"";"";"3240";"7043564";"https://www.camara.leg.br/cota-parlamentar/nota-fiscal-eletronica?ideDocumentoFiscal=7043564"
"Fábio Henrique";"";"68720";"597";"2019";"SE";"UNIÃO";"56";"3";"COMBUSTÍVEIS E LUBRIFICANTES.";"1";"Veículos Automotores";"POSTO PIRANEMA LTDA";"092.586.640/0020-0";"444708";"4";"2020-04-01T00:00:00";"226.88";"0";"226.88";"4";"2020";"0";"";"";"1690086";"";"";"";"3240";"7043555";"https://www.camara.leg.br/cota-parlamentar/nota-fiscal-eletronica?ideDocumentoFiscal=7043555"
"Fábio Henrique";"";"68720";"597";"2019";"SE";"UNIÃO";"56";"3";"COMBUSTÍVEIS E LUBRIFICANTES.";"1";"Veículos Automotores";"POSTO PIRANEMA LTDA";"092.586.640/0020-0";"450379";"4";"2020-05-31T00:00:00";"100";"0";"100";"5";"2020";"0";"";"";"1705550";"";"";"";"3240";"7071314";"https://www.camara.leg.br/cota-parlamentar/nota-fiscal-eletronica?ideDocumentoFiscal=7071314"
"Fábio Henrique";"";"68720";"597";"2019";"SE";"UNIÃO";"56";"3";"COMBUSTÍVEIS E LUBRIFICANTES.";"1";"Veículos Automotores";"POSTO PIRANEMA LTDA";"092.586.640/0020-0";"452505";"4";"2020-06-20T00:00:00";"155.5";"0";"155.5";"6";"2020";"0";"";"";"1705537";"";"";"";"3240";"7071273";"https://www.camara.leg.br/cota-parlamentar/nota-fiscal-eletronica?ideDocumentoFiscal=7071273"
"Fábio Henrique";"";"68720";"597";"2019";"SE";"UNIÃO";"56";"3";"COMBUSTÍVEIS E LUBRIFICANTES.";"1";"Veículos Automotores";"POSTO PIRANEMA LTDA";"092.586.640/0020-0";"452506";"4";"2020-06-20T00:00:00";"176.48";"0";"176.48";"6";"2020";"0";"";"";"1705537";"";"";"";"3240";"7071277";"https://www.camara.leg.br/cota-parlamentar/nota-fiscal-eletronica?ideDocumentoFiscal=7071277"
"Fábio Henrique";"";"68720";"597";"2019";"SE";"UNIÃO";"56";"3";"COMBUSTÍVEIS E LUBRIFICANTES.";"1";"Veículos Automotores";"POSTO PIRANEMA LTDA";"092.586.640/0020-0";"453733";"4";"2020-06-30T00:00:00";"198.31";"0";"198.31";"6";"2020";"0";"";"";"1705537";"";"";"";"3240";"7071270";"https://www.camara.leg.br/cota-parlamentar/nota-fiscal-eletronica?ideDocumentoFiscal=7071270"
"Fábio Henrique";"";"68720";"597";"2019";"SE";"UNIÃO";"56";"3";"COMBUSTÍVEIS E LUBRIFICANTES.";"1";"Veículos Automotores";"POSTO PIRANEMA LTDA";"092.586.640/0020-0";"456569";"4";"2020-07-22T00:00:00";"156.54";"0";"156.54";"7";"2020";"0";"";"";"1707690";"";"";"";"3240";"7075627";"https://www.camara.leg.br/cota-parlamentar/nota-fiscal-eletronica?ideDocumentoFiscal=7075627"
"Fábio Henrique";"";"68720";"597";"2019";"SE";"UNIÃO";"56";"3";"COMBUSTÍVEIS E LUBRIFICANTES.";"1";"Veículos Automotores";"POSTO PIRANEMA LTDA";"092.586.640/0020-0";"456813";"4";"2020-07-23T00:00:00";"127.99";"0";"127.99";"7";"2020";"0";"";"";"1707690";"";"";"";"3240";"7075628";"https://www.camara.leg.br/cota-parlamentar/nota-fiscal-eletronica?ideDocumentoFiscal=7075628"
"Fábio Henrique";"";"68720";"597";"2019";"SE";"UNIÃO";"56";"3";"COMBUSTÍVEIS E LUBRIFICANTES.";"1";"Veículos Automotores";"POSTO VALADARES LTDA";"133.751.180/0014-6";"64975";"4";"2020-07-09T00:00:00";"170.03";"0";"170.03";"7";"2020";"0";"";"";"1705539";"";"";"";"3240";"7071295";"https://www.camara.leg.br/cota-parlamentar/nota-fiscal-eletronica?ideDocumentoFiscal=7071295"
"Fábio Henrique";"";"68720";"597";"2019";"SE";"UNIÃO";"56";"3";"COMBUSTÍVEIS E LUBRIFICANTES.";"1";"Veículos Automotores";"POSTO VALADARES LTDA";"133.751.180/0014-6";"71322";"4";"2020-09-15T00:00:00";"200.02";"0";"200.02";"9";"2020";"0";"";"";"1719049";"";"";"";"3240";"7098672";"https://www.camara.leg.br/cota-parlamentar/nota-fiscal-eletronica?ideDocumentoFiscal=7098672"
"Fábio Henrique";"";"68720";"597";"2019";"SE";"UNIÃO";"56";"3";"COMBUSTÍVEIS E LUBRIFICANTES.";"1";"Veículos Automotores";"REDE DE POSTOS PRESIDENTE LTDA - BARRA";"328.647.950/0114-4";"252884";"4";"2020-09-06T00:00:00";"273.22";"0";"273.22";"9";"2020";"0";"";"";"1719062";"";"";"";"3240";"7098687";"https://www.camara.leg.br/cota-parlamentar/nota-fiscal-eletronica?ideDocumentoFiscal=7098687"
"Fábio Henrique";"";"68720";"597";"2019";"SE";"UNIÃO";"56";"3";"COMBUSTÍVEIS E LUBRIFICANTES.";"1";"Veículos Automotores";"REDE DE POSTOS PRESIDENTE LTDA - COELHO E CAMPOS";"328.647.950/0017-2";"87107";"4";"2020-01-25T00:00:00";"255";"0";"255";"1";"2020";"0";"";"";"1671827";"";"";"";"3240";"7004748";"https://www.camara.leg.br/cota-parlamentar/nota-fiscal-eletronica?ideDocumentoFiscal=7004748"
"Fábio Henrique";"";"68720";"597";"2019";"SE";"UNIÃO";"56";"3";"COMBUSTÍVEIS E LUBRIFICANTES.";"1";"Veículos Automotores";"REDE DE POSTOS PRESIDENTE LTDA - ECOPOSTO";"328.647.950/0165-9";"113998";"4";"2020-04-14T00:00:00";"247.8";"0";"247.8";"4";"2020";"0";"";"";"1695331";"";"";"";"3240";"7052571";"https://www.camara.leg.br/cota-parlamentar/nota-fiscal-eletronica?ideDocumentoFiscal=7052571"
"Fábio Henrique";"";"68720";"597";"2019";"SE";"UNIÃO";"56";"3";"COMBUSTÍVEIS E LUBRIFICANTES.";"1";"Veículos Automotores";"REDE DE POSTOS PRESIDENTE LTDA - MEGA 1";"328.647.950/0092-0";"116369";"4";"2020-02-23T00:00:00";"252";"0";"252";"2";"2020";"0";"";"";"1683004";"";"";"";"3240";"7027828";"https://www.camara.leg.br/cota-parlamentar/nota-fiscal-eletronica?ideDocumentoFiscal=7027828"
"Fábio Henrique";"";"68720";"597";"2019";"SE";"UNIÃO";"56";"3";"COMBUSTÍVEIS E LUBRIFICANTES.";"1";"Veículos Automotores";"REDE DE POSTOS PRESIDENTE LTDA - ROSA ELZE";"328.647.950/0033-4";"217969";"4";"2020-01-25T00:00:00";"280.27";"0";"280.27";"1";"2020";"0";"";"";"1671827";"";"";"";"3240";"7004757";"https://www.camara.leg.br/cota-parlamentar/nota-fiscal-eletronica?ideDocumentoFiscal=7004757"
"Fábio Henrique";"";"68720";"597";"2019";"SE";"UNIÃO";"56";"3";"COMBUSTÍVEIS E LUBRIFICANTES.";"1";"Veículos Automotores";"REDE DE POSTOS PRESIDENTE LTDA - ROSA ELZE";"328.647.950/0033-4";"281506";"4";"2020-12-26T00:00:00";"236.99";"0";"236.99";"12";"2020";"0";"";"";"1740953";"";"";"";"3240";"7145277";"https://www.camara.leg.br/cota-parlamentar/nota-fiscal-eletronica?ideDocumentoFiscal=7145277"
"Fábio Henrique";"";"68720";"597";"2019";"SE";"UNIÃO";"56";"3";"COMBUSTÍVEIS E LUBRIFICANTES.";"1";"Veículos Automotores";"REDE DE POSTOS PRESIDENTE LTDA - TANCREDO NEVES";"328.647.950/0025-3";"72016";"4";"2020-02-09T00:00:00";"170.76";"0";"170.76";"2";"2020";"0";"";"";"1674968";"";"";"";"3240";"7011919";"https://www.camara.leg.br/cota-parlamentar/nota-fiscal-eletronica?ideDocumentoFiscal=7011919"
"Fábio Henrique";"";"68720";"597";"2019";"SE";"UNIÃO";"56";"3";"COMBUSTÍVEIS E LUBRIFICANTES.";"1";"Veículos Automotores";"REDE DE POSTOS PRESIDENTE LTDA - TECARMO";"328.647.950/0254-0";"35065";"4";"2020-08-09T00:00:00";"232.41";"0";"232.41";"8";"2020";"0";"";"";"1711233";"";"";"";"3240";"7082464";"https://www.camara.leg.br/cota-parlamentar/nota-fiscal-eletronica?ideDocumentoFiscal=7082464"
"Fábio Henrique";"";"68720";"597";"2019";"SE";"UNIÃO";"56";"3";"COMBUSTÍVEIS E LUBRIFICANTES.";"1";"Veículos Automotores";"RPB AUTO POSTO LTDA";"070.758.920/0056-2";"139960";"4";"2020-07-22T00:00:00";"100";"0";"100";"7";"2020";"0";"";"";"1707690";"";"";"";"3240";"7075626";"https://www.camara.leg.br/cota-parlamentar/nota-fiscal-eletronica?ideDocumentoFiscal=7075626"
"Fábio Henrique";"";"68720";"597";"2019";"SE";"UNIÃO";"56";"3";"COMBUSTÍVEIS E LUBRIFICANTES.";"1";"Veículos Automotores";"RPB AUTO POSTO LTDA";"070.758.920/0056-2";"163693";"4";"2020-12-07T01:00:00";"188.67";"0";"188.67";"12";"2020";"0";"";"";"1733573";"";"";"";"3240";"7129912";"https://www.camara.leg.br/cota-parlamentar/nota-fiscal-eletronica?ideDocumentoFiscal=7129912"
"Fábio Henrique";"";"68720";"597";"2019";"SE";"UNIÃO";"56";"3";"COMBUSTÍVEIS E LUBRIFICANTES.";"1";"Veículos Automotores";"RPB AUTO POSTO LTDA";"070.758.920/0056-2";"35426";"4";"2020-09-23T00:00:00";"150";"0";"150";"9";"2020";"0";"";"";"1719049";"";"";"";"3240";"7098677";"https://www.camara.leg.br/cota-parlamentar/nota-fiscal-eletronica?ideDocumentoFiscal=7098677"
"Fábio Henrique";"";"68720";"597";"2019";"SE";"UNIÃO";"56";"3";"COMBUSTÍVEIS E LUBRIFICANTES.";"1";"Veículos Automotores";"RPB AUTO POSTO LTDA";"070.758.920/0056-2";"86553";"4";"2020-01-17T00:00:00";"265.24";"0";"265.24";"1";"2020";"0";"";"";"1671827";"";"";"";"3240";"7004510";"https://www.camara.leg.br/cota-parlamentar/nota-fiscal-eletronica?ideDocumentoFiscal=7004510"
"Fábio Henrique";"";"68720";"597";"2019";"SE";"UNIÃO";"56";"3";"COMBUSTÍVEIS E LUBRIFICANTES.";"1";"Veículos Automotores";"RPB AUTO POSTO LTDA";"070.758.920/0056-2";"87478";"4";"2020-01-22T00:00:00";"270.87";"0";"270.87";"1";"2020";"0";"";"";"1671827";"";"";"";"3240";"7004724";"https://www.camara.leg.br/cota-parlamentar/nota-fiscal-eletronica?ideDocumentoFiscal=7004724"
"Fábio Henrique";"";"68720";"597";"2019";"SE";"UNIÃO";"56";"3";"COMBUSTÍVEIS E LUBRIFICANTES.";"1";"Veículos Automotores";"RPB AUTO POSTO LTDA";"070.758.920/0056-2";"90458";"4";"2020-02-07T00:00:00";"279.39";"0";"279.39";"2";"2020";"0";"";"";"1674968";"";"";"";"3240";"7011885";"https://www.camara.leg.br/cota-parlamentar/nota-fiscal-eletronica?ideDocumentoFiscal=7011885"
"Fábio Henrique";"";"68720";"597";"2019";"SE";"UNIÃO";"56";"3";"COMBUSTÍVEIS E LUBRIFICANTES.";"1";"Veículos Automotores";"RPB AUTO POSTO LTDA";"070.758.920/0056-2";"93979";"4";"2020-02-27T00:00:00";"256.13";"0";"256.13";"2";"2020";"0";"";"";"1683004";"";"";"";"3240";"7027834";"https://www.camara.leg.br/cota-parlamentar/nota-fiscal-eletronica?ideDocumentoFiscal=7027834"
"Fábio Henrique";"";"68720";"597";"2019";"SE";"UNIÃO";"56";"3";"COMBUSTÍVEIS E LUBRIFICANTES.";"1";"Veículos Automotores";"VENEZA AUTO POSTO LTDA";"139.238.750/0010-7";"461969";"4";"2020-08-01T00:00:00";"150";"0";"150";"8";"2020";"0";"";"";"1711233";"";"";"";"3240";"7082455";"https://www.camara.leg.br/cota-parlamentar/nota-fiscal-eletronica?ideDocumentoFiscal=7082455"
"Fábio Henrique";"";"68720";"597";"2019";"SE";"UNIÃO";"56";"3";"COMBUSTÍVEIS E LUBRIFICANTES.";"1";"Veículos Automotores";"W.S. COMERCIO DE DERIVADO DE PET. E LUB. EIRELLI";"311.439.660/0010-1";"61791";"4";"2020-07-23T00:00:00";"100";"0";"100";"7";"2020";"0";"";"";"1707690";"";"";"";"3240";"7075629";"https://www.camara.leg.br/cota-parlamentar/nota-fiscal-eletronica?ideDocumentoFiscal=7075629"
"Fábio Henrique";"";"68720";"597";"2019";"SE";"UNIÃO";"56";"4";"CONSULTORIAS, PESQUISAS E TRABALHOS TÉCNICOS.";"0";"";"ADELIA MORBECK - SOCIEDADE INDIVIDUAL DE ADVOCACIA";"280.397.290/0019-0";"72";"4";"2020-12-17T01:00:00";"16500";"0";"16500";"12";"2020";"0";"";"";"1734863";"";"";"";"3240";"7132651";"https://www.camara.leg.br/cota-parlamentar/nota-fiscal-eletronica?ideDocumentoFiscal=7132651"
"Fábio Henrique";"";"68720";"597";"2019";"SE";"UNIÃO";"56";"4";"CONSULTORIAS, PESQUISAS E TRABALHOS TÉCNICOS.";"0";"";"ADELIA MORBECK SOCIEDADE INDIVIDUAL DE ADVOCACIA";"280.397.290/0019-0";"60";"4";"2020-02-17T00:00:00";"15000";"0";"15000";"1";"2020";"0";"";"";"1677492";"";"";"";"3240";"7016460";"https://www.camara.leg.br/cota-parlamentar/nota-fiscal-eletronica?ideDocumentoFiscal=7016460"
"Fábio Henrique";"";"68720";"597";"2019";"SE";"UNIÃO";"56";"4";"CONSULTORIAS, PESQUISAS E TRABALHOS TÉCNICOS.";"0";"";"ADELIA MORBECK SOCIEDADE INDIVIDUAL DE ADVOCACIA";"280.397.290/0019-0";"65";"4";"2020-07-27T00:00:00";"10000";"0";"10000";"7";"2020";"0";"";"";"1707917";"";"";"";"3240";"7076092";"https://www.camara.leg.br/cota-parlamentar/nota-fiscal-eletronica?ideDocumentoFiscal=7076092"
"Fábio Henrique";"";"68720";"597";"2019";"SE";"UNIÃO";"56";"4";"CONSULTORIAS, PESQUISAS E TRABALHOS TÉCNICOS.";"0";"";"ADELIA MORBECK SOCIEDADE INDIVIDUAL DE ADVOCACIA";"280.397.290/0019-0";"69";"4";"2020-12-14T01:00:00";"16500";"0";"16500";"9";"2020";"0";"";"";"1733713";"";"";"";"3240";"7130255";"https://www.camara.leg.br/cota-parlamentar/nota-fiscal-eletronica?ideDocumentoFiscal=7130255"
"Fábio Henrique";"";"68720";"597";"2019";"SE";"UNIÃO";"56";"4";"CONSULTORIAS, PESQUISAS E TRABALHOS TÉCNICOS.";"0";"";"ADELIA MORBECK SOCIEDADE INDIVIDUAL DE ADVOCACIA";"280.397.290/0019-0";"70";"4";"2020-12-14T01:00:00";"16500";"0";"16500";"10";"2020";"0";"";"";"1733721";"";"";"";"3240";"7130300";"https://www.camara.leg.br/cota-parlamentar/nota-fiscal-eletronica?ideDocumentoFiscal=7130300"
"Fábio Henrique";"";"68720";"597";"2019";"SE";"UNIÃO";"56";"4";"CONSULTORIAS, PESQUISAS E TRABALHOS TÉCNICOS.";"0";"";"ADELIA MORBECK SOCIEDADE INDIVIDUAL DE ADVOCACIA";"280.397.290/0019-0";"71";"4";"2020-12-15T01:00:00";"16500";"0";"16500";"11";"2020";"0";"";"";"1733724";"";"";"";"3240";"7130319";"https://www.camara.leg.br/cota-parlamentar/nota-fiscal-eletronica?ideDocumentoFiscal=7130319"
"Fábio Henrique";"";"68720";"597";"2019";"SE";"UNIÃO";"56";"4";"CONSULTORIAS, PESQUISAS E TRABALHOS TÉCNICOS.";"0";"";"KRAUSS ADVOCACIA";"244.775.100/0011-2";"202000000000002";"0";"2020-02-06T00:00:00";"10000";"0";"10000";"1";"2020";"0";"";"";"1675555";"";"";"";"3240";"7013142";"https://www.camara.leg.br/cota-parlamentar/documentos/publ/3240/2020/7013142.pdf"
"Fábio Henrique";"";"68720";"597";"2019";"SE";"UNIÃO";"56";"4";"CONSULTORIAS, PESQUISAS E TRABALHOS TÉCNICOS.";"0";"";"KRAUSS ADVOCACIA";"244.775.100/0011-2";"202000000000004";"0";"2020-02-19T00:00:00";"15000";"0";"15000";"2";"2020";"0";"";"";"1687814";"";"";"";"3240";"7039811";"https://www.camara.leg.br/cota-parlamentar/documentos/publ/3240/2020/7039811.pdf"
"Fábio Henrique";"";"68720";"597";"2019";"SE";"UNIÃO";"56";"4";"CONSULTORIAS, PESQUISAS E TRABALHOS TÉCNICOS.";"0";"";"KRAUSS ADVOCACIA";"244.775.100/0011-2";"202000000000006";"0";"2020-03-19T00:00:00";"15000";"0";"15000";"3";"2020";"0";"";"";"1687812";"";"";"";"3240";"7039809";"https://www.camara.leg.br/cota-parlamentar/documentos/publ/3240/2020/7039809.pdf"
"Fábio Henrique";"";"68720";"597";"2019";"SE";"UNIÃO";"56";"4";"CONSULTORIAS, PESQUISAS E TRABALHOS TÉCNICOS.";"0";"";"KRAUSS ADVOCACIA";"244.775.100/0011-2";"202000000000011";"0";"2020-05-15T00:00:00";"10000";"0";"10000";"4";"2020";"0";"";"";"1696157";"";"";"";"3240";"7054125";"https://www.camara.leg.br/cota-parlamentar/documentos/publ/3240/2020/7054125.pdf"
"Fábio Henrique";"";"68720";"597";"2019";"SE";"UNIÃO";"56";"4";"CONSULTORIAS, PESQUISAS E TRABALHOS TÉCNICOS.";"0";"";"KRAUSS ADVOCACIA";"244.775.100/0011-2";"202000000000013";"0";"2020-06-27T00:00:00";"10000";"0";"10000";"5";"2020";"0";"";"";"1704952";"";"";"";"3240";"7070265";"https://www.camara.leg.br/cota-parlamentar/documentos/publ/3240/2020/7070265.pdf"
"Fábio Henrique";"";"68720";"597";"2019";"SE";"UNIÃO";"56";"4";"CONSULTORIAS, PESQUISAS E TRABALHOS TÉCNICOS.";"0";"";"KRAUSS ADVOCACIA";"244.775.100/0011-2";"202000000000015";"0";"2020-06-29T00:00:00";"10000";"0";"10000";"6";"2020";"0";"";"";"1704954";"";"";"";"3240";"7070266";"https://www.camara.leg.br/cota-parlamentar/documentos/publ/3240/2020/7070266.pdf"
"Fábio Henrique";"";"68720";"597";"2019";"SE";"UNIÃO";"56";"4";"CONSULTORIAS, PESQUISAS E TRABALHOS TÉCNICOS.";"0";"";"KRAUSS ADVOCACIA";"244.775.100/0011-2";"202000000000019";"0";"2020-07-29T00:00:00";"10000";"0";"10000";"7";"2020";"0";"";"";"1708018";"";"";"";"3240";"7076309";"https://www.camara.leg.br/cota-parlamentar/documentos/publ/3240/2020/7076309.pdf"
"Fábio Henrique";"";"68720";"597";"2019";"SE";"UNIÃO";"56";"4";"CONSULTORIAS, PESQUISAS E TRABALHOS TÉCNICOS.";"0";"";"KRAUSS ADVOCACIA";"244.775.100/0011-2";"202000000000021";"0";"2020-08-24T00:00:00";"10000";"0";"10000";"8";"2020";"0";"";"";"1712708";"";"";"";"3240";"7085513";"https://www.camara.leg.br/cota-parlamentar/documentos/publ/3240/2020/7085513.pdf"
"Fábio Henrique";"";"68720";"597";"2019";"SE";"UNIÃO";"56";"4";"CONSULTORIAS, PESQUISAS E TRABALHOS TÉCNICOS.";"0";"";"KRAUSS ADVOCACIA";"244.775.100/0011-2";"202000000000024";"0";"2020-09-14T00:00:00";"10000";"0";"10000";"9";"2020";"0";"";"";"1718229";"";"";"";"3240";"7096709";"https://www.camara.leg.br/cota-parlamentar/documentos/publ/3240/2020/7096709.pdf"
"Fábio Henrique";"";"68720";"597";"2019";"SE";"UNIÃO";"56";"4";"CONSULTORIAS, PESQUISAS E TRABALHOS TÉCNICOS.";"0";"";"KRAUSS ADVOCACIA";"244.775.100/0011-2";"202000000000027";"0";"2020-10-13T00:00:00";"20000";"0";"20000";"10";"2020";"0";"";"";"1721828";"";"";"";"3240";"7104141";"https://www.camara.leg.br/cota-parlamentar/documentos/publ/3240/2020/7104141.pdf"
"Fábio Henrique";"";"68720";"597";"2019";"SE";"UNIÃO";"56";"4";"CONSULTORIAS, PESQUISAS E TRABALHOS TÉCNICOS.";"0";"";"KRAUSS ADVOCACIA";"244.775.100/0011-2";"202000000000028";"0";"2020-11-30T01:00:00";"15000";"0";"15000";"11";"2020";"0";"";"";"1730421";"";"";"";"3240";"7123414";"https://www.camara.leg.br/cota-parlamentar/documentos/publ/3240/2020/7123414.pdf"
"Fábio Henrique";"";"68720";"597";"2019";"SE";"UNIÃO";"56";"4";"CONSULTORIAS, PESQUISAS E TRABALHOS TÉCNICOS.";"0";"";"KRAUSS ADVOCACIA";"244.775.100/0011-2";"202000000000030";"0";"2020-12-09T01:00:00";"15000";"0";"15000";"12";"2020";"0";"";"";"1732713";"";"";"";"3240";"7127993";"https://www.camara.leg.br/cota-parlamentar/documentos/publ/3240/2020/7127993.pdf"
"Fábio Henrique";"";"68720";"597";"2019";"SE";"UNIÃO";"56";"5";"DIVULGAÇÃO DA ATIVIDADE PARLAMENTAR.";"0";"";"INNUVE COMUNICACAO DIGITAL LTDA";"299.154.290/0019-0";"202000000000260";"0";"2020-12-16T00:00:00";"5000";"0";"5000";"12";"2020";"0";"";"";"1734199";"";"";"";"3240";"7131289";"https://www.camara.leg.br/cota-parlamentar/documentos/publ/3240/2020/7131289.pdf"
"Fábio Henrique";"";"68720";"597";"2019";"SE";"UNIÃO";"56";"5";"DIVULGAÇÃO DA ATIVIDADE PARLAMENTAR.";"0";"";"INNUVE COMUNICAÇÃO DIGITAL LTDA.";"299.154.290/0019-0";"202000000000256";"0";"2020-12-11T01:00:00";"5000";"0";"5000";"11";"2020";"0";"";"";"1733770";"";"";"";"3240";"7130439";"https://www.camara.leg.br/cota-parlamentar/documentos/publ/3240/2020/7130439.pdf"
"Fábio Henrique";"";"68720";"597";"2019";"SE";"UNIÃO";"56";"5";"DIVULGAÇÃO DA ATIVIDADE PARLAMENTAR.";"0";"";"JORNAL O COERENTE";"314.398.950/0019-9";"202000000000025";"0";"2020-04-04T00:00:00";"1000";"0";"1000";"3";"2020";"0";"";"";"1690158";"";"";"";"3240";"7043656";"https://www.camara.leg.br/cota-parlamentar/documentos/publ/3240/2020/7043656.pdf"
"Fábio Henrique";"";"68720";"597";"2019";"SE";"UNIÃO";"56";"5";"DIVULGAÇÃO DA ATIVIDADE PARLAMENTAR.";"0";"";"LAFER PUBLICIDADE";"347.712.400/0010-1";"202000000000005";"0";"2020-03-13T00:00:00";"1000";"0";"1000";"3";"2020";"0";"";"";"1690161";"";"";"";"3240";"7043634";"https://www.camara.leg.br/cota-parlamentar/documentos/publ/3240/2020/7043634.pdf"
"Fábio Henrique";"";"68720";"597";"2019";"SE";"UNIÃO";"56";"5";"DIVULGAÇÃO DA ATIVIDADE PARLAMENTAR.";"0";"";"NÉLIO MIGUEL OLIVEIRA DOS SANTOS JUNIOR";"300.595.690/0019-3";"202000000000002";"0";"2020-03-13T00:00:00";"2500";"0";"2500";"3";"2020";"0";"";"";"1687819";"";"";"";"3240";"7039817";"https://www.camara.leg.br/cota-parlamentar/documentos/publ/3240/2020/7039817.pdf"
"Fábio Henrique";"";"68720";"597";"2019";"SE";"UNIÃO";"56";"5";"DIVULGAÇÃO DA ATIVIDADE PARLAMENTAR.";"0";"";"REDE FAN DE COMUNICAÇÃO";"133.823.380/0010-5";"001452";"0";"2020-05-26T00:00:00";"4000";"0";"4000";"4";"2020";"0";"";"";"1698599";"";"";"";"3240";"7058539";"https://www.camara.leg.br/cota-parlamentar/documentos/publ/3240/2020/7058539.pdf"
"Fábio Henrique";"";"68720";"597";"2019";"SE";"UNIÃO";"56";"5";"DIVULGAÇÃO DA ATIVIDADE PARLAMENTAR.";"0";"";"REDE FAN DE COMUNICAÇÃO";"133.823.380/0010-5";"001491";"0";"2020-06-08T00:00:00";"4000";"0";"4000";"5";"2020";"0";"";"";"1705237";"";"";"";"3240";"7070714";"https://www.camara.leg.br/cota-parlamentar/documentos/publ/3240/2020/7070714.pdf"
"Fábio Henrique";"";"68720";"597";"2019";"SE";"UNIÃO";"56";"5";"DIVULGAÇÃO DA ATIVIDADE PARLAMENTAR.";"0";"";"REDE FAN DE COMUNICACAO LTDA";"133.823.380/0010-5";"001830";"0";"2020-12-15T01:00:00";"4000";"0";"4000";"12";"2020";"0";"";"";"1734220";"";"";"";"3240";"7131313";"https://www.camara.leg.br/cota-parlamentar/documentos/publ/3240/2020/7131313.pdf"
"Fábio Henrique";"";"68720";"597";"2019";"SE";"UNIÃO";"56";"5";"DIVULGAÇÃO DA ATIVIDADE PARLAMENTAR.";"0";"";"RIO TEIXEIRA FM COMUNICAÇÃO LTDA.";"239.818.650/0018-1";"1072020";"0";"2020-06-01T00:00:00";"2800";"0";"2800";"5";"2020";"0";"";"";"1698608";"";"";"";"3240";"7058550";"https://www.camara.leg.br/cota-parlamentar/documentos/publ/3240/2020/7058550.pdf"
"Fábio Henrique";"";"68720";"597";"2019";"SE";"UNIÃO";"56";"5";"DIVULGAÇÃO DA ATIVIDADE PARLAMENTAR.";"0";"";"RIO TEIXEIRA FM COMUNICAÇÃO LTDA.";"239.818.650/0018-1";"12/2020";"0";"2020-01-30T00:00:00";"2800";"0";"2800";"1";"2020";"0";"";"";"1675568";"";"";"";"3240";"7013174";"https://www.camara.leg.br/cota-parlamentar/documentos/publ/3240/2020/7013174.pdf"
"Fábio Henrique";"";"68720";"597";"2019";"SE";"UNIÃO";"56";"5";"DIVULGAÇÃO DA ATIVIDADE PARLAMENTAR.";"0";"";"RIO TEIXEIRA FM COMUNICAÇÃO LTDA.";"239.818.650/0018-1";"1232020";"0";"2020-06-30T00:00:00";"2800";"0";"2800";"6";"2020";"0";"";"";"1704983";"";"";"";"3240";"7070342";"https://www.camara.leg.br/cota-parlamentar/documentos/publ/3240/2020/7070342.pdf"
"Fábio Henrique";"";"68720";"597";"2019";"SE";"UNIÃO";"56";"5";"DIVULGAÇÃO DA ATIVIDADE PARLAMENTAR.";"0";"";"RIO TEIXEIRA FM COMUNICAÇÃO LTDA.";"239.818.650/0018-1";"2322020";"0";"2020-11-30T01:00:00";"2800";"0";"2800";"11";"2020";"0";"";"";"1732715";"";"";"";"3240";"7128004";"https://www.camara.leg.br/cota-parlamentar/documentos/publ/3240/2020/7128004.pdf"
"Fábio Henrique";"";"68720";"597";"2019";"SE";"UNIÃO";"56";"5";"DIVULGAÇÃO DA ATIVIDADE PARLAMENTAR.";"0";"";"RIO TEIXEIRA FM COMUNICAÇÃO LTDA.";"239.818.650/0018-1";"2672020";"0";"2020-12-17T01:00:00";"2800";"0";"2800";"12";"2020";"0";"";"";"1734661";"";"";"";"3240";"7132273";"https://www.camara.leg.br/cota-parlamentar/documentos/publ/3240/2020/7132273.pdf"
"Fábio Henrique";"";"68720";"597";"2019";"SE";"UNIÃO";"56";"5";"DIVULGAÇÃO DA ATIVIDADE PARLAMENTAR.";"0";"";"RIO TEIXEIRA FM COMUNICAÇÃO LTDA.";"239.818.650/0018-1";"34-2020";"0";"2020-02-29T00:00:00";"2800";"0";"2800";"2";"2020";"0";"";"";"1685533";"";"";"";"3240";"7034505";"https://www.camara.leg.br/cota-parlamentar/documentos/publ/3240/2020/7034505.pdf"
"Fábio Henrique";"";"68720";"597";"2019";"SE";"UNIÃO";"56";"5";"DIVULGAÇÃO DA ATIVIDADE PARLAMENTAR.";"0";"";"RIO TEIXEIRA FM COMUNICAÇÃO LTDA.";"239.818.650/0018-1";"612020";"0";"2020-03-30T00:00:00";"2800";"0";"2800";"3";"2020";"0";"";"";"1690162";"";"";"";"3240";"7043637";"https://www.camara.leg.br/cota-parlamentar/documentos/publ/3240/2020/7043637.pdf"
"Fábio Henrique";"";"68720";"597";"2019";"SE";"UNIÃO";"56";"5";"DIVULGAÇÃO DA ATIVIDADE PARLAMENTAR.";"0";"";"RIO TEIXEIRA FM COMUNICAÇÃO LTDA.";"239.818.650/0018-1";"86/2020";"0";"2020-04-30T00:00:00";"2800";"0";"2800";"4";"2020";"0";"";"";"1696175";"";"";"";"3240";"7054148";"https://www.camara.leg.br/cota-parlamentar/documentos/publ/3240/2020/7054148.pdf"
"Fábio Henrique";"";"68720";"597";"2019";"SE";"UNIÃO";"56";"5";"DIVULGAÇÃO DA ATIVIDADE PARLAMENTAR.";"0";"";"W Brasil Full Service";"106.576.780/0010-3";"202000000000021";"0";"2020-03-03T00:00:00";"1000";"0";"1000";"2";"2020";"0";"";"";"1683013";"";"";"";"3240";"7027839";"https://www.camara.leg.br/cota-parlamentar/documentos/publ/3240/2020/7027839.pdf"
"Fábio Henrique";"";"68720";"597";"2019";"SE";"UNIÃO";"56";"8";"SERVIÇO DE SEGURANÇA PRESTADO POR EMPRESA ESPECIALIZADA.";"0";"";"SACEL SEGURANÇA ELETRÔNICA LTDA.";"085.162.030/0014-7";"202000000000017";"0";"2020-01-17T00:00:00";"362";"0";"362";"1";"2020";"0";"";"";"1685600";"";"";"";"3240";"7034627";"https://www.camara.leg.br/cota-parlamentar/documentos/publ/3240/2020/7034627.pdf"
"Fábio Henrique";"";"68720";"597";"2019";"SE";"UNIÃO";"56";"8";"SERVIÇO DE SEGURANÇA PRESTADO POR EMPRESA ESPECIALIZADA.";"0";"";"SACEL SEGURANÇA ELETRÔNICA LTDA.";"085.162.030/0014-7";"202000000000208";"0";"2020-02-11T00:00:00";"362";"0";"362";"2";"2020";"0";"";"";"1690243";"";"";"";"3240";"7043767";"https://www.camara.leg.br/cota-parlamentar/documentos/publ/3240/2020/7043767.pdf"
"Fábio Henrique";"";"68720";"597";"2019";"SE";"UNIÃO";"56";"8";"SERVIÇO DE SEGURANÇA PRESTADO POR EMPRESA ESPECIALIZADA.";"0";"";"SACEL SEGURANÇA ELETRÔNICA LTDA.";"085.162.030/0014-7";"202000000000398";"0";"2020-03-12T00:00:00";"362";"0";"362";"3";"2020";"0";"";"";"1690245";"";"";"";"3240";"7043770";"https://www.camara.leg.br/cota-parlamentar/documentos/publ/3240/2020/7043770.pdf"
"Fábio Henrique";"";"68720";"597";"2019";"SE";"UNIÃO";"56";"9";"PASSAGEM AÉREA - REEMBOLSO";"0";"";"Gol Linhas Aéreas Inteligentes S.A";"061.642.530/0018-7";"S/N";"0";"2020-05-26T00:00:00";"895.59";"0";"895.59";"5";"2020";"0";"";"";"1707927";"";"";"";"3240";"7076114";"https://www.camara.leg.br/cota-parlamentar/documentos/publ/3240/2020/7076114.pdf"
"Fábio Henrique";"";"68720";"597";"2019";"SE";"UNIÃO";"56";"9";"PASSAGEM AÉREA - REEMBOLSO";"0";"";"LATAM AIRLINES";"020.128.620/0016-0";"9572130410885";"0";"2020-06-01T00:00:00";"1129.57";"0";"1129.57";"6";"2020";"0";"";"";"1706325";"";"";"";"3240";"7072853";"https://www.camara.leg.br/cota-parlamentar/documentos/publ/3240/2020/7072853.pdf"
"Fábio Henrique";"";"68720";"597";"2019";"SE";"UNIÃO";"56";"10";"TELEFONIA";"0";"";"TELEFONICA BRASIL S.A.";"025.581.570/0253-0";"0298411883";"0";"2020-01-22T00:00:00";"329.08";"8.21";"320.87";"1";"2020";"0";"";"";"1671281";"";"";"";"3240";"7003568";"https://www.camara.leg.br/cota-parlamentar/documentos/publ/3240/2020/7003568.pdf"
"Fábio Henrique";"";"68720";"597";"2019";"SE";"UNIÃO";"56";"10";"TELEFONIA";"0";"";"TELEFONICA BRASIL S.A.";"025.581.570/0253-0";"0298411883";"0";"2020-05-22T00:00:00";"319.99";"0";"319.99";"5";"2020";"0";"";"";"1698713";"";"";"";"3240";"7058693";"https://www.camara.leg.br/cota-parlamentar/documentos/publ/3240/2020/7058693.pdf"
"Fábio Henrique";"";"68720";"597";"2019";"SE";"UNIÃO";"56";"10";"TELEFONIA";"0";"";"TELEFONICA BRASIL S.A.";"025.581.570/0253-0";"0298411883";"0";"2020-06-24T00:00:00";"329.27";"9.28";"319.99";"6";"2020";"0";"";"";"1704964";"";"";"";"3240";"7070292";"https://www.camara.leg.br/cota-parlamentar/documentos/publ/3240/2020/7070292.pdf"
"Fábio Henrique";"";"68720";"597";"2019";"SE";"UNIÃO";"56";"10";"TELEFONIA";"0";"";"TELEFONICA BRASIL S.A.";"025.581.570/0253-0";"8016559";"0";"2020-02-21T00:00:00";"319.99";"0";"319.99";"2";"2020";"0";"";"";"1690236";"";"";"";"3240";"7043756";"https://www.camara.leg.br/cota-parlamentar/documentos/publ/3240/2020/7043756.pdf"
"Fábio Henrique";"";"68720";"597";"2019";"SE";"UNIÃO";"56";"10";"TELEFONIA";"0";"";"TELEFONICA BRASIL S.A.";"025.581.570/0253-0";"8292074";"0";"2020-03-22T00:00:00";"321.08";"0";"321.08";"3";"2020";"0";"";"";"1698971";"";"";"";"3240";"7059189";"https://www.camara.leg.br/cota-parlamentar/documentos/publ/3240/2020/7059189.pdf"
"Fábio Henrique";"";"68720";"597";"2019";"SE";"UNIÃO";"56";"10";"TELEFONIA";"0";"";"TELEFONICA BRASIL S.A.";"025.581.570/0253-0";"8600898";"0";"2020-04-23T00:00:00";"337.08";"17.09";"319.99";"4";"2020";"0";"";"";"1699441";"";"";"";"3240";"7059967";"https://www.camara.leg.br/cota-parlamentar/documentos/publ/3240/2020/7059967.pdf"
"Fábio Henrique";"";"68720";"597";"2019";"SE";"UNIÃO";"56";"120";"LOCAÇÃO OU FRETAMENTO DE VEÍCULOS AUTOMOTORES";"0";"";"TEIXEIRA CAMINHOES LTDA";"045.037.870/0016-5";"202000000000119";"0";"2020-12-16T00:00:00";"8500";"0";"8500";"12";"2020";"0";"";"";"1734678";"";"";"";"3240";"7132299";"https://www.camara.leg.br/cota-parlamentar/documentos/publ/3240/2020/7132299.pdf"
"Fábio Henrique";"";"68720";"597";"2019";"SE";"UNIÃO";"56";"120";"LOCAÇÃO OU FRETAMENTO DE VEÍCULOS AUTOMOTORES";"0";"";"TEIXEIRA CAMINHÕES LTDA.";"045.037.870/0016-5";"202000000000111";"0";"2020-12-07T01:00:00";"8500";"0";"8500";"11";"2020";"0";"";"";"1733390";"";"";"";"3240";"7128053";"https://www.camara.leg.br/cota-parlamentar/documentos/publ/3240/2020/7128053.pdf"
"Fábio Henrique";"";"68720";"597";"2019";"SE";"UNIÃO";"56";"120";"LOCAÇÃO OU FRETAMENTO DE VEÍCULOS AUTOMOTORES";"0";"";"TEIXEIRA CAMINHÕES LTDA.";"045.037.870/0024-6";"202000000000002";"0";"2020-01-30T00:00:00";"8500";"0";"8500";"1";"2020";"0";"";"";"1679514";"";"";"";"3240";"7019717";"https://www.camara.leg.br/cota-parlamentar/documentos/publ/3240/2020/7019717.pdf"
"Fábio Henrique";"";"68720";"597";"2019";"SE";"UNIÃO";"56";"120";"LOCAÇÃO OU FRETAMENTO DE VEÍCULOS AUTOMOTORES";"0";"";"TEIXEIRA CAMINHÕES LTDA.";"045.037.870/0024-6";"202000000000004";"0";"2020-02-28T00:00:00";"8500";"0";"8500";"2";"2020";"0";"";"";"1690278";"";"";"";"3240";"7043849";"https://www.camara.leg.br/cota-parlamentar/documentos/publ/3240/2020/7043849.pdf"
"Fábio Henrique";"";"68720";"597";"2019";"SE";"UNIÃO";"56";"120";"LOCAÇÃO OU FRETAMENTO DE VEÍCULOS AUTOMOTORES";"0";"";"TEIXEIRA CAMINHÕES LTDA.";"045.037.870/0024-6";"202000000000006";"0";"2020-03-30T00:00:00";"8500";"0";"8500";"3";"2020";"0";"";"";"1690286";"";"";"";"3240";"7043862";"https://www.camara.leg.br/cota-parlamentar/documentos/publ/3240/2020/7043862.pdf"
"Fábio Henrique";"";"68720";"597";"2019";"SE";"UNIÃO";"56";"120";"LOCAÇÃO OU FRETAMENTO DE VEÍCULOS AUTOMOTORES";"0";"";"TEIXEIRA CAMINHÕES LTDA.";"045.037.870/0024-6";"202000000000007";"0";"2020-04-30T00:00:00";"8500";"0";"8500";"4";"2020";"0";"";"";"1696196";"";"";"";"3240";"7054165";"https://www.camara.leg.br/cota-parlamentar/documentos/publ/3240/2020/7054165.pdf"
"Fábio Henrique";"";"68720";"597";"2019";"SE";"UNIÃO";"56";"120";"LOCAÇÃO OU FRETAMENTO DE VEÍCULOS AUTOMOTORES";"0";"";"TEIXEIRA CAMINHÕES LTDA.";"045.037.870/0024-6";"202000000000011";"0";"2020-06-01T00:00:00";"8500";"0";"8500";"5";"2020";"0";"";"";"1699020";"";"";"";"3240";"7059294";"https://www.camara.leg.br/cota-parlamentar/documentos/publ/3240/2020/7059294.pdf"
"Fábio Henrique";"";"68720";"597";"2019";"SE";"UNIÃO";"56";"120";"LOCAÇÃO OU FRETAMENTO DE VEÍCULOS AUTOMOTORES";"0";"";"TEIXEIRA CAMINHÕES LTDA.";"045.037.870/0024-6";"202000000000013";"0";"2020-06-30T00:00:00";"8500";"0";"8500";"6";"2020";"0";"";"";"1705585";"";"";"";"3240";"7071384";"https://www.camara.leg.br/cota-parlamentar/documentos/publ/3240/2020/7071384.pdf"
"Fábio Henrique";"";"68720";"597";"2019";"SE";"UNIÃO";"56";"120";"LOCAÇÃO OU FRETAMENTO DE VEÍCULOS AUTOMOTORES";"0";"";"TEIXEIRA CAMINHÕES LTDA.";"045.037.870/0024-6";"202000000000015";"0";"2020-07-30T00:00:00";"8500";"0";"8500";"7";"2020";"0";"";"";"1711266";"";"";"";"3240";"7082510";"https://www.camara.leg.br/cota-parlamentar/documentos/publ/3240/2020/7082510.pdf"
"Fábio Henrique";"";"68720";"597";"2019";"SE";"UNIÃO";"56";"120";"LOCAÇÃO OU FRETAMENTO DE VEÍCULOS AUTOMOTORES";"0";"";"TEIXEIRA CAMINHÕES LTDA.";"045.037.870/0024-6";"202000000000016";"0";"2020-08-31T00:00:00";"8500";"0";"8500";"8";"2020";"0";"";"";"1717169";"";"";"";"3240";"7094302";"https://www.camara.leg.br/cota-parlamentar/documentos/publ/3240/2020/7094302.pdf"
"Fábio Henrique";"";"68720";"597";"2019";"SE";"UNIÃO";"56";"120";"LOCAÇÃO OU FRETAMENTO DE VEÍCULOS AUTOMOTORES";"0";"";"TEIXEIRA CAMINHÕES LTDA.";"045.037.870/0024-6";"202000000000017";"0";"2020-10-01T00:00:00";"8500";"0";"8500";"9";"2020";"0";"";"";"1721574";"";"";"";"3240";"7103638";"https://www.camara.leg.br/cota-parlamentar/documentos/publ/3240/2020/7103638.pdf"
"Fábio Henrique";"";"68720";"597";"2019";"SE";"UNIÃO";"56";"120";"LOCAÇÃO OU FRETAMENTO DE VEÍCULOS AUTOMOTORES";"0";"";"TEIXEIRA CAMINHÕES LTDA.";"045.037.870/0024-6";"202000000000020";"0";"2020-11-04T01:00:00";"8500";"0";"8500";"10";"2020";"0";"";"";"1729321";"";"";"";"3240";"7121174";"https://www.camara.leg.br/cota-parlamentar/documentos/publ/3240/2020/7121174.pdf"
"Bacelar";"";"69871";"184";"2019";"BA";"PV";"56";"1";"MANUTENÇÃO DE ESCRITÓRIO DE APOIO À ATIVIDADE PARLAMENTAR";"0";"";"ALPHA PATRIMONIAL LTDA";"182.992.170/0010-0";"10";"1";"2020-11-10T01:00:00";"3766.5";"0";"3766.5";"10";"2020";"0";"";"";"1727045";"";"";"";"2985";"7115873";"https://www.camara.leg.br/cota-parlamentar/documentos/publ/2985/2020/7115873.pdf"
"Bacelar";"";"69871";"184";"2019";"BA";"PV";"56";"1";"MANUTENÇÃO DE ESCRITÓRIO DE APOIO À ATIVIDADE PARLAMENTAR";"0";"";"ALPHA PATRIMONIAL LTDA";"182.992.170/0010-0";"11";"1";"2020-11-11T01:00:00";"3766.5";"0";"3766.5";"11";"2020";"0";"";"";"1727046";"";"";"";"2985";"7115875";"https://www.camara.leg.br/cota-parlamentar/documentos/publ/2985/2020/7115875.pdf"
"Bacelar";"";"69871";"184";"2019";"BA";"PV";"56";"1";"MANUTENÇÃO DE ESCRITÓRIO DE APOIO À ATIVIDADE PARLAMENTAR";"0";"";"ALPHA PATRIMONIAL LTDA";"182.992.170/0010-0";"12-1911";"1";"2020-12-08T00:00:00";"3766.5";"0";"3766.5";"12";"2020";"0";"";"";"1743631";"";"";"";"2985";"7150772";"https://www.camara.leg.br/cota-parlamentar/documentos/publ/2985/2021/7150772.pdf"
"Bacelar";"";"69871";"184";"2019";"BA";"PV";"56";"1";"MANUTENÇÃO DE ESCRITÓRIO DE APOIO À ATIVIDADE PARLAMENTAR";"0";"";"ALPHA PATRIMONIAL LTDA";"182.992.170/0010-0";"6";"1";"2020-06-28T00:00:00";"3766.5";"0";"3766.5";"6";"2020";"0";"";"";"1718232";"";"";"";"2985";"7096710";"https://www.camara.leg.br/cota-parlamentar/documentos/publ/2985/2020/7096710.pdf"
"Bacelar";"";"69871";"184";"2019";"BA";"PV";"56";"1";"MANUTENÇÃO DE ESCRITÓRIO DE APOIO À ATIVIDADE PARLAMENTAR";"0";"";"ALPHA PATRIMONIAL LTDA";"182.992.170/0010-0";"8";"1";"2020-10-29T00:00:00";"3766";"0";"3766";"8";"2020";"0";"";"";"1727043";"";"";"";"2985";"7115870";"https://www.camara.leg.br/cota-parlamentar/documentos/publ/2985/2020/7115870.pdf"
"Bacelar";"";"69871";"184";"2019";"BA";"PV";"56";"1";"MANUTENÇÃO DE ESCRITÓRIO DE APOIO À ATIVIDADE PARLAMENTAR";"0";"";"ALPHA PATRIMONIAL LTDA";"182.992.170/0010-0";"9";"1";"2020-11-02T01:00:00";"3766.5";"0";"3766.5";"9";"2020";"0";"";"";"1727044";"";"";"";"2985";"7115871";"https://www.camara.leg.br/cota-parlamentar/documentos/publ/2985/2020/7115871.pdf"
"Bacelar";"";"69871";"184";"2019";"BA";"PV";"56";"1";"MANUTENÇÃO DE ESCRITÓRIO DE APOIO À ATIVIDADE PARLAMENTAR";"0";"";"ALPHA PATRIMONIAL LTDA";"182.992.170/0010-0";"s.n";"1";"2020-10-16T00:00:00";"3766.5";"0";"3766.5";"7";"2020";"0";"";"";"1724097";"";"";"";"2985";"7109365";"https://www.camara.leg.br/cota-parlamentar/documentos/publ/2985/2020/7109365.pdf"
"Bacelar";"";"69871";"184";"2019";"BA";"PV";"56";"1";"MANUTENÇÃO DE ESCRITÓRIO DE APOIO À ATIVIDADE PARLAMENTAR";"0";"";"ALPHA PATRIMONIAL LTDA";"182.992.170/0010-0";"S/N";"1";"2020-01-21T00:00:00";"3765.55";"0";"3765.55";"1";"2020";"0";"";"";"1687087";"";"";"";"2985";"7038164";"https://www.camara.leg.br/cota-parlamentar/documentos/publ/2985/2020/7038164.pdf"
"Bacelar";"";"69871";"184";"2019";"BA";"PV";"56";"1";"MANUTENÇÃO DE ESCRITÓRIO DE APOIO À ATIVIDADE PARLAMENTAR";"0";"";"ALPHA PATRIMONIAL LTDA";"182.992.170/0010-0";"S/N";"1";"2020-03-10T00:00:00";"3766.5";"0";"3766.5";"2";"2020";"0";"";"";"1687090";"";"";"";"2985";"7038167";"https://www.camara.leg.br/cota-parlamentar/documentos/publ/2985/2020/7038167.pdf"
"Bacelar";"";"69871";"184";"2019";"BA";"PV";"56";"1";"MANUTENÇÃO DE ESCRITÓRIO DE APOIO À ATIVIDADE PARLAMENTAR";"0";"";"ALPHA PATRIMONIAL LTDA";"182.992.170/0010-0";"S/N";"1";"2020-05-10T00:00:00";"3766.5";"0";"3766.5";"3";"2020";"0";"";"";"1696028";"";"";"";"2985";"7053812";"https://www.camara.leg.br/cota-parlamentar/documentos/publ/2985/2020/7053812.pdf"
"Bacelar";"";"69871";"184";"2019";"BA";"PV";"56";"1";"MANUTENÇÃO DE ESCRITÓRIO DE APOIO À ATIVIDADE PARLAMENTAR";"0";"";"ALPHA PATRIMONIAL LTDA";"182.992.170/0010-0";"sn";"1";"2020-07-09T00:00:00";"3766.5";"0";"3766.5";"4";"2020";"0";"";"";"1707301";"";"";"";"2985";"7074745";"https://www.camara.leg.br/cota-parlamentar/documentos/publ/2985/2020/7074745.pdf"
"Bacelar";"";"69871";"184";"2019";"BA";"PV";"56";"1";"MANUTENÇÃO DE ESCRITÓRIO DE APOIO À ATIVIDADE PARLAMENTAR";"0";"";"ALPHA PATRIMONIAL LTDA";"182.992.170/0010-0";"sn";"1";"2020-07-15T00:00:00";"3766.5";"0";"3766.5";"5";"2020";"0";"";"";"1707302";"";"";"";"2985";"7074751";"https://www.camara.leg.br/cota-parlamentar/documentos/publ/2985/2020/7074751.pdf"
"Bacelar";"";"69871";"184";"2019";"BA";"PV";"56";"1";"MANUTENÇÃO DE ESCRITÓRIO DE APOIO À ATIVIDADE PARLAMENTAR";"0";"";"COMPANHIA DE ELETRICIDADE DO ESTADO DA BAHIA";"151.396.290/0019-4";"007039834434";"0";"2020-05-20T00:00:00";"357.74";"31.54";"326.2";"5";"2020";"0";"";"";"1703606";"";"";"";"2985";"7067764";"https://www.camara.leg.br/cota-parlamentar/documentos/publ/2985/2020/7067764.pdf"
"Bacelar";"";"69871";"184";"2019";"BA";"PV";"56";"1";"MANUTENÇÃO DE ESCRITÓRIO DE APOIO À ATIVIDADE PARLAMENTAR";"0";"";"COMPANHIA DE ELETRICIDADE DO ESTADO DA BAHIA";"151.396.290/0019-4";"417882746";"0";"2020-01-15T00:00:00";"408.04";"0";"408.04";"1";"2020";"0";"";"";"1683044";"";"";"";"2985";"7028900";"https://www.camara.leg.br/cota-parlamentar/documentos/publ/2985/2020/7028900.pdf"
"Bacelar";"";"69871";"184";"2019";"BA";"PV";"56";"1";"MANUTENÇÃO DE ESCRITÓRIO DE APOIO À ATIVIDADE PARLAMENTAR";"0";"";"COMPANHIA DE ELETRICIDADE DO ESTADO DA BAHIA";"151.396.290/0019-4";"424207035";"0";"2020-02-12T00:00:00";"627.33";"0";"627.33";"2";"2020";"0";"";"";"1683044";"";"";"";"2985";"7028907";"https://www.camara.leg.br/cota-parlamentar/documentos/publ/2985/2020/7028907.pdf"
"Bacelar";"";"69871";"184";"2019";"BA";"PV";"56";"1";"MANUTENÇÃO DE ESCRITÓRIO DE APOIO À ATIVIDADE PARLAMENTAR";"0";"";"COMPANHIA DE ELETRICIDADE DO ESTADO DA BAHIA";"151.396.290/0019-4";"424295526";"0";"2020-02-12T00:00:00";"746.59";"0";"746.59";"2";"2020";"0";"";"";"1692500";"";"";"";"2985";"7045642";"https://www.camara.leg.br/cota-parlamentar/documentos/publ/2985/2020/7045642.pdf"
"Bacelar";"";"69871";"184";"2019";"BA";"PV";"56";"1";"MANUTENÇÃO DE ESCRITÓRIO DE APOIO À ATIVIDADE PARLAMENTAR";"0";"";"COMPANHIA DE ELETRICIDADE DO ESTADO DA BAHIA";"151.396.290/0019-4";"430666140";"0";"2020-03-13T00:00:00";"721.16";"63.03";"658.13";"3";"2020";"0";"";"";"1692498";"";"";"";"2985";"7045650";"https://www.camara.leg.br/cota-parlamentar/documentos/publ/2985/2020/7045650.pdf"
"Bacelar";"";"69871";"184";"2019";"BA";"PV";"56";"1";"MANUTENÇÃO DE ESCRITÓRIO DE APOIO À ATIVIDADE PARLAMENTAR";"0";"";"COMPANHIA DE ELETRICIDADE DO ESTADO DA BAHIA";"151.396.290/0019-4";"449999932";"0";"2020-06-18T00:00:00";"176.13";"7.74";"168.39";"6";"2020";"0";"";"";"1708486";"";"";"";"2985";"7077257";"https://www.camara.leg.br/cota-parlamentar/documentos/publ/2985/2020/7077257.pdf"
"Bacelar";"";"69871";"184";"2019";"BA";"PV";"56";"1";"MANUTENÇÃO DE ESCRITÓRIO DE APOIO À ATIVIDADE PARLAMENTAR";"0";"";"COMPANHIA DE ELETRICIDADE DO ESTADO DA BAHIA";"151.396.290/0019-4";"450253652";"0";"2020-06-26T00:00:00";"163.47";"17.61";"145.86";"6";"2020";"0";"";"";"1708486";"";"";"";"2985";"7077259";"https://www.camara.leg.br/cota-parlamentar/documentos/publ/2985/2020/7077259.pdf"
"Bacelar";"";"69871";"184";"2019";"BA";"PV";"56";"1";"MANUTENÇÃO DE ESCRITÓRIO DE APOIO À ATIVIDADE PARLAMENTAR";"0";"";"COMPANHIA DE ELETRICIDADE DO ESTADO DA BAHIA";"151.396.290/0019-4";"456580335";"0";"2020-07-13T00:00:00";"267.41";"8.08";"259.33";"7";"2020";"0";"";"";"1711224";"";"";"";"2985";"7082406";"https://www.camara.leg.br/cota-parlamentar/documentos/publ/2985/2020/7082406.pdf"
"Bacelar";"";"69871";"184";"2019";"BA";"PV";"56";"1";"MANUTENÇÃO DE ESCRITÓRIO DE APOIO À ATIVIDADE PARLAMENTAR";"0";"";"COMPANHIA DE ELETRICIDADE DO ESTADO DA BAHIA";"151.396.290/0019-4";"456761787";"0";"2020-07-13T00:00:00";"370.86";"9.7";"361.16";"7";"2020";"0";"";"";"1711224";"";"";"";"2985";"7082409";"https://www.camara.leg.br/cota-parlamentar/documentos/publ/2985/2020/7082409.pdf"
"Bacelar";"";"69871";"184";"2019";"BA";"PV";"56";"1";"MANUTENÇÃO DE ESCRITÓRIO DE APOIO À ATIVIDADE PARLAMENTAR";"0";"";"COMPANHIA DE ELETRICIDADE DO ESTADO DA BAHIA";"151.396.290/0019-4";"463036502";"0";"2020-08-12T00:00:00";"347.99";"8.31";"339.68";"8";"2020";"0";"";"";"1714962";"";"";"";"2985";"7089976";"https://www.camara.leg.br/cota-parlamentar/documentos/publ/2985/2020/7089976.pdf"
"Bacelar";"";"69871";"184";"2019";"BA";"PV";"56";"1";"MANUTENÇÃO DE ESCRITÓRIO DE APOIO À ATIVIDADE PARLAMENTAR";"0";"";"COMPANHIA DE ELETRICIDADE DO ESTADO DA BAHIA";"151.396.290/0019-4";"463316752";"0";"2020-08-12T00:00:00";"545.6";"10.12";"535.48";"8";"2020";"0";"";"";"1723110";"";"";"";"2985";"7106828";"https://www.camara.leg.br/cota-parlamentar/documentos/publ/2985/2020/7106828.pdf"
"Bacelar";"";"69871";"184";"2019";"BA";"PV";"56";"1";"MANUTENÇÃO DE ESCRITÓRIO DE APOIO À ATIVIDADE PARLAMENTAR";"0";"";"COMPANHIA DE ELETRICIDADE DO ESTADO DA BAHIA";"151.396.290/0019-4";"469652358";"0";"2020-09-11T00:00:00";"533.38";"19.17";"514.21";"9";"2020";"0";"";"";"1721789";"";"";"";"2985";"7104040";"https://www.camara.leg.br/cota-parlamentar/documentos/publ/2985/2020/7104040.pdf"
"Bacelar";"";"69871";"184";"2019";"BA";"PV";"56";"1";"MANUTENÇÃO DE ESCRITÓRIO DE APOIO À ATIVIDADE PARLAMENTAR";"0";"";"COMPANHIA DE ELETRICIDADE DO ESTADO DA BAHIA";"151.396.290/0019-4";"469868792";"0";"2020-09-11T00:00:00";"767.22";"2.12";"765.1";"9";"2020";"0";"";"";"1721789";"";"";"";"2985";"7104038";"https://www.camara.leg.br/cota-parlamentar/documentos/publ/2985/2020/7104038.pdf"
"Bacelar";"";"69871";"184";"2019";"BA";"PV";"56";"1";"MANUTENÇÃO DE ESCRITÓRIO DE APOIO À ATIVIDADE PARLAMENTAR";"0";"";"COMPANHIA DE ELETRICIDADE DO ESTADO DA BAHIA";"151.396.290/0019-4";"476240944";"0";"2020-10-13T00:00:00";"731.7";"17.87";"713.83";"10";"2020";"0";"";"";"1723107";"";"";"";"2985";"7106817";"https://www.camara.leg.br/cota-parlamentar/documentos/publ/2985/2020/7106817.pdf"
"Bacelar";"";"69871";"184";"2019";"BA";"PV";"56";"1";"MANUTENÇÃO DE ESCRITÓRIO DE APOIO À ATIVIDADE PARLAMENTAR";"0";"";"COMPANHIA DE ELETRICIDADE DO ESTADO DA BAHIA";"151.396.290/0019-4";"476434425";"0";"2020-10-13T00:00:00";"1134.82";"33.22";"1101.6";"10";"2020";"0";"";"";"1731944";"";"";"";"2985";"7126418";"https://www.camara.leg.br/cota-parlamentar/documentos/publ/2985/2020/7126418.pdf"
"Bacelar";"";"69871";"184";"2019";"BA";"PV";"56";"1";"MANUTENÇÃO DE ESCRITÓRIO DE APOIO À ATIVIDADE PARLAMENTAR";"0";"";"COMPANHIA DE ELETRICIDADE DO ESTADO DA BAHIA";"151.396.290/0019-4";"482832269";"0";"2020-11-11T01:00:00";"535.01";"0";"535.01";"11";"2020";"0";"";"";"1729513";"";"";"";"2985";"7121518";"https://www.camara.leg.br/cota-parlamentar/documentos/publ/2985/2020/7121518.pdf"
"Bacelar";"";"69871";"184";"2019";"BA";"PV";"56";"1";"MANUTENÇÃO DE ESCRITÓRIO DE APOIO À ATIVIDADE PARLAMENTAR";"0";"";"COMPANHIA DE ELETRICIDADE DO ESTADO DA BAHIA";"151.396.290/0019-4";"482998915";"0";"2020-11-11T01:00:00";"1011.49";"70.65";"940.84";"11";"2020";"0";"";"";"1731954";"";"";"";"2985";"7126439";"https://www.camara.leg.br/cota-parlamentar/documentos/publ/2985/2020/7126439.pdf"
"Bacelar";"";"69871";"184";"2019";"BA";"PV";"56";"1";"MANUTENÇÃO DE ESCRITÓRIO DE APOIO À ATIVIDADE PARLAMENTAR";"0";"";"COMPANHIA DE ELETRICIDADE DO ESTADO DA BAHIA";"151.396.290/0019-4";"489381715";"0";"2020-12-11T00:00:00";"763.46";"9.76";"753.7";"12";"2020";"0";"";"";"1740855";"";"";"";"2985";"7145030";"https://www.camara.leg.br/cota-parlamentar/documentos/publ/2985/2021/7145030.pdf"
"Bacelar";"";"69871";"184";"2019";"BA";"PV";"56";"1";"MANUTENÇÃO DE ESCRITÓRIO DE APOIO À ATIVIDADE PARLAMENTAR";"0";"";"LRA PARTICIPAÇÕES EEMPREENDIMENTOS LTDA";"125.802.800/0013-3";"12-1910";"1";"2020-12-08T00:00:00";"3766.5";"0";"3766.5";"12";"2020";"0";"";"";"1743631";"";"";"";"2985";"7150778";"https://www.camara.leg.br/cota-parlamentar/documentos/publ/2985/2021/7150778.pdf"
"Bacelar";"";"69871";"184";"2019";"BA";"PV";"56";"1";"MANUTENÇÃO DE ESCRITÓRIO DE APOIO À ATIVIDADE PARLAMENTAR";"0";"";"LRA PARTICIPAÇÕES EEMPREENDIMENTOS LTDA";"125.802.800/0013-3";"6";"1";"2020-06-28T00:00:00";"3766.5";"0";"3766.5";"6";"2020";"0";"";"";"1718225";"";"";"";"2985";"7096692";"https://www.camara.leg.br/cota-parlamentar/documentos/publ/2985/2020/7096692.pdf"
"Bacelar";"";"69871";"184";"2019";"BA";"PV";"56";"1";"MANUTENÇÃO DE ESCRITÓRIO DE APOIO À ATIVIDADE PARLAMENTAR";"0";"";"LRA PARTICIPAÇÕES EEMPREENDIMENTOS LTDA";"125.802.800/0013-3";"s.n";"1";"2020-10-16T00:00:00";"3766.5";"0";"3766.5";"7";"2020";"0";"";"";"1724097";"";"";"";"2985";"7109372";"https://www.camara.leg.br/cota-parlamentar/documentos/publ/2985/2020/7109372.pdf"
"Bacelar";"";"69871";"184";"2019";"BA";"PV";"56";"1";"MANUTENÇÃO DE ESCRITÓRIO DE APOIO À ATIVIDADE PARLAMENTAR";"0";"";"LRA PARTICIPAÇÕES EEMPREENDIMENTOS LTDA";"125.802.800/0013-3";"s.n";"1";"2020-11-02T01:00:00";"3766.5";"0";"3766.5";"9";"2020";"0";"";"";"1727879";"";"";"";"2985";"7117918";"https://www.camara.leg.br/cota-parlamentar/documentos/publ/2985/2020/7117918.pdf"
"Bacelar";"";"69871";"184";"2019";"BA";"PV";"56";"1";"MANUTENÇÃO DE ESCRITÓRIO DE APOIO À ATIVIDADE PARLAMENTAR";"0";"";"LRA PARTICIPAÇÕES EEMPREENDIMENTOS LTDA";"125.802.800/0013-3";"s.n";"1";"2020-11-10T01:00:00";"3766.5";"0";"3766.5";"10";"2020";"0";"";"";"1727880";"";"";"";"2985";"7117920";"https://www.camara.leg.br/cota-parlamentar/documentos/publ/2985/2020/7117920.pdf"
"Bacelar";"";"69871";"184";"2019";"BA";"PV";"56";"1";"MANUTENÇÃO DE ESCRITÓRIO DE APOIO À ATIVIDADE PARLAMENTAR";"0";"";"LRA PARTICIPAÇÕES EEMPREENDIMENTOS LTDA";"125.802.800/0013-3";"s.n";"1";"2020-11-11T00:00:00";"3766.5";"0";"3766.5";"11";"2020";"0";"";"";"1743629";"";"";"";"2985";"7150770";"https://www.camara.leg.br/cota-parlamentar/documentos/publ/2985/2021/7150770.pdf"
"Bacelar";"";"69871";"184";"2019";"BA";"PV";"56";"1";"MANUTENÇÃO DE ESCRITÓRIO DE APOIO À ATIVIDADE PARLAMENTAR";"0";"";"LRA PARTICIPAÇÕES EEMPREENDIMENTOS LTDA";"125.802.800/0013-3";"S/N";"1";"2020-01-21T00:00:00";"3765.55";"0";"3765.55";"1";"2020";"0";"";"";"1687087";"";"";"";"2985";"7038165";"https://www.camara.leg.br/cota-parlamentar/documentos/publ/2985/2020/7038165.pdf"
"Bacelar";"";"69871";"184";"2019";"BA";"PV";"56";"1";"MANUTENÇÃO DE ESCRITÓRIO DE APOIO À ATIVIDADE PARLAMENTAR";"0";"";"LRA PARTICIPAÇÕES EEMPREENDIMENTOS LTDA";"125.802.800/0013-3";"S/N";"1";"2020-03-10T00:00:00";"3766.5";"0";"3766.5";"2";"2020";"0";"";"";"1687090";"";"";"";"2985";"7038170";"https://www.camara.leg.br/cota-parlamentar/documentos/publ/2985/2020/7038170.pdf"
"Bacelar";"";"69871";"184";"2019";"BA";"PV";"56";"1";"MANUTENÇÃO DE ESCRITÓRIO DE APOIO À ATIVIDADE PARLAMENTAR";"0";"";"LRA PARTICIPAÇÕES EEMPREENDIMENTOS LTDA";"125.802.800/0013-3";"sn";"1";"2020-07-09T00:00:00";"3766.5";"0";"3766.5";"4";"2020";"0";"";"";"1707301";"";"";"";"2985";"7074742";"https://www.camara.leg.br/cota-parlamentar/documentos/publ/2985/2020/7074742.pdf"
"Bacelar";"";"69871";"184";"2019";"BA";"PV";"56";"1";"MANUTENÇÃO DE ESCRITÓRIO DE APOIO À ATIVIDADE PARLAMENTAR";"0";"";"LRA PARTICIPAÇÕES EEMPREENDIMENTOS LTDA";"125.802.800/0013-3";"sn";"1";"2020-07-15T00:00:00";"3766.5";"0";"3766.5";"5";"2020";"0";"";"";"1707302";"";"";"";"2985";"7074749";"https://www.camara.leg.br/cota-parlamentar/documentos/publ/2985/2020/7074749.pdf"
"Bacelar";"";"69871";"184";"2019";"BA";"PV";"56";"1";"MANUTENÇÃO DE ESCRITÓRIO DE APOIO À ATIVIDADE PARLAMENTAR";"0";"";"LRA PARTICIPAÇÕES EEMPREENDIMENTOS LTDA";"125.802.800/0013-3";"sn";"1";"2020-10-29T00:00:00";"3766.5";"0";"3766.5";"8";"2020";"0";"";"";"1727878";"";"";"";"2985";"7117916";"https://www.camara.leg.br/cota-parlamentar/documentos/publ/2985/2020/7117916.pdf"
"Bacelar";"";"69871";"184";"2019";"BA";"PV";"56";"3";"COMBUSTÍVEIS E LUBRIFICANTES.";"1";"Veículos Automotores";"3L COMERCIO DE COMBUSTIVEIS E LUBRIFICANTES LTDA";"071.924.520/0016-1";"388264";"4";"2020-02-13T00:00:00";"230.66";"0";"230.66";"2";"2020";"0";"";"";"1678195";"";"";"";"2985";"7018049";"https://www.camara.leg.br/cota-parlamentar/nota-fiscal-eletronica?ideDocumentoFiscal=7018049"
"Bacelar";"";"69871";"184";"2019";"BA";"PV";"56";"3";"COMBUSTÍVEIS E LUBRIFICANTES.";"1";"Veículos Automotores";"AEROCLUBE COMERCIO DE DERIVADOS DE PETROLEO LTDA";"058.499.520/0010-6";"4023";"4";"2020-07-11T00:00:00";"188.29";"0";"188.29";"7";"2020";"0";"";"";"1708476";"";"";"";"2985";"7077241";"https://www.camara.leg.br/cota-parlamentar/nota-fiscal-eletronica?ideDocumentoFiscal=7077241"
"Bacelar";"";"69871";"184";"2019";"BA";"PV";"56";"3";"COMBUSTÍVEIS E LUBRIFICANTES.";"1";"Veículos Automotores";"AUTO POSTO CENTENARIO COM DE COMBUSTIVEIS E SER LTDA";"002.638.110/0018-5";"320853";"4";"2020-10-12T00:00:00";"230.15";"0";"230.15";"10";"2020";"0";"";"";"1722417";"";"";"";"2985";"7105484";"https://www.camara.leg.br/cota-parlamentar/nota-fiscal-eletronica?ideDocumentoFiscal=7105484"
"Bacelar";"";"69871";"184";"2019";"BA";"PV";"56";"3";"COMBUSTÍVEIS E LUBRIFICANTES.";"1";"Veículos Automotores";"AUTO POSTO COPA 70 LTDA";"039.618.500/0022-5";"239557";"4";"2020-12-02T01:00:00";"200.08";"0";"200.08";"12";"2020";"0";"";"";"1732028";"";"";"";"2985";"7126604";"https://www.camara.leg.br/cota-parlamentar/nota-fiscal-eletronica?ideDocumentoFiscal=7126604"
"Bacelar";"";"69871";"184";"2019";"BA";"PV";"56";"3";"COMBUSTÍVEIS E LUBRIFICANTES.";"1";"Veículos Automotores";"AUTO POSTO VELA BRANCA LTDA";"111.137.330/0015-9";"589135";"4";"2020-09-19T00:00:00";"235.58";"0";"235.58";"9";"2020";"0";"";"";"1721405";"";"";"";"2985";"7103237";"https://www.camara.leg.br/cota-parlamentar/nota-fiscal-eletronica?ideDocumentoFiscal=7103237"
"Bacelar";"";"69871";"184";"2019";"BA";"PV";"56";"3";"COMBUSTÍVEIS E LUBRIFICANTES.";"1";"Veículos Automotores";"CASCOL COMBUSTIVEIS PARA VEICULOS LTDA";"003.065.970/0311-2";"396059";"4";"2020-02-17T00:00:00";"238.55";"0";"238.55";"2";"2020";"0";"";"";"1679784";"";"";"";"2985";"7020325";"https://www.camara.leg.br/cota-parlamentar/nota-fiscal-eletronica?ideDocumentoFiscal=7020325"
"Bacelar";"";"69871";"184";"2019";"BA";"PV";"56";"3";"COMBUSTÍVEIS E LUBRIFICANTES.";"1";"Veículos Automotores";"CASCOL COMBUSTIVEIS PARA VEICULOS LTDA";"003.065.970/0311-2";"65120";"4";"2020-12-01T01:00:00";"223.67";"0";"223.67";"12";"2020";"0";"";"";"1732028";"";"";"";"2985";"7126594";"https://www.camara.leg.br/cota-parlamentar/nota-fiscal-eletronica?ideDocumentoFiscal=7126594"
"Bacelar";"";"69871";"184";"2019";"BA";"PV";"56";"3";"COMBUSTÍVEIS E LUBRIFICANTES.";"1";"Veículos Automotores";"COMERCIAL DE COMBUSTIVEIS CIDADE JARDIM LTDA";"023.779.620/0019-0";"153828";"4";"2020-09-08T00:00:00";"235.02";"0";"235.02";"9";"2020";"0";"";"";"1717196";"";"";"";"2985";"7094353";"https://www.camara.leg.br/cota-parlamentar/nota-fiscal-eletronica?ideDocumentoFiscal=7094353"
"Bacelar";"";"69871";"184";"2019";"BA";"PV";"56";"3";"COMBUSTÍVEIS E LUBRIFICANTES.";"1";"Veículos Automotores";"COMERCIAL DE COMBUSTIVEIS CIDADE JARDIM LTDA";"023.779.620/0019-0";"157110";"4";"2020-11-18T01:00:00";"281.41";"0";"281.41";"11";"2020";"0";"";"";"1732023";"";"";"";"2985";"7126597";"https://www.camara.leg.br/cota-parlamentar/nota-fiscal-eletronica?ideDocumentoFiscal=7126597"
"Bacelar";"";"69871";"184";"2019";"BA";"PV";"56";"3";"COMBUSTÍVEIS E LUBRIFICANTES.";"1";"Veículos Automotores";"DEUSREI COMBUSTIVEIS E LUBRIF LTDA";"056.437.040/0010-4";"957748";"4";"2020-11-07T01:00:00";"257.51";"0";"257.51";"11";"2020";"0";"";"";"1726359";"";"";"";"2985";"7114281";"https://www.camara.leg.br/cota-parlamentar/nota-fiscal-eletronica?ideDocumentoFiscal=7114281"
"Bacelar";"";"69871";"184";"2019";"BA";"PV";"56";"3";"COMBUSTÍVEIS E LUBRIFICANTES.";"1";"Veículos Automotores";"ENTREPOSTO COMERCIAL DE AMARALINA LTDA";"265.716.300/0010-0";"42926";"4";"2020-08-26T00:00:00";"240.12";"0";"240.12";"8";"2020";"0";"";"";"1717194";"";"";"";"2985";"7094355";"https://www.camara.leg.br/cota-parlamentar/nota-fiscal-eletronica?ideDocumentoFiscal=7094355"
"Bacelar";"";"69871";"184";"2019";"BA";"PV";"56";"3";"COMBUSTÍVEIS E LUBRIFICANTES.";"1";"Veículos Automotores";"JSM COMBUSTIVEIS LTDA";"047.304.400/0023-6";"852586";"4";"2020-10-04T00:00:00";"210.67";"0";"210.67";"10";"2020";"0";"";"";"1721406";"";"";"";"2985";"7103224";"https://www.camara.leg.br/cota-parlamentar/nota-fiscal-eletronica?ideDocumentoFiscal=7103224"
"Bacelar";"";"69871";"184";"2019";"BA";"PV";"56";"3";"COMBUSTÍVEIS E LUBRIFICANTES.";"1";"Veículos Automotores";"MARIA BONITA COMERCIO DE COMBUSTIVEIS E LUBRIFICANTES LTDA";"141.931.730/0018-8";"659581";"4";"2020-10-10T00:00:00";"170.05";"0";"170.05";"10";"2020";"0";"";"";"1722416";"";"";"";"2985";"7105480";"https://www.camara.leg.br/cota-parlamentar/nota-fiscal-eletronica?ideDocumentoFiscal=7105480"
"Bacelar";"";"69871";"184";"2019";"BA";"PV";"56";"3";"COMBUSTÍVEIS E LUBRIFICANTES.";"1";"Veículos Automotores";"MEGA POSTO BERIMBAU LTDA";"018.559.600/0010-4";"553817";"4";"2020-09-24T00:00:00";"237.88";"0";"237.88";"9";"2020";"0";"";"";"1721405";"";"";"";"2985";"7103226";"https://www.camara.leg.br/cota-parlamentar/nota-fiscal-eletronica?ideDocumentoFiscal=7103226"
"Bacelar";"";"69871";"184";"2019";"BA";"PV";"56";"3";"COMBUSTÍVEIS E LUBRIFICANTES.";"1";"Veículos Automotores";"MEGA POSTO BERIMBAU LTDA";"018.559.600/0010-4";"581950";"0";"2020-12-19T00:00:00";"247.63";"0";"247.63";"12";"2020";"0";"";"";"1736377";"";"";"";"2985";"7135756";"https://www.camara.leg.br/cota-parlamentar/documentos/publ/2985/2020/7135756.pdf"
"Bacelar";"";"69871";"184";"2019";"BA";"PV";"56";"3";"COMBUSTÍVEIS E LUBRIFICANTES.";"1";"Veículos Automotores";"PITUBA DERIVADOS DE PETROLEO LTDA";"210.883.820/0012-7";"380078";"0";"2020-11-27T00:00:00";"253.43";"0";"253.43";"11";"2020";"0";"";"";"1736376";"";"";"";"2985";"7135751";"https://www.camara.leg.br/cota-parlamentar/documentos/publ/2985/2020/7135751.pdf"
"Bacelar";"";"69871";"184";"2019";"BA";"PV";"56";"3";"COMBUSTÍVEIS E LUBRIFICANTES.";"1";"Veículos Automotores";"PITUBA DERIVADOS DE PETROLEO LTDA";"210.883.820/0012-7";"385551";"0";"2020-12-15T00:00:00";"282.08";"0";"282.08";"12";"2020";"0";"";"";"1736377";"";"";"";"2985";"7135745";"https://www.camara.leg.br/cota-parlamentar/documentos/publ/2985/2020/7135745.pdf"
"Bacelar";"";"69871";"184";"2019";"BA";"PV";"56";"3";"COMBUSTÍVEIS E LUBRIFICANTES.";"1";"Veículos Automotores";"POSTO CHAME CHAME COMERCIO E SERV DE COMB LTDA";"006.455.140/0010-2";"281730";"4";"2020-03-02T00:00:00";"231.59";"0";"231.59";"3";"2020";"0";"";"";"1681689";"";"";"";"2985";"7024896";"https://www.camara.leg.br/cota-parlamentar/nota-fiscal-eletronica?ideDocumentoFiscal=7024896"
"Bacelar";"";"69871";"184";"2019";"BA";"PV";"56";"3";"COMBUSTÍVEIS E LUBRIFICANTES.";"1";"Veículos Automotores";"POSTO CHAME CHAME COMERCIO E SERV DE COMB LTDA";"006.455.140/0010-2";"309521";"4";"2020-08-07T00:00:00";"265.3";"0";"265.3";"8";"2020";"0";"";"";"1714963";"";"";"";"2985";"7089968";"https://www.camara.leg.br/cota-parlamentar/nota-fiscal-eletronica?ideDocumentoFiscal=7089968"
"Bacelar";"";"69871";"184";"2019";"BA";"PV";"56";"3";"COMBUSTÍVEIS E LUBRIFICANTES.";"1";"Veículos Automotores";"POSTO CHAME CHAME COMERCIO E SERV DE COMB LTDA";"006.455.140/0010-2";"325340";"4";"2020-10-24T00:00:00";"254.23";"0";"254.23";"10";"2020";"0";"";"";"1726358";"";"";"";"2985";"7114265";"https://www.camara.leg.br/cota-parlamentar/nota-fiscal-eletronica?ideDocumentoFiscal=7114265"
"Bacelar";"";"69871";"184";"2019";"BA";"PV";"56";"3";"COMBUSTÍVEIS E LUBRIFICANTES.";"1";"Veículos Automotores";"POSTO DE COMBUSTIVEIS LINHA VERDE EIRELI";"001.047.250/0012-0";"128975";"4";"2020-07-17T00:00:00";"243.46";"0";"243.46";"7";"2020";"0";"";"";"1708476";"";"";"";"2985";"7077237";"https://www.camara.leg.br/cota-parlamentar/nota-fiscal-eletronica?ideDocumentoFiscal=7077237"
"Bacelar";"";"69871";"184";"2019";"BA";"PV";"56";"3";"COMBUSTÍVEIS E LUBRIFICANTES.";"1";"Veículos Automotores";"POSTO DE COMBUSTIVEIS PITANGUEIRAS LTDA";"209.757.900/0013-8";"30702";"4";"2020-10-14T00:00:00";"195.99";"0";"195.99";"10";"2020";"0";"";"";"1722416";"";"";"";"2985";"7105482";"https://www.camara.leg.br/cota-parlamentar/nota-fiscal-eletronica?ideDocumentoFiscal=7105482"
"Bacelar";"";"69871";"184";"2019";"BA";"PV";"56";"3";"COMBUSTÍVEIS E LUBRIFICANTES.";"1";"Veículos Automotores";"POSTO DE COMBUSTIVEIS VEI GAS LTDA";"061.933.180/0011-2";"422727";"4";"2020-10-28T00:00:00";"210.01";"0";"210.01";"10";"2020";"0";"";"";"1726358";"";"";"";"2985";"7114288";"https://www.camara.leg.br/cota-parlamentar/nota-fiscal-eletronica?ideDocumentoFiscal=7114288"
"Bacelar";"";"69871";"184";"2019";"BA";"PV";"56";"3";"COMBUSTÍVEIS E LUBRIFICANTES.";"1";"Veículos Automotores";"POSTO DE GASOLINA MUNIZ LTDA";"139.487.650/0010-8";"660";"4";"2020-10-07T00:00:00";"353.01";"0";"353.01";"10";"2020";"0";"";"";"1721407";"";"";"";"2985";"7103221";"https://www.camara.leg.br/cota-parlamentar/nota-fiscal-eletronica?ideDocumentoFiscal=7103221"
"Bacelar";"";"69871";"184";"2019";"BA";"PV";"56";"3";"COMBUSTÍVEIS E LUBRIFICANTES.";"1";"Veículos Automotores";"POSTO DIQUE COMBUSTIVEIS LTDA.-EPP";"291.023.230/0017-8";"59398";"4";"2020-11-04T01:00:00";"256.68";"0";"256.68";"11";"2020";"0";"";"";"1726358";"";"";"";"2985";"7114279";"https://www.camara.leg.br/cota-parlamentar/nota-fiscal-eletronica?ideDocumentoFiscal=7114279"
"Bacelar";"";"69871";"184";"2019";"BA";"PV";"56";"3";"COMBUSTÍVEIS E LUBRIFICANTES.";"1";"Veículos Automotores";"POSTO JARDIM ARMACAO COMBUSTIVEIS LTDA";"291.023.190/0010-0";"10396";"4";"2020-11-12T01:00:00";"238.71";"0";"238.71";"11";"2020";"0";"";"";"1727733";"";"";"";"2985";"7117641";"https://www.camara.leg.br/cota-parlamentar/nota-fiscal-eletronica?ideDocumentoFiscal=7117641"
"Bacelar";"";"69871";"184";"2019";"BA";"PV";"56";"3";"COMBUSTÍVEIS E LUBRIFICANTES.";"1";"Veículos Automotores";"POSTO NOVO BAIRRO LTDA";"137.062.620/0011-8";"1026";"0";"2020-12-07T00:00:00";"257.61";"0";"257.61";"12";"2020";"0";"";"";"1736377";"";"";"";"2985";"7135754";"https://www.camara.leg.br/cota-parlamentar/documentos/publ/2985/2020/7135754.pdf"
"Bacelar";"";"69871";"184";"2019";"BA";"PV";"56";"3";"COMBUSTÍVEIS E LUBRIFICANTES.";"1";"Veículos Automotores";"POSTO NOVO BAIRRO LTDA";"137.062.620/0011-8";"2430";"4";"2020-09-14T00:00:00";"200.33";"0";"200.33";"9";"2020";"0";"";"";"1717196";"";"";"";"2985";"7094352";"https://www.camara.leg.br/cota-parlamentar/nota-fiscal-eletronica?ideDocumentoFiscal=7094352"
"Bacelar";"";"69871";"184";"2019";"BA";"PV";"56";"3";"COMBUSTÍVEIS E LUBRIFICANTES.";"1";"Veículos Automotores";"POSTO NOVO BAIRRO LTDA";"137.062.620/0011-8";"744";"4";"2020-07-22T00:00:00";"198.99";"0";"198.99";"7";"2020";"0";"";"";"1708476";"";"";"";"2985";"7077238";"https://www.camara.leg.br/cota-parlamentar/nota-fiscal-eletronica?ideDocumentoFiscal=7077238"
"Bacelar";"";"69871";"184";"2019";"BA";"PV";"56";"3";"COMBUSTÍVEIS E LUBRIFICANTES.";"1";"Veículos Automotores";"POSTO ROSARIO LTDA";"136.153.070/0014-9";"1331419";"4";"2020-12-02T01:00:00";"142.02";"0";"142.02";"12";"2020";"0";"";"";"1732028";"";"";"";"2985";"7126588";"https://www.camara.leg.br/cota-parlamentar/nota-fiscal-eletronica?ideDocumentoFiscal=7126588"
"Bacelar";"";"69871";"184";"2019";"BA";"PV";"56";"3";"COMBUSTÍVEIS E LUBRIFICANTES.";"1";"Veículos Automotores";"Postos Mataripe Abastecimentos e Servicos Ltda";"135.782.650/0011-3";"1084430";"4";"2020-08-22T00:00:00";"270.04";"0";"270.04";"8";"2020";"0";"";"";"1714963";"";"";"";"2985";"7089971";"https://www.camara.leg.br/cota-parlamentar/nota-fiscal-eletronica?ideDocumentoFiscal=7089971"
"Bacelar";"";"69871";"184";"2019";"BA";"PV";"56";"3";"COMBUSTÍVEIS E LUBRIFICANTES.";"1";"Veículos Automotores";"Postos Mataripe Abastecimentos e Servicos Ltda";"135.782.650/0011-3";"1148139";"4";"2020-11-07T01:00:00";"221.79";"0";"221.79";"11";"2020";"0";"";"";"1726358";"";"";"";"2985";"7114277";"https://www.camara.leg.br/cota-parlamentar/nota-fiscal-eletronica?ideDocumentoFiscal=7114277"
"Bacelar";"";"69871";"184";"2019";"BA";"PV";"56";"3";"COMBUSTÍVEIS E LUBRIFICANTES.";"1";"Veículos Automotores";"Postos Mataripe Abastecimentos e Servicos Ltda";"135.782.650/0011-3";"908043";"4";"2020-01-31T00:00:00";"230.07";"0";"230.07";"1";"2020";"0";"";"";"1670838";"";"";"";"2985";"7002685";"https://www.camara.leg.br/cota-parlamentar/nota-fiscal-eletronica?ideDocumentoFiscal=7002685"
"Bacelar";"";"69871";"184";"2019";"BA";"PV";"56";"3";"COMBUSTÍVEIS E LUBRIFICANTES.";"1";"Veículos Automotores";"RODRIGUES TORRES COMERCIO E DERIVADOS DE PETROLEO LTDA";"734.136.010/0044-2";"3823";"4";"2020-08-31T00:00:00";"212.27";"0";"212.27";"8";"2020";"0";"";"";"1717194";"";"";"";"2985";"7094358";"https://www.camara.leg.br/cota-parlamentar/nota-fiscal-eletronica?ideDocumentoFiscal=7094358"
"Bacelar";"";"69871";"184";"2019";"BA";"PV";"56";"3";"COMBUSTÍVEIS E LUBRIFICANTES.";"1";"Veículos Automotores";"RODRIGUES TORRES COMERCIO E DERIVADOS DE PETROLEO LTDA";"734.136.010/0044-2";"7831";"4";"2020-10-21T00:00:00";"204.99";"0";"204.99";"10";"2020";"0";"";"";"1726358";"";"";"";"2985";"7114274";"https://www.camara.leg.br/cota-parlamentar/nota-fiscal-eletronica?ideDocumentoFiscal=7114274"
"Bacelar";"";"69871";"184";"2019";"BA";"PV";"56";"3";"COMBUSTÍVEIS E LUBRIFICANTES.";"1";"Veículos Automotores";"SANTA EUDOXIA COMERCIO DE COMBUSTIVEIS LTDA";"167.858.790/0016-4";"54833";"4";"2020-12-02T01:00:00";"195.62";"0";"195.62";"12";"2020";"0";"";"";"1732028";"";"";"";"2985";"7126599";"https://www.camara.leg.br/cota-parlamentar/nota-fiscal-eletronica?ideDocumentoFiscal=7126599"
"Bacelar";"";"69871";"184";"2019";"BA";"PV";"56";"3";"COMBUSTÍVEIS E LUBRIFICANTES.";"1";"Veículos Automotores";"TIC COMERCIO DE COMBUSTIVEIS LTDA ME";"081.661.710/0010-5";"1870980";"4";"2020-08-01T00:00:00";"256.15";"0";"256.15";"8";"2020";"0";"";"";"1711225";"";"";"";"2985";"7082431";"https://www.camara.leg.br/cota-parlamentar/nota-fiscal-eletronica?ideDocumentoFiscal=7082431"
"Bacelar";"";"69871";"184";"2019";"BA";"PV";"56";"3";"COMBUSTÍVEIS E LUBRIFICANTES.";"1";"Veículos Automotores";"TREVO DERIVADOS DE PETROLEO LTDA";"144.861.530/0117-7";"726972";"4";"2020-10-30T00:00:00";"228.02";"0";"228.02";"10";"2020";"0";"";"";"1726358";"";"";"";"2985";"7114272";"https://www.camara.leg.br/cota-parlamentar/nota-fiscal-eletronica?ideDocumentoFiscal=7114272"
"Bacelar";"";"69871";"184";"2019";"BA";"PV";"56";"3";"COMBUSTÍVEIS E LUBRIFICANTES.";"1";"Veículos Automotores";"WALTER TANNUS FREITAS";"002.166.230/0010-4";"466287";"4";"2020-07-04T00:00:00";"208.67";"0";"208.67";"7";"2020";"0";"";"";"1708476";"";"";"";"2985";"7077239";"https://www.camara.leg.br/cota-parlamentar/nota-fiscal-eletronica?ideDocumentoFiscal=7077239"
"Bacelar";"";"69871";"184";"2019";"BA";"PV";"56";"4";"CONSULTORIAS, PESQUISAS E TRABALHOS TÉCNICOS.";"0";"";"INSTITUTO CULTIVA";"054.428.900/0010-5";"202073";"0";"2020-11-19T01:00:00";"10000";"0";"10000";"11";"2020";"0";"";"";"1728323";"";"";"";"2985";"7118964";"https://www.camara.leg.br/cota-parlamentar/documentos/publ/2985/2020/7118964.pdf"
"Bacelar";"";"69871";"184";"2019";"BA";"PV";"56";"4";"CONSULTORIAS, PESQUISAS E TRABALHOS TÉCNICOS.";"0";"";"NARCISO COELHO E MATOS ADVOGADOS ASSOCIADOS";"173.593.660/0015-4";"000000588";"0";"2020-08-03T00:00:00";"13000";"0";"13000";"6";"2020";"0";"";"";"1708595";"";"";"";"2985";"7077497";"https://www.camara.leg.br/cota-parlamentar/documentos/publ/2985/2020/7077497.pdf"
"Bacelar";"";"69871";"184";"2019";"BA";"PV";"56";"4";"CONSULTORIAS, PESQUISAS E TRABALHOS TÉCNICOS.";"0";"";"NARCISO COELHO E MATOS ADVOGADOS ASSOCIADOS";"173.593.660/0015-4";"00000546";"0";"2020-03-24T00:00:00";"13000";"0";"13000";"2";"2020";"0";"";"";"1687720";"";"";"";"2985";"7039649";"https://www.camara.leg.br/cota-parlamentar/documentos/publ/2985/2020/7039649.pdf"
"Bacelar";"";"69871";"184";"2019";"BA";"PV";"56";"4";"CONSULTORIAS, PESQUISAS E TRABALHOS TÉCNICOS.";"0";"";"NARCISO COELHO E MATOS ADVOGADOS ASSOCIADOS";"173.593.660/0015-4";"00000557";"0";"2020-04-20T00:00:00";"13000";"0";"13000";"4";"2020";"0";"";"";"1692494";"";"";"";"2985";"7047637";"https://www.camara.leg.br/cota-parlamentar/documentos/publ/2985/2020/7047637.pdf"
"Bacelar";"";"69871";"184";"2019";"BA";"PV";"56";"4";"CONSULTORIAS, PESQUISAS E TRABALHOS TÉCNICOS.";"0";"";"NARCISO COELHO E MATOS ADVOGADOS ASSOCIADOS";"173.593.660/0015-4";"00000587";"0";"2020-08-03T00:00:00";"13000";"0";"13000";"5";"2020";"0";"";"";"1708594";"";"";"";"2985";"7077494";"https://www.camara.leg.br/cota-parlamentar/documentos/publ/2985/2020/7077494.pdf"
"Bacelar";"";"69871";"184";"2019";"BA";"PV";"56";"4";"CONSULTORIAS, PESQUISAS E TRABALHOS TÉCNICOS.";"0";"";"NARCISO COELHO E MATOS ADVOGADOS ASSOCIADOS";"173.593.660/0015-4";"00000622";"0";"2020-10-16T00:00:00";"13000";"0";"13000";"7";"2020";"0";"";"";"1722410";"";"";"";"2985";"7105465";"https://www.camara.leg.br/cota-parlamentar/documentos/publ/2985/2020/7105465.pdf"
"Bacelar";"";"69871";"184";"2019";"BA";"PV";"56";"4";"CONSULTORIAS, PESQUISAS E TRABALHOS TÉCNICOS.";"0";"";"NARCISO COELHO E MATOS ADVOGADOS ASSOCIADOS";"173.593.660/0015-4";"00000623";"0";"2020-10-16T00:00:00";"13000";"0";"13000";"8";"2020";"0";"";"";"1722409";"";"";"";"2985";"7105468";"https://www.camara.leg.br/cota-parlamentar/documentos/publ/2985/2020/7105468.pdf"
"Bacelar";"";"69871";"184";"2019";"BA";"PV";"56";"4";"CONSULTORIAS, PESQUISAS E TRABALHOS TÉCNICOS.";"0";"";"NARCISO COELHO E MATOS ADVOGADOS ASSOCIADOS";"173.593.660/0015-4";"00000639";"0";"2020-11-27T01:00:00";"13000";"0";"13000";"10";"2020";"0";"";"";"1729662";"";"";"";"2985";"7121863";"https://www.camara.leg.br/cota-parlamentar/documentos/publ/2985/2020/7121863.pdf"
"Bacelar";"";"69871";"184";"2019";"BA";"PV";"56";"4";"CONSULTORIAS, PESQUISAS E TRABALHOS TÉCNICOS.";"0";"";"NARCISO COELHO E MATOS ADVOGADOS ASSOCIADOS";"173.593.660/0015-4";"00000640";"0";"2020-11-27T01:00:00";"13000";"0";"13000";"9";"2020";"0";"";"";"1729660";"";"";"";"2985";"7121869";"https://www.camara.leg.br/cota-parlamentar/documentos/publ/2985/2020/7121869.pdf"
"Bacelar";"";"69871";"184";"2019";"BA";"PV";"56";"4";"CONSULTORIAS, PESQUISAS E TRABALHOS TÉCNICOS.";"0";"";"NARCISO COELHO E MATOS ADVOGADOS ASSOCIADOS";"173.593.660/0015-4";"00000657";"0";"2020-12-30T00:00:00";"13000";"0";"13000";"12";"2020";"0";"";"";"1737103";"";"";"";"2985";"7137183";"https://www.camara.leg.br/cota-parlamentar/documentos/publ/2985/2020/7137183.pdf"
"Bacelar";"";"69871";"184";"2019";"BA";"PV";"56";"5";"DIVULGAÇÃO DA ATIVIDADE PARLAMENTAR.";"0";"";"DOMINIQUI SANTOS DA SILVA";"149.134.550/0010-2";"00000067";"0";"2020-02-05T00:00:00";"2600";"0";"2600";"1";"2020";"0";"";"";"1672525";"";"";"";"2985";"7006386";"https://www.camara.leg.br/cota-parlamentar/documentos/publ/2985/2020/7006386.pdf"
"Bacelar";"";"69871";"184";"2019";"BA";"PV";"56";"5";"DIVULGAÇÃO DA ATIVIDADE PARLAMENTAR.";"0";"";"DOMINIQUI SANTOS DA SILVA";"149.134.550/0010-2";"00000068";"0";"2020-02-28T00:00:00";"2600";"0";"2600";"2";"2020";"0";"";"";"1681686";"";"";"";"2985";"7024855";"https://www.camara.leg.br/cota-parlamentar/documentos/publ/2985/2020/7024855.pdf"
"Bacelar";"";"69871";"184";"2019";"BA";"PV";"56";"5";"DIVULGAÇÃO DA ATIVIDADE PARLAMENTAR.";"0";"";"DOMINIQUI SANTOS DA SILVA";"149.134.550/0010-2";"00000069";"0";"2020-03-30T00:00:00";"2600";"0";"2600";"3";"2020";"0";"";"";"1688035";"";"";"";"2985";"7040217";"https://www.camara.leg.br/cota-parlamentar/documentos/publ/2985/2020/7040217.pdf"
"Bacelar";"";"69871";"184";"2019";"BA";"PV";"56";"5";"DIVULGAÇÃO DA ATIVIDADE PARLAMENTAR.";"0";"";"DOMINIQUI SANTOS DA SILVA";"149.134.550/0010-2";"00000071";"0";"2020-05-06T00:00:00";"3100";"0";"3100";"4";"2020";"0";"";"";"1694435";"";"";"";"2985";"7051095";"https://www.camara.leg.br/cota-parlamentar/documentos/publ/2985/2020/7051095.pdf"
"Bacelar";"";"69871";"184";"2019";"BA";"PV";"56";"5";"DIVULGAÇÃO DA ATIVIDADE PARLAMENTAR.";"0";"";"DOMINIQUI SANTOS DA SILVA";"149.134.550/0010-2";"00000072";"0";"2020-05-28T00:00:00";"5200";"0";"5200";"5";"2020";"0";"";"";"1698439";"";"";"";"2985";"7058287";"https://www.camara.leg.br/cota-parlamentar/documentos/publ/2985/2020/7058287.pdf"
"Bacelar";"";"69871";"184";"2019";"BA";"PV";"56";"5";"DIVULGAÇÃO DA ATIVIDADE PARLAMENTAR.";"0";"";"DOMINIQUI SANTOS DA SILVA";"149.134.550/0010-2";"00000084";"0";"2020-12-16T01:00:00";"3600";"0";"3600";"12";"2020";"0";"";"";"1734917";"";"";"";"2985";"7132741";"https://www.camara.leg.br/cota-parlamentar/documentos/publ/2985/2020/7132741.pdf"
"Bacelar";"";"69871";"184";"2019";"BA";"PV";"56";"5";"DIVULGAÇÃO DA ATIVIDADE PARLAMENTAR.";"0";"";"ERIC ALVES SILVA PEREIRA";"175.823.180/0012-0";"00000154";"0";"2020-02-05T00:00:00";"7000";"0";"7000";"1";"2020";"0";"";"";"1672525";"";"";"";"2985";"7006399";"https://www.camara.leg.br/cota-parlamentar/documentos/publ/2985/2020/7006399.pdf"
"Bacelar";"";"69871";"184";"2019";"BA";"PV";"56";"5";"DIVULGAÇÃO DA ATIVIDADE PARLAMENTAR.";"0";"";"ERIC ALVES SILVA PEREIRA";"175.823.180/0012-0";"00000157";"0";"2020-02-28T00:00:00";"7000";"0";"7000";"2";"2020";"0";"";"";"1681686";"";"";"";"2985";"7024868";"https://www.camara.leg.br/cota-parlamentar/documentos/publ/2985/2020/7024868.pdf"
"Bacelar";"";"69871";"184";"2019";"BA";"PV";"56";"5";"DIVULGAÇÃO DA ATIVIDADE PARLAMENTAR.";"0";"";"ERIC ALVES SILVA PEREIRA";"175.823.180/0012-0";"00000160";"0";"2020-03-30T00:00:00";"7000";"0";"7000";"3";"2020";"0";"";"";"1688035";"";"";"";"2985";"7040209";"https://www.camara.leg.br/cota-parlamentar/documentos/publ/2985/2020/7040209.pdf"
"Bacelar";"";"69871";"184";"2019";"BA";"PV";"56";"5";"DIVULGAÇÃO DA ATIVIDADE PARLAMENTAR.";"0";"";"ERIC ALVES SILVA PEREIRA";"175.823.180/0012-0";"00000162";"0";"2020-05-05T00:00:00";"7000";"0";"7000";"4";"2020";"0";"";"";"1694410";"";"";"";"2985";"7051041";"https://www.camara.leg.br/cota-parlamentar/documentos/publ/2985/2020/7051041.pdf"
"Bacelar";"";"69871";"184";"2019";"BA";"PV";"56";"5";"DIVULGAÇÃO DA ATIVIDADE PARLAMENTAR.";"0";"";"ERIC ALVES SILVA PEREIRA";"175.823.180/0012-0";"00000164";"0";"2020-05-29T00:00:00";"7000";"0";"7000";"5";"2020";"0";"";"";"1698439";"";"";"";"2985";"7058291";"https://www.camara.leg.br/cota-parlamentar/documentos/publ/2985/2020/7058291.pdf"
"Bacelar";"";"69871";"184";"2019";"BA";"PV";"56";"5";"DIVULGAÇÃO DA ATIVIDADE PARLAMENTAR.";"0";"";"EXPRESSAO PAPELARIA E SERVICOS";"055.322.510/0013-0";"00000702";"0";"2020-12-09T01:00:00";"40950";"0";"40950";"12";"2020";"0";"";"";"1732623";"";"";"";"2985";"7127477";"https://www.camara.leg.br/cota-parlamentar/documentos/publ/2985/2020/7127477.pdf"
"Bacelar";"";"69871";"184";"2019";"BA";"PV";"56";"5";"DIVULGAÇÃO DA ATIVIDADE PARLAMENTAR.";"0";"";"PARLABRASIL EIRELI";"234.255.890/0017-5";"2029";"4";"2020-12-18T00:00:00";"650";"0";"650";"12";"2020";"0";"";"";"1735694";"";"";"";"2985";"7134347";"https://www.camara.leg.br/cota-parlamentar/nota-fiscal-eletronica?ideDocumentoFiscal=7134347"
"Bacelar";"";"69871";"184";"2019";"BA";"PV";"56";"5";"DIVULGAÇÃO DA ATIVIDADE PARLAMENTAR.";"0";"";"T2 COMUNICACAO, VIDEO E PRODUCOES EIRELI - EPP";"237.210.170/0013-3";"642";"4";"2020-01-20T00:00:00";"6654";"0";"6654";"1";"2020";"0";"";"";"1670559";"";"";"";"2985";"7002177";"https://www.camara.leg.br/cota-parlamentar/nota-fiscal-eletronica?ideDocumentoFiscal=7002177"
"Bacelar";"";"69871";"184";"2019";"BA";"PV";"56";"5";"DIVULGAÇÃO DA ATIVIDADE PARLAMENTAR.";"0";"";"T2 COMUNICACAO, VIDEO E PRODUCOES EIRELI - EPP";"237.210.170/0013-3";"761";"0";"2020-12-21T01:00:00";"15000";"0";"15000";"12";"2020";"0";"";"";"1735277";"";"";"";"2985";"7133477";"https://www.camara.leg.br/cota-parlamentar/documentos/publ/2985/2020/7133477.pdf"
"Bacelar";"";"69871";"184";"2019";"BA";"PV";"56";"10";"TELEFONIA";"0";"";"Telefônica Brasil S. A. VIVO";"025.581.570/0016-2";"0310748630";"0";"2020-11-01T01:00:00";"926.6";"21.65";"904.95";"10";"2020";"0";"";"";"1726822";"";"";"";"2985";"7115323";"https://www.camara.leg.br/cota-parlamentar/documentos/publ/2985/2020/7115323.pdf"
"Bacelar";"";"69871";"184";"2019";"BA";"PV";"56";"10";"TELEFONIA";"0";"";"Telefônica Brasil S. A. VIVO";"025.581.570/0016-2";"0310748630";"0";"2021-01-01T00:00:00";"917.94";"22.98";"894.96";"12";"2020";"0";"";"";"1741438";"";"";"";"2985";"7146501";"https://www.camara.leg.br/cota-parlamentar/documentos/publ/2985/2021/7146501.pdf"
"Bacelar";"";"69871";"184";"2019";"BA";"PV";"56";"10";"TELEFONIA";"0";"";"Telefônica Brasil S. A. VIVO";"025.581.570/0016-2";"10755016740";"0";"2020-06-15T00:00:00";"804.52";"22.05";"782.47";"6";"2020";"0";"";"";"1708486";"";"";"";"2985";"7077235";"https://www.camara.leg.br/cota-parlamentar/documentos/publ/2985/2020/7077235.pdf"
"Bacelar";"";"69871";"184";"2019";"BA";"PV";"56";"10";"TELEFONIA";"0";"";"Telefônica Brasil S. A. VIVO";"025.581.570/0016-2";"11671303360";"0";"2020-11-01T01:00:00";"1409.34";"24.29";"1385.05";"11";"2020";"0";"";"";"1732025";"";"";"";"2985";"7126627";"https://www.camara.leg.br/cota-parlamentar/documentos/publ/2985/2020/7126627.pdf"
"Bacelar";"";"69871";"184";"2019";"BA";"PV";"56";"10";"TELEFONIA";"0";"";"Telefônica Brasil S. A. VIVO";"025.581.570/0016-2";"4723485";"0";"2020-08-01T00:00:00";"923.16";"50.8";"872.36";"8";"2020";"0";"";"";"1714962";"";"";"";"2985";"7090000";"https://www.camara.leg.br/cota-parlamentar/documentos/publ/2985/2020/7090000.pdf"
"Bacelar";"";"69871";"184";"2019";"BA";"PV";"56";"10";"TELEFONIA";"0";"";"Telefônica Brasil S. A. VIVO";"025.581.570/0016-2";"5354177";"0";"2020-12-01T00:00:00";"1167.23";"0";"1167.23";"12";"2020";"0";"";"";"1736384";"";"";"";"2985";"7135724";"https://www.camara.leg.br/cota-parlamentar/documentos/publ/2985/2020/7135724.pdf"
"Bacelar";"";"69871";"184";"2019";"BA";"PV";"56";"10";"TELEFONIA";"0";"";"Telefônica Brasil S. A. VIVO/GVT";"025.581.570/0016-2";"10938508810";"0";"2020-07-01T00:00:00";"1083.82";"0";"1083.82";"7";"2020";"0";"";"";"1711224";"";"";"";"2985";"7082425";"https://www.camara.leg.br/cota-parlamentar/documentos/publ/2985/2020/7082425.pdf"
"Bacelar";"";"69871";"184";"2019";"BA";"PV";"56";"10";"TELEFONIA";"0";"";"Telefônica Brasil S. A. VIVO/GVT";"025.581.570/0016-2";"4882189";"0";"2020-09-01T00:00:00";"1382.55";"80.59";"1301.96";"9";"2020";"0";"";"";"1721404";"";"";"";"2985";"7103244";"https://www.camara.leg.br/cota-parlamentar/documentos/publ/2985/2020/7103244.pdf"
"Bacelar";"";"69871";"184";"2019";"BA";"PV";"56";"10";"TELEFONIA";"0";"";"Telefônica Brasil S. A. VIVO/GVT";"025.581.570/0016-2";"5041780";"0";"2020-10-01T00:00:00";"1172.37";"31.07";"1141.3";"10";"2020";"0";"";"";"1723107";"";"";"";"2985";"7106813";"https://www.camara.leg.br/cota-parlamentar/documentos/publ/2985/2020/7106813.pdf"
"Bacelar";"";"69871";"184";"2019";"BA";"PV";"56";"10";"TELEFONIA";"0";"";"TELEFONICA BRASIL S.A.";"025.581.570/0245-9";"0310748630";"0";"2020-02-01T00:00:00";"952.07";"21.65";"930.42";"1";"2020";"0";"";"";"1675153";"";"";"";"2985";"7012336";"https://www.camara.leg.br/cota-parlamentar/documentos/publ/2985/2020/7012336.pdf"
"Bacelar";"";"69871";"184";"2019";"BA";"PV";"56";"10";"TELEFONIA";"0";"";"TELEFONICA BRASIL S.A.";"025.581.570/0245-9";"0310748630";"0";"2020-03-01T00:00:00";"974.18";"19.23";"954.95";"2";"2020";"0";"";"";"1685172";"";"";"";"2985";"7033768";"https://www.camara.leg.br/cota-parlamentar/documentos/publ/2985/2020/7033768.pdf"
"Bacelar";"";"69871";"184";"2019";"BA";"PV";"56";"10";"TELEFONIA";"0";"";"TELEFONICA BRASIL S.A.";"025.581.570/0245-9";"0310748630";"0";"2020-04-01T00:00:00";"934.38";"19.42";"914.96";"3";"2020";"0";"";"";"1692495";"";"";"";"2985";"7045638";"https://www.camara.leg.br/cota-parlamentar/documentos/publ/2985/2020/7045638.pdf"
"Bacelar";"";"69871";"184";"2019";"BA";"PV";"56";"10";"TELEFONIA";"0";"";"TELEFONICA BRASIL S.A.";"025.581.570/0245-9";"0310748630";"0";"2020-05-01T00:00:00";"914.96";"0";"914.96";"4";"2020";"0";"";"";"1697017";"";"";"";"2985";"7055803";"https://www.camara.leg.br/cota-parlamentar/documentos/publ/2985/2020/7055803.pdf"
"Bacelar";"";"69871";"184";"2019";"BA";"PV";"56";"10";"TELEFONIA";"0";"";"TELEFONICA BRASIL S.A.";"025.581.570/0245-9";"0310748630";"0";"2020-06-10T00:00:00";"935.7";"20.74";"914.96";"6";"2020";"0";"";"";"1702713";"";"";"";"2985";"7066155";"https://www.camara.leg.br/cota-parlamentar/documentos/publ/2985/2020/7066155.pdf"
"Bacelar";"";"69871";"184";"2019";"BA";"PV";"56";"10";"TELEFONIA";"0";"";"TELEFONICA BRASIL S.A.";"025.581.570/0245-9";"0310748630";"0";"2020-08-01T00:00:00";"937.52";"22.57";"914.95";"7";"2020";"0";"";"";"1714967";"";"";"";"2985";"7089983";"https://www.camara.leg.br/cota-parlamentar/documentos/publ/2985/2020/7089983.pdf"
"Bacelar";"";"69871";"184";"2019";"BA";"PV";"56";"10";"TELEFONIA";"0";"";"TELEFONICA BRASIL S.A.";"025.581.570/0245-9";"0310748630";"0";"2020-12-01T00:00:00";"944.73";"0";"944.73";"11";"2020";"0";"";"";"1736111";"";"";"";"2985";"7135253";"https://www.camara.leg.br/cota-parlamentar/documentos/publ/2985/2020/7135253.pdf"
"Bacelar";"";"69871";"184";"2019";"BA";"PV";"56";"10";"TELEFONIA";"0";"";"Telefônica Brasil S.A. VIVO";"025.581.570/0016-2";"3722094";"0";"2020-02-15T00:00:00";"1013.43";"43.45";"969.98";"2";"2020";"0";"";"";"1678435";"";"";"";"2985";"7018571";"https://www.camara.leg.br/cota-parlamentar/documentos/publ/2985/2020/7018571.pdf"
"Bacelar";"";"69871";"184";"2019";"BA";"PV";"56";"10";"TELEFONIA";"0";"";"Telefônica Brasil S.A. VIVO";"025.581.570/0016-2";"3893560";"0";"2020-03-01T00:00:00";"914.16";"19.71";"894.45";"3";"2020";"0";"";"";"1685638";"";"";"";"2985";"7034708";"https://www.camara.leg.br/cota-parlamentar/documentos/publ/2985/2020/7034708.pdf"
"Bacelar";"";"69871";"184";"2019";"BA";"PV";"56";"10";"TELEFONIA";"0";"";"VIVO S/A";"025.581.570/0016-2";"09841369950";"0";"2020-01-01T00:00:00";"882.35";"28.7";"853.65";"1";"2020";"0";"";"";"1670832";"";"";"";"2985";"7002682";"https://www.camara.leg.br/cota-parlamentar/documentos/publ/2985/2020/7002682.pdf"
"Bacelar";"";"69871";"184";"2019";"BA";"PV";"56";"14";"HOSPEDAGEM ,EXCETO DO PARLAMENTAR NO DISTRITO FEDERAL.";"0";"";"HOTELARIA ACCOR BRASIL S.A.";"099.678.520/1108-0";"420277";"0";"2020-08-10T00:00:00";"1181.25";"0";"1181.25";"8";"2020";"0";"";"";"1710162";"";"";"";"2985";"7080406";"https://www.camara.leg.br/cota-parlamentar/documentos/publ/2985/2020/7080406.pdf"
"Arlindo Chinaglia";"";"73433";"336";"2019";"SP";"PT";"56";"1";"MANUTENÇÃO DE ESCRITÓRIO DE APOIO À ATIVIDADE PARLAMENTAR";"0";"";"ALOC LOCACAO E COMERCIO DE EQUIPAMENTOS DE INFORMATICA EIRELI";"070.715.750/0014-4";"033118";"1";"2020-10-27T00:00:00";"1088";"0";"1088";"9";"2020";"0";"";"";"1724372";"";"";"";"974";"7110023";"https://www.camara.leg.br/cota-parlamentar/documentos/publ/974/2020/7110023.pdf"
"Arlindo Chinaglia";"";"73433";"336";"2019";"SP";"PT";"56";"1";"MANUTENÇÃO DE ESCRITÓRIO DE APOIO À ATIVIDADE PARLAMENTAR";"0";"";"ALOC LOCAÇÃO E COMERCIO DE EQUIPAMENTOS DE INFORMÁTICA EIRELI - EPP";"070.715.750/0014-4";"031881";"1";"2020-03-11T00:00:00";"1088";"0";"1088";"1";"2020";"0";"";"";"1685231";"";"";"";"974";"7033906";"https://www.camara.leg.br/cota-parlamentar/documentos/publ/974/2020/7033906.pdf"
"Arlindo Chinaglia";"";"73433";"336";"2019";"SP";"PT";"56";"1";"MANUTENÇÃO DE ESCRITÓRIO DE APOIO À ATIVIDADE PARLAMENTAR";"0";"";"ALOC LOCAÇÃO E COMERCIO DE EQUIPAMENTOS DE INFORMÁTICA EIRELI - EPP";"070.715.750/0014-4";"032167";"1";"2020-04-06T00:00:00";"1088";"0";"1088";"2";"2020";"0";"";"";"1689449";"";"";"";"974";"7042492";"https://www.camara.leg.br/cota-parlamentar/documentos/publ/974/2020/7042492.pdf"
"Arlindo Chinaglia";"";"73433";"336";"2019";"SP";"PT";"56";"1";"MANUTENÇÃO DE ESCRITÓRIO DE APOIO À ATIVIDADE PARLAMENTAR";"0";"";"ALOC LOCAÇÃO E COMERCIO DE EQUIPAMENTOS DE INFORMÁTICA EIRELI - EPP";"070.715.750/0014-4";"032379";"1";"2020-06-02T00:00:00";"1088";"0";"1088";"4";"2020";"0";"";"";"1702557";"";"";"";"974";"7065828";"https://www.camara.leg.br/cota-parlamentar/documentos/publ/974/2020/7065828.pdf"
"Arlindo Chinaglia";"";"73433";"336";"2019";"SP";"PT";"56";"1";"MANUTENÇÃO DE ESCRITÓRIO DE APOIO À ATIVIDADE PARLAMENTAR";"0";"";"ALOC LOCAÇÃO E COMERCIO DE EQUIPAMENTOS DE INFORMÁTICA EIRELI - EPP";"070.715.750/0014-4";"032441";"1";"2020-04-24T00:00:00";"1088";"0";"1088";"3";"2020";"0";"";"";"1692576";"";"";"";"974";"7047805";"https://www.camara.leg.br/cota-parlamentar/documentos/publ/974/2020/7047805.pdf"
"Arlindo Chinaglia";"";"73433";"336";"2019";"SP";"PT";"56";"1";"MANUTENÇÃO DE ESCRITÓRIO DE APOIO À ATIVIDADE PARLAMENTAR";"0";"";"ALOC LOCAÇÃO E COMERCIO DE EQUIPAMENTOS DE INFORMÁTICA EIRELI - EPP";"070.715.750/0014-4";"032533";"1";"2020-06-30T00:00:00";"1088";"0";"1088";"5";"2020";"0";"";"";"1703410";"";"";"";"974";"7067372";"https://www.camara.leg.br/cota-parlamentar/documentos/publ/974/2020/7067372.pdf"
"Arlindo Chinaglia";"";"73433";"336";"2019";"SP";"PT";"56";"1";"MANUTENÇÃO DE ESCRITÓRIO DE APOIO À ATIVIDADE PARLAMENTAR";"0";"";"ALOC LOCAÇÃO E COMERCIO DE EQUIPAMENTOS DE INFORMÁTICA EIRELI - EPP";"070.715.750/0014-4";"032653";"1";"2020-07-27T00:00:00";"1088";"0";"1088";"6";"2020";"0";"";"";"1708324";"";"";"";"974";"7076907";"https://www.camara.leg.br/cota-parlamentar/documentos/publ/974/2020/7076907.pdf"
"Arlindo Chinaglia";"";"73433";"336";"2019";"SP";"PT";"56";"1";"MANUTENÇÃO DE ESCRITÓRIO DE APOIO À ATIVIDADE PARLAMENTAR";"0";"";"ALOC LOCAÇÃO E COMERCIO DE EQUIPAMENTOS DE INFORMÁTICA EIRELI - EPP";"070.715.750/0014-4";"032782";"1";"2020-08-27T00:00:00";"1088";"0";"1088";"7";"2020";"0";"";"";"1715426";"";"";"";"974";"7090875";"https://www.camara.leg.br/cota-parlamentar/documentos/publ/974/2020/7090875.pdf"
"Arlindo Chinaglia";"";"73433";"336";"2019";"SP";"PT";"56";"1";"MANUTENÇÃO DE ESCRITÓRIO DE APOIO À ATIVIDADE PARLAMENTAR";"0";"";"ALOC LOCAÇÃO E COMERCIO DE EQUIPAMENTOS DE INFORMÁTICA EIRELI - EPP";"070.715.750/0014-4";"032921";"1";"2020-09-25T00:00:00";"1088";"0";"1088";"8";"2020";"0";"";"";"1719557";"";"";"";"974";"7099749";"https://www.camara.leg.br/cota-parlamentar/documentos/publ/974/2020/7099749.pdf"
"Arlindo Chinaglia";"";"73433";"336";"2019";"SP";"PT";"56";"1";"MANUTENÇÃO DE ESCRITÓRIO DE APOIO À ATIVIDADE PARLAMENTAR";"0";"";"ALOC LOCAÇÃO E COMERCIO DE EQUIPAMENTOS DE INFORMÁTICA EIRELI - EPP";"070.715.750/0014-4";"033293";"1";"2020-11-27T00:00:00";"1088";"0";"1088";"10";"2020";"0";"";"";"1730108";"";"";"";"974";"7122805";"https://www.camara.leg.br/cota-parlamentar/documentos/publ/974/2020/7122805.pdf"
"Arlindo Chinaglia";"";"73433";"336";"2019";"SP";"PT";"56";"1";"MANUTENÇÃO DE ESCRITÓRIO DE APOIO À ATIVIDADE PARLAMENTAR";"0";"";"ALOC LOCAÇÃO E COMERCIO DE EQUIPAMENTOS DE INFORMÁTICA EIRELI - EPP";"070.715.750/0014-4";"033497";"1";"2020-12-28T00:00:00";"1088";"0";"1088";"11";"2020";"0";"";"";"1737427";"";"";"";"974";"7137796";"https://www.camara.leg.br/cota-parlamentar/documentos/publ/974/2021/7137796.pdf"
"Arlindo Chinaglia";"";"73433";"336";"2019";"SP";"PT";"56";"1";"MANUTENÇÃO DE ESCRITÓRIO DE APOIO À ATIVIDADE PARLAMENTAR";"0";"";"JAPAN COPY EQUIPAMENTOS PARA ESC.LTDA-EPP";"062.699.820/0010-6";"18016";"1";"2020-10-27T00:00:00";"225";"0";"225";"10";"2020";"0";"";"";"1728074";"";"";"";"974";"7118422";"https://www.camara.leg.br/cota-parlamentar/documentos/publ/974/2020/7118422.pdf"
"Arlindo Chinaglia";"";"73433";"336";"2019";"SP";"PT";"56";"1";"MANUTENÇÃO DE ESCRITÓRIO DE APOIO À ATIVIDADE PARLAMENTAR";"0";"";"JAPAN COPY EQUIPAMENTOS PARA ESC.LTDA-EPP";"062.699.820/0010-6";"18303";"1";"2020-11-26T01:00:00";"225";"0";"225";"11";"2020";"0";"";"";"1729855";"";"";"";"974";"7121826";"https://www.camara.leg.br/cota-parlamentar/documentos/publ/974/2020/7121826.pdf"
"Arlindo Chinaglia";"";"73433";"336";"2019";"SP";"PT";"56";"1";"MANUTENÇÃO DE ESCRITÓRIO DE APOIO À ATIVIDADE PARLAMENTAR";"0";"";"JAPAN COPY EQUIPAMENTOS PARA ESC.LTDA-EPP";"062.699.820/0010-6";"18619";"1";"2020-12-29T00:00:00";"225";"0";"225";"12";"2020";"0";"";"";"1741453";"";"";"";"974";"7146526";"https://www.camara.leg.br/cota-parlamentar/documentos/publ/974/2021/7146526.pdf"
"Arlindo Chinaglia";"";"73433";"336";"2019";"SP";"PT";"56";"1";"MANUTENÇÃO DE ESCRITÓRIO DE APOIO À ATIVIDADE PARLAMENTAR";"0";"";"JAPAN COPY EQUIPAMENTOS PARA ESCRITORIOS LTDA";"062.699.820/0010-6";"17670";"1";"2020-09-25T00:00:00";"225";"0";"225";"9";"2020";"0";"";"";"1719422";"";"";"";"974";"7099455";"https://www.camara.leg.br/cota-parlamentar/documentos/publ/974/2020/7099455.pdf"
"Arlindo Chinaglia";"";"73433";"336";"2019";"SP";"PT";"56";"1";"MANUTENÇÃO DE ESCRITÓRIO DE APOIO À ATIVIDADE PARLAMENTAR";"0";"";"Kalunga Comercio e Industria Grafica Ltda";"432.838.110/0597-6";"418974";"4";"2020-03-09T00:00:00";"22.6";"0";"22.6";"3";"2020";"0";"";"";"1689452";"";"";"";"974";"7031023";"https://www.camara.leg.br/cota-parlamentar/nota-fiscal-eletronica?ideDocumentoFiscal=7031023"
"Arlindo Chinaglia";"";"73433";"336";"2019";"SP";"PT";"56";"1";"MANUTENÇÃO DE ESCRITÓRIO DE APOIO À ATIVIDADE PARLAMENTAR";"0";"";"Kalunga Comercio e Industria Grafica Ltda";"432.838.110/0643-3";"304234";"0";"2020-12-30T00:00:00";"3290";"0";"3290";"12";"2020";"0";"";"";"1737910";"";"";"";"974";"7138414";"https://www.camara.leg.br/cota-parlamentar/documentos/publ/974/2021/7138414.pdf"
"Arlindo Chinaglia";"";"73433";"336";"2019";"SP";"PT";"56";"1";"MANUTENÇÃO DE ESCRITÓRIO DE APOIO À ATIVIDADE PARLAMENTAR";"0";"";"Kalunga Comercio e Industria Grafica Ltda";"432.838.110/0848-7";"754350";"0";"2020-11-29T00:00:00";"164.38";"41";"123.38";"11";"2020";"0";"";"";"1735656";"";"";"";"974";"7134213";"https://www.camara.leg.br/cota-parlamentar/documentos/publ/974/2020/7134213.pdf"
"Arlindo Chinaglia";"";"73433";"336";"2019";"SP";"PT";"56";"1";"MANUTENÇÃO DE ESCRITÓRIO DE APOIO À ATIVIDADE PARLAMENTAR";"0";"";"Kalunga SA";"432.838.110/0597-6";"495754";"4";"2020-12-31T00:00:00";"812.9";"0";"812.9";"12";"2020";"0";"";"";"1738661";"";"";"";"974";"7140433";"https://www.camara.leg.br/cota-parlamentar/nota-fiscal-eletronica?ideDocumentoFiscal=7140433"
"Arlindo Chinaglia";"";"73433";"336";"2019";"SP";"PT";"56";"1";"MANUTENÇÃO DE ESCRITÓRIO DE APOIO À ATIVIDADE PARLAMENTAR";"0";"";"KALUNGA SA";"432.838.110/0643-3";"304161";"0";"2020-12-28T00:00:00";"4812.46";"0";"4812.46";"12";"2020";"0";"";"";"1737910";"";"";"";"974";"7138415";"https://www.camara.leg.br/cota-parlamentar/documentos/publ/974/2021/7138415.pdf"
"Arlindo Chinaglia";"";"73433";"336";"2019";"SP";"PT";"56";"1";"MANUTENÇÃO DE ESCRITÓRIO DE APOIO À ATIVIDADE PARLAMENTAR";"0";"";"VENERAVEL ORDEM TERCEIRA DE SAO FRANCISCO DA PENITENCIA DA CIDADE DE SAO PAULO";"627.991.500/0016-4";"001";"1";"2020-06-10T00:00:00";"2286.21";"0";"2286.21";"6";"2020";"0";"";"";"1701810";"";"";"";"974";"7064407";"https://www.camara.leg.br/cota-parlamentar/documentos/publ/974/2020/7064407.pdf"
"Arlindo Chinaglia";"";"73433";"336";"2019";"SP";"PT";"56";"1";"MANUTENÇÃO DE ESCRITÓRIO DE APOIO À ATIVIDADE PARLAMENTAR";"0";"";"VENERÁVEL ORDEM TERCEIRA SÃO FRANCISCO";"627.991.500/0016-4";"s/n";"1";"2020-05-11T00:00:00";"3073.24";"0";"3073.24";"5";"2020";"0";"";"";"1696176";"";"";"";"974";"7054149";"https://www.camara.leg.br/cota-parlamentar/documentos/publ/974/2020/7054149.pdf"
"Arlindo Chinaglia";"";"73433";"336";"2019";"SP";"PT";"56";"1";"MANUTENÇÃO DE ESCRITÓRIO DE APOIO À ATIVIDADE PARLAMENTAR";"0";"";"VENERÁVEL ORDEM TERCEIRA SÃO FRANCISCO DA PENITENCIA DA CIDADE SP";"627.991.500/0016-4";"001";"1";"2020-03-10T00:00:00";"3311.89";"0";"3311.89";"3";"2020";"0";"";"";"1685223";"";"";"";"974";"7033889";"https://www.camara.leg.br/cota-parlamentar/documentos/publ/974/2020/7033889.pdf"
"Arlindo Chinaglia";"";"73433";"336";"2019";"SP";"PT";"56";"1";"MANUTENÇÃO DE ESCRITÓRIO DE APOIO À ATIVIDADE PARLAMENTAR";"0";"";"VENERÁVEL ORDEM TERCEIRA SÃO FRANCISCO DA PENITENCIA DA CIDADE SP";"627.991.500/0016-4";"042020";"1";"2020-04-06T00:00:00";"3095.84";"0";"3095.84";"4";"2020";"0";"";"";"1689458";"";"";"";"974";"7042502";"https://www.camara.leg.br/cota-parlamentar/documentos/publ/974/2020/7042502.pdf"
"Arlindo Chinaglia";"";"73433";"336";"2019";"SP";"PT";"56";"1";"MANUTENÇÃO DE ESCRITÓRIO DE APOIO À ATIVIDADE PARLAMENTAR";"0";"";"VENERÁVEL ORDEM TERCEIRA SÃO FRANCISCO DA PENITENCIA DA CIDADE SP";"627.991.500/0016-4";"10/01/2020";"1";"2020-01-10T00:00:00";"3353.77";"0";"3353.77";"1";"2020";"0";"";"";"1667468";"";"";"";"974";"6995465";"https://www.camara.leg.br/cota-parlamentar/documentos/publ/974/2020/6995465.pdf"
"Arlindo Chinaglia";"";"73433";"336";"2019";"SP";"PT";"56";"1";"MANUTENÇÃO DE ESCRITÓRIO DE APOIO À ATIVIDADE PARLAMENTAR";"0";"";"VENERÁVEL ORDEM TERCEIRA SÃO FRANCISCO DA PENITENCIA DA CIDADE SP";"627.991.500/0016-4";"10082020";"1";"2020-08-10T00:00:00";"2818";"0";"2818";"8";"2020";"0";"";"";"1712129";"";"";"";"974";"7084308";"https://www.camara.leg.br/cota-parlamentar/documentos/publ/974/2020/7084308.pdf"
"Arlindo Chinaglia";"";"73433";"336";"2019";"SP";"PT";"56";"1";"MANUTENÇÃO DE ESCRITÓRIO DE APOIO À ATIVIDADE PARLAMENTAR";"0";"";"VENERÁVEL ORDEM TERCEIRA SÃO FRANCISCO DA PENITENCIA DA CIDADE SP";"627.991.500/0016-4";"10092020";"1";"2020-09-10T00:00:00";"2956.79";"0";"2956.79";"9";"2020";"0";"";"";"1716718";"";"";"";"974";"7093439";"https://www.camara.leg.br/cota-parlamentar/documentos/publ/974/2020/7093439.pdf"
"Arlindo Chinaglia";"";"73433";"336";"2019";"SP";"PT";"56";"1";"MANUTENÇÃO DE ESCRITÓRIO DE APOIO À ATIVIDADE PARLAMENTAR";"0";"";"VENERÁVEL ORDEM TERCEIRA SÃO FRANCISCO DA PENITENCIA DA CIDADE SP";"627.991.500/0016-4";"10122020";"1";"2020-12-10T01:00:00";"2943.71";"0";"2943.71";"12";"2020";"0";"";"";"1735659";"";"";"";"974";"7133884";"https://www.camara.leg.br/cota-parlamentar/documentos/publ/974/2020/7133884.pdf"
"Arlindo Chinaglia";"";"73433";"336";"2019";"SP";"PT";"56";"1";"MANUTENÇÃO DE ESCRITÓRIO DE APOIO À ATIVIDADE PARLAMENTAR";"0";"";"VENERÁVEL ORDEM TERCEIRA SÃO FRANCISCO DA PENITENCIA DA CIDADE SP";"627.991.500/0016-4";"11112020";"1";"2020-11-10T01:00:00";"2947.51";"0";"2947.51";"11";"2020";"0";"";"";"1728076";"";"";"";"974";"7118425";"https://www.camara.leg.br/cota-parlamentar/documentos/publ/974/2020/7118425.pdf"
"Arlindo Chinaglia";"";"73433";"336";"2019";"SP";"PT";"56";"1";"MANUTENÇÃO DE ESCRITÓRIO DE APOIO À ATIVIDADE PARLAMENTAR";"0";"";"VENERÁVEL ORDEM TERCEIRA SÃO FRANCISCO DA PENITENCIA DA CIDADE SP";"627.991.500/0016-4";"16072020";"1";"2020-07-10T00:00:00";"2248.06";"0";"2248.06";"7";"2020";"0";"";"";"1706744";"";"";"";"974";"7073660";"https://www.camara.leg.br/cota-parlamentar/documentos/publ/974/2020/7073660.pdf"
"Arlindo Chinaglia";"";"73433";"336";"2019";"SP";"PT";"56";"1";"MANUTENÇÃO DE ESCRITÓRIO DE APOIO À ATIVIDADE PARLAMENTAR";"0";"";"VENERÁVEL ORDEM TERCEIRA SÃO FRANCISCO DA PENITENCIA DA CIDADE SP";"627.991.500/0016-4";"s/n";"1";"2020-02-14T00:00:00";"3300";"0";"3300";"2";"2020";"0";"";"";"1678089";"";"";"";"974";"7017815";"https://www.camara.leg.br/cota-parlamentar/documentos/publ/974/2020/7017815.pdf"
"Arlindo Chinaglia";"";"73433";"336";"2019";"SP";"PT";"56";"1";"MANUTENÇÃO DE ESCRITÓRIO DE APOIO À ATIVIDADE PARLAMENTAR";"0";"";"VENERÁVEL ORDEM TERCEIRA SÃO FRANCISCO DA PENITENCIA DA CIDADE SP";"627.991.500/0016-4";"s/n";"1";"2020-10-09T00:00:00";"2971.5";"0";"2971.5";"10";"2020";"0";"";"";"1722527";"";"";"";"974";"7105790";"https://www.camara.leg.br/cota-parlamentar/documentos/publ/974/2020/7105790.pdf"
"Arlindo Chinaglia";"";"73433";"336";"2019";"SP";"PT";"56";"3";"COMBUSTÍVEIS E LUBRIFICANTES.";"1";"Veículos Automotores";"AUTO POSTO AZUL COMERCIO";"228.346.030/0020-2";"004068";"1";"2020-02-14T00:00:00";"98.01";"0";"98.01";"2";"2020";"0";"";"";"1678231";"";"";"";"974";"7018104";"https://www.camara.leg.br/cota-parlamentar/documentos/publ/974/2020/7018104.pdf"
"Arlindo Chinaglia";"";"73433";"336";"2019";"SP";"PT";"56";"3";"COMBUSTÍVEIS E LUBRIFICANTES.";"1";"Veículos Automotores";"AUTO POSTO CINCO ESTRELAS LTDA";"006.924.180/0010-7";"28731";"4";"2020-02-07T00:00:00";"100";"0";"100";"2";"2020";"0";"";"";"1677556";"";"";"";"974";"7016582";"https://www.camara.leg.br/cota-parlamentar/nota-fiscal-eletronica?ideDocumentoFiscal=7016582"
"Arlindo Chinaglia";"";"73433";"336";"2019";"SP";"PT";"56";"3";"COMBUSTÍVEIS E LUBRIFICANTES.";"1";"Veículos Automotores";"AUTO POSTO EXPRESS 3M LTDA";"130.319.320/0014-3";"344430";"0";"2020-01-25T00:00:00";"106.02";"0";"106.02";"1";"2020";"0";"";"";"1677634";"";"";"";"974";"7016827";"https://www.camara.leg.br/cota-parlamentar/documentos/publ/974/2020/7016827.pdf"
"Arlindo Chinaglia";"";"73433";"336";"2019";"SP";"PT";"56";"3";"COMBUSTÍVEIS E LUBRIFICANTES.";"1";"Veículos Automotores";"AUTO POSTO GOMGAJ EIRELI";"112.989.030/0011-7";"000179820";"0";"2020-02-20T00:00:00";"100";"0";"100";"2";"2020";"0";"";"";"1689490";"";"";"";"974";"7042554";"https://www.camara.leg.br/cota-parlamentar/documentos/publ/974/2020/7042554.pdf"
"Arlindo Chinaglia";"";"73433";"336";"2019";"SP";"PT";"56";"3";"COMBUSTÍVEIS E LUBRIFICANTES.";"1";"Veículos Automotores";"AUTO POSTO GOMGAJ EIRELI";"112.989.030/0011-7";"075058";"1";"2020-02-16T00:00:00";"100";"0";"100";"2";"2020";"0";"";"";"1678231";"";"";"";"974";"7018108";"https://www.camara.leg.br/cota-parlamentar/documentos/publ/974/2020/7018108.pdf"
"Arlindo Chinaglia";"";"73433";"336";"2019";"SP";"PT";"56";"3";"COMBUSTÍVEIS E LUBRIFICANTES.";"1";"Veículos Automotores";"AUTO POSTO GOMGAJ EIRELI";"112.989.030/0011-7";"179820";"1";"2020-02-13T00:00:00";"122.89";"0";"122.89";"2";"2020";"0";"";"";"1678231";"";"";"";"974";"7018091";"https://www.camara.leg.br/cota-parlamentar/documentos/publ/974/2020/7018091.pdf"
"Arlindo Chinaglia";"";"73433";"336";"2019";"SP";"PT";"56";"3";"COMBUSTÍVEIS E LUBRIFICANTES.";"1";"Veículos Automotores";"auto posto higienópolis ribeirão preto ltda";"172.841.860/0015-0";"225627";"1";"2020-08-14T00:00:00";"138.13";"0";"138.13";"8";"2020";"0";"";"";"1720219";"";"";"";"974";"7100879";"https://www.camara.leg.br/cota-parlamentar/documentos/publ/974/2020/7100879.pdf"
"Arlindo Chinaglia";"";"73433";"336";"2019";"SP";"PT";"56";"3";"COMBUSTÍVEIS E LUBRIFICANTES.";"1";"Veículos Automotores";"AUTO POSTO JAAL LT";"036.639.440/0013-7";"000443819";"0";"2020-01-28T00:00:00";"50";"0";"50";"1";"2020";"0";"";"";"1673759";"";"";"";"974";"7009225";"https://www.camara.leg.br/cota-parlamentar/documentos/publ/974/2020/7009225.pdf"
"Arlindo Chinaglia";"";"73433";"336";"2019";"SP";"PT";"56";"3";"COMBUSTÍVEIS E LUBRIFICANTES.";"1";"Veículos Automotores";"AUTO POSTO LIDER BANDEIRAS LTDA";"050.259.490/0016-0";"472878";"0";"2020-11-19T00:00:00";"190.02";"0";"190.02";"11";"2020";"0";"";"";"1735657";"";"";"";"974";"7134211";"https://www.camara.leg.br/cota-parlamentar/documentos/publ/974/2020/7134211.pdf"
"Arlindo Chinaglia";"";"73433";"336";"2019";"SP";"PT";"56";"3";"COMBUSTÍVEIS E LUBRIFICANTES.";"1";"Veículos Automotores";"AUTO POSTO MURARO E MURARO";"177.966.930/0017-3";"029024";"0";"2020-01-06T00:00:00";"145";"0";"145";"1";"2020";"0";"";"";"1677634";"";"";"";"974";"7016778";"https://www.camara.leg.br/cota-parlamentar/documentos/publ/974/2020/7016778.pdf"
"Arlindo Chinaglia";"";"73433";"336";"2019";"SP";"PT";"56";"3";"COMBUSTÍVEIS E LUBRIFICANTES.";"1";"Veículos Automotores";"AUTO POSTO PANORAMA BOTUCATU LTDA";"071.114.540/0018-9";"000200847";"0";"2020-02-29T00:00:00";"140.04";"0";"140.04";"2";"2020";"0";"";"";"1689490";"";"";"";"974";"7042551";"https://www.camara.leg.br/cota-parlamentar/documentos/publ/974/2020/7042551.pdf"
"Arlindo Chinaglia";"";"73433";"336";"2019";"SP";"PT";"56";"3";"COMBUSTÍVEIS E LUBRIFICANTES.";"1";"Veículos Automotores";"AUTO POSTO RIO PRETAO LTDA";"688.906.490/0016-9";"354152";"0";"2020-01-24T00:00:00";"138.02";"0";"138.02";"1";"2020";"0";"";"";"1677634";"";"";"";"974";"7016835";"https://www.camara.leg.br/cota-parlamentar/documentos/publ/974/2020/7016835.pdf"
"Arlindo Chinaglia";"";"73433";"336";"2019";"SP";"PT";"56";"3";"COMBUSTÍVEIS E LUBRIFICANTES.";"1";"Veículos Automotores";"Auto Posto S3 Washington Luis LTDA";"297.730.550/0011-6";"196762";"0";"2020-12-18T00:00:00";"100";"0";"100";"12";"2020";"0";"";"";"1738660";"";"";"";"974";"7140430";"https://www.camara.leg.br/cota-parlamentar/documentos/publ/974/2021/7140430.pdf"
"Arlindo Chinaglia";"";"73433";"336";"2019";"SP";"PT";"56";"3";"COMBUSTÍVEIS E LUBRIFICANTES.";"1";"Veículos Automotores";"AUTO POSTO TAMADE LT";"437.363.700/0010-2";"020643";"0";"2020-01-29T00:00:00";"100";"0";"100";"1";"2020";"0";"";"";"1677634";"";"";"";"974";"7016795";"https://www.camara.leg.br/cota-parlamentar/documentos/publ/974/2020/7016795.pdf"
"Arlindo Chinaglia";"";"73433";"336";"2019";"SP";"PT";"56";"3";"COMBUSTÍVEIS E LUBRIFICANTES.";"1";"Veículos Automotores";"AUTO POSTO TAMADE LT";"437.363.700/0010-2";"046644";"0";"2020-12-31T00:00:00";"126";"0";"126";"12";"2020";"0";"";"";"1748382";"";"";"";"974";"7160541";"https://www.camara.leg.br/cota-parlamentar/documentos/publ/974/2021/7160541.pdf"
"Arlindo Chinaglia";"";"73433";"336";"2019";"SP";"PT";"56";"3";"COMBUSTÍVEIS E LUBRIFICANTES.";"1";"Veículos Automotores";"AUTO POSTO VELEIROS LTDA.";"431.858.000/0013-7";"420517";"1";"2020-09-24T00:00:00";"167.1";"0";"167.1";"9";"2020";"0";"";"";"1720221";"";"";"";"974";"7100888";"https://www.camara.leg.br/cota-parlamentar/documentos/publ/974/2020/7100888.pdf"
"Arlindo Chinaglia";"";"73433";"336";"2019";"SP";"PT";"56";"3";"COMBUSTÍVEIS E LUBRIFICANTES.";"1";"Veículos Automotores";"AUTO POSTO ZEBU LTDA - EPP";"043.895.010/0016-2";"15241";"0";"2020-08-14T00:00:00";"100";"0";"100";"8";"2020";"0";"";"";"1720219";"";"";"";"974";"7100875";"https://www.camara.leg.br/cota-parlamentar/documentos/publ/974/2020/7100875.pdf"
"Arlindo Chinaglia";"";"73433";"336";"2019";"SP";"PT";"56";"3";"COMBUSTÍVEIS E LUBRIFICANTES.";"1";"Veículos Automotores";"AUTO SERVIÇOS GRAND-PRIX LT";"437.209.030/0015-0";"316872";"0";"2020-10-09T00:00:00";"121.01";"0";"121.01";"10";"2020";"0";"";"";"1735654";"";"";"";"974";"7134203";"https://www.camara.leg.br/cota-parlamentar/documentos/publ/974/2020/7134203.pdf"
"Arlindo Chinaglia";"";"73433";"336";"2019";"SP";"PT";"56";"3";"COMBUSTÍVEIS E LUBRIFICANTES.";"1";"Veículos Automotores";"AUTO SERVIÇOS GRAND-PRIX LT";"437.209.030/0015-0";"326586";"0";"2020-10-29T00:00:00";"162.02";"0";"162.02";"10";"2020";"0";"";"";"1735654";"";"";"";"974";"7134200";"https://www.camara.leg.br/cota-parlamentar/documentos/publ/974/2020/7134200.pdf"
"Arlindo Chinaglia";"";"73433";"336";"2019";"SP";"PT";"56";"3";"COMBUSTÍVEIS E LUBRIFICANTES.";"1";"Veículos Automotores";"CAMPEAO 80 POSTO DE SERVICOS LTDA";"077.446.560/0016-8";"000188783";"0";"2020-01-24T00:00:00";"80";"0";"80";"1";"2020";"0";"";"";"1673759";"";"";"";"974";"7009226";"https://www.camara.leg.br/cota-parlamentar/documentos/publ/974/2020/7009226.pdf"
"Arlindo Chinaglia";"";"73433";"336";"2019";"SP";"PT";"56";"3";"COMBUSTÍVEIS E LUBRIFICANTES.";"1";"Veículos Automotores";"CARREFOUR COM. E IND. LTDA";"455.439.150/3602-0";"423052";"0";"2020-11-12T00:00:00";"149.03";"0";"149.03";"11";"2020";"0";"";"";"1735656";"";"";"";"974";"7134195";"https://www.camara.leg.br/cota-parlamentar/documentos/publ/974/2020/7134195.pdf"
"Arlindo Chinaglia";"";"73433";"336";"2019";"SP";"PT";"56";"3";"COMBUSTÍVEIS E LUBRIFICANTES.";"1";"Veículos Automotores";"CARREFOUR COM. E IND. LTDA";"455.439.150/3602-0";"431087";"0";"2020-11-14T00:00:00";"158.27";"0";"158.27";"11";"2020";"0";"";"";"1735656";"";"";"";"974";"7134197";"https://www.camara.leg.br/cota-parlamentar/documentos/publ/974/2020/7134197.pdf"
"Arlindo Chinaglia";"";"73433";"336";"2019";"SP";"PT";"56";"3";"COMBUSTÍVEIS E LUBRIFICANTES.";"1";"Veículos Automotores";"CASCOL COMBUSTIVEIS PARA VEICULOS LTDA";"003.065.970/0257-4";"749158";"4";"2020-02-05T00:00:00";"100";"0";"100";"2";"2020";"0";"";"";"1677556";"";"";"";"974";"7016577";"https://www.camara.leg.br/cota-parlamentar/nota-fiscal-eletronica?ideDocumentoFiscal=7016577"
"Arlindo Chinaglia";"";"73433";"336";"2019";"SP";"PT";"56";"3";"COMBUSTÍVEIS E LUBRIFICANTES.";"1";"Veículos Automotores";"CASCOL COMBUSTIVEIS PARA VEICULOS LTDA";"003.065.970/0311-2";"396107";"4";"2020-02-18T00:00:00";"60";"0";"60";"2";"2020";"0";"";"";"1677638";"";"";"";"974";"7016701";"https://www.camara.leg.br/cota-parlamentar/nota-fiscal-eletronica?ideDocumentoFiscal=7016701"
"Arlindo Chinaglia";"";"73433";"336";"2019";"SP";"PT";"56";"3";"COMBUSTÍVEIS E LUBRIFICANTES.";"1";"Veículos Automotores";"FRATELLI POSTO DE COMBUSTIVEIS LTDA";"088.840.380/0018-6";"24043";"4";"2020-08-13T00:00:00";"40.85";"0";"40.85";"8";"2020";"0";"";"";"1720220";"";"";"";"974";"7100885";"https://www.camara.leg.br/cota-parlamentar/nota-fiscal-eletronica?ideDocumentoFiscal=7100885"
"Arlindo Chinaglia";"";"73433";"336";"2019";"SP";"PT";"56";"3";"COMBUSTÍVEIS E LUBRIFICANTES.";"1";"Veículos Automotores";"IGÁS COMÉRCIO DE COMBUSTÍVEIS LTDA";"103.940.300/0026-4";"744306";"1";"2020-01-21T00:00:00";"86.9";"0";"86.9";"1";"2020";"0";"";"";"1678229";"";"";"";"974";"7018126";"https://www.camara.leg.br/cota-parlamentar/documentos/publ/974/2020/7018126.pdf"
"Arlindo Chinaglia";"";"73433";"336";"2019";"SP";"PT";"56";"3";"COMBUSTÍVEIS E LUBRIFICANTES.";"1";"Veículos Automotores";"KARSERV COMBUSTIVEIS LUBRIFICANTES E SERVIÇOS LTDA";"006.893.800/0011-3";"237988";"4";"2020-08-27T00:00:00";"50";"0";"50";"8";"2020";"0";"";"";"1714289";"";"";"";"974";"7088766";"https://www.camara.leg.br/cota-parlamentar/nota-fiscal-eletronica?ideDocumentoFiscal=7088766"
"Arlindo Chinaglia";"";"73433";"336";"2019";"SP";"PT";"56";"3";"COMBUSTÍVEIS E LUBRIFICANTES.";"1";"Veículos Automotores";"MARTINELI AUTO POSTO LTDA";"468.922.610/0016-4";"151634";"1";"2020-01-31T00:00:00";"182.14";"0";"182.14";"1";"2020";"0";"";"";"1678229";"";"";"";"974";"7018122";"https://www.camara.leg.br/cota-parlamentar/documentos/publ/974/2020/7018122.pdf"
"Arlindo Chinaglia";"";"73433";"336";"2019";"SP";"PT";"56";"3";"COMBUSTÍVEIS E LUBRIFICANTES.";"1";"Veículos Automotores";"P V BANDEIRANTES COMERCIO DE COMBUSTIVEIS LTDA";"105.746.540/0018-2";"054759";"0";"2020-12-11T00:00:00";"135.01";"0";"135.01";"12";"2020";"0";"";"";"1735658";"";"";"";"974";"7134190";"https://www.camara.leg.br/cota-parlamentar/documentos/publ/974/2020/7134190.pdf"
"Arlindo Chinaglia";"";"73433";"336";"2019";"SP";"PT";"56";"3";"COMBUSTÍVEIS E LUBRIFICANTES.";"1";"Veículos Automotores";"PIT STOP AUTO POSTO DE LINS LTDA";"027.875.190/0019-7";"563951";"1";"2020-02-09T00:00:00";"130";"0";"130";"2";"2020";"0";"";"";"1678231";"";"";"";"974";"7018115";"https://www.camara.leg.br/cota-parlamentar/documentos/publ/974/2020/7018115.pdf"
"Arlindo Chinaglia";"";"73433";"336";"2019";"SP";"PT";"56";"3";"COMBUSTÍVEIS E LUBRIFICANTES.";"1";"Veículos Automotores";"POSTO ANTARES LTDA";"003.611.450/0011-8";"30886";"0";"2020-04-29T00:00:00";"150";"0";"150";"4";"2020";"0";"";"";"1696341";"";"";"";"974";"7054410";"https://www.camara.leg.br/cota-parlamentar/documentos/publ/974/2020/7054410.pdf"
"Arlindo Chinaglia";"";"73433";"336";"2019";"SP";"PT";"56";"3";"COMBUSTÍVEIS E LUBRIFICANTES.";"1";"Veículos Automotores";"POSTO DA SERRA DE SANTA RITA LT";"526.946.760/0012-6";"205088";"0";"2020-02-07T00:00:00";"50.02";"0";"50.02";"2";"2020";"0";"";"";"1677637";"";"";"";"974";"7016808";"https://www.camara.leg.br/cota-parlamentar/documentos/publ/974/2020/7016808.pdf"
"Arlindo Chinaglia";"";"73433";"336";"2019";"SP";"PT";"56";"3";"COMBUSTÍVEIS E LUBRIFICANTES.";"1";"Veículos Automotores";"POSTO DE ENERGIA AUTOMOTIVA LTDA";"194.999.740/0019-0";"236104";"0";"2020-01-23T00:00:00";"50";"0";"50";"1";"2020";"0";"";"";"1677634";"";"";"";"974";"7016783";"https://www.camara.leg.br/cota-parlamentar/documentos/publ/974/2020/7016783.pdf"
"Arlindo Chinaglia";"";"73433";"336";"2019";"SP";"PT";"56";"3";"COMBUSTÍVEIS E LUBRIFICANTES.";"1";"Veículos Automotores";"POSTO DE SERVICOS MARAVILHA LTDA";"470.462.480/0015-7";"429564";"1";"2020-02-08T00:00:00";"124.01";"0";"124.01";"2";"2020";"0";"";"";"1678231";"";"";"";"974";"7018116";"https://www.camara.leg.br/cota-parlamentar/documentos/publ/974/2020/7018116.pdf"
"Arlindo Chinaglia";"";"73433";"336";"2019";"SP";"PT";"56";"3";"COMBUSTÍVEIS E LUBRIFICANTES.";"1";"Veículos Automotores";"POSTO E RESTAURANTE SÃO PAULO LTDA";"002.900.600/0019-6";"466004";"0";"2020-02-24T00:00:00";"50";"0";"50";"2";"2020";"0";"";"";"1691047";"";"";"";"974";"7045080";"https://www.camara.leg.br/cota-parlamentar/documentos/publ/974/2020/7045080.pdf"
"Arlindo Chinaglia";"";"73433";"336";"2019";"SP";"PT";"56";"3";"COMBUSTÍVEIS E LUBRIFICANTES.";"1";"Veículos Automotores";"POSTO FREGOLENTE";"491.265.270/0015-6";"106389";"1";"2020-02-14T00:00:00";"109.15";"0";"109.15";"2";"2020";"0";"";"";"1678231";"";"";"";"974";"7018137";"https://www.camara.leg.br/cota-parlamentar/documentos/publ/974/2020/7018137.pdf"
"Arlindo Chinaglia";"";"73433";"336";"2019";"SP";"PT";"56";"3";"COMBUSTÍVEIS E LUBRIFICANTES.";"1";"Veículos Automotores";"POSTO MONTE BELO LTDA";"484.576.260/0015-8";"085042";"0";"2020-02-08T00:00:00";"50";"0";"50";"2";"2020";"0";"";"";"1677637";"";"";"";"974";"7016803";"https://www.camara.leg.br/cota-parlamentar/documentos/publ/974/2020/7016803.pdf"
"Arlindo Chinaglia";"";"73433";"336";"2019";"SP";"PT";"56";"3";"COMBUSTÍVEIS E LUBRIFICANTES.";"1";"Veículos Automotores";"POSTO PARK SUL DERIVADOS DE PETROLEO LTDA";"128.567.940/0017-9";"551876";"4";"2020-02-11T00:00:00";"100";"0";"100";"2";"2020";"0";"";"";"1677556";"";"";"";"974";"7016586";"https://www.camara.leg.br/cota-parlamentar/nota-fiscal-eletronica?ideDocumentoFiscal=7016586"
"Arlindo Chinaglia";"";"73433";"336";"2019";"SP";"PT";"56";"3";"COMBUSTÍVEIS E LUBRIFICANTES.";"1";"Veículos Automotores";"POSTO PREMIER";"122.204.780/0010-6";"158947";"0";"2020-02-22T00:00:00";"50";"0";"50";"2";"2020";"0";"";"";"1691047";"";"";"";"974";"7045079";"https://www.camara.leg.br/cota-parlamentar/documentos/publ/974/2020/7045079.pdf"
"Arlindo Chinaglia";"";"73433";"336";"2019";"SP";"PT";"56";"3";"COMBUSTÍVEIS E LUBRIFICANTES.";"1";"Veículos Automotores";"QUALIPETRO";"047.047.870/0012-3";"235239";"0";"2020-12-18T00:00:00";"191.05";"0";"191.05";"12";"2020";"0";"";"";"1748382";"";"";"";"974";"7160532";"https://www.camara.leg.br/cota-parlamentar/documentos/publ/974/2021/7160532.pdf"
"Arlindo Chinaglia";"";"73433";"336";"2019";"SP";"PT";"56";"3";"COMBUSTÍVEIS E LUBRIFICANTES.";"1";"Veículos Automotores";"RENASCENÇA AUTO POSTO B4 LTDA";"165.852.100/0012-9";"757982";"1";"2020-02-01T00:00:00";"195.02";"0";"195.02";"2";"2020";"0";"";"";"1678231";"";"";"";"974";"7018133";"https://www.camara.leg.br/cota-parlamentar/documentos/publ/974/2020/7018133.pdf"
"Arlindo Chinaglia";"";"73433";"336";"2019";"SP";"PT";"56";"3";"COMBUSTÍVEIS E LUBRIFICANTES.";"1";"Veículos Automotores";"SAO ROQUE COMERCIO VAREJISTA DE COMBUSTIVEIS LTDA";"091.362.230/0015-5";"131884";"4";"2020-02-08T00:00:00";"90";"0";"90";"2";"2020";"0";"";"";"1677556";"";"";"";"974";"7016596";"https://www.camara.leg.br/cota-parlamentar/nota-fiscal-eletronica?ideDocumentoFiscal=7016596"
"Arlindo Chinaglia";"";"73433";"336";"2019";"SP";"PT";"56";"3";"COMBUSTÍVEIS E LUBRIFICANTES.";"1";"Veículos Automotores";"SAO ROQUE COMERCIO VAREJISTA DE COMBUSTIVEIS LTDA";"091.362.230/0015-5";"132841";"4";"2020-02-13T00:00:00";"243.41";"0";"243.41";"2";"2020";"0";"";"";"1682446";"";"";"";"974";"7026617";"https://www.camara.leg.br/cota-parlamentar/nota-fiscal-eletronica?ideDocumentoFiscal=7026617"
"Arlindo Chinaglia";"";"73433";"336";"2019";"SP";"PT";"56";"3";"COMBUSTÍVEIS E LUBRIFICANTES.";"1";"Veículos Automotores";"SAO ROQUE COMERCIO VAREJISTA DE COMBUSTIVEIS LTDA";"091.362.230/0015-5";"136668";"4";"2020-03-01T00:00:00";"214.05";"0";"214.05";"3";"2020";"0";"";"";"1682447";"";"";"";"974";"7026604";"https://www.camara.leg.br/cota-parlamentar/nota-fiscal-eletronica?ideDocumentoFiscal=7026604"
"Arlindo Chinaglia";"";"73433";"336";"2019";"SP";"PT";"56";"3";"COMBUSTÍVEIS E LUBRIFICANTES.";"1";"Veículos Automotores";"SERVICOS AUTOMOTIVOS SUPER LEGAL DA BELA VISTA LT";"090.915.530/0017-1";"111522";"0";"2020-10-06T00:00:00";"165.49";"0";"165.49";"10";"2020";"0";"";"";"1724096";"";"";"";"974";"7109376";"https://www.camara.leg.br/cota-parlamentar/documentos/publ/974/2020/7109376.pdf"
"Arlindo Chinaglia";"";"73433";"336";"2019";"SP";"PT";"56";"3";"COMBUSTÍVEIS E LUBRIFICANTES.";"1";"Veículos Automotores";"SERVICOS AUTOMOTIVOS SUPER LEGAL DA BELA VISTA LT";"090.915.530/0017-1";"116643";"0";"2020-11-02T00:00:00";"167";"0";"167";"11";"2020";"0";"";"";"1735656";"";"";"";"974";"7134205";"https://www.camara.leg.br/cota-parlamentar/documentos/publ/974/2020/7134205.pdf"
"Arlindo Chinaglia";"";"73433";"336";"2019";"SP";"PT";"56";"3";"COMBUSTÍVEIS E LUBRIFICANTES.";"1";"Veículos Automotores";"SERVICOS AUTOMOTIVOS SUPER LEGAL DA BELA VISTA LT";"090.915.530/0017-1";"739776";"0";"2020-09-30T00:00:00";"140";"0";"140";"9";"2020";"0";"";"";"1724090";"";"";"";"974";"7109367";"https://www.camara.leg.br/cota-parlamentar/documentos/publ/974/2020/7109367.pdf"
"Arlindo Chinaglia";"";"73433";"336";"2019";"SP";"PT";"56";"5";"DIVULGAÇÃO DA ATIVIDADE PARLAMENTAR.";"0";"";"LUIS FELIPE GABOARDI LINS 02708093177";"393.768.050/0017-0";"001973199";"0";"2020-12-28T00:00:00";"8000";"0";"8000";"12";"2020";"0";"";"";"1737910";"";"";"";"974";"7138413";"https://www.camara.leg.br/cota-parlamentar/documentos/publ/974/2021/7138413.pdf"
"Arlindo Chinaglia";"";"73433";"336";"2019";"SP";"PT";"56";"5";"DIVULGAÇÃO DA ATIVIDADE PARLAMENTAR.";"0";"";"WBL GRAFICA E EDITORA";"081.428.500/0013-6";"22480";"1";"2020-12-28T00:00:00";"51748";"0";"51748";"12";"2020";"0";"";"";"1739012";"";"";"";"974";"7141098";"https://www.camara.leg.br/cota-parlamentar/documentos/publ/974/2021/7141098.pdf"
"Arlindo Chinaglia";"";"73433";"336";"2019";"SP";"PT";"56";"5";"DIVULGAÇÃO DA ATIVIDADE PARLAMENTAR.";"0";"";"WBL GRAFICA E EDITORA";"081.428.500/0013-6";"22481";"0";"2020-12-28T00:00:00";"25696";"0";"25696";"12";"2020";"0";"";"";"1742966";"";"";"";"974";"7149483";"https://www.camara.leg.br/cota-parlamentar/documentos/publ/974/2021/7149483.pdf"
"Arlindo Chinaglia";"";"73433";"336";"2019";"SP";"PT";"56";"5";"DIVULGAÇÃO DA ATIVIDADE PARLAMENTAR.";"0";"";"WBL GRAFICA E EDITORA";"081.428.500/0013-6";"22482";"0";"2020-12-28T00:00:00";"25696";"0";"25696";"12";"2020";"0";"";"";"1752464";"";"";"";"974";"7167682";"https://www.camara.leg.br/cota-parlamentar/documentos/publ/974/2021/7167682.pdf"
"Arlindo Chinaglia";"";"73433";"336";"2019";"SP";"PT";"56";"5";"DIVULGAÇÃO DA ATIVIDADE PARLAMENTAR.";"0";"";"WBL GRAFICA E EDITORA";"081.428.500/0013-6";"22483";"1";"2020-12-28T00:00:00";"25696";"0";"25696";"12";"2020";"0";"";"";"1753386";"";"";"";"974";"7169566";"https://www.camara.leg.br/cota-parlamentar/documentos/publ/974/2021/7169566.pdf"
"Arlindo Chinaglia";"";"73433";"336";"2019";"SP";"PT";"56";"10";"TELEFONIA";"0";"";"Claro S.A - Embratel";"404.325.440/0014-7";"033892693";"0";"2020-07-10T00:00:00";"104.99";"0";"104.99";"7";"2020";"0";"";"";"1708202";"";"";"";"974";"7076697";"https://www.camara.leg.br/cota-parlamentar/documentos/publ/974/2020/7076697.pdf"
"Arlindo Chinaglia";"";"73433";"336";"2019";"SP";"PT";"56";"10";"TELEFONIA";"0";"";"Claro S/A";"404.325.440/4400-4";"0009100438";"0";"2020-10-26T00:00:00";"104.99";"0";"104.99";"10";"2020";"0";"";"";"1727712";"";"";"";"974";"7117614";"https://www.camara.leg.br/cota-parlamentar/documentos/publ/974/2020/7117614.pdf"
"Arlindo Chinaglia";"";"73433";"336";"2019";"SP";"PT";"56";"10";"TELEFONIA";"0";"";"Claro S/A";"404.325.440/4400-4";"033892693";"0";"2020-09-23T00:00:00";"73.09";"0";"73.09";"9";"2020";"0";"";"";"1732228";"";"";"";"974";"7127052";"https://www.camara.leg.br/cota-parlamentar/documentos/publ/974/2020/7127052.pdf"
"Arlindo Chinaglia";"";"73433";"336";"2019";"SP";"PT";"56";"10";"TELEFONIA";"0";"";"Telefônica Brasil S. A. VIVO";"025.581.570/0016-2";"00001112700715";"0";"2020-10-02T00:00:00";"644.52";"13.84";"630.68";"10";"2020";"0";"";"";"1724096";"";"";"";"974";"7109358";"https://www.camara.leg.br/cota-parlamentar/documentos/publ/974/2020/7109358.pdf"
"Arlindo Chinaglia";"";"73433";"336";"2019";"SP";"PT";"56";"10";"TELEFONIA";"0";"";"Telefônica Brasil S. A. VIVO";"025.581.570/0016-2";"10449518";"0";"2020-06-06T00:00:00";"643.43";"13.44";"629.99";"6";"2020";"0";"";"";"1702556";"";"";"";"974";"7065830";"https://www.camara.leg.br/cota-parlamentar/documentos/publ/974/2020/7065830.pdf"
"Arlindo Chinaglia";"";"73433";"336";"2019";"SP";"PT";"56";"10";"TELEFONIA";"0";"";"Telefônica Brasil S. A. VIVO";"025.581.570/0016-2";"10780007";"0";"2020-07-04T00:00:00";"629.99";"0";"629.99";"7";"2020";"0";"";"";"1706743";"";"";"";"974";"7073662";"https://www.camara.leg.br/cota-parlamentar/documentos/publ/974/2020/7073662.pdf"
"Arlindo Chinaglia";"";"73433";"336";"2019";"SP";"PT";"56";"10";"TELEFONIA";"0";"";"Telefônica Brasil S. A. VIVO";"025.581.570/0016-2";"10783579400";"0";"2020-06-03T00:00:00";"802";"17.5";"784.5";"6";"2020";"0";"";"";"1703411";"";"";"";"974";"7067374";"https://www.camara.leg.br/cota-parlamentar/documentos/publ/974/2020/7067374.pdf"
"Arlindo Chinaglia";"";"73433";"336";"2019";"SP";"PT";"56";"10";"TELEFONIA";"0";"";"Telefônica Brasil S. A. VIVO";"025.581.570/0016-2";"11109112";"0";"2020-08-04T00:00:00";"629.99";"0";"629.99";"8";"2020";"0";"";"";"1714288";"";"";"";"974";"7088806";"https://www.camara.leg.br/cota-parlamentar/documentos/publ/974/2020/7088806.pdf"
"Arlindo Chinaglia";"";"73433";"336";"2019";"SP";"PT";"56";"10";"TELEFONIA";"0";"";"Telefônica Brasil S. A. VIVO";"025.581.570/0016-2";"11502502";"0";"2020-09-04T00:00:00";"644.06";"14.07";"629.99";"9";"2020";"0";"";"";"1719422";"";"";"";"974";"7097547";"https://www.camara.leg.br/cota-parlamentar/documentos/publ/974/2020/7097547.pdf"
"Arlindo Chinaglia";"";"73433";"336";"2019";"SP";"PT";"56";"10";"TELEFONIA";"0";"";"Telefônica Brasil S. A. VIVO";"025.581.570/0016-2";"11521158390";"0";"2020-10-03T00:00:00";"853.5";"37.73";"815.77";"10";"2020";"0";"";"";"1724096";"";"";"";"974";"7109362";"https://www.camara.leg.br/cota-parlamentar/documentos/publ/974/2020/7109362.pdf"
"Arlindo Chinaglia";"";"73433";"336";"2019";"SP";"PT";"56";"10";"TELEFONIA";"0";"";"Telefônica Brasil S. A. VIVO";"025.581.570/0016-2";"149951394";"0";"2020-09-03T00:00:00";"804.11";"19.07";"785.04";"9";"2020";"0";"";"";"1719422";"";"";"";"974";"7099450";"https://www.camara.leg.br/cota-parlamentar/documentos/publ/974/2020/7099450.pdf"
"Arlindo Chinaglia";"";"73433";"336";"2019";"SP";"PT";"56";"10";"TELEFONIA";"0";"";"Telefônica Brasil S. A. VIVO";"025.581.570/0016-2";"166069120";"0";"2020-12-03T00:00:00";"853.12";"37.74";"815.38";"12";"2020";"0";"";"";"1737426";"";"";"";"974";"7137533";"https://www.camara.leg.br/cota-parlamentar/documentos/publ/974/2021/7137533.pdf"
"Arlindo Chinaglia";"";"73433";"336";"2019";"SP";"PT";"56";"10";"TELEFONIA";"0";"";"Telefônica Brasil S. A. VIVO";"025.581.570/0016-2";"2395635";"0";"2020-12-05T00:00:00";"644.25";"14.26";"629.99";"12";"2020";"0";"";"";"1737426";"";"";"";"974";"7137532";"https://www.camara.leg.br/cota-parlamentar/documentos/publ/974/2021/7137532.pdf"
"Arlindo Chinaglia";"";"73433";"336";"2019";"SP";"PT";"56";"10";"TELEFONIA";"0";"";"Telefônica Brasil S. A. VIVO  - Celulares";"025.581.570/0016-2";"138519752";"0";"2020-07-03T00:00:00";"802";"17.5";"784.5";"7";"2020";"0";"";"";"1710950";"";"";"";"974";"7081973";"https://www.camara.leg.br/cota-parlamentar/documentos/publ/974/2020/7081973.pdf"
"Arlindo Chinaglia";"";"73433";"336";"2019";"SP";"PT";"56";"10";"TELEFONIA";"0";"";"Telefônica Brasil S. A. VIVO/GVT";"025.581.570/0016-2";"11152833140";"0";"2020-08-03T00:00:00";"778.83";"0";"778.83";"8";"2020";"0";"";"";"1716304";"";"";"";"974";"7092557";"https://www.camara.leg.br/cota-parlamentar/documentos/publ/974/2020/7092557.pdf"
"Arlindo Chinaglia";"";"73433";"336";"2019";"SP";"PT";"56";"10";"TELEFONIA";"0";"";"Telefônica Brasil S. A. VIVO/GVT";"025.581.570/0016-2";"160948928";"0";"2020-11-03T01:00:00";"889.27";"17.64";"871.63";"11";"2020";"0";"";"";"1729855";"";"";"";"974";"7121415";"https://www.camara.leg.br/cota-parlamentar/documentos/publ/974/2020/7121415.pdf"
"Arlindo Chinaglia";"";"73433";"336";"2019";"SP";"PT";"56";"10";"TELEFONIA";"0";"";"Telefônica Brasil S. A. VIVO/GVT";"025.581.570/0016-2";"2115071";"0";"2020-11-02T01:00:00";"644.49";"14.5";"629.99";"11";"2020";"0";"";"";"1729855";"";"";"";"974";"7121422";"https://www.camara.leg.br/cota-parlamentar/documentos/publ/974/2020/7121422.pdf"
"Arlindo Chinaglia";"";"73433";"336";"2019";"SP";"PT";"56";"10";"TELEFONIA";"0";"";"TELEFÔNICA BRASIL S.A. VIVO";"025.581.570/0016-2";"0142030203";"0";"2020-01-04T00:00:00";"887.62";"17.69";"869.93";"1";"2020";"0";"";"";"1667520";"";"";"";"974";"6995588";"https://www.camara.leg.br/cota-parlamentar/documentos/publ/974/2020/6995588.pdf"
"Arlindo Chinaglia";"";"73433";"336";"2019";"SP";"PT";"56";"10";"TELEFONIA";"0";"";"Telefônica Brasil S.A. VIVO";"025.581.570/0016-2";"0142030203";"0";"2020-04-04T00:00:00";"628.23";"0";"628.23";"4";"2020";"0";"";"";"1695215";"";"";"";"974";"7052376";"https://www.camara.leg.br/cota-parlamentar/documentos/publ/974/2020/7052376.pdf"
"Arlindo Chinaglia";"";"73433";"336";"2019";"SP";"PT";"56";"10";"TELEFONIA";"0";"";"Telefônica Brasil S.A. VIVO";"025.581.570/0016-2";"10232013950";"1";"2020-03-03T00:00:00";"854.69";"21.6";"833.09";"3";"2020";"0";"";"";"1689762";"";"";"";"974";"7040741";"https://www.camara.leg.br/cota-parlamentar/documentos/publ/974/2020/7040741.pdf"
"Arlindo Chinaglia";"";"73433";"336";"2019";"SP";"PT";"56";"10";"TELEFONIA";"0";"";"Telefônica Brasil S.A. VIVO";"025.581.570/0016-2";"110571835-SP";"0";"2020-02-03T00:00:00";"820.94";"18.96";"801.98";"2";"2020";"0";"";"";"1678091";"";"";"";"974";"7017832";"https://www.camara.leg.br/cota-parlamentar/documentos/publ/974/2020/7017832.pdf"
"Arlindo Chinaglia";"";"73433";"336";"2019";"SP";"PT";"56";"10";"TELEFONIA";"0";"";"Telefônica Brasil S.A. VIVO";"025.581.570/0016-2";"125953607";"0";"2020-04-03T00:00:00";"843.61";"36.16";"807.45";"4";"2020";"0";"";"";"1695213";"";"";"";"974";"7052374";"https://www.camara.leg.br/cota-parlamentar/documentos/publ/974/2020/7052374.pdf"
"Arlindo Chinaglia";"";"73433";"336";"2019";"SP";"PT";"56";"10";"TELEFONIA";"0";"";"Telefônica Brasil S.A. VIVO";"025.581.570/0016-2";"9740362";"0";"2020-04-04T00:00:00";"629.99";"0";"629.99";"4";"2020";"0";"";"";"1692094";"";"";"";"974";"7046856";"https://www.camara.leg.br/cota-parlamentar/documentos/publ/974/2020/7046856.pdf"
"Arlindo Chinaglia";"";"73433";"336";"2019";"SP";"PT";"56";"10";"TELEFONIA";"0";"";"Telefônica Brasil S.A. VIVO/GVT";"025.581.570/0016-2";"104829171";"0";"2020-01-03T00:00:00";"863.23";"21.11";"842.12";"1";"2020";"0";"";"";"1673740";"";"";"";"974";"7009208";"https://www.camara.leg.br/cota-parlamentar/documentos/publ/974/2020/7009208.pdf"
"Arlindo Chinaglia";"";"73433";"336";"2019";"SP";"PT";"56";"10";"TELEFONIA";"0";"";"Telefônica Brasil S.A. VIVO/GVT";"025.581.570/0016-2";"9415301";"0";"2020-03-04T00:00:00";"629.99";"0";"629.99";"3";"2020";"0";"";"";"1689673";"";"";"";"974";"7042917";"https://www.camara.leg.br/cota-parlamentar/documentos/publ/974/2020/7042917.pdf"
"Arlindo Chinaglia";"";"73433";"336";"2019";"SP";"PT";"56";"10";"TELEFONIA";"0";"";"TIM Celular SA";"042.060.500/0018-0";"4312685343";"0";"2020-08-14T00:00:00";"194.52";"0";"194.52";"8";"2020";"0";"";"";"1719421";"";"";"";"974";"7097550";"https://www.camara.leg.br/cota-parlamentar/documentos/publ/974/2020/7097550.pdf"
"Arlindo Chinaglia";"";"73433";"336";"2019";"SP";"PT";"56";"10";"TELEFONIA";"0";"";"TIM S.A.";"024.214.210/0291-2";"000126948-BC";"0";"2020-10-14T00:00:00";"189.62";"3.54";"186.08";"10";"2020";"0";"";"";"1727712";"";"";"";"974";"7117620";"https://www.camara.leg.br/cota-parlamentar/documentos/publ/974/2020/7117620.pdf"
"Arlindo Chinaglia";"";"73433";"336";"2019";"SP";"PT";"56";"10";"TELEFONIA";"0";"";"TIM S.A.";"024.214.210/0291-2";"4390747451";"0";"2020-12-14T00:00:00";"186.08";"0";"186.08";"12";"2020";"0";"";"";"1740460";"";"";"";"974";"7144305";"https://www.camara.leg.br/cota-parlamentar/documentos/publ/974/2021/7144305.pdf"
"Arlindo Chinaglia";"";"73433";"336";"2019";"SP";"PT";"56";"10";"TELEFONIA";"0";"";"TIM S/A";"024.214.210/0011-1";"4253814570";"1";"2020-05-14T00:00:00";"172.79";"0";"172.79";"5";"2020";"0";"";"";"1702555";"";"";"";"974";"7065836";"https://www.camara.leg.br/cota-parlamentar/documentos/publ/974/2020/7065836.pdf"
"Arlindo Chinaglia";"";"73433";"336";"2019";"SP";"PT";"56";"10";"TELEFONIA";"0";"";"VIVO telefonica";"025.581.570/0016-2";"0142030203";"1";"2020-05-04T00:00:00";"629.99";"0";"629.99";"5";"2020";"0";"";"";"1700039";"";"";"";"974";"7061060";"https://www.camara.leg.br/cota-parlamentar/documentos/publ/974/2020/7061060.pdf"
"Arlindo Chinaglia";"";"73433";"336";"2019";"SP";"PT";"56";"10";"TELEFONIA";"0";"";"VIVO telefonica";"025.581.570/0016-2";"10599463130";"0";"2020-05-03T00:00:00";"801.97";"17.47";"784.5";"5";"2020";"0";"";"";"1700039";"";"";"";"974";"7061063";"https://www.camara.leg.br/cota-parlamentar/documentos/publ/974/2020/7061063.pdf"
"Arlindo Chinaglia";"";"73433";"336";"2019";"SP";"PT";"56";"11";"SERVIÇOS POSTAIS";"0";"";"TAM LINHAS AEREAS SA";"020.128.620/0113-1";"000452829";"0";"2020-08-26T00:00:00";"279";"0";"279";"8";"2020";"0";"";"";"1714288";"";"";"";"974";"7088789";"https://www.camara.leg.br/cota-parlamentar/documentos/publ/974/2020/7088789.pdf"
"Arlindo Chinaglia";"";"73433";"336";"2019";"SP";"PT";"56";"12";"ASSINATURA DE PUBLICAÇÕES";"0";"";"SEISELLES DISTRIBUIÇÃO E LOGÍSTICA EIRELI";"104.455.140/0010-4";"1518";"4";"2020-04-16T00:00:00";"1398.75";"0";"1398.75";"4";"2020";"0";"";"";"1692582";"";"";"";"974";"7047809";"https://www.camara.leg.br/cota-parlamentar/nota-fiscal-eletronica?ideDocumentoFiscal=7047809"
"Arlindo Chinaglia";"";"73433";"336";"2019";"SP";"PT";"56";"12";"ASSINATURA DE PUBLICAÇÕES";"0";"";"SEISELLES DISTRIBUIÇÃO E LOGÍSTICA EIRELI";"104.455.140/0010-4";"1529";"4";"2020-05-04T00:00:00";"1398.75";"0";"1398.75";"5";"2020";"0";"";"";"1697321";"";"";"";"974";"7056314";"https://www.camara.leg.br/cota-parlamentar/nota-fiscal-eletronica?ideDocumentoFiscal=7056314"
"Arlindo Chinaglia";"";"73433";"336";"2019";"SP";"PT";"56";"12";"ASSINATURA DE PUBLICAÇÕES";"0";"";"SEISELLES DISTRIBUIÇÃO E LOGÍSTICA EIRELI";"104.455.140/0010-4";"1559";"4";"2020-06-01T00:00:00";"709.69";"0";"709.69";"6";"2020";"0";"";"";"1703413";"";"";"";"974";"7067380";"https://www.camara.leg.br/cota-parlamentar/nota-fiscal-eletronica?ideDocumentoFiscal=7067380"
"Arlindo Chinaglia";"";"73433";"336";"2019";"SP";"PT";"56";"12";"ASSINATURA DE PUBLICAÇÕES";"0";"";"SEISELLES DISTRIBUIÇÃO E LOGÍSTICA EIRELI";"104.455.140/0010-4";"1663";"4";"2020-10-09T00:00:00";"720";"0";"720";"10";"2020";"0";"";"";"1724371";"";"";"";"974";"7110032";"https://www.camara.leg.br/cota-parlamentar/nota-fiscal-eletronica?ideDocumentoFiscal=7110032"
"Arlindo Chinaglia";"";"73433";"336";"2019";"SP";"PT";"56";"13";"FORNECIMENTO DE ALIMENTAÇÃO DO PARLAMENTAR";"0";"";"INTERNATIONAL MEAL COMPANY ALIMENTACAO S A";"173.143.290/0462-1";"277146";"4";"2020-02-13T00:00:00";"24.46";"0";"24.46";"2";"2020";"0";"";"";"1682576";"";"";"";"974";"7026630";"https://www.camara.leg.br/cota-parlamentar/nota-fiscal-eletronica?ideDocumentoFiscal=7026630"
"Arlindo Chinaglia";"";"73433";"336";"2019";"SP";"PT";"56";"13";"FORNECIMENTO DE ALIMENTAÇÃO DO PARLAMENTAR";"0";"";"SILT SELF SERVICE EIRELI ME";"072.867.310/0019-4";"26125";"4";"2020-03-03T00:00:00";"24.45";"0";"24.45";"3";"2020";"0";"";"";"1689453";"";"";"";"974";"7031024";"https://www.camara.leg.br/cota-parlamentar/nota-fiscal-eletronica?ideDocumentoFiscal=7031024"
"Arlindo Chinaglia";"";"73433";"336";"2019";"SP";"PT";"56";"13";"FORNECIMENTO DE ALIMENTAÇÃO DO PARLAMENTAR";"0";"";"SILT SELF SERVICE EIRELI ME";"072.867.310/0019-4";"37625";"4";"2020-02-11T00:00:00";"19.8";"0";"19.8";"2";"2020";"0";"";"";"1689451";"";"";"";"974";"7031018";"https://www.camara.leg.br/cota-parlamentar/nota-fiscal-eletronica?ideDocumentoFiscal=7031018"
"Arlindo Chinaglia";"";"73433";"336";"2019";"SP";"PT";"56";"13";"FORNECIMENTO DE ALIMENTAÇÃO DO PARLAMENTAR";"0";"";"SILT SELF SERVICE EIRELI ME";"072.867.310/0019-4";"41265";"4";"2020-02-06T00:00:00";"34.6";"0";"34.6";"2";"2020";"0";"";"";"1689451";"";"";"";"974";"7031015";"https://www.camara.leg.br/cota-parlamentar/nota-fiscal-eletronica?ideDocumentoFiscal=7031015"
"Arlindo Chinaglia";"";"73433";"336";"2019";"SP";"PT";"56";"13";"FORNECIMENTO DE ALIMENTAÇÃO DO PARLAMENTAR";"0";"";"SILT SELF SERVICE EIRELI ME";"072.867.310/0019-4";"42394";"4";"2020-03-02T00:00:00";"20.55";"0";"20.55";"3";"2020";"0";"";"";"1689453";"";"";"";"974";"7031019";"https://www.camara.leg.br/cota-parlamentar/nota-fiscal-eletronica?ideDocumentoFiscal=7031019"
"Arlindo Chinaglia";"";"73433";"336";"2019";"SP";"PT";"56";"14";"HOSPEDAGEM ,EXCETO DO PARLAMENTAR NO DISTRITO FEDERAL.";"0";"";"ARITUBA EMPREENDIMENTO TURISTICO LTDA";"407.668.260/0026-1";"0000094173";"0";"2020-01-10T00:00:00";"600";"0";"600";"1";"2020";"0";"";"";"1666884";"";"";"";"974";"6993936";"https://www.camara.leg.br/cota-parlamentar/documentos/publ/974/2020/6993936.pdf"
"Arlindo Chinaglia";"";"73433";"336";"2019";"SP";"PT";"56";"14";"HOSPEDAGEM ,EXCETO DO PARLAMENTAR NO DISTRITO FEDERAL.";"0";"";"ATIQUE HOTEIS LTDA EPP";"544.440.540/0017-5";"13465";"0";"2020-02-14T00:00:00";"114.5";"0";"114.5";"2";"2020";"0";"";"";"1678166";"";"";"";"974";"7017963";"https://www.camara.leg.br/cota-parlamentar/documentos/publ/974/2020/7017963.pdf"
"Arlindo Chinaglia";"";"73433";"336";"2019";"SP";"PT";"56";"14";"HOSPEDAGEM ,EXCETO DO PARLAMENTAR NO DISTRITO FEDERAL.";"0";"";"BAURU OFFICE HOTEL LTDA";"244.510.250/0017-0";"0000000058121";"1";"2020-02-29T00:00:00";"135";"0";"135";"2";"2020";"0";"";"";"1682666";"";"";"";"974";"7026969";"https://www.camara.leg.br/cota-parlamentar/documentos/publ/974/2020/7026969.pdf"
"Arlindo Chinaglia";"";"73433";"336";"2019";"SP";"PT";"56";"14";"HOSPEDAGEM ,EXCETO DO PARLAMENTAR NO DISTRITO FEDERAL.";"0";"";"CASARÃO FERNANDES EIRELI EPP";"220.059.880/0011-4";"11925";"0";"2020-02-28T00:00:00";"175";"0";"175";"2";"2020";"0";"";"";"1682666";"";"";"";"974";"7026982";"https://www.camara.leg.br/cota-parlamentar/documentos/publ/974/2020/7026982.pdf"
"Arlindo Chinaglia";"";"73433";"336";"2019";"SP";"PT";"56";"14";"HOSPEDAGEM ,EXCETO DO PARLAMENTAR NO DISTRITO FEDERAL.";"0";"";"MARIA CAROLINA LASSO DOS SANTOS EIRELLI - ME";"123.944.270/0010-9";"10188";"0";"2020-02-09T00:00:00";"89";"0";"89";"2";"2020";"0";"";"";"1678166";"";"";"";"974";"7017969";"https://www.camara.leg.br/cota-parlamentar/documentos/publ/974/2020/7017969.pdf"
"Arlindo Chinaglia";"";"73433";"336";"2019";"SP";"PT";"56";"120";"LOCAÇÃO OU FRETAMENTO DE VEÍCULOS AUTOMOTORES";"0";"";"CAPITAL ALUGUEL DE CARROS LTDA";"359.703.360/0016-1";"12";"4";"2020-08-25T00:00:00";"3200";"0";"3200";"6";"2020";"0";"";"";"1714287";"";"";"";"974";"7088794";"https://www.camara.leg.br/cota-parlamentar/nota-fiscal-eletronica?ideDocumentoFiscal=7088794"
"Arlindo Chinaglia";"";"73433";"336";"2019";"SP";"PT";"56";"120";"LOCAÇÃO OU FRETAMENTO DE VEÍCULOS AUTOMOTORES";"0";"";"CAPITAL ALUGUEL DE CARROS LTDA";"359.703.360/0016-1";"13";"4";"2020-08-25T00:00:00";"1066";"0";"1066";"7";"2020";"0";"";"";"1716717";"";"";"";"974";"7093438";"https://www.camara.leg.br/cota-parlamentar/nota-fiscal-eletronica?ideDocumentoFiscal=7093438"
"Arlindo Chinaglia";"";"73433";"336";"2019";"SP";"PT";"56";"120";"LOCAÇÃO OU FRETAMENTO DE VEÍCULOS AUTOMOTORES";"0";"";"CAPITAL ALUGUEL DE CARROS LTDA";"359.703.360/0016-1";"22";"4";"2020-12-10T00:00:00";"4200";"0";"4200";"9";"2020";"0";"";"";"1735652";"";"";"";"974";"7132023";"https://www.camara.leg.br/cota-parlamentar/nota-fiscal-eletronica?ideDocumentoFiscal=7132023"
"Arlindo Chinaglia";"";"73433";"336";"2019";"SP";"PT";"56";"120";"LOCAÇÃO OU FRETAMENTO DE VEÍCULOS AUTOMOTORES";"0";"";"CAPITAL ALUGUEL DE CARROS LTDA";"359.703.360/0016-1";"24";"4";"2020-12-14T01:00:00";"1260";"0";"1260";"10";"2020";"0";"";"";"1735655";"";"";"";"974";"7132026";"https://www.camara.leg.br/cota-parlamentar/nota-fiscal-eletronica?ideDocumentoFiscal=7132026"
"Arlindo Chinaglia";"";"73433";"336";"2019";"SP";"PT";"56";"120";"LOCAÇÃO OU FRETAMENTO DE VEÍCULOS AUTOMOTORES";"0";"";"CAPITAL ALUGUEL DE CARROS LTDA";"359.703.360/0016-1";"26";"4";"2020-12-31T00:00:00";"2500";"0";"2500";"12";"2020";"0";"";"";"1750907";"";"";"";"974";"7164547";"https://www.camara.leg.br/cota-parlamentar/nota-fiscal-eletronica?ideDocumentoFiscal=7164547"
"Arlindo Chinaglia";"";"73433";"336";"2019";"SP";"PT";"56";"120";"LOCAÇÃO OU FRETAMENTO DE VEÍCULOS AUTOMOTORES";"0";"";"CAPITAL ALUGUEL DE CARROS LTDA";"359.703.360/0016-1";"5";"4";"2020-05-19T00:00:00";"3200";"0";"3200";"3";"2020";"0";"";"";"1699777";"";"";"";"974";"7060595";"https://www.camara.leg.br/cota-parlamentar/nota-fiscal-eletronica?ideDocumentoFiscal=7060595"
"Arlindo Chinaglia";"";"73433";"336";"2019";"SP";"PT";"56";"120";"LOCAÇÃO OU FRETAMENTO DE VEÍCULOS AUTOMOTORES";"0";"";"CAPITAL ALUGUEL DE CARROS LTDA";"359.703.360/0016-1";"7";"4";"2020-06-02T00:00:00";"3200";"0";"3200";"4";"2020";"0";"";"";"1703416";"";"";"";"974";"7067376";"https://www.camara.leg.br/cota-parlamentar/nota-fiscal-eletronica?ideDocumentoFiscal=7067376"
"Arlindo Chinaglia";"";"73433";"336";"2019";"SP";"PT";"56";"120";"LOCAÇÃO OU FRETAMENTO DE VEÍCULOS AUTOMOTORES";"0";"";"CAPITAL ALUGUEL DE CARROS LTDA";"359.703.360/0016-1";"9";"4";"2020-06-10T00:00:00";"3200";"0";"3200";"5";"2020";"0";"";"";"1708201";"";"";"";"974";"7076684";"https://www.camara.leg.br/cota-parlamentar/nota-fiscal-eletronica?ideDocumentoFiscal=7076684"
"Arlindo Chinaglia";"";"73433";"336";"2019";"SP";"PT";"56";"120";"LOCAÇÃO OU FRETAMENTO DE VEÍCULOS AUTOMOTORES";"0";"";"INVESTCAR VEICULOS LTDA";"000.000.000/0001-0";"1514";"4";"2020-01-31T00:00:00";"3600";"0";"3600";"1";"2020";"0";"";"";"1670937";"";"";"";"974";"7002877";"https://www.camara.leg.br/cota-parlamentar/nota-fiscal-eletronica?ideDocumentoFiscal=7002877"
"Arlindo Chinaglia";"";"73433";"336";"2019";"SP";"PT";"56";"122";"SERVIÇO DE TÁXI, PEDÁGIO E ESTACIONAMENTO";"0";"";"AB TRIANGULO";"025.091.860/0013-4";"608020";"1";"2020-12-10T01:00:00";"14";"0";"14";"12";"2020";"0";"";"";"1735658";"";"";"";"974";"7134223";"https://www.camara.leg.br/cota-parlamentar/documentos/publ/974/2020/7134223.pdf"
"Arlindo Chinaglia";"";"73433";"336";"2019";"SP";"PT";"56";"122";"SERVIÇO DE TÁXI, PEDÁGIO E ESTACIONAMENTO";"0";"";"ALLPARK EMPREENDIMENTOS, PARTICIPAÇÕES E SERVIÇOS S.A";"605.372.630/3864-3";"00272494";"0";"2020-05-31T00:00:00";"583.33";"0";"583.33";"5";"2020";"0";"";"";"1703603";"";"";"";"974";"7067763";"https://www.camara.leg.br/cota-parlamentar/documentos/publ/974/2020/7067763.pdf"
"Arlindo Chinaglia";"";"73433";"336";"2019";"SP";"PT";"56";"122";"SERVIÇO DE TÁXI, PEDÁGIO E ESTACIONAMENTO";"0";"";"ALLPARK EMPREENDIMENTOS, PARTICIPAÇÕES E SERVIÇOS S.A";"605.372.630/3864-3";"00272642";"1";"2020-07-07T00:00:00";"416.67";"0";"416.67";"7";"2020";"0";"";"";"1708202";"";"";"";"974";"7076691";"https://www.camara.leg.br/cota-parlamentar/documentos/publ/974/2020/7076691.pdf"
"Arlindo Chinaglia";"";"73433";"336";"2019";"SP";"PT";"56";"122";"SERVIÇO DE TÁXI, PEDÁGIO E ESTACIONAMENTO";"0";"";"ALLPARK EMPREENDIMENTOS, PARTICIPAÇÕES E SERVIÇOS S.A";"605.372.630/3864-3";"00272765";"0";"2020-08-06T00:00:00";"500";"0";"500";"8";"2020";"0";"";"";"1712128";"";"";"";"974";"7084303";"https://www.camara.leg.br/cota-parlamentar/documentos/publ/974/2020/7084303.pdf"
"Arlindo Chinaglia";"";"73433";"336";"2019";"SP";"PT";"56";"122";"SERVIÇO DE TÁXI, PEDÁGIO E ESTACIONAMENTO";"0";"";"ALLPARK EMPREENDIMENTOS, PARTICIPAÇÕES E SERVIÇOS S.A";"605.372.630/3864-3";"00273199";"0";"2020-10-21T00:00:00";"500";"0";"500";"10";"2020";"0";"";"";"1726251";"";"";"";"974";"7113980";"https://www.camara.leg.br/cota-parlamentar/documentos/publ/974/2020/7113980.pdf"
"Arlindo Chinaglia";"";"73433";"336";"2019";"SP";"PT";"56";"122";"SERVIÇO DE TÁXI, PEDÁGIO E ESTACIONAMENTO";"0";"";"ALLPARK EMPREENDIMENTOS, PARTICIPAÇÕES E SERVIÇOS S.A";"605.372.630/3864-3";"00273338";"0";"2020-12-07T01:00:00";"500";"0";"500";"12";"2020";"0";"";"";"1732229";"";"";"";"974";"7127042";"https://www.camara.leg.br/cota-parlamentar/documentos/publ/974/2020/7127042.pdf"
"Arlindo Chinaglia";"";"73433";"336";"2019";"SP";"PT";"56";"122";"SERVIÇO DE TÁXI, PEDÁGIO E ESTACIONAMENTO";"0";"";"ALLPARK EMPREENDIMENTOS, PARTICIPAÇÕES E SERVIÇOS S.A";"605.372.630/3864-3";"00275765";"1";"2020-09-02T00:00:00";"500";"0";"500";"9";"2020";"0";"";"";"1715427";"";"";"";"974";"7090877";"https://www.camara.leg.br/cota-parlamentar/documentos/publ/974/2020/7090877.pdf"
"Arlindo Chinaglia";"";"73433";"336";"2019";"SP";"PT";"56";"122";"SERVIÇO DE TÁXI, PEDÁGIO E ESTACIONAMENTO";"0";"";"ASSOCIACAO DOS MOTORISTAS AUTON RADIO TAXI COMUM DE SP";"640.196.560/0013-9";"0848610139";"1";"2020-01-04T00:00:00";"36";"0";"36";"1";"2020";"0";"";"";"1678269";"";"";"";"974";"7018159";"https://www.camara.leg.br/cota-parlamentar/documentos/publ/974/2020/7018159.pdf"
"Arlindo Chinaglia";"";"73433";"336";"2019";"SP";"PT";"56";"122";"SERVIÇO DE TÁXI, PEDÁGIO E ESTACIONAMENTO";"0";"";"ASSOCIACAO DOS MOTORISTAS AUTON RADIO TAXI COMUM DE SP";"640.196.560/0013-9";"0848652616";"1";"2020-01-10T00:00:00";"44";"0";"44";"1";"2020";"0";"";"";"1678269";"";"";"";"974";"7018155";"https://www.camara.leg.br/cota-parlamentar/documentos/publ/974/2020/7018155.pdf"
"Arlindo Chinaglia";"";"73433";"336";"2019";"SP";"PT";"56";"122";"SERVIÇO DE TÁXI, PEDÁGIO E ESTACIONAMENTO";"0";"";"ASSOCIACAO DOS MOTORISTAS AUTON RADIO TAXI COMUM DE SP";"640.196.560/0013-9";"0848659777";"1";"2020-01-18T00:00:00";"45";"0";"45";"1";"2020";"0";"";"";"1678269";"";"";"";"974";"7018175";"https://www.camara.leg.br/cota-parlamentar/documentos/publ/974/2020/7018175.pdf"
"Arlindo Chinaglia";"";"73433";"336";"2019";"SP";"PT";"56";"122";"SERVIÇO DE TÁXI, PEDÁGIO E ESTACIONAMENTO";"0";"";"ASSOCIACAO DOS MOTORISTAS AUTON RADIO TAXI COMUM DE SP";"640.196.560/0013-9";"0848678154";"1";"2020-01-18T00:00:00";"35";"0";"35";"1";"2020";"0";"";"";"1678269";"";"";"";"974";"7018198";"https://www.camara.leg.br/cota-parlamentar/documentos/publ/974/2020/7018198.pdf"
"Arlindo Chinaglia";"";"73433";"336";"2019";"SP";"PT";"56";"122";"SERVIÇO DE TÁXI, PEDÁGIO E ESTACIONAMENTO";"0";"";"ASSOCIACAO DOS MOTORISTAS AUTON RADIO TAXI COMUM DE SP";"640.196.560/0013-9";"08486888812";"1";"2020-01-19T00:00:00";"43";"0";"43";"1";"2020";"0";"";"";"1678269";"";"";"";"974";"7018150";"https://www.camara.leg.br/cota-parlamentar/documentos/publ/974/2020/7018150.pdf"
"Arlindo Chinaglia";"";"73433";"336";"2019";"SP";"PT";"56";"122";"SERVIÇO DE TÁXI, PEDÁGIO E ESTACIONAMENTO";"0";"";"ASSOCIACAO DOS MOTORISTAS AUTON RADIO TAXI COMUM DE SP";"640.196.560/0013-9";"0848691269";"1";"2020-01-21T00:00:00";"29";"0";"29";"1";"2020";"0";"";"";"1678269";"";"";"";"974";"7018194";"https://www.camara.leg.br/cota-parlamentar/documentos/publ/974/2020/7018194.pdf"
"Arlindo Chinaglia";"";"73433";"336";"2019";"SP";"PT";"56";"122";"SERVIÇO DE TÁXI, PEDÁGIO E ESTACIONAMENTO";"0";"";"ASSOCIACAO DOS MOTORISTAS AUTON RADIO TAXI COMUM DE SP";"640.196.560/0013-9";"0848741802";"1";"2020-09-09T00:00:00";"50";"0";"50";"9";"2020";"0";"";"";"1720221";"";"";"";"974";"7100894";"https://www.camara.leg.br/cota-parlamentar/documentos/publ/974/2020/7100894.pdf"
"Arlindo Chinaglia";"";"73433";"336";"2019";"SP";"PT";"56";"122";"SERVIÇO DE TÁXI, PEDÁGIO E ESTACIONAMENTO";"0";"";"ASSOCIACAO DOS MOTORISTAS AUTON RADIO TAXI COMUM DE SP";"640.196.560/0013-9";"084878416";"1";"2020-09-06T00:00:00";"42";"0";"42";"9";"2020";"0";"";"";"1720221";"";"";"";"974";"7100895";"https://www.camara.leg.br/cota-parlamentar/documentos/publ/974/2020/7100895.pdf"
"Arlindo Chinaglia";"";"73433";"336";"2019";"SP";"PT";"56";"122";"SERVIÇO DE TÁXI, PEDÁGIO E ESTACIONAMENTO";"0";"";"ASSOCIACAO DOS MOTORISTAS AUTON RADIO TAXI COMUM DE SP";"640.196.560/0013-9";"2001081239";"1";"2020-01-08T00:00:00";"44";"0";"44";"1";"2020";"0";"";"";"1678269";"";"";"";"974";"7018186";"https://www.camara.leg.br/cota-parlamentar/documentos/publ/974/2020/7018186.pdf"
"Arlindo Chinaglia";"";"73433";"336";"2019";"SP";"PT";"56";"122";"SERVIÇO DE TÁXI, PEDÁGIO E ESTACIONAMENTO";"0";"";"ASSOCIACAO DOS MOTORISTAS AUTON RADIO TAXI COMUM DE SP";"640.196.560/0013-9";"2001101824";"1";"2020-01-10T00:00:00";"44";"0";"44";"1";"2020";"0";"";"";"1678269";"";"";"";"974";"7018192";"https://www.camara.leg.br/cota-parlamentar/documentos/publ/974/2020/7018192.pdf"
"Arlindo Chinaglia";"";"73433";"336";"2019";"SP";"PT";"56";"122";"SERVIÇO DE TÁXI, PEDÁGIO E ESTACIONAMENTO";"0";"";"AUTOPAR ESTACIONAMENTO EIRELI - ME";"032.366.380/0011-4";"00276775";"0";"2020-09-03T00:00:00";"30";"0";"30";"8";"2020";"0";"";"";"1720219";"";"";"";"974";"7100900";"https://www.camara.leg.br/cota-parlamentar/documentos/publ/974/2020/7100900.pdf"
"Arlindo Chinaglia";"";"73433";"336";"2019";"SP";"PT";"56";"122";"SERVIÇO DE TÁXI, PEDÁGIO E ESTACIONAMENTO";"0";"";"CENTRO DE GESTÃO DE MEIOS DE PGTO. LTDA. - SEM PARAR";"040.882.080/0016-5";"20151885988";"1";"2020-11-23T01:00:00";"182.06";"0";"182.06";"11";"2020";"0";"";"";"1729855";"";"";"";"974";"7121827";"https://www.camara.leg.br/cota-parlamentar/documentos/publ/974/2020/7121827.pdf"
"Arlindo Chinaglia";"";"73433";"336";"2019";"SP";"PT";"56";"122";"SERVIÇO DE TÁXI, PEDÁGIO E ESTACIONAMENTO";"0";"";"CENTRO DE GESTÃO DE MEIOS DE PGTO. LTDA. - SEM PARAR";"040.882.080/0016-5";"2016338520";"0";"2020-10-08T00:00:00";"30.49";"9";"21.49";"10";"2020";"0";"";"";"1730107";"";"";"";"974";"7120964";"https://www.camara.leg.br/cota-parlamentar/documentos/publ/974/2020/7120964.pdf"
"Arlindo Chinaglia";"";"73433";"336";"2019";"SP";"PT";"56";"122";"SERVIÇO DE TÁXI, PEDÁGIO E ESTACIONAMENTO";"0";"";"CENTRO DE GESTÃO DE MEIOS DE PGTO. LTDA. - SEM PARAR";"040.882.080/0016-5";"404540453";"0";"2020-03-07T00:00:00";"25.04";"0";"25.04";"3";"2020";"0";"";"";"1689670";"";"";"";"974";"7042907";"https://www.camara.leg.br/cota-parlamentar/documentos/publ/974/2020/7042907.pdf"
"Arlindo Chinaglia";"";"73433";"336";"2019";"SP";"PT";"56";"122";"SERVIÇO DE TÁXI, PEDÁGIO E ESTACIONAMENTO";"0";"";"CENTRO DE GESTÃO DE MEIOS DE PGTO. LTDA. - SEM PARAR";"040.882.080/0016-5";"424347632";"0";"2020-09-07T00:00:00";"224.96";"0";"224.96";"9";"2020";"0";"";"";"1729853";"";"";"";"974";"7120962";"https://www.camara.leg.br/cota-parlamentar/documentos/publ/974/2020/7120962.pdf"
"Arlindo Chinaglia";"";"73433";"336";"2019";"SP";"PT";"56";"122";"SERVIÇO DE TÁXI, PEDÁGIO E ESTACIONAMENTO";"0";"";"CONC. DE RODOVIAS MINAS GERAIS GOIAS S/A";"192.080.220/0017-0";"201297";"1";"2020-04-30T00:00:00";"6.9";"0";"6.9";"4";"2020";"0";"";"";"1696338";"";"";"";"974";"7054400";"https://www.camara.leg.br/cota-parlamentar/documentos/publ/974/2020/7054400.pdf"
"Arlindo Chinaglia";"";"73433";"336";"2019";"SP";"PT";"56";"122";"SERVIÇO DE TÁXI, PEDÁGIO E ESTACIONAMENTO";"0";"";"CONC. DE RODOVIAS MINAS GERAIS GOIAS S/A";"192.080.220/0017-0";"300325";"1";"2020-04-30T00:00:00";"5.2";"0";"5.2";"4";"2020";"0";"";"";"1696338";"";"";"";"974";"7054390";"https://www.camara.leg.br/cota-parlamentar/documentos/publ/974/2020/7054390.pdf"
"Arlindo Chinaglia";"";"73433";"336";"2019";"SP";"PT";"56";"122";"SERVIÇO DE TÁXI, PEDÁGIO E ESTACIONAMENTO";"0";"";"CONC. RODOVIAS DO INTERIOR PAULISTA S/A";"032.077.030/0018-3";"1731";"1";"2020-12-11T01:00:00";"8.1";"0";"8.1";"12";"2020";"0";"";"";"1735658";"";"";"";"974";"7134219";"https://www.camara.leg.br/cota-parlamentar/documentos/publ/974/2020/7134219.pdf"
"Arlindo Chinaglia";"";"73433";"336";"2019";"SP";"PT";"56";"122";"SERVIÇO DE TÁXI, PEDÁGIO E ESTACIONAMENTO";"0";"";"CONC. RODOVIAS DO INTERIOR PAULISTA S/A";"032.077.030/0018-3";"1770";"1";"2020-02-28T00:00:00";"3.5";"0";"3.5";"2";"2020";"0";"";"";"1691047";"";"";"";"974";"7045093";"https://www.camara.leg.br/cota-parlamentar/documentos/publ/974/2020/7045093.pdf"
"Arlindo Chinaglia";"";"73433";"336";"2019";"SP";"PT";"56";"122";"SERVIÇO DE TÁXI, PEDÁGIO E ESTACIONAMENTO";"0";"";"CONC. RODOVIAS DO INTERIOR PAULISTA S/A";"032.077.030/0018-3";"1851";"1";"2020-04-29T00:00:00";"7.9";"0";"7.9";"4";"2020";"0";"";"";"1696338";"";"";"";"974";"7054392";"https://www.camara.leg.br/cota-parlamentar/documentos/publ/974/2020/7054392.pdf"
"Arlindo Chinaglia";"";"73433";"336";"2019";"SP";"PT";"56";"122";"SERVIÇO DE TÁXI, PEDÁGIO E ESTACIONAMENTO";"0";"";"CONC. RODOVIAS DO INTERIOR PAULISTA S/A";"032.077.030/0018-3";"2253";"1";"2020-04-29T00:00:00";"7.9";"0";"7.9";"4";"2020";"0";"";"";"1696338";"";"";"";"974";"7054398";"https://www.camara.leg.br/cota-parlamentar/documentos/publ/974/2020/7054398.pdf"
"Arlindo Chinaglia";"";"73433";"336";"2019";"SP";"PT";"56";"122";"SERVIÇO DE TÁXI, PEDÁGIO E ESTACIONAMENTO";"0";"";"CONC. RODOVIAS DO INTERIOR PAULISTA S/A";"032.077.030/0018-3";"8168";"1";"2020-12-11T01:00:00";"8.1";"0";"8.1";"12";"2020";"0";"";"";"1735658";"";"";"";"974";"7134226";"https://www.camara.leg.br/cota-parlamentar/documentos/publ/974/2020/7134226.pdf"
"Arlindo Chinaglia";"";"73433";"336";"2019";"SP";"PT";"56";"122";"SERVIÇO DE TÁXI, PEDÁGIO E ESTACIONAMENTO";"0";"";"CONC. SISTEMA ANHANGUERA-BANDEIRANTES S/A";"024.518.480/0016-2";"166773";"1";"2020-03-01T00:00:00";"9.5";"0";"9.5";"3";"2020";"0";"";"";"1691048";"";"";"";"974";"7045103";"https://www.camara.leg.br/cota-parlamentar/documentos/publ/974/2020/7045103.pdf"
"Arlindo Chinaglia";"";"73433";"336";"2019";"SP";"PT";"56";"122";"SERVIÇO DE TÁXI, PEDÁGIO E ESTACIONAMENTO";"0";"";"CONC. SISTEMA ANHANGUERA-BANDEIRANTES S/A";"024.518.480/0016-2";"166989";"1";"2020-02-28T00:00:00";"8.4";"0";"8.4";"2";"2020";"0";"";"";"1691047";"";"";"";"974";"7045088";"https://www.camara.leg.br/cota-parlamentar/documentos/publ/974/2020/7045088.pdf"
"Arlindo Chinaglia";"";"73433";"336";"2019";"SP";"PT";"56";"122";"SERVIÇO DE TÁXI, PEDÁGIO E ESTACIONAMENTO";"0";"";"CONC. SISTEMA ANHANGUERA-BANDEIRANTES S/A";"024.518.480/0016-2";"172474";"1";"2020-02-27T00:00:00";"6.4";"0";"6.4";"2";"2020";"0";"";"";"1691047";"";"";"";"974";"7045097";"https://www.camara.leg.br/cota-parlamentar/documentos/publ/974/2020/7045097.pdf"
"Arlindo Chinaglia";"";"73433";"336";"2019";"SP";"PT";"56";"122";"SERVIÇO DE TÁXI, PEDÁGIO E ESTACIONAMENTO";"0";"";"CONC. SISTEMA ANHANGUERA-BANDEIRANTES S/A";"024.518.480/0016-2";"174926";"1";"2020-12-11T01:00:00";"9.8";"0";"9.8";"12";"2020";"0";"";"";"1735658";"";"";"";"974";"7134225";"https://www.camara.leg.br/cota-parlamentar/documentos/publ/974/2020/7134225.pdf"
"Arlindo Chinaglia";"";"73433";"336";"2019";"SP";"PT";"56";"122";"SERVIÇO DE TÁXI, PEDÁGIO E ESTACIONAMENTO";"0";"";"CONC. SISTEMA ANHANGUERA-BANDEIRANTES S/A";"024.518.480/0016-2";"175485";"1";"2020-04-29T00:00:00";"9.6";"0";"9.6";"4";"2020";"0";"";"";"1696338";"";"";"";"974";"7054399";"https://www.camara.leg.br/cota-parlamentar/documentos/publ/974/2020/7054399.pdf"
"Arlindo Chinaglia";"";"73433";"336";"2019";"SP";"PT";"56";"122";"SERVIÇO DE TÁXI, PEDÁGIO E ESTACIONAMENTO";"0";"";"CONC. SISTEMA ANHANGUERA-BANDEIRANTES S/A";"024.518.480/0016-2";"176277";"1";"2020-01-28T00:00:00";"9.5";"0";"9.5";"1";"2020";"0";"";"";"1673759";"";"";"";"974";"7009222";"https://www.camara.leg.br/cota-parlamentar/documentos/publ/974/2020/7009222.pdf"
"Arlindo Chinaglia";"";"73433";"336";"2019";"SP";"PT";"56";"122";"SERVIÇO DE TÁXI, PEDÁGIO E ESTACIONAMENTO";"0";"";"CONC. SISTEMA ANHANGUERA-BANDEIRANTES S/A";"024.518.480/0016-2";"176749";"1";"2020-01-28T00:00:00";"9.6";"0";"9.6";"1";"2020";"0";"";"";"1673759";"";"";"";"974";"7009221";"https://www.camara.leg.br/cota-parlamentar/documentos/publ/974/2020/7009221.pdf"
"Arlindo Chinaglia";"";"73433";"336";"2019";"SP";"PT";"56";"122";"SERVIÇO DE TÁXI, PEDÁGIO E ESTACIONAMENTO";"0";"";"CONC. SISTEMA ANHANGUERA-BANDEIRANTES S/A";"024.518.480/0016-2";"177481";"1";"2020-02-28T00:00:00";"6.4";"0";"6.4";"2";"2020";"0";"";"";"1691047";"";"";"";"974";"7045091";"https://www.camara.leg.br/cota-parlamentar/documentos/publ/974/2020/7045091.pdf"
"Arlindo Chinaglia";"";"73433";"336";"2019";"SP";"PT";"56";"122";"SERVIÇO DE TÁXI, PEDÁGIO E ESTACIONAMENTO";"0";"";"CONC. SISTEMA ANHANGUERA-BANDEIRANTES S/A";"024.518.480/0016-2";"178364";"1";"2020-03-01T00:00:00";"9.6";"0.1";"9.5";"3";"2020";"0";"";"";"1691047";"";"";"";"974";"7045101";"https://www.camara.leg.br/cota-parlamentar/documentos/publ/974/2020/7045101.pdf"
"Arlindo Chinaglia";"";"73433";"336";"2019";"SP";"PT";"56";"122";"SERVIÇO DE TÁXI, PEDÁGIO E ESTACIONAMENTO";"0";"";"CONC. SISTEMA ANHANGUERA-BANDEIRANTES S/A";"024.518.480/0016-2";"181699";"1";"2020-04-29T00:00:00";"9.5";"0";"9.5";"4";"2020";"0";"";"";"1696338";"";"";"";"974";"7054402";"https://www.camara.leg.br/cota-parlamentar/documentos/publ/974/2020/7054402.pdf"
"Arlindo Chinaglia";"";"73433";"336";"2019";"SP";"PT";"56";"122";"SERVIÇO DE TÁXI, PEDÁGIO E ESTACIONAMENTO";"0";"";"CONC. SISTEMA ANHANGUERA-BANDEIRANTES S/A";"024.518.480/0016-2";"183471";"1";"2020-04-29T00:00:00";"8.4";"0";"8.4";"4";"2020";"0";"";"";"1696338";"";"";"";"974";"7054401";"https://www.camara.leg.br/cota-parlamentar/documentos/publ/974/2020/7054401.pdf"
"Arlindo Chinaglia";"";"73433";"336";"2019";"SP";"PT";"56";"122";"SERVIÇO DE TÁXI, PEDÁGIO E ESTACIONAMENTO";"0";"";"CONC. SISTEMA ANHANGUERA-BANDEIRANTES S/A";"024.518.480/0016-2";"183935";"1";"2020-02-27T00:00:00";"9.5";"0";"9.5";"2";"2020";"0";"";"";"1691047";"";"";"";"974";"7045099";"https://www.camara.leg.br/cota-parlamentar/documentos/publ/974/2020/7045099.pdf"
"Arlindo Chinaglia";"";"73433";"336";"2019";"SP";"PT";"56";"122";"SERVIÇO DE TÁXI, PEDÁGIO E ESTACIONAMENTO";"0";"";"CONC. SISTEMA ANHANGUERA-BANDEIRANTES S/A";"024.518.480/0016-2";"184206";"1";"2020-02-27T00:00:00";"8.4";"0";"8.4";"2";"2020";"0";"";"";"1691047";"";"";"";"974";"7045095";"https://www.camara.leg.br/cota-parlamentar/documentos/publ/974/2020/7045095.pdf"
"Arlindo Chinaglia";"";"73433";"336";"2019";"SP";"PT";"56";"122";"SERVIÇO DE TÁXI, PEDÁGIO E ESTACIONAMENTO";"0";"";"CONC. SISTEMA ANHANGUERA-BANDEIRANTES S/A";"024.518.480/0016-2";"185450";"1";"2020-12-11T01:00:00";"9.7";"0";"9.7";"12";"2020";"0";"";"";"1735658";"";"";"";"974";"7134217";"https://www.camara.leg.br/cota-parlamentar/documentos/publ/974/2020/7134217.pdf"
"Arlindo Chinaglia";"";"73433";"336";"2019";"SP";"PT";"56";"122";"SERVIÇO DE TÁXI, PEDÁGIO E ESTACIONAMENTO";"0";"";"CONC. SISTEMA ANHANGUERA-BANDEIRANTES S/A";"024.518.480/0016-2";"185856";"1";"2020-04-29T00:00:00";"6.4";"0";"6.4";"4";"2020";"0";"";"";"1696338";"";"";"";"974";"7054393";"https://www.camara.leg.br/cota-parlamentar/documentos/publ/974/2020/7054393.pdf"
"Arlindo Chinaglia";"";"73433";"336";"2019";"SP";"PT";"56";"122";"SERVIÇO DE TÁXI, PEDÁGIO E ESTACIONAMENTO";"0";"";"CONC. SISTEMA ANHANGUERA-BANDEIRANTES S/A";"024.518.480/0016-2";"199782";"1";"2020-12-11T01:00:00";"8.6";"0";"8.6";"12";"2020";"0";"";"";"1735658";"";"";"";"974";"7134222";"https://www.camara.leg.br/cota-parlamentar/documentos/publ/974/2020/7134222.pdf"
"Arlindo Chinaglia";"";"73433";"336";"2019";"SP";"PT";"56";"122";"SERVIÇO DE TÁXI, PEDÁGIO E ESTACIONAMENTO";"0";"";"CONCEBRA - CONCESSIONARIA DAS RODOVIAS CENTRAIS DO BRASIL S.A.";"185.722.250/0018-8";"2704";"1";"2020-05-07T00:00:00";"4.6";"0";"4.6";"5";"2020";"0";"";"";"1696342";"";"";"";"974";"7054396";"https://www.camara.leg.br/cota-parlamentar/documentos/publ/974/2020/7054396.pdf"
"Arlindo Chinaglia";"";"73433";"336";"2019";"SP";"PT";"56";"122";"SERVIÇO DE TÁXI, PEDÁGIO E ESTACIONAMENTO";"0";"";"CONCEBRA - CONCESSIONARIA DAS RODOVIAS CENTRAIS DO BRASIL S.A.";"185.722.250/0018-8";"3834";"1";"2020-05-07T00:00:00";"3.3";"0";"3.3";"5";"2020";"0";"";"";"1696342";"";"";"";"974";"7054394";"https://www.camara.leg.br/cota-parlamentar/documentos/publ/974/2020/7054394.pdf"
"Arlindo Chinaglia";"";"73433";"336";"2019";"SP";"PT";"56";"122";"SERVIÇO DE TÁXI, PEDÁGIO E ESTACIONAMENTO";"0";"";"CONCESSIONARIA BR-040 S.A.";"197.260.480/0010-0";"k56i4jkrg3jb";"1";"2020-04-30T00:00:00";"5.3";"0";"5.3";"4";"2020";"0";"";"";"1696338";"";"";"";"974";"7054389";"https://www.camara.leg.br/cota-parlamentar/documentos/publ/974/2020/7054389.pdf"
"Arlindo Chinaglia";"";"73433";"336";"2019";"SP";"PT";"56";"122";"SERVIÇO DE TÁXI, PEDÁGIO E ESTACIONAMENTO";"0";"";"COND. SÃO LUIZ";"605.372.630/3929-1";"00011300169667";"1";"2020-01-16T00:00:00";"17";"0";"17";"1";"2020";"0";"";"";"1678281";"";"";"";"974";"7018231";"https://www.camara.leg.br/cota-parlamentar/documentos/publ/974/2020/7018231.pdf"
"Arlindo Chinaglia";"";"73433";"336";"2019";"SP";"PT";"56";"122";"SERVIÇO DE TÁXI, PEDÁGIO E ESTACIONAMENTO";"0";"";"COOPERATIVA MISTA DE TRABALHO DOS MOTORISTAS AUTONOMOS DE TAXI ESPECIAL DE SP";"465.539.470/0012-0";"0848630136";"1";"2020-03-05T00:00:00";"44";"0";"44";"3";"2020";"0";"";"";"1691048";"";"";"";"974";"7045084";"https://www.camara.leg.br/cota-parlamentar/documentos/publ/974/2020/7045084.pdf"
"Arlindo Chinaglia";"";"73433";"336";"2019";"SP";"PT";"56";"122";"SERVIÇO DE TÁXI, PEDÁGIO E ESTACIONAMENTO";"0";"";"COOPERATIVA MISTA DE TRABALHO DOS MOTORISTAS AUTONOMOS DE TAXI ESPECIAL DE SP";"465.539.470/0012-0";"sn";"1";"2020-02-26T00:00:00";"44";"0";"44";"2";"2020";"0";"";"";"1682667";"";"";"";"974";"7027049";"https://www.camara.leg.br/cota-parlamentar/documentos/publ/974/2020/7027049.pdf"
"Arlindo Chinaglia";"";"73433";"336";"2019";"SP";"PT";"56";"122";"SERVIÇO DE TÁXI, PEDÁGIO E ESTACIONAMENTO";"0";"";"COOPERATIVA MISTA DE TRABALHO DOS MOTORISTAS AUTONOMOS DE TAXI ESPECIAL DE SP";"465.539.470/0012-0";"sn";"1";"2020-03-02T00:00:00";"39";"0";"39";"3";"2020";"0";"";"";"1682669";"";"";"";"974";"7027050";"https://www.camara.leg.br/cota-parlamentar/documentos/publ/974/2020/7027050.pdf"
"Arlindo Chinaglia";"";"73433";"336";"2019";"SP";"PT";"56";"122";"SERVIÇO DE TÁXI, PEDÁGIO E ESTACIONAMENTO";"0";"";"ENTREVIAS";"266.640.570/0018-9";"100941";"1";"2020-04-29T00:00:00";"11.9";"0";"11.9";"4";"2020";"0";"";"";"1696339";"";"";"";"974";"7054406";"https://www.camara.leg.br/cota-parlamentar/documentos/publ/974/2020/7054406.pdf"
"Arlindo Chinaglia";"";"73433";"336";"2019";"SP";"PT";"56";"122";"SERVIÇO DE TÁXI, PEDÁGIO E ESTACIONAMENTO";"0";"";"ENTREVIAS";"266.640.570/0018-9";"200908";"1";"2020-04-29T00:00:00";"9.8";"0";"9.8";"4";"2020";"0";"";"";"1696338";"";"";"";"974";"7054403";"https://www.camara.leg.br/cota-parlamentar/documentos/publ/974/2020/7054403.pdf"
"Arlindo Chinaglia";"";"73433";"336";"2019";"SP";"PT";"56";"122";"SERVIÇO DE TÁXI, PEDÁGIO E ESTACIONAMENTO";"0";"";"estacionamentos trevo";"463.815.210/0854-5";"0092234";"1";"2020-01-23T00:00:00";"25";"0";"25";"1";"2020";"0";"";"";"1678281";"";"";"";"974";"7018221";"https://www.camara.leg.br/cota-parlamentar/documentos/publ/974/2020/7018221.pdf"
"Arlindo Chinaglia";"";"73433";"336";"2019";"SP";"PT";"56";"122";"SERVIÇO DE TÁXI, PEDÁGIO E ESTACIONAMENTO";"0";"";"estacionamentos trevo";"463.815.210/0854-5";"00993310";"1";"2020-02-13T00:00:00";"25";"0";"25";"2";"2020";"0";"";"";"1678282";"";"";"";"974";"7018236";"https://www.camara.leg.br/cota-parlamentar/documentos/publ/974/2020/7018236.pdf"
"Arlindo Chinaglia";"";"73433";"336";"2019";"SP";"PT";"56";"122";"SERVIÇO DE TÁXI, PEDÁGIO E ESTACIONAMENTO";"0";"";"HOSPITAL SÍRIO LIBANEZ ESTACIONAMENTO";"868.622.080/2156-6";"000005807";"0";"2020-08-17T00:00:00";"44";"0";"44";"8";"2020";"0";"";"";"1720219";"";"";"";"974";"7100878";"https://www.camara.leg.br/cota-parlamentar/documentos/publ/974/2020/7100878.pdf"
"Arlindo Chinaglia";"";"73433";"336";"2019";"SP";"PT";"56";"122";"SERVIÇO DE TÁXI, PEDÁGIO E ESTACIONAMENTO";"0";"";"PARK 777 LTDA";"190.595.560/0018-1";"97223";"1";"2020-01-16T00:00:00";"25";"0";"25";"1";"2020";"0";"";"";"1678281";"";"";"";"974";"7018224";"https://www.camara.leg.br/cota-parlamentar/documentos/publ/974/2020/7018224.pdf"
"Arlindo Chinaglia";"";"73433";"336";"2019";"SP";"PT";"56";"122";"SERVIÇO DE TÁXI, PEDÁGIO E ESTACIONAMENTO";"0";"";"PORTO PARK LTDA ME";"179.323.470/0025-6";"0027841";"1";"2020-01-22T00:00:00";"20";"0";"20";"1";"2020";"0";"";"";"1678281";"";"";"";"974";"7018214";"https://www.camara.leg.br/cota-parlamentar/documentos/publ/974/2020/7018214.pdf"
"Arlindo Chinaglia";"";"73433";"336";"2019";"SP";"PT";"56";"122";"SERVIÇO DE TÁXI, PEDÁGIO E ESTACIONAMENTO";"0";"";"VIAPAULISTA S/A";"280.191.000/0018-9";"26973";"1";"2020-04-29T00:00:00";"7.3";"0";"7.3";"4";"2020";"0";"";"";"1696339";"";"";"";"974";"7054404";"https://www.camara.leg.br/cota-parlamentar/documentos/publ/974/2020/7054404.pdf"
"Arlindo Chinaglia";"";"73433";"336";"2019";"SP";"PT";"56";"122";"SERVIÇO DE TÁXI, PEDÁGIO E ESTACIONAMENTO";"0";"";"VIAPAULISTA S/A";"280.191.000/0018-9";"36672";"1";"2020-12-11T01:00:00";"7.5";"0";"7.5";"12";"2020";"0";"";"";"1735658";"";"";"";"974";"7134224";"https://www.camara.leg.br/cota-parlamentar/documentos/publ/974/2020/7134224.pdf"
"Celso Russomanno";"";"73441";"347";"2019";"SP";"REPUBLICANOS";"56";"1";"MANUTENÇÃO DE ESCRITÓRIO DE APOIO À ATIVIDADE PARLAMENTAR";"0";"";"CARREFOUR COM. E IND. LTDA";"455.439.150/2770-5";"477779";"4";"2020-02-16T00:00:00";"59.97";"0";"59.97";"2";"2020";"0";"";"";"1683195";"";"";"";"993";"7029252";"https://www.camara.leg.br/cota-parlamentar/nota-fiscal-eletronica?ideDocumentoFiscal=7029252"
"Celso Russomanno";"";"73441";"347";"2019";"SP";"REPUBLICANOS";"56";"1";"MANUTENÇÃO DE ESCRITÓRIO DE APOIO À ATIVIDADE PARLAMENTAR";"0";"";"ENEL";"075.235.550/0016-7";"184366694";"0";"2020-01-14T00:00:00";"211.67";"0";"211.67";"1";"2020";"0";"";"";"1672468";"";"";"";"993";"7006102";"https://www.camara.leg.br/cota-parlamentar/documentos/publ/993/2020/7006102.pdf"
"Celso Russomanno";"";"73441";"347";"2019";"SP";"REPUBLICANOS";"56";"1";"MANUTENÇÃO DE ESCRITÓRIO DE APOIO À ATIVIDADE PARLAMENTAR";"0";"";"ENEL - Eletropaulo";"616.952.270/0019-3";"264156734";"0";"2020-11-07T00:00:00";"232.48";"0";"232.48";"11";"2020";"0";"";"";"1742566";"";"";"";"993";"7148609";"https://www.camara.leg.br/cota-parlamentar/documentos/publ/993/2021/7148609.pdf"
"Celso Russomanno";"";"73441";"347";"2019";"SP";"REPUBLICANOS";"56";"1";"MANUTENÇÃO DE ESCRITÓRIO DE APOIO À ATIVIDADE PARLAMENTAR";"0";"";"ENEL - Eletropaulo";"616.952.270/0019-3";"272262478";"0";"2020-12-09T00:00:00";"232.52";"0";"232.52";"12";"2020";"0";"";"";"1742571";"";"";"";"993";"7148666";"https://www.camara.leg.br/cota-parlamentar/documentos/publ/993/2021/7148666.pdf"
"Celso Russomanno";"";"73441";"347";"2019";"SP";"REPUBLICANOS";"56";"1";"MANUTENÇÃO DE ESCRITÓRIO DE APOIO À ATIVIDADE PARLAMENTAR";"0";"";"KALUNGA COMERCIO E INDUSTRIA GRAFICA LTDA";"432.838.110/0031-1";"332166";"0";"2020-02-03T00:00:00";"307.7";"0";"307.7";"2";"2020";"0";"";"";"1682957";"";"";"";"993";"7026640";"https://www.camara.leg.br/cota-parlamentar/documentos/publ/993/2020/7026640.pdf"
"Celso Russomanno";"";"73441";"347";"2019";"SP";"REPUBLICANOS";"56";"1";"MANUTENÇÃO DE ESCRITÓRIO DE APOIO À ATIVIDADE PARLAMENTAR";"0";"";"RPY COMÉRCIO DE MATERIAIS DE PRODUTOS DE LIMPEZA - ME";"083.250.710/0017-6";"00239";"0";"2020-02-05T00:00:00";"13";"0";"13";"2";"2020";"0";"";"";"1672644";"";"";"";"993";"7006570";"https://www.camara.leg.br/cota-parlamentar/documentos/publ/993/2020/7006570.pdf"
"Celso Russomanno";"";"73441";"347";"2019";"SP";"REPUBLICANOS";"56";"1";"MANUTENÇÃO DE ESCRITÓRIO DE APOIO À ATIVIDADE PARLAMENTAR";"0";"";"SABESP";"437.765.170/0018-0";"1481007131881";"0";"2020-01-22T00:00:00";"105.66";"0";"105.66";"1";"2020";"0";"";"";"1682849";"";"";"";"993";"7027540";"https://www.camara.leg.br/cota-parlamentar/documentos/publ/993/2020/7027540.pdf"
"Celso Russomanno";"";"73441";"347";"2019";"SP";"REPUBLICANOS";"56";"1";"MANUTENÇÃO DE ESCRITÓRIO DE APOIO À ATIVIDADE PARLAMENTAR";"0";"";"SABESP";"437.765.170/0018-0";"1484007131881";"0";"2020-04-23T00:00:00";"105.66";"0";"105.66";"4";"2020";"0";"";"";"1695852";"";"";"";"993";"7053495";"https://www.camara.leg.br/cota-parlamentar/documentos/publ/993/2020/7053495.pdf"
"Celso Russomanno";"";"73441";"347";"2019";"SP";"REPUBLICANOS";"56";"1";"MANUTENÇÃO DE ESCRITÓRIO DE APOIO À ATIVIDADE PARLAMENTAR";"0";"";"SABESP";"437.765.170/0018-0";"1491007131881";"0";"2020-12-03T00:00:00";"109.27";"0";"109.27";"11";"2020";"0";"";"";"1742566";"";"";"";"993";"7148750";"https://www.camara.leg.br/cota-parlamentar/documentos/publ/993/2021/7148750.pdf"
"Celso Russomanno";"";"73441";"347";"2019";"SP";"REPUBLICANOS";"56";"3";"COMBUSTÍVEIS E LUBRIFICANTES.";"1";"Veículos Automotores";"ANUBIS SERVICOS AUTOMOTIVOS LTDA";"087.407.420/0016-5";"165302";"0";"2020-04-13T00:00:00";"200";"0";"200";"4";"2020";"0";"";"";"1692630";"";"";"";"993";"7047905";"https://www.camara.leg.br/cota-parlamentar/documentos/publ/993/2020/7047905.pdf"
"Celso Russomanno";"";"73441";"347";"2019";"SP";"REPUBLICANOS";"56";"3";"COMBUSTÍVEIS E LUBRIFICANTES.";"1";"Veículos Automotores";"ANUBIS SERVICOS AUTOMOTIVOS LTDA";"087.407.420/0016-5";"237562";"0";"2020-12-08T00:00:00";"300";"0";"300";"12";"2020";"0";"";"";"1742569";"";"";"";"993";"7147626";"https://www.camara.leg.br/cota-parlamentar/documentos/publ/993/2021/7147626.pdf"
"Celso Russomanno";"";"73441";"347";"2019";"SP";"REPUBLICANOS";"56";"3";"COMBUSTÍVEIS E LUBRIFICANTES.";"1";"Veículos Automotores";"APLAUSO AUTO POSTO LT";"000.169.660/0011-7";"028927";"0";"2020-12-15T00:00:00";"200";"0";"200";"12";"2020";"0";"";"";"1742570";"";"";"";"993";"7148277";"https://www.camara.leg.br/cota-parlamentar/documentos/publ/993/2021/7148277.pdf"
"Celso Russomanno";"";"73441";"347";"2019";"SP";"REPUBLICANOS";"56";"3";"COMBUSTÍVEIS E LUBRIFICANTES.";"1";"Veículos Automotores";"ARUJA CENTRO AUTOMOTIVO LTDA";"049.788.030/0017-6";"110369";"0";"2020-03-25T00:00:00";"100";"0";"100";"3";"2020";"0";"";"";"1692627";"";"";"";"993";"7047917";"https://www.camara.leg.br/cota-parlamentar/documentos/publ/993/2020/7047917.pdf"
"Celso Russomanno";"";"73441";"347";"2019";"SP";"REPUBLICANOS";"56";"3";"COMBUSTÍVEIS E LUBRIFICANTES.";"1";"Veículos Automotores";"AUTO POSTO ANHEMBI LT";"628.829.640/0016-8";"456067";"0";"2020-06-26T00:00:00";"300";"0";"300";"6";"2020";"0";"";"";"1706452";"";"";"";"993";"7073130";"https://www.camara.leg.br/cota-parlamentar/documentos/publ/993/2020/7073130.pdf"
"Celso Russomanno";"";"73441";"347";"2019";"SP";"REPUBLICANOS";"56";"3";"COMBUSTÍVEIS E LUBRIFICANTES.";"1";"Veículos Automotores";"AUTO POSTO AUSTRIA LTDA";"040.405.530/0012-9";"000560";"0";"2020-06-25T00:00:00";"200";"0";"200";"6";"2020";"0";"";"";"1706452";"";"";"";"993";"7073136";"https://www.camara.leg.br/cota-parlamentar/documentos/publ/993/2020/7073136.pdf"
"Celso Russomanno";"";"73441";"347";"2019";"SP";"REPUBLICANOS";"56";"3";"COMBUSTÍVEIS E LUBRIFICANTES.";"1";"Veículos Automotores";"AUTO POSTO AUSTRIA LTDA";"040.405.530/0012-9";"000607";"0";"2020-11-17T00:00:00";"299.9";"0";"299.9";"11";"2020";"0";"";"";"1737045";"";"";"";"993";"7128764";"https://www.camara.leg.br/cota-parlamentar/documentos/publ/993/2020/7128764.pdf"
"Celso Russomanno";"";"73441";"347";"2019";"SP";"REPUBLICANOS";"56";"3";"COMBUSTÍVEIS E LUBRIFICANTES.";"1";"Veículos Automotores";"AUTO POSTO AUSTRIA LTDA";"040.405.530/0012-9";"002495";"0";"2020-12-02T00:00:00";"282.6";"0";"282.6";"12";"2020";"0";"";"";"1742569";"";"";"";"993";"7147672";"https://www.camara.leg.br/cota-parlamentar/documentos/publ/993/2021/7147672.pdf"
"Celso Russomanno";"";"73441";"347";"2019";"SP";"REPUBLICANOS";"56";"3";"COMBUSTÍVEIS E LUBRIFICANTES.";"1";"Veículos Automotores";"AUTO POSTO AUSTRIA LTDA";"040.405.530/0012-9";"003902";"0";"2020-12-13T00:00:00";"300";"0";"300";"12";"2020";"0";"";"";"1742569";"";"";"";"993";"7147810";"https://www.camara.leg.br/cota-parlamentar/documentos/publ/993/2021/7147810.pdf"
"Celso Russomanno";"";"73441";"347";"2019";"SP";"REPUBLICANOS";"56";"3";"COMBUSTÍVEIS E LUBRIFICANTES.";"1";"Veículos Automotores";"AUTO POSTO AUSTRIA LTDA";"040.405.530/0012-9";"009864";"0";"2020-07-21T00:00:00";"300";"0";"300";"7";"2020";"0";"";"";"1708230";"";"";"";"993";"7076721";"https://www.camara.leg.br/cota-parlamentar/documentos/publ/993/2020/7076721.pdf"
"Celso Russomanno";"";"73441";"347";"2019";"SP";"REPUBLICANOS";"56";"3";"COMBUSTÍVEIS E LUBRIFICANTES.";"1";"Veículos Automotores";"AUTO POSTO AUSTRIA LTDA";"040.405.530/0012-9";"017484";"0";"2020-08-08T00:00:00";"200";"0";"200";"8";"2020";"0";"";"";"1714755";"";"";"";"993";"7089658";"https://www.camara.leg.br/cota-parlamentar/documentos/publ/993/2020/7089658.pdf"
"Celso Russomanno";"";"73441";"347";"2019";"SP";"REPUBLICANOS";"56";"3";"COMBUSTÍVEIS E LUBRIFICANTES.";"1";"Veículos Automotores";"AUTO POSTO AUSTRIA LTDA";"040.405.530/0012-9";"018675";"0";"2020-08-11T00:00:00";"300";"0";"300";"8";"2020";"0";"";"";"1714754";"";"";"";"993";"7089654";"https://www.camara.leg.br/cota-parlamentar/documentos/publ/993/2020/7089654.pdf"
"Celso Russomanno";"";"73441";"347";"2019";"SP";"REPUBLICANOS";"56";"3";"COMBUSTÍVEIS E LUBRIFICANTES.";"1";"Veículos Automotores";"AUTO POSTO AUSTRIA LTDA";"040.405.530/0012-9";"183214";"0";"2020-03-12T00:00:00";"200";"0";"200";"3";"2020";"0";"";"";"1692627";"";"";"";"993";"7047918";"https://www.camara.leg.br/cota-parlamentar/documentos/publ/993/2020/7047918.pdf"
"Celso Russomanno";"";"73441";"347";"2019";"SP";"REPUBLICANOS";"56";"3";"COMBUSTÍVEIS E LUBRIFICANTES.";"1";"Veículos Automotores";"AUTO POSTO AUSTRIA LTDA";"040.405.530/0012-9";"198736";"0";"2020-05-05T00:00:00";"449.9";"0";"449.9";"5";"2020";"0";"";"";"1696650";"";"";"";"993";"7055127";"https://www.camara.leg.br/cota-parlamentar/documentos/publ/993/2020/7055127.pdf"
"Celso Russomanno";"";"73441";"347";"2019";"SP";"REPUBLICANOS";"56";"3";"COMBUSTÍVEIS E LUBRIFICANTES.";"1";"Veículos Automotores";"AUTO POSTO AUSTRIA LTDA";"040.405.530/0012-9";"201912";"0";"2020-05-18T00:00:00";"243.43";"0";"243.43";"5";"2020";"0";"";"";"1702070";"";"";"";"993";"7064886";"https://www.camara.leg.br/cota-parlamentar/documentos/publ/993/2020/7064886.pdf"
"Celso Russomanno";"";"73441";"347";"2019";"SP";"REPUBLICANOS";"56";"3";"COMBUSTÍVEIS E LUBRIFICANTES.";"1";"Veículos Automotores";"AUTO POSTO BANGKOK LTDA";"062.293.440/0015-3";"038009";"0";"2020-08-03T00:00:00";"100";"0";"100";"8";"2020";"0";"";"";"1714754";"";"";"";"993";"7089630";"https://www.camara.leg.br/cota-parlamentar/documentos/publ/993/2020/7089630.pdf"
"Celso Russomanno";"";"73441";"347";"2019";"SP";"REPUBLICANOS";"56";"3";"COMBUSTÍVEIS E LUBRIFICANTES.";"1";"Veículos Automotores";"AUTO POSTO BRASIL LTDA";"074.319.700/0019-0";"181391";"0";"2020-02-27T00:00:00";"300";"0";"300";"2";"2020";"0";"";"";"1682957";"";"";"";"993";"7027458";"https://www.camara.leg.br/cota-parlamentar/documentos/publ/993/2020/7027458.pdf"
"Celso Russomanno";"";"73441";"347";"2019";"SP";"REPUBLICANOS";"56";"3";"COMBUSTÍVEIS E LUBRIFICANTES.";"1";"Veículos Automotores";"AUTO POSTO BUG LT";"433.682.810/0014-2";"000175";"0";"2020-02-17T00:00:00";"300";"0";"300";"2";"2020";"0";"";"";"1682958";"";"";"";"993";"7027519";"https://www.camara.leg.br/cota-parlamentar/documentos/publ/993/2020/7027519.pdf"
"Celso Russomanno";"";"73441";"347";"2019";"SP";"REPUBLICANOS";"56";"3";"COMBUSTÍVEIS E LUBRIFICANTES.";"1";"Veículos Automotores";"AUTO POSTO BUG LT";"433.682.810/0014-2";"000203";"0";"2020-02-17T00:00:00";"200";"0";"200";"2";"2020";"0";"";"";"1682958";"";"";"";"993";"7027513";"https://www.camara.leg.br/cota-parlamentar/documentos/publ/993/2020/7027513.pdf"
"Celso Russomanno";"";"73441";"347";"2019";"SP";"REPUBLICANOS";"56";"3";"COMBUSTÍVEIS E LUBRIFICANTES.";"1";"Veículos Automotores";"AUTO POSTO BUG LT";"433.682.810/0014-2";"000381";"0";"2020-02-19T00:00:00";"100";"0";"100";"2";"2020";"0";"";"";"1682957";"";"";"";"993";"7027476";"https://www.camara.leg.br/cota-parlamentar/documentos/publ/993/2020/7027476.pdf"
"Celso Russomanno";"";"73441";"347";"2019";"SP";"REPUBLICANOS";"56";"3";"COMBUSTÍVEIS E LUBRIFICANTES.";"1";"Veículos Automotores";"AUTO POSTO BUG LT";"433.682.810/0014-2";"000563";"0";"2020-02-21T00:00:00";"300";"0";"300";"2";"2020";"0";"";"";"1682957";"";"";"";"993";"7027482";"https://www.camara.leg.br/cota-parlamentar/documentos/publ/993/2020/7027482.pdf"
"Celso Russomanno";"";"73441";"347";"2019";"SP";"REPUBLICANOS";"56";"3";"COMBUSTÍVEIS E LUBRIFICANTES.";"1";"Veículos Automotores";"AUTO POSTO BUG LT";"433.682.810/0014-2";"000705";"0";"2020-02-26T00:00:00";"300";"0";"300";"2";"2020";"0";"";"";"1682957";"";"";"";"993";"7027491";"https://www.camara.leg.br/cota-parlamentar/documentos/publ/993/2020/7027491.pdf"
"Celso Russomanno";"";"73441";"347";"2019";"SP";"REPUBLICANOS";"56";"3";"COMBUSTÍVEIS E LUBRIFICANTES.";"1";"Veículos Automotores";"AUTO POSTO BUG LT";"433.682.810/0014-2";"001745";"0";"2020-03-13T00:00:00";"300";"0";"300";"3";"2020";"0";"";"";"1696910";"";"";"";"993";"7055574";"https://www.camara.leg.br/cota-parlamentar/documentos/publ/993/2020/7055574.pdf"
"Celso Russomanno";"";"73441";"347";"2019";"SP";"REPUBLICANOS";"56";"3";"COMBUSTÍVEIS E LUBRIFICANTES.";"1";"Veículos Automotores";"AUTO POSTO BUG LT";"433.682.810/0014-2";"001903";"0";"2020-03-16T00:00:00";"200";"0";"200";"3";"2020";"0";"";"";"1696910";"";"";"";"993";"7055573";"https://www.camara.leg.br/cota-parlamentar/documentos/publ/993/2020/7055573.pdf"
"Celso Russomanno";"";"73441";"347";"2019";"SP";"REPUBLICANOS";"56";"3";"COMBUSTÍVEIS E LUBRIFICANTES.";"1";"Veículos Automotores";"AUTO POSTO BUG LT";"433.682.810/0014-2";"002276";"0";"2020-03-20T00:00:00";"300";"0";"300";"3";"2020";"0";"";"";"1696910";"";"";"";"993";"7055572";"https://www.camara.leg.br/cota-parlamentar/documentos/publ/993/2020/7055572.pdf"
"Celso Russomanno";"";"73441";"347";"2019";"SP";"REPUBLICANOS";"56";"3";"COMBUSTÍVEIS E LUBRIFICANTES.";"1";"Veículos Automotores";"AUTO POSTO BUG LT";"433.682.810/0014-2";"002465";"0";"2020-03-31T00:00:00";"200";"0";"200";"3";"2020";"0";"";"";"1692627";"";"";"";"993";"7047912";"https://www.camara.leg.br/cota-parlamentar/documentos/publ/993/2020/7047912.pdf"
"Celso Russomanno";"";"73441";"347";"2019";"SP";"REPUBLICANOS";"56";"3";"COMBUSTÍVEIS E LUBRIFICANTES.";"1";"Veículos Automotores";"AUTO POSTO BUG LT";"433.682.810/0014-2";"002721";"0";"2020-04-08T00:00:00";"300";"0";"300";"4";"2020";"0";"";"";"1696912";"";"";"";"993";"7055571";"https://www.camara.leg.br/cota-parlamentar/documentos/publ/993/2020/7055571.pdf"
"Celso Russomanno";"";"73441";"347";"2019";"SP";"REPUBLICANOS";"56";"3";"COMBUSTÍVEIS E LUBRIFICANTES.";"1";"Veículos Automotores";"AUTO POSTO BUG LT";"433.682.810/0014-2";"002957";"0";"2020-04-17T00:00:00";"290.02";"0";"290.02";"4";"2020";"0";"";"";"1696912";"";"";"";"993";"7055570";"https://www.camara.leg.br/cota-parlamentar/documentos/publ/993/2020/7055570.pdf"
"Celso Russomanno";"";"73441";"347";"2019";"SP";"REPUBLICANOS";"56";"3";"COMBUSTÍVEIS E LUBRIFICANTES.";"1";"Veículos Automotores";"AUTO POSTO BUG LT";"433.682.810/0014-2";"003231";"0";"2020-04-29T00:00:00";"300";"0";"300";"4";"2020";"0";"";"";"1696648";"";"";"";"993";"7055126";"https://www.camara.leg.br/cota-parlamentar/documentos/publ/993/2020/7055126.pdf"
"Celso Russomanno";"";"73441";"347";"2019";"SP";"REPUBLICANOS";"56";"3";"COMBUSTÍVEIS E LUBRIFICANTES.";"1";"Veículos Automotores";"AUTO POSTO BUG LT";"433.682.810/0014-2";"003256";"0";"2020-04-30T00:00:00";"280.02";"0";"280.02";"4";"2020";"0";"";"";"1696912";"";"";"";"993";"7055569";"https://www.camara.leg.br/cota-parlamentar/documentos/publ/993/2020/7055569.pdf"
"Celso Russomanno";"";"73441";"347";"2019";"SP";"REPUBLICANOS";"56";"3";"COMBUSTÍVEIS E LUBRIFICANTES.";"1";"Veículos Automotores";"AUTO POSTO BUG LT";"433.682.810/0014-2";"004064";"0";"2020-06-01T00:00:00";"200";"0";"200";"6";"2020";"0";"";"";"1702071";"";"";"";"993";"7064885";"https://www.camara.leg.br/cota-parlamentar/documentos/publ/993/2020/7064885.pdf"
"Celso Russomanno";"";"73441";"347";"2019";"SP";"REPUBLICANOS";"56";"3";"COMBUSTÍVEIS E LUBRIFICANTES.";"1";"Veículos Automotores";"AUTO POSTO BUG LT";"433.682.810/0014-2";"004073";"0";"2020-06-01T00:00:00";"200";"0";"200";"6";"2020";"0";"";"";"1702071";"";"";"";"993";"7064884";"https://www.camara.leg.br/cota-parlamentar/documentos/publ/993/2020/7064884.pdf"
"Celso Russomanno";"";"73441";"347";"2019";"SP";"REPUBLICANOS";"56";"3";"COMBUSTÍVEIS E LUBRIFICANTES.";"1";"Veículos Automotores";"AUTO POSTO BUG LT";"433.682.810/0014-2";"004464";"0";"2020-06-11T00:00:00";"100";"0";"100";"6";"2020";"0";"";"";"1702071";"";"";"";"993";"7064883";"https://www.camara.leg.br/cota-parlamentar/documentos/publ/993/2020/7064883.pdf"
"Celso Russomanno";"";"73441";"347";"2019";"SP";"REPUBLICANOS";"56";"3";"COMBUSTÍVEIS E LUBRIFICANTES.";"1";"Veículos Automotores";"AUTO POSTO BUG LT";"433.682.810/0014-2";"004645";"0";"2020-06-16T00:00:00";"285.01";"0";"285.01";"6";"2020";"0";"";"";"1702071";"";"";"";"993";"7064882";"https://www.camara.leg.br/cota-parlamentar/documentos/publ/993/2020/7064882.pdf"
"Celso Russomanno";"";"73441";"347";"2019";"SP";"REPUBLICANOS";"56";"3";"COMBUSTÍVEIS E LUBRIFICANTES.";"1";"Veículos Automotores";"AUTO POSTO BUG LT";"433.682.810/0014-2";"004742";"0";"2020-06-18T00:00:00";"100";"0";"100";"6";"2020";"0";"";"";"1706452";"";"";"";"993";"7073134";"https://www.camara.leg.br/cota-parlamentar/documentos/publ/993/2020/7073134.pdf"
"Celso Russomanno";"";"73441";"347";"2019";"SP";"REPUBLICANOS";"56";"3";"COMBUSTÍVEIS E LUBRIFICANTES.";"1";"Veículos Automotores";"AUTO POSTO BUG LT";"433.682.810/0014-2";"005401";"0";"2020-07-02T00:00:00";"290.01";"0";"290.01";"7";"2020";"0";"";"";"1714751";"";"";"";"993";"7089651";"https://www.camara.leg.br/cota-parlamentar/documentos/publ/993/2020/7089651.pdf"
"Celso Russomanno";"";"73441";"347";"2019";"SP";"REPUBLICANOS";"56";"3";"COMBUSTÍVEIS E LUBRIFICANTES.";"1";"Veículos Automotores";"AUTO POSTO BUG LT";"433.682.810/0014-2";"006062";"0";"2020-07-16T00:00:00";"283.03";"0";"283.03";"7";"2020";"0";"";"";"1714751";"";"";"";"993";"7089649";"https://www.camara.leg.br/cota-parlamentar/documentos/publ/993/2020/7089649.pdf"
"Celso Russomanno";"";"73441";"347";"2019";"SP";"REPUBLICANOS";"56";"3";"COMBUSTÍVEIS E LUBRIFICANTES.";"1";"Veículos Automotores";"AUTO POSTO BUG LT";"433.682.810/0014-2";"006615";"0";"2020-07-29T00:00:00";"265.13";"0";"265.13";"7";"2020";"0";"";"";"1714751";"";"";"";"993";"7089648";"https://www.camara.leg.br/cota-parlamentar/documentos/publ/993/2020/7089648.pdf"
"Celso Russomanno";"";"73441";"347";"2019";"SP";"REPUBLICANOS";"56";"3";"COMBUSTÍVEIS E LUBRIFICANTES.";"1";"Veículos Automotores";"AUTO POSTO BUG LT";"433.682.810/0014-2";"007019";"0";"2020-08-07T00:00:00";"290.01";"0";"290.01";"8";"2020";"0";"";"";"1714754";"";"";"";"993";"7089646";"https://www.camara.leg.br/cota-parlamentar/documentos/publ/993/2020/7089646.pdf"
"Celso Russomanno";"";"73441";"347";"2019";"SP";"REPUBLICANOS";"56";"3";"COMBUSTÍVEIS E LUBRIFICANTES.";"1";"Veículos Automotores";"AUTO POSTO BUG LT";"433.682.810/0014-2";"007041";"0";"2020-08-07T00:00:00";"300";"0";"300";"8";"2020";"0";"";"";"1714754";"";"";"";"993";"7089635";"https://www.camara.leg.br/cota-parlamentar/documentos/publ/993/2020/7089635.pdf"
"Celso Russomanno";"";"73441";"347";"2019";"SP";"REPUBLICANOS";"56";"3";"COMBUSTÍVEIS E LUBRIFICANTES.";"1";"Veículos Automotores";"AUTO POSTO BUG LT";"433.682.810/0014-2";"007147";"0";"2020-08-11T00:00:00";"100";"0";"100";"8";"2020";"0";"";"";"1714754";"";"";"";"993";"7089636";"https://www.camara.leg.br/cota-parlamentar/documentos/publ/993/2020/7089636.pdf"
"Celso Russomanno";"";"73441";"347";"2019";"SP";"REPUBLICANOS";"56";"3";"COMBUSTÍVEIS E LUBRIFICANTES.";"1";"Veículos Automotores";"AUTO POSTO BUG LT";"433.682.810/0014-2";"012398";"0";"2020-11-25T00:00:00";"200";"0";"200";"11";"2020";"0";"";"";"1737045";"";"";"";"993";"7128708";"https://www.camara.leg.br/cota-parlamentar/documentos/publ/993/2020/7128708.pdf"
"Celso Russomanno";"";"73441";"347";"2019";"SP";"REPUBLICANOS";"56";"3";"COMBUSTÍVEIS E LUBRIFICANTES.";"1";"Veículos Automotores";"AUTO POSTO BUG LT";"433.682.810/0014-2";"012920";"0";"2020-12-04T00:00:00";"200";"0";"200";"12";"2020";"0";"";"";"1742569";"";"";"";"993";"7147631";"https://www.camara.leg.br/cota-parlamentar/documentos/publ/993/2021/7147631.pdf"
"Celso Russomanno";"";"73441";"347";"2019";"SP";"REPUBLICANOS";"56";"3";"COMBUSTÍVEIS E LUBRIFICANTES.";"1";"Veículos Automotores";"AUTO POSTO BUG LT";"433.682.810/0014-2";"013217";"0";"2020-12-10T00:00:00";"150.81";"0";"150.81";"12";"2020";"0";"";"";"1742570";"";"";"";"993";"7148238";"https://www.camara.leg.br/cota-parlamentar/documentos/publ/993/2021/7148238.pdf"
"Celso Russomanno";"";"73441";"347";"2019";"SP";"REPUBLICANOS";"56";"3";"COMBUSTÍVEIS E LUBRIFICANTES.";"1";"Veículos Automotores";"AUTO POSTO BUG LT";"433.682.810/0014-2";"013235";"0";"2020-12-10T00:00:00";"59";"0";"59";"12";"2020";"0";"";"";"1742570";"";"";"";"993";"7148244";"https://www.camara.leg.br/cota-parlamentar/documentos/publ/993/2021/7148244.pdf"
"Celso Russomanno";"";"73441";"347";"2019";"SP";"REPUBLICANOS";"56";"3";"COMBUSTÍVEIS E LUBRIFICANTES.";"1";"Veículos Automotores";"AUTO POSTO BUG LT";"433.682.810/0014-2";"013333";"0";"2020-12-11T00:00:00";"300";"0";"300";"12";"2020";"0";"";"";"1742569";"";"";"";"993";"7147814";"https://www.camara.leg.br/cota-parlamentar/documentos/publ/993/2021/7147814.pdf"
"Celso Russomanno";"";"73441";"347";"2019";"SP";"REPUBLICANOS";"56";"3";"COMBUSTÍVEIS E LUBRIFICANTES.";"1";"Veículos Automotores";"AUTO POSTO BUG LT";"433.682.810/0014-2";"013618";"0";"2020-12-17T00:00:00";"200";"0";"200";"12";"2020";"0";"";"";"1742570";"";"";"";"993";"7148241";"https://www.camara.leg.br/cota-parlamentar/documentos/publ/993/2021/7148241.pdf"
"Celso Russomanno";"";"73441";"347";"2019";"SP";"REPUBLICANOS";"56";"3";"COMBUSTÍVEIS E LUBRIFICANTES.";"1";"Veículos Automotores";"AUTO POSTO BUG LT";"433.682.810/0014-2";"013710";"0";"2020-12-18T00:00:00";"300";"0";"300";"12";"2020";"0";"";"";"1742569";"";"";"";"993";"7147692";"https://www.camara.leg.br/cota-parlamentar/documentos/publ/993/2021/7147692.pdf"
"Celso Russomanno";"";"73441";"347";"2019";"SP";"REPUBLICANOS";"56";"3";"COMBUSTÍVEIS E LUBRIFICANTES.";"1";"Veículos Automotores";"AUTO POSTO BUG LT";"433.682.810/0014-2";"013846";"0";"2020-12-21T00:00:00";"300";"0";"300";"12";"2020";"0";"";"";"1742569";"";"";"";"993";"7147680";"https://www.camara.leg.br/cota-parlamentar/documentos/publ/993/2021/7147680.pdf"
"Celso Russomanno";"";"73441";"347";"2019";"SP";"REPUBLICANOS";"56";"3";"COMBUSTÍVEIS E LUBRIFICANTES.";"1";"Veículos Automotores";"AUTO POSTO BUG LT";"433.682.810/0014-2";"014129";"0";"2020-12-28T00:00:00";"300";"0";"300";"12";"2020";"0";"";"";"1742569";"";"";"";"993";"7147715";"https://www.camara.leg.br/cota-parlamentar/documentos/publ/993/2021/7147715.pdf"
"Celso Russomanno";"";"73441";"347";"2019";"SP";"REPUBLICANOS";"56";"3";"COMBUSTÍVEIS E LUBRIFICANTES.";"1";"Veículos Automotores";"AUTO POSTO BUG LT";"433.682.810/0014-2";"014183";"0";"2020-12-29T00:00:00";"359.01";"0";"359.01";"12";"2020";"0";"";"";"1742570";"";"";"";"993";"7148445";"https://www.camara.leg.br/cota-parlamentar/documentos/publ/993/2021/7148445.pdf"
"Celso Russomanno";"";"73441";"347";"2019";"SP";"REPUBLICANOS";"56";"3";"COMBUSTÍVEIS E LUBRIFICANTES.";"1";"Veículos Automotores";"AUTO POSTO BUG LT";"433.682.810/0014-2";"023461";"0";"2020-02-06T00:00:00";"100";"0";"100";"2";"2020";"0";"";"";"1675684";"";"";"";"993";"7013243";"https://www.camara.leg.br/cota-parlamentar/documentos/publ/993/2020/7013243.pdf"
"Celso Russomanno";"";"73441";"347";"2019";"SP";"REPUBLICANOS";"56";"3";"COMBUSTÍVEIS E LUBRIFICANTES.";"1";"Veículos Automotores";"AUTO POSTO BUG LT";"433.682.810/0014-2";"023483";"0";"2020-02-06T00:00:00";"200";"0";"200";"2";"2020";"0";"";"";"1675684";"";"";"";"993";"7013259";"https://www.camara.leg.br/cota-parlamentar/documentos/publ/993/2020/7013259.pdf"
"Celso Russomanno";"";"73441";"347";"2019";"SP";"REPUBLICANOS";"56";"3";"COMBUSTÍVEIS E LUBRIFICANTES.";"1";"Veículos Automotores";"AUTO POSTO BUG LT";"433.682.810/0014-2";"023531";"0";"2020-02-07T00:00:00";"300";"0";"300";"2";"2020";"0";"";"";"1675684";"";"";"";"993";"7013233";"https://www.camara.leg.br/cota-parlamentar/documentos/publ/993/2020/7013233.pdf"
"Celso Russomanno";"";"73441";"347";"2019";"SP";"REPUBLICANOS";"56";"3";"COMBUSTÍVEIS E LUBRIFICANTES.";"1";"Veículos Automotores";"AUTO POSTO BUG LT";"433.682.810/0014-2";"023739";"0";"2020-02-10T00:00:00";"100";"0";"100";"2";"2020";"0";"";"";"1675684";"";"";"";"993";"7013228";"https://www.camara.leg.br/cota-parlamentar/documentos/publ/993/2020/7013228.pdf"
"Celso Russomanno";"";"73441";"347";"2019";"SP";"REPUBLICANOS";"56";"3";"COMBUSTÍVEIS E LUBRIFICANTES.";"1";"Veículos Automotores";"AUTO POSTO BUG LT";"433.682.810/0014-2";"023765";"0";"2020-02-10T00:00:00";"200";"0";"200";"2";"2020";"0";"";"";"1675684";"";"";"";"993";"7013221";"https://www.camara.leg.br/cota-parlamentar/documentos/publ/993/2020/7013221.pdf"
"Celso Russomanno";"";"73441";"347";"2019";"SP";"REPUBLICANOS";"56";"3";"COMBUSTÍVEIS E LUBRIFICANTES.";"1";"Veículos Automotores";"AUTO POSTO CINCO ESTRELAS LTDA";"006.924.180/0010-7";"28498";"4";"2020-02-04T00:00:00";"240";"0";"240";"2";"2020";"0";"";"";"1672407";"";"";"";"993";"7005817";"https://www.camara.leg.br/cota-parlamentar/nota-fiscal-eletronica?ideDocumentoFiscal=7005817"
"Celso Russomanno";"";"73441";"347";"2019";"SP";"REPUBLICANOS";"56";"3";"COMBUSTÍVEIS E LUBRIFICANTES.";"1";"Veículos Automotores";"AUTO POSTO GOLDEN GAS 202 LTDA";"308.801.120/0014-5";"80425";"4";"2020-02-12T00:00:00";"200";"0";"200";"2";"2020";"0";"";"";"1675550";"";"";"";"993";"7012454";"https://www.camara.leg.br/cota-parlamentar/nota-fiscal-eletronica?ideDocumentoFiscal=7012454"
"Celso Russomanno";"";"73441";"347";"2019";"SP";"REPUBLICANOS";"56";"3";"COMBUSTÍVEIS E LUBRIFICANTES.";"1";"Veículos Automotores";"AUTO POSTO GOLDEN GAS 202 LTDA";"308.801.120/0014-5";"81369";"4";"2020-02-17T00:00:00";"200";"0";"200";"2";"2020";"0";"";"";"1678428";"";"";"";"993";"7018392";"https://www.camara.leg.br/cota-parlamentar/nota-fiscal-eletronica?ideDocumentoFiscal=7018392"
"Celso Russomanno";"";"73441";"347";"2019";"SP";"REPUBLICANOS";"56";"3";"COMBUSTÍVEIS E LUBRIFICANTES.";"1";"Veículos Automotores";"AUTO POSTO LIDER BANDEIRAS LTDA";"050.259.490/0016-0";"319082";"0";"2020-02-14T00:00:00";"200";"0";"200";"2";"2020";"0";"";"";"1679644";"";"";"";"993";"7020006";"https://www.camara.leg.br/cota-parlamentar/documentos/publ/993/2020/7020006.pdf"
"Celso Russomanno";"";"73441";"347";"2019";"SP";"REPUBLICANOS";"56";"3";"COMBUSTÍVEIS E LUBRIFICANTES.";"1";"Veículos Automotores";"AUTO POSTO LIDER BANDEIRAS LTDA";"050.259.490/0016-0";"337359";"0";"2020-03-07T00:00:00";"200";"0";"200";"3";"2020";"0";"";"";"1685720";"";"";"";"993";"7034895";"https://www.camara.leg.br/cota-parlamentar/documentos/publ/993/2020/7034895.pdf"
"Celso Russomanno";"";"73441";"347";"2019";"SP";"REPUBLICANOS";"56";"3";"COMBUSTÍVEIS E LUBRIFICANTES.";"1";"Veículos Automotores";"AUTO POSTO LIDER BANDEIRAS LTDA";"050.259.490/0016-0";"374749";"0";"2020-06-05T00:00:00";"300";"0";"300";"6";"2020";"0";"";"";"1702072";"";"";"";"993";"7064875";"https://www.camara.leg.br/cota-parlamentar/documentos/publ/993/2020/7064875.pdf"
"Celso Russomanno";"";"73441";"347";"2019";"SP";"REPUBLICANOS";"56";"3";"COMBUSTÍVEIS E LUBRIFICANTES.";"1";"Veículos Automotores";"AUTO POSTO MARIA ZELIA LTDA ME";"445.979.530/0015-4";"451744";"0";"2020-03-19T00:00:00";"50";"0";"50";"3";"2020";"0";"";"";"1692627";"";"";"";"993";"7047920";"https://www.camara.leg.br/cota-parlamentar/documentos/publ/993/2020/7047920.pdf"
"Celso Russomanno";"";"73441";"347";"2019";"SP";"REPUBLICANOS";"56";"3";"COMBUSTÍVEIS E LUBRIFICANTES.";"1";"Veículos Automotores";"AUTO POSTO MG LTDA";"473.410.940/0012-6";"292606";"0";"2020-08-22T00:00:00";"100";"0";"100";"8";"2020";"0";"";"";"1714754";"";"";"";"993";"7089578";"https://www.camara.leg.br/cota-parlamentar/documentos/publ/993/2020/7089578.pdf"
"Celso Russomanno";"";"73441";"347";"2019";"SP";"REPUBLICANOS";"56";"3";"COMBUSTÍVEIS E LUBRIFICANTES.";"1";"Veículos Automotores";"AUTO POSTO NOVO BROOKLIN LTDA";"038.875.840/0015-7";"038428";"0";"2020-12-21T00:00:00";"200";"0";"200";"12";"2020";"0";"";"";"1742570";"";"";"";"993";"7148433";"https://www.camara.leg.br/cota-parlamentar/documentos/publ/993/2021/7148433.pdf"
"Celso Russomanno";"";"73441";"347";"2019";"SP";"REPUBLICANOS";"56";"3";"COMBUSTÍVEIS E LUBRIFICANTES.";"1";"Veículos Automotores";"AUTO POSTO NOVO CENTRO LTDA";"026.461.440/0014-5";"073912";"0";"2020-03-18T00:00:00";"50";"0";"50";"3";"2020";"0";"";"";"1692627";"";"";"";"993";"7047921";"https://www.camara.leg.br/cota-parlamentar/documentos/publ/993/2020/7047921.pdf"
"Celso Russomanno";"";"73441";"347";"2019";"SP";"REPUBLICANOS";"56";"3";"COMBUSTÍVEIS E LUBRIFICANTES.";"1";"Veículos Automotores";"AUTO POSTO OSCAR PORTO LT";"476.820.340/0017-7";"029394";"0";"2020-04-25T00:00:00";"300";"0";"300";"4";"2020";"0";"";"";"1696648";"";"";"";"993";"7055124";"https://www.camara.leg.br/cota-parlamentar/documentos/publ/993/2020/7055124.pdf"
"Celso Russomanno";"";"73441";"347";"2019";"SP";"REPUBLICANOS";"56";"3";"COMBUSTÍVEIS E LUBRIFICANTES.";"1";"Veículos Automotores";"AUTO POSTO OSCAR PORTO LT";"476.820.340/0017-7";"030485";"0";"2020-06-09T00:00:00";"200";"0";"200";"6";"2020";"0";"";"";"1702071";"";"";"";"993";"7064874";"https://www.camara.leg.br/cota-parlamentar/documentos/publ/993/2020/7064874.pdf"
"Celso Russomanno";"";"73441";"347";"2019";"SP";"REPUBLICANOS";"56";"3";"COMBUSTÍVEIS E LUBRIFICANTES.";"1";"Veículos Automotores";"AUTO POSTO OSCAR PORTO LT";"476.820.340/0017-7";"035849";"0";"2020-05-28T00:00:00";"300";"0";"300";"5";"2020";"0";"";"";"1702070";"";"";"";"993";"7064876";"https://www.camara.leg.br/cota-parlamentar/documentos/publ/993/2020/7064876.pdf"
"Celso Russomanno";"";"73441";"347";"2019";"SP";"REPUBLICANOS";"56";"3";"COMBUSTÍVEIS E LUBRIFICANTES.";"1";"Veículos Automotores";"AUTO POSTO OSCAR PORTO LT";"476.820.340/0017-7";"036358";"0";"2020-06-22T00:00:00";"300";"0";"300";"6";"2020";"0";"";"";"1706452";"";"";"";"993";"7073133";"https://www.camara.leg.br/cota-parlamentar/documentos/publ/993/2020/7073133.pdf"
"Celso Russomanno";"";"73441";"347";"2019";"SP";"REPUBLICANOS";"56";"3";"COMBUSTÍVEIS E LUBRIFICANTES.";"1";"Veículos Automotores";"AUTO POSTO OSCAR PORTO LT";"476.820.340/0017-7";"037762";"0";"2020-08-25T00:00:00";"300";"0";"300";"8";"2020";"0";"";"";"1714754";"";"";"";"993";"7089603";"https://www.camara.leg.br/cota-parlamentar/documentos/publ/993/2020/7089603.pdf"
"Celso Russomanno";"";"73441";"347";"2019";"SP";"REPUBLICANOS";"56";"3";"COMBUSTÍVEIS E LUBRIFICANTES.";"1";"Veículos Automotores";"AUTO POSTO UNIPRIMOS LT";"441.288.820/0014-0";"175517";"0";"2020-03-20T00:00:00";"200";"0";"200";"3";"2020";"0";"";"";"1692627";"";"";"";"993";"7047915";"https://www.camara.leg.br/cota-parlamentar/documentos/publ/993/2020/7047915.pdf"
"Celso Russomanno";"";"73441";"347";"2019";"SP";"REPUBLICANOS";"56";"3";"COMBUSTÍVEIS E LUBRIFICANTES.";"1";"Veículos Automotores";"AUTO POSTO UNIPRIMOS LT";"441.288.820/0014-0";"176301";"0";"2020-03-26T00:00:00";"200";"0";"200";"3";"2020";"0";"";"";"1692627";"";"";"";"993";"7047916";"https://www.camara.leg.br/cota-parlamentar/documentos/publ/993/2020/7047916.pdf"
"Celso Russomanno";"";"73441";"347";"2019";"SP";"REPUBLICANOS";"56";"3";"COMBUSTÍVEIS E LUBRIFICANTES.";"1";"Veículos Automotores";"AUTO POSTO UNIPRIMOS LT";"441.288.820/0014-0";"176505";"0";"2020-03-28T00:00:00";"200";"0";"200";"3";"2020";"0";"";"";"1692627";"";"";"";"993";"7047913";"https://www.camara.leg.br/cota-parlamentar/documentos/publ/993/2020/7047913.pdf"
"Celso Russomanno";"";"73441";"347";"2019";"SP";"REPUBLICANOS";"56";"3";"COMBUSTÍVEIS E LUBRIFICANTES.";"1";"Veículos Automotores";"AUTO POSTO UNIPRIMOS LT";"441.288.820/0014-0";"179110";"0";"2020-04-15T00:00:00";"250";"0";"250";"4";"2020";"0";"";"";"1692630";"";"";"";"993";"7047907";"https://www.camara.leg.br/cota-parlamentar/documentos/publ/993/2020/7047907.pdf"
"Celso Russomanno";"";"73441";"347";"2019";"SP";"REPUBLICANOS";"56";"3";"COMBUSTÍVEIS E LUBRIFICANTES.";"1";"Veículos Automotores";"AUTO POSTO UNIPRIMOS LT";"441.288.820/0014-0";"183308";"0";"2020-05-11T00:00:00";"300";"0";"300";"5";"2020";"0";"";"";"1696650";"";"";"";"993";"7055129";"https://www.camara.leg.br/cota-parlamentar/documentos/publ/993/2020/7055129.pdf"
"Celso Russomanno";"";"73441";"347";"2019";"SP";"REPUBLICANOS";"56";"3";"COMBUSTÍVEIS E LUBRIFICANTES.";"1";"Veículos Automotores";"AUTO POSTO UNIPRIMOS LT";"441.288.820/0014-0";"188928";"0";"2020-06-12T00:00:00";"300";"0";"300";"6";"2020";"0";"";"";"1706452";"";"";"";"993";"7073131";"https://www.camara.leg.br/cota-parlamentar/documentos/publ/993/2020/7073131.pdf"
"Celso Russomanno";"";"73441";"347";"2019";"SP";"REPUBLICANOS";"56";"3";"COMBUSTÍVEIS E LUBRIFICANTES.";"1";"Veículos Automotores";"AUTO POSTO UNIPRIMOS LT";"441.288.820/0014-0";"193785";"0";"2020-07-06T00:00:00";"300";"0";"300";"7";"2020";"0";"";"";"1706454";"";"";"";"993";"7073132";"https://www.camara.leg.br/cota-parlamentar/documentos/publ/993/2020/7073132.pdf"
"Celso Russomanno";"";"73441";"347";"2019";"SP";"REPUBLICANOS";"56";"3";"COMBUSTÍVEIS E LUBRIFICANTES.";"1";"Veículos Automotores";"AUTO POSTO UNIPRIMOS LT";"441.288.820/0014-0";"196437";"0";"2020-07-18T00:00:00";"300";"0";"300";"7";"2020";"0";"";"";"1708230";"";"";"";"993";"7076718";"https://www.camara.leg.br/cota-parlamentar/documentos/publ/993/2020/7076718.pdf"
"Celso Russomanno";"";"73441";"347";"2019";"SP";"REPUBLICANOS";"56";"3";"COMBUSTÍVEIS E LUBRIFICANTES.";"1";"Veículos Automotores";"AUTO POSTO UNIPRIMOS LT";"441.288.820/0014-0";"201422";"0";"2020-08-10T00:00:00";"50";"0";"50";"8";"2020";"0";"";"";"1714754";"";"";"";"993";"7089626";"https://www.camara.leg.br/cota-parlamentar/documentos/publ/993/2020/7089626.pdf"
"Celso Russomanno";"";"73441";"347";"2019";"SP";"REPUBLICANOS";"56";"3";"COMBUSTÍVEIS E LUBRIFICANTES.";"1";"Veículos Automotores";"AUTO POSTO UNIPRIMOS LT";"441.288.820/0014-0";"202878";"0";"2020-08-17T00:00:00";"300";"0";"300";"8";"2020";"0";"";"";"1714754";"";"";"";"993";"7089594";"https://www.camara.leg.br/cota-parlamentar/documentos/publ/993/2020/7089594.pdf"
"Celso Russomanno";"";"73441";"347";"2019";"SP";"REPUBLICANOS";"56";"3";"COMBUSTÍVEIS E LUBRIFICANTES.";"1";"Veículos Automotores";"BG LESTE PETROLEO LTDA";"048.818.000/0011-0";"173435";"0";"2020-02-23T00:00:00";"287.58";"0";"287.58";"2";"2020";"0";"";"";"1682957";"";"";"";"993";"7027484";"https://www.camara.leg.br/cota-parlamentar/documentos/publ/993/2020/7027484.pdf"
"Celso Russomanno";"";"73441";"347";"2019";"SP";"REPUBLICANOS";"56";"3";"COMBUSTÍVEIS E LUBRIFICANTES.";"1";"Veículos Automotores";"CENTRO AUTOMOTIVO ALPHA CENTER LT";"668.971.090/0018-1";"031875";"0";"2020-07-16T00:00:00";"300";"0";"300";"7";"2020";"0";"";"";"1708230";"";"";"";"993";"7076725";"https://www.camara.leg.br/cota-parlamentar/documentos/publ/993/2020/7076725.pdf"
"Celso Russomanno";"";"73441";"347";"2019";"SP";"REPUBLICANOS";"56";"3";"COMBUSTÍVEIS E LUBRIFICANTES.";"1";"Veículos Automotores";"CENTRO AUTOMOTIVO ALPHA CENTER LT";"668.971.090/0018-1";"032589";"0";"2020-07-24T00:00:00";"200";"0";"200";"7";"2020";"0";"";"";"1714751";"";"";"";"993";"7089632";"https://www.camara.leg.br/cota-parlamentar/documentos/publ/993/2020/7089632.pdf"
"Celso Russomanno";"";"73441";"347";"2019";"SP";"REPUBLICANOS";"56";"3";"COMBUSTÍVEIS E LUBRIFICANTES.";"1";"Veículos Automotores";"CENTRO AUTOMOTIVO FINLANDIA LT";"018.378.160/0013-7";"000920";"0";"2020-11-26T00:00:00";"100";"0";"100";"11";"2020";"0";"";"";"1737045";"";"";"";"993";"7128765";"https://www.camara.leg.br/cota-parlamentar/documentos/publ/993/2020/7128765.pdf"
"Celso Russomanno";"";"73441";"347";"2019";"SP";"REPUBLICANOS";"56";"3";"COMBUSTÍVEIS E LUBRIFICANTES.";"1";"Veículos Automotores";"COMERCIO DE COMBUSTIVEL BRAGANÇA LTDA";"141.122.380/0011-3";"072419";"0";"2020-02-20T00:00:00";"100";"0";"100";"2";"2020";"0";"";"";"1682957";"";"";"";"993";"7027466";"https://www.camara.leg.br/cota-parlamentar/documentos/publ/993/2020/7027466.pdf"
"Celso Russomanno";"";"73441";"347";"2019";"SP";"REPUBLICANOS";"56";"3";"COMBUSTÍVEIS E LUBRIFICANTES.";"1";"Veículos Automotores";"EKAM POSTO DE SERVICOS LTDA";"176.873.710/0019-6";"169110";"0";"2020-04-06T00:00:00";"300";"0";"300";"4";"2020";"0";"";"";"1692632";"";"";"";"993";"7047908";"https://www.camara.leg.br/cota-parlamentar/documentos/publ/993/2020/7047908.pdf"
"Celso Russomanno";"";"73441";"347";"2019";"SP";"REPUBLICANOS";"56";"3";"COMBUSTÍVEIS E LUBRIFICANTES.";"1";"Veículos Automotores";"FGN COML LT";"526.896.680/0019-1";"421557";"0";"2020-02-02T00:00:00";"300";"0";"300";"2";"2020";"0";"";"";"1675684";"";"";"";"993";"7013202";"https://www.camara.leg.br/cota-parlamentar/documentos/publ/993/2020/7013202.pdf"
"Celso Russomanno";"";"73441";"347";"2019";"SP";"REPUBLICANOS";"56";"3";"COMBUSTÍVEIS E LUBRIFICANTES.";"1";"Veículos Automotores";"PORTAL DO MORUMBI SERVICOS AUTOMOTIVOS LT";"441.415.210/0013-4";"069702";"0";"2020-02-16T00:00:00";"300";"0";"300";"2";"2020";"0";"";"";"1685722";"";"";"";"993";"7034898";"https://www.camara.leg.br/cota-parlamentar/documentos/publ/993/2020/7034898.pdf"
"Celso Russomanno";"";"73441";"347";"2019";"SP";"REPUBLICANOS";"56";"3";"COMBUSTÍVEIS E LUBRIFICANTES.";"1";"Veículos Automotores";"PORTAL DO MORUMBI SERVICOS AUTOMOTIVOS LT";"441.415.210/0013-4";"076196";"0";"2020-05-10T00:00:00";"300";"0";"300";"5";"2020";"0";"";"";"1696650";"";"";"";"993";"7055128";"https://www.camara.leg.br/cota-parlamentar/documentos/publ/993/2020/7055128.pdf"
"Celso Russomanno";"";"73441";"347";"2019";"SP";"REPUBLICANOS";"56";"3";"COMBUSTÍVEIS E LUBRIFICANTES.";"1";"Veículos Automotores";"POSTO 212 SUL LTDA";"005.950.580/0012-5";"98509";"4";"2020-02-03T00:00:00";"150";"0";"150";"2";"2020";"0";"";"";"1672642";"";"";"";"993";"7006575";"https://www.camara.leg.br/cota-parlamentar/nota-fiscal-eletronica?ideDocumentoFiscal=7006575"
"Celso Russomanno";"";"73441";"347";"2019";"SP";"REPUBLICANOS";"56";"3";"COMBUSTÍVEIS E LUBRIFICANTES.";"1";"Veículos Automotores";"POSTO DE SERVIÇO NOVA EUROPA LTDA.";"084.039.340/0018-6";"229255";"0";"2020-02-07T00:00:00";"120.03";"0";"120.03";"2";"2020";"0";"";"";"1675684";"";"";"";"993";"7013255";"https://www.camara.leg.br/cota-parlamentar/documentos/publ/993/2020/7013255.pdf"
"Celso Russomanno";"";"73441";"347";"2019";"SP";"REPUBLICANOS";"56";"3";"COMBUSTÍVEIS E LUBRIFICANTES.";"1";"Veículos Automotores";"POSTO DE SERVICOS PORTAL DE CAMPOS LTDA";"165.778.210/0012-5";"183979";"0";"2020-02-25T00:00:00";"210.42";"0";"210.42";"2";"2020";"0";"";"";"1682957";"";"";"";"993";"7027505";"https://www.camara.leg.br/cota-parlamentar/documentos/publ/993/2020/7027505.pdf"
"Celso Russomanno";"";"73441";"347";"2019";"SP";"REPUBLICANOS";"56";"3";"COMBUSTÍVEIS E LUBRIFICANTES.";"1";"Veículos Automotores";"POSTO DE SERVICOS TALISMA SAO PAULO LT";"000.169.680/0010-6";"811723";"0";"2020-03-09T00:00:00";"200";"0";"200";"3";"2020";"0";"";"";"1685720";"";"";"";"993";"7034892";"https://www.camara.leg.br/cota-parlamentar/documentos/publ/993/2020/7034892.pdf"
"Celso Russomanno";"";"73441";"347";"2019";"SP";"REPUBLICANOS";"56";"3";"COMBUSTÍVEIS E LUBRIFICANTES.";"1";"Veículos Automotores";"POSTO DISBRAVE IMPERIAL LTDA";"107.500.390/0018-0";"102066";"4";"2020-03-10T00:00:00";"50";"0";"50";"3";"2020";"0";"";"";"1684897";"";"";"";"993";"7032512";"https://www.camara.leg.br/cota-parlamentar/nota-fiscal-eletronica?ideDocumentoFiscal=7032512"
"Celso Russomanno";"";"73441";"347";"2019";"SP";"REPUBLICANOS";"56";"3";"COMBUSTÍVEIS E LUBRIFICANTES.";"1";"Veículos Automotores";"POSTO DISBRAVE IMPERIAL LTDA";"107.500.390/0018-0";"102141";"4";"2020-03-10T00:00:00";"250";"0";"250";"3";"2020";"0";"";"";"1684897";"";"";"";"993";"7032519";"https://www.camara.leg.br/cota-parlamentar/nota-fiscal-eletronica?ideDocumentoFiscal=7032519"
"Celso Russomanno";"";"73441";"347";"2019";"SP";"REPUBLICANOS";"56";"3";"COMBUSTÍVEIS E LUBRIFICANTES.";"1";"Veículos Automotores";"R13 SETOR HOTELEIRO SUL COMERCIO DE PRODUTOS DERIVADOS DE PE";"320.151.030/0011-1";"1188";"0";"2020-08-12T00:00:00";"100";"0";"100";"8";"2020";"0";"";"";"1714754";"";"";"";"993";"7089606";"https://www.camara.leg.br/cota-parlamentar/documentos/publ/993/2020/7089606.pdf"
"Celso Russomanno";"";"73441";"347";"2019";"SP";"REPUBLICANOS";"56";"3";"COMBUSTÍVEIS E LUBRIFICANTES.";"1";"Veículos Automotores";"SABIA POSTO DE SERVICOS E CONVENIENCIAS LTDA";"059.154.680/0012-0";"119356";"0";"2020-08-31T00:00:00";"300";"0";"300";"8";"2020";"0";"";"";"1714791";"";"";"";"993";"7089715";"https://www.camara.leg.br/cota-parlamentar/documentos/publ/993/2020/7089715.pdf"
"Celso Russomanno";"";"73441";"347";"2019";"SP";"REPUBLICANOS";"56";"3";"COMBUSTÍVEIS E LUBRIFICANTES.";"2";"Embarcações";"AUTO POSTO OSCAR PORTO LT";"476.820.340/0017-7";"029322";"0";"2020-04-22T00:00:00";"300";"0";"300";"4";"2020";"0";"";"";"1696648";"";"";"";"993";"7055123";"https://www.camara.leg.br/cota-parlamentar/documentos/publ/993/2020/7055123.pdf"
"Celso Russomanno";"";"73441";"347";"2019";"SP";"REPUBLICANOS";"56";"5";"DIVULGAÇÃO DA ATIVIDADE PARLAMENTAR.";"0";"";"Marly de Almeida Silva";"183.260.590/0013-0";"65";"0";"2020-02-14T00:00:00";"500";"0";"500";"2";"2020";"0";"";"";"1682845";"";"";"";"993";"7026584";"https://www.camara.leg.br/cota-parlamentar/documentos/publ/993/2020/7026584.pdf"
"Celso Russomanno";"";"73441";"347";"2019";"SP";"REPUBLICANOS";"56";"5";"DIVULGAÇÃO DA ATIVIDADE PARLAMENTAR.";"0";"";"Marly de Almeida Silva";"183.260.590/0013-0";"67";"0";"2020-03-03T00:00:00";"500";"0";"500";"3";"2020";"0";"";"";"1684901";"";"";"";"993";"7033033";"https://www.camara.leg.br/cota-parlamentar/documentos/publ/993/2020/7033033.pdf"
"Celso Russomanno";"";"73441";"347";"2019";"SP";"REPUBLICANOS";"56";"10";"TELEFONIA";"0";"";"Telefônica Brasil S. A. VIVO";"025.581.570/0016-2";"00109574052";"0";"2020-12-06T00:00:00";"1251.44";"0";"1251.44";"11";"2020";"0";"";"";"1742566";"";"";"";"993";"7148497";"https://www.camara.leg.br/cota-parlamentar/documentos/publ/993/2021/7148497.pdf"
"Celso Russomanno";"";"73441";"347";"2019";"SP";"REPUBLICANOS";"56";"10";"TELEFONIA";"0";"";"Telefônica Brasil S. A. VIVO";"025.581.570/0016-2";"00109574052";"0";"2021-01-06T00:00:00";"677.21";"0";"677.21";"12";"2020";"0";"";"";"1742571";"";"";"";"993";"7148489";"https://www.camara.leg.br/cota-parlamentar/documentos/publ/993/2021/7148489.pdf"
"Celso Russomanno";"";"73441";"347";"2019";"SP";"REPUBLICANOS";"56";"10";"TELEFONIA";"0";"";"Telefônica Brasil S. A. VIVO";"025.581.570/0016-2";"00111225108";"0";"2020-12-06T00:00:00";"807.72";"0";"807.72";"11";"2020";"0";"";"";"1742566";"";"";"";"993";"7148494";"https://www.camara.leg.br/cota-parlamentar/documentos/publ/993/2021/7148494.pdf"
"Celso Russomanno";"";"73441";"347";"2019";"SP";"REPUBLICANOS";"56";"10";"TELEFONIA";"0";"";"Telefônica Brasil S. A. VIVO";"025.581.570/0016-2";"00111225108";"0";"2021-01-06T00:00:00";"347.82";"0";"347.82";"12";"2020";"0";"";"";"1742571";"";"";"";"993";"7148498";"https://www.camara.leg.br/cota-parlamentar/documentos/publ/993/2021/7148498.pdf"
"Celso Russomanno";"";"73441";"347";"2019";"SP";"REPUBLICANOS";"56";"10";"TELEFONIA";"0";"";"Telefônica Brasil S. A. VIVO";"025.581.570/0016-2";"01104177630";"0";"2020-12-06T00:00:00";"754.4";"0";"754.4";"11";"2020";"0";"";"";"1742566";"";"";"";"993";"7148501";"https://www.camara.leg.br/cota-parlamentar/documentos/publ/993/2021/7148501.pdf"
"Celso Russomanno";"";"73441";"347";"2019";"SP";"REPUBLICANOS";"56";"10";"TELEFONIA";"0";"";"Telefônica Brasil S. A. VIVO";"025.581.570/0016-2";"01104177630";"0";"2021-01-06T00:00:00";"346.33";"25.68";"320.65";"12";"2020";"0";"";"";"1742570";"";"";"";"993";"7148485";"https://www.camara.leg.br/cota-parlamentar/documentos/publ/993/2021/7148485.pdf"
"Celso Russomanno";"";"73441";"347";"2019";"SP";"REPUBLICANOS";"56";"10";"TELEFONIA";"0";"";"Telefônica Brasil S. A. VIVO";"025.581.570/0016-2";"03191720407";"0";"2020-11-06T00:00:00";"523.28";"0";"523.28";"11";"2020";"0";"";"";"1737045";"";"";"";"993";"7128792";"https://www.camara.leg.br/cota-parlamentar/documentos/publ/993/2020/7128792.pdf"
"Celso Russomanno";"";"73441";"347";"2019";"SP";"REPUBLICANOS";"56";"10";"TELEFONIA";"0";"";"Telefônica Brasil S. A. VIVO";"025.581.570/0016-2";"03191720407";"0";"2020-12-06T00:00:00";"655.64";"0";"655.64";"11";"2020";"0";"";"";"1742566";"";"";"";"993";"7148503";"https://www.camara.leg.br/cota-parlamentar/documentos/publ/993/2021/7148503.pdf"
"Celso Russomanno";"";"73441";"347";"2019";"SP";"REPUBLICANOS";"56";"10";"TELEFONIA";"0";"";"Telefônica Brasil S. A. VIVO";"025.581.570/0016-2";"03191720407";"0";"2021-01-06T00:00:00";"190.05";"0";"190.05";"12";"2020";"0";"";"";"1742571";"";"";"";"993";"7148500";"https://www.camara.leg.br/cota-parlamentar/documentos/publ/993/2021/7148500.pdf"
"Celso Russomanno";"";"73441";"347";"2019";"SP";"REPUBLICANOS";"56";"10";"TELEFONIA";"0";"";"Telefônica Brasil S. A. VIVO";"025.581.570/0016-2";"2072334226";"0";"2020-11-18T00:00:00";"249.99";"0";"249.99";"11";"2020";"0";"";"";"1742566";"";"";"";"993";"7148562";"https://www.camara.leg.br/cota-parlamentar/documentos/publ/993/2021/7148562.pdf"
"Celso Russomanno";"";"73441";"347";"2019";"SP";"REPUBLICANOS";"56";"10";"TELEFONIA";"0";"";"Telefônica Brasil S.A. VIVO/GVT";"025.581.570/0016-2";"11000012620258";"0";"2020-01-27T00:00:00";"633.01";"0";"633.01";"1";"2020";"0";"";"";"1682318";"";"";"";"993";"7026347";"https://www.camara.leg.br/cota-parlamentar/documentos/publ/993/2020/7026347.pdf"
"Celso Russomanno";"";"73441";"347";"2019";"SP";"REPUBLICANOS";"56";"10";"TELEFONIA";"0";"";"Telefônica Brasil S.A. VIVO/GVT";"025.581.570/0016-2";"11000012626116";"0";"2020-01-27T00:00:00";"78.24";"0";"78.24";"1";"2020";"0";"";"";"1682319";"";"";"";"993";"7026360";"https://www.camara.leg.br/cota-parlamentar/documentos/publ/993/2020/7026360.pdf"
"Celso Russomanno";"";"73441";"347";"2019";"SP";"REPUBLICANOS";"56";"10";"TELEFONIA";"0";"";"Telefônica Brasil S.A. VIVO/GVT";"025.581.570/0016-2";"11000012629530";"0";"2020-01-27T00:00:00";"94.56";"0";"94.56";"1";"2020";"0";"";"";"1682319";"";"";"";"993";"7026350";"https://www.camara.leg.br/cota-parlamentar/documentos/publ/993/2020/7026350.pdf"
"Celso Russomanno";"";"73441";"347";"2019";"SP";"REPUBLICANOS";"56";"10";"TELEFONIA";"0";"";"Telefônica Brasil S.A. VIVO/GVT";"025.581.570/0016-2";"2074334226";"0";"2020-01-18T00:00:00";"249.99";"0";"249.99";"1";"2020";"0";"";"";"1682319";"";"";"";"993";"7026366";"https://www.camara.leg.br/cota-parlamentar/documentos/publ/993/2020/7026366.pdf"
"Celso Russomanno";"";"73441";"347";"2019";"SP";"REPUBLICANOS";"56";"10";"TELEFONIA";"0";"";"Telefônica Brasil S.A. VIVO/GVT";"025.581.570/0016-2";"2074334226";"0";"2020-02-19T00:00:00";"249.99";"0";"249.99";"2";"2020";"0";"";"";"1682318";"";"";"";"993";"7026342";"https://www.camara.leg.br/cota-parlamentar/documentos/publ/993/2020/7026342.pdf"
"Celso Russomanno";"";"73441";"347";"2019";"SP";"REPUBLICANOS";"56";"10";"TELEFONIA";"0";"";"vivo";"025.581.570/0016-2";"0000031339";"0";"2020-05-01T00:00:00";"980.52";"0";"980.52";"4";"2020";"0";"";"";"1695854";"";"";"";"993";"7053490";"https://www.camara.leg.br/cota-parlamentar/documentos/publ/993/2020/7053490.pdf"
"Celso Russomanno";"";"73441";"347";"2019";"SP";"REPUBLICANOS";"56";"10";"TELEFONIA";"0";"";"vivo";"025.581.570/0016-2";"11000013564053";"0";"2020-04-27T00:00:00";"754.31";"0";"754.31";"4";"2020";"0";"";"";"1695852";"";"";"";"993";"7053484";"https://www.camara.leg.br/cota-parlamentar/documentos/publ/993/2020/7053484.pdf"
"Celso Russomanno";"";"73441";"347";"2019";"SP";"REPUBLICANOS";"56";"10";"TELEFONIA";"0";"";"vivo";"025.581.570/0016-2";"11000013564061";"0";"2020-04-27T00:00:00";"257.97";"0";"257.97";"4";"2020";"0";"";"";"1695852";"";"";"";"993";"7053479";"https://www.camara.leg.br/cota-parlamentar/documentos/publ/993/2020/7053479.pdf"
"Celso Russomanno";"";"73441";"347";"2019";"SP";"REPUBLICANOS";"56";"10";"TELEFONIA";"0";"";"vivo";"025.581.570/0016-2";"11000013569734";"0";"2020-04-27T00:00:00";"277.1";"0";"277.1";"4";"2020";"0";"";"";"1695852";"";"";"";"993";"7053459";"https://www.camara.leg.br/cota-parlamentar/documentos/publ/993/2020/7053459.pdf"
"Celso Russomanno";"";"73441";"347";"2019";"SP";"REPUBLICANOS";"56";"10";"TELEFONIA";"0";"";"vivo";"025.581.570/0016-2";"11000013573209";"0";"2020-04-27T00:00:00";"254.07";"0";"254.07";"4";"2020";"0";"";"";"1695852";"";"";"";"993";"7053478";"https://www.camara.leg.br/cota-parlamentar/documentos/publ/993/2020/7053478.pdf"
"Celso Russomanno";"";"73441";"347";"2019";"SP";"REPUBLICANOS";"56";"10";"TELEFONIA";"0";"";"vivo";"025.581.570/0016-2";"2074334226";"0";"2020-04-17T00:00:00";"249.99";"0";"249.99";"4";"2020";"0";"";"";"1695852";"";"";"";"993";"7053488";"https://www.camara.leg.br/cota-parlamentar/documentos/publ/993/2020/7053488.pdf"
"Celso Russomanno";"";"73441";"347";"2019";"SP";"REPUBLICANOS";"56";"13";"FORNECIMENTO DE ALIMENTAÇÃO DO PARLAMENTAR";"0";"";"ADISER COMERCIO";"113.775.880/0526-3";"243944";"0";"2020-06-05T00:00:00";"59.7";"0";"59.7";"6";"2020";"0";"";"";"1702072";"";"";"";"993";"7064877";"https://www.camara.leg.br/cota-parlamentar/documentos/publ/993/2020/7064877.pdf"
"Celso Russomanno";"";"73441";"347";"2019";"SP";"REPUBLICANOS";"56";"13";"FORNECIMENTO DE ALIMENTAÇÃO DO PARLAMENTAR";"0";"";"ADISER COMERCIO";"113.775.880/0526-3";"289809";"0";"2020-06-05T00:00:00";"27.9";"0";"27.9";"6";"2020";"0";"";"";"1702072";"";"";"";"993";"7064878";"https://www.camara.leg.br/cota-parlamentar/documentos/publ/993/2020/7064878.pdf"
"Celso Russomanno";"";"73441";"347";"2019";"SP";"REPUBLICANOS";"56";"13";"FORNECIMENTO DE ALIMENTAÇÃO DO PARLAMENTAR";"0";"";"ADISER COMERCIO DE ALIMENTOS";"113.775.880/0623-5";"197541";"0";"2020-01-30T00:00:00";"105.1";"72.7";"32.4";"1";"2020";"0";"";"";"1675683";"";"";"";"993";"7013162";"https://www.camara.leg.br/cota-parlamentar/documentos/publ/993/2020/7013162.pdf"
"Celso Russomanno";"";"73441";"347";"2019";"SP";"REPUBLICANOS";"56";"13";"FORNECIMENTO DE ALIMENTAÇÃO DO PARLAMENTAR";"0";"";"ALMANARA RESTAURANTES E LANCHONETES LTDA";"609.092.150/0058-5";"025203";"0";"2020-08-09T00:00:00";"117.9";"0";"117.9";"8";"2020";"0";"";"";"1714756";"";"";"";"993";"7089618";"https://www.camara.leg.br/cota-parlamentar/documentos/publ/993/2020/7089618.pdf"
"Celso Russomanno";"";"73441";"347";"2019";"SP";"REPUBLICANOS";"56";"13";"FORNECIMENTO DE ALIMENTAÇÃO DO PARLAMENTAR";"0";"";"ALMANARA RESTAURANTES E LANCHONETES LTDA";"609.092.150/0066-6";"009023";"0";"2020-12-04T00:00:00";"52.5";"0";"52.5";"12";"2020";"0";"";"";"1742616";"";"";"";"993";"7147520";"https://www.camara.leg.br/cota-parlamentar/documentos/publ/993/2021/7147520.pdf"
"Celso Russomanno";"";"73441";"347";"2019";"SP";"REPUBLICANOS";"56";"13";"FORNECIMENTO DE ALIMENTAÇÃO DO PARLAMENTAR";"0";"";"ALMANARA RESTAURANTES E LANCHONETES LTDA";"609.092.150/0066-6";"043753";"0";"2020-02-09T00:00:00";"85.5";"0";"85.5";"2";"2020";"0";"";"";"1675685";"";"";"";"993";"7013177";"https://www.camara.leg.br/cota-parlamentar/documentos/publ/993/2020/7013177.pdf"
"Celso Russomanno";"";"73441";"347";"2019";"SP";"REPUBLICANOS";"56";"13";"FORNECIMENTO DE ALIMENTAÇÃO DO PARLAMENTAR";"0";"";"ALMANARA RESTAURANTES E LANCHONETES LTDA";"609.092.150/0066-6";"045238";"0";"2020-03-15T00:00:00";"80.8";"0";"80.8";"3";"2020";"0";"";"";"1696911";"";"";"";"993";"7055583";"https://www.camara.leg.br/cota-parlamentar/documentos/publ/993/2020/7055583.pdf"
"Celso Russomanno";"";"73441";"347";"2019";"SP";"REPUBLICANOS";"56";"13";"FORNECIMENTO DE ALIMENTAÇÃO DO PARLAMENTAR";"0";"";"ALMANARA RESTAURANTES E LANCHONETES LTDA";"609.092.150/0066-6";"066081";"0";"2020-02-01T00:00:00";"81.6";"0";"81.6";"2";"2020";"0";"";"";"1675685";"";"";"";"993";"7013180";"https://www.camara.leg.br/cota-parlamentar/documentos/publ/993/2020/7013180.pdf"
"Celso Russomanno";"";"73441";"347";"2019";"SP";"REPUBLICANOS";"56";"13";"FORNECIMENTO DE ALIMENTAÇÃO DO PARLAMENTAR";"0";"";"ALMANARA RESTAURANTES E LANCHONETES LTDA";"609.092.150/0120-4";"26195";"0";"2020-06-12T00:00:00";"103";"0";"103";"6";"2020";"0";"";"";"1702072";"";"";"";"993";"7064880";"https://www.camara.leg.br/cota-parlamentar/documentos/publ/993/2020/7064880.pdf"
"Celso Russomanno";"";"73441";"347";"2019";"SP";"REPUBLICANOS";"56";"13";"FORNECIMENTO DE ALIMENTAÇÃO DO PARLAMENTAR";"0";"";"ARCOS DOURADOS";"425.916.510/9755-4";"365067";"0";"2020-07-21T00:00:00";"38.8";"0";"38.8";"7";"2020";"0";"";"";"1708231";"";"";"";"993";"7076731";"https://www.camara.leg.br/cota-parlamentar/documentos/publ/993/2020/7076731.pdf"
"Celso Russomanno";"";"73441";"347";"2019";"SP";"REPUBLICANOS";"56";"13";"FORNECIMENTO DE ALIMENTAÇÃO DO PARLAMENTAR";"0";"";"ARCOS DOURADOS COM. DE ALIMENTOS LTDA.";"425.916.510/1606-6";"224174";"0";"2020-04-07T00:00:00";"27.7";"0";"27.7";"4";"2020";"0";"";"";"1696913";"";"";"";"993";"7055581";"https://www.camara.leg.br/cota-parlamentar/documentos/publ/993/2020/7055581.pdf"
"Celso Russomanno";"";"73441";"347";"2019";"SP";"REPUBLICANOS";"56";"13";"FORNECIMENTO DE ALIMENTAÇÃO DO PARLAMENTAR";"0";"";"ARCOS DOURADOS COMERCIO DE ALIMENTOS";"425.916.510/6128-2";"196086";"0";"2020-07-03T00:00:00";"25.9";"0";"25.9";"7";"2020";"0";"";"";"1706455";"";"";"";"993";"7073127";"https://www.camara.leg.br/cota-parlamentar/documentos/publ/993/2020/7073127.pdf"
"Celso Russomanno";"";"73441";"347";"2019";"SP";"REPUBLICANOS";"56";"13";"FORNECIMENTO DE ALIMENTAÇÃO DO PARLAMENTAR";"0";"";"ARCOS DOURADOS COMERCIO DE ALIMENTOS LTDA";"425.916.510/2459-0";"038375";"0";"2020-06-30T00:00:00";"32.65";"0";"32.65";"6";"2020";"0";"";"";"1706453";"";"";"";"993";"7073125";"https://www.camara.leg.br/cota-parlamentar/documentos/publ/993/2020/7073125.pdf"
"Celso Russomanno";"";"73441";"347";"2019";"SP";"REPUBLICANOS";"56";"13";"FORNECIMENTO DE ALIMENTAÇÃO DO PARLAMENTAR";"0";"";"ARCOS DOURADOS COMERCIO DE ALIMENTOS LTDA";"425.916.510/2459-0";"101217";"0";"2020-06-26T00:00:00";"41.3";"0";"41.3";"6";"2020";"0";"";"";"1706453";"";"";"";"993";"7073126";"https://www.camara.leg.br/cota-parlamentar/documentos/publ/993/2020/7073126.pdf"
"Celso Russomanno";"";"73441";"347";"2019";"SP";"REPUBLICANOS";"56";"13";"FORNECIMENTO DE ALIMENTAÇÃO DO PARLAMENTAR";"0";"";"ARCOS DOURADOS COMERCIO DE ALIMENTOS LTDA";"425.916.510/2459-0";"216592";"0";"2020-06-18T00:00:00";"23.3";"0";"23.3";"6";"2020";"0";"";"";"1706453";"";"";"";"993";"7073128";"https://www.camara.leg.br/cota-parlamentar/documentos/publ/993/2020/7073128.pdf"
"Celso Russomanno";"";"73441";"347";"2019";"SP";"REPUBLICANOS";"56";"13";"FORNECIMENTO DE ALIMENTAÇÃO DO PARLAMENTAR";"0";"";"ARCOS DOURADOS COMERCIO DE ALIMENTOS LTDA";"425.916.510/2459-0";"492616";"0";"2020-07-10T00:00:00";"24.8";"0";"24.8";"7";"2020";"0";"";"";"1706455";"";"";"";"993";"7073129";"https://www.camara.leg.br/cota-parlamentar/documentos/publ/993/2020/7073129.pdf"
"Celso Russomanno";"";"73441";"347";"2019";"SP";"REPUBLICANOS";"56";"13";"FORNECIMENTO DE ALIMENTAÇÃO DO PARLAMENTAR";"0";"";"ARCOS DOURADOS COMERCIO DE ALIMENTOS LTDA";"425.916.510/3951-1";"649777";"0";"2020-05-12T00:00:00";"36.2";"0";"36.2";"5";"2020";"0";"";"";"1696651";"";"";"";"993";"7055117";"https://www.camara.leg.br/cota-parlamentar/documentos/publ/993/2020/7055117.pdf"
"Celso Russomanno";"";"73441";"347";"2019";"SP";"REPUBLICANOS";"56";"13";"FORNECIMENTO DE ALIMENTAÇÃO DO PARLAMENTAR";"0";"";"ARCOS DOURADOS COMERCIO DE ALIMENTOS LTDA";"425.916.510/3951-1";"649778";"0";"2020-05-12T00:00:00";"43.7";"0";"43.7";"5";"2020";"0";"";"";"1696651";"";"";"";"993";"7055118";"https://www.camara.leg.br/cota-parlamentar/documentos/publ/993/2020/7055118.pdf"
"Celso Russomanno";"";"73441";"347";"2019";"SP";"REPUBLICANOS";"56";"13";"FORNECIMENTO DE ALIMENTAÇÃO DO PARLAMENTAR";"0";"";"ARCOS DOURADOS COMERCIO DE ALIMENTOS LTDA";"425.916.510/6810-4";"251903";"0";"2020-05-05T00:00:00";"33.05";"0";"33.05";"5";"2020";"0";"";"";"1696651";"";"";"";"993";"7055119";"https://www.camara.leg.br/cota-parlamentar/documentos/publ/993/2020/7055119.pdf"
"Celso Russomanno";"";"73441";"347";"2019";"SP";"REPUBLICANOS";"56";"13";"FORNECIMENTO DE ALIMENTAÇÃO DO PARLAMENTAR";"0";"";"ARCOS DOURADOS COMERCIO DE ALIMENTOS LTDA";"425.916.511/4058-1";"207552";"0";"2020-01-31T00:00:00";"47.8";"0";"47.8";"1";"2020";"0";"";"";"1675683";"";"";"";"993";"7013158";"https://www.camara.leg.br/cota-parlamentar/documentos/publ/993/2020/7013158.pdf"
