"txNomeParlamentar";"cpf";"ideCadastro";"nuCarteiraParlamentar";"nuLegislatura";"sgUF";"sgPartido";"codLegislatura";"numSubCota";"txtDescricao";"numEspecificacaoSubCota";"txtDescricaoEspecificacao";"txtFornecedor";"txtCNPJCPF";"txtNumero";"indTipoDocumento";"datEmissao";"vlrDocumento";"vlrGlosa";"vlrLiquido";"numMes";"numAno";"numParcela";"txtPassageiro";"txtTrecho";"numLote";"numRessarcimento";"datPagamentoRestituicao";"vlrRestituicao";"nuDeputadoId";"ideDocumento";"urlDocumento"
"LID.GOV-CD";"";"";"";"2023";"NA";"";"57";"1";"MANUTENÇÃO DE ESCRITÓRIO DE APOIO À ATIVIDADE PARLAMENTAR";"0";"";"AMORETTO CAFES EXPRESSO LTDA";"085.324.290/0013-1";"00000000074";"0";"2023-02-07T00:00:00";"899";"0";"899";"2";"2023";"0";"";"";"1911524";"";"";"";"2812";"7503781";"https://www.camara.leg.br/cota-parlamentar/documentos/publ/2812/2023/7503781.pdf"
"LID.GOV-CD";"";"";"";"2023";"NA";"";"57";"1";"MANUTENÇÃO DE ESCRITÓRIO DE APOIO À ATIVIDADE PARLAMENTAR";"0";"";"AMORETTO CAFES EXPRESSO LTDA";"085.324.290/0013-1";"00000000386";"0";"2023-06-06T00:00:00";"899";"0";"899";"6";"2023";"0";"";"";"1948548";"";"";"";"2812";"7570656";"https://www.camara.leg.br/cota-parlamentar/documentos/publ/2812/2023/7570656.pdf"
"LID.GOV-CD";"";"";"";"2023";"NA";"";"57";"1";"MANUTENÇÃO DE ESCRITÓRIO DE APOIO À ATIVIDADE PARLAMENTAR";"0";"";"AMORETTO CAFES EXPRESSO LTDA";"085.324.290/0013-1";"00000000466";"0";"2023-07-12T00:00:00";"899";"0";"899";"7";"2023";"0";"";"";"1954294";"";"";"";"2812";"7580960";"https://www.camara.leg.br/cota-parlamentar/documentos/publ/2812/2023/7580960.pdf"
"LID.GOV-CD";"";"";"";"2023";"NA";"";"57";"1";"MANUTENÇÃO DE ESCRITÓRIO DE APOIO À ATIVIDADE PARLAMENTAR";"0";"";"AMORETTO CAFES EXPRESSO LTDA";"085.324.290/0013-1";"00000000535";"0";"2023-08-03T00:00:00";"899";"0";"899";"8";"2023";"0";"";"";"1963418";"";"";"";"2812";"7599444";"https://www.camara.leg.br/cota-parlamentar/documentos/publ/2812/2023/7599444.pdf"
"LID.GOV-CD";"";"";"";"2023";"NA";"";"57";"1";"MANUTENÇÃO DE ESCRITÓRIO DE APOIO À ATIVIDADE PARLAMENTAR";"0";"";"AMORETTO CAFES EXPRESSO LTDA";"085.324.290/0013-1";"00000000625";"0";"2023-09-12T00:00:00";"899";"0";"899";"9";"2023";"0";"";"";"1975208";"";"";"";"2812";"7620412";"https://www.camara.leg.br/cota-parlamentar/documentos/publ/2812/2023/7620412.pdf"
"LID.GOV-CD";"";"";"";"2023";"NA";"";"57";"1";"MANUTENÇÃO DE ESCRITÓRIO DE APOIO À ATIVIDADE PARLAMENTAR";"0";"";"AMORETTO CAFES EXPRESSO LTDA";"085.324.290/0013-1";"00000000702";"0";"2023-10-06T00:00:00";"899";"0";"899";"10";"2023";"0";"";"";"1984541";"";"";"";"2812";"7637616";"https://www.camara.leg.br/cota-parlamentar/documentos/publ/2812/2023/7637616.pdf"
"LID.GOV-CD";"";"";"";"2023";"NA";"";"57";"1";"MANUTENÇÃO DE ESCRITÓRIO DE APOIO À ATIVIDADE PARLAMENTAR";"0";"";"AMORETTO CAFES EXPRESSO LTDA";"085.324.290/0013-1";"0000000141";"0";"2023-03-09T00:00:00";"899";"0";"899";"3";"2023";"0";"";"";"1922139";"";"";"";"2812";"7522817";"https://www.camara.leg.br/cota-parlamentar/documentos/publ/2812/2023/7522817.pdf"
"LID.GOV-CD";"";"";"";"2023";"NA";"";"57";"1";"MANUTENÇÃO DE ESCRITÓRIO DE APOIO À ATIVIDADE PARLAMENTAR";"0";"";"AMORETTO CAFES EXPRESSO LTDA";"085.324.290/0013-1";"214";"0";"2023-04-10T00:00:00";"899";"0";"899";"4";"2023";"0";"";"";"1928655";"";"";"";"2812";"7534930";"https://www.camara.leg.br/cota-parlamentar/documentos/publ/2812/2023/7534930.pdf"
"LID.GOV-CD";"";"";"";"2023";"NA";"";"57";"1";"MANUTENÇÃO DE ESCRITÓRIO DE APOIO À ATIVIDADE PARLAMENTAR";"0";"";"AMORETTO CAFES EXPRESSO LTDA";"085.324.290/0013-1";"301";"0";"2023-05-10T00:00:00";"899";"0";"899";"5";"2023";"0";"";"";"1939355";"";"";"";"2812";"7553911";"https://www.camara.leg.br/cota-parlamentar/documentos/publ/2812/2023/7553911.pdf"
"LID.GOV-CD";"";"";"";"2023";"NA";"";"57";"1";"MANUTENÇÃO DE ESCRITÓRIO DE APOIO À ATIVIDADE PARLAMENTAR";"0";"";"AMORETTO CAFES EXPRESSO LTDA";"085.324.290/0013-1";"789";"0";"2023-11-09T00:00:00";"899";"0";"899";"11";"2023";"0";"";"";"1993765";"";"";"";"2812";"7654009";"https://www.camara.leg.br/cota-parlamentar/documentos/publ/2812/2023/7654009.pdf"
"LID.GOV-CD";"";"";"";"2023";"NA";"";"57";"1";"MANUTENÇÃO DE ESCRITÓRIO DE APOIO À ATIVIDADE PARLAMENTAR";"0";"";"AMORETTO CAFES EXPRESSO LTDA";"085.324.290/0013-1";"868";"0";"2023-12-07T00:00:00";"899";"0";"899";"12";"2023";"0";"";"";"2003014";"";"";"";"2812";"7670107";"https://www.camara.leg.br/cota-parlamentar/documentos/publ/2812/2024/7670107.pdf"
"LID.GOV-CD";"";"";"";"2023";"NA";"";"57";"1";"MANUTENÇÃO DE ESCRITÓRIO DE APOIO À ATIVIDADE PARLAMENTAR";"0";"";"COMERCIAL PAPIROS LTDA";"000.192.990/0012-6";"134016";"4";"2023-03-09T00:00:00";"173";"0";"173";"3";"2023";"0";"";"";"1914685";"";"";"";"2812";"7509632";"https://www.camara.leg.br/cota-parlamentar/nota-fiscal-eletronica?ideDocumentoFiscal=7509632"
"LID.GOV-CD";"";"";"";"2023";"NA";"";"57";"1";"MANUTENÇÃO DE ESCRITÓRIO DE APOIO À ATIVIDADE PARLAMENTAR";"0";"";"CONNECT INFORMATICA E PAPELARIA LTDA";"361.127.500/0010-0";"1239";"4";"2023-08-28T00:00:00";"208.1";"0";"208.1";"8";"2023";"0";"";"";"1959098";"";"";"";"2812";"7591098";"https://www.camara.leg.br/cota-parlamentar/nota-fiscal-eletronica?ideDocumentoFiscal=7591098"
"LID.GOV-CD";"";"";"";"2023";"NA";"";"57";"1";"MANUTENÇÃO DE ESCRITÓRIO DE APOIO À ATIVIDADE PARLAMENTAR";"0";"";"FUTURA AUDIOVISUAIS LTDA ME";"071.263.360/0014-4";"230310007";"1";"2023-03-13T00:00:00";"1560";"0";"1560";"3";"2023";"0";"";"";"1917086";"";"";"";"2812";"7514226";"https://www.camara.leg.br/cota-parlamentar/documentos/publ/2812/2023/7514226.pdf"
"LID.GOV-CD";"";"";"";"2023";"NA";"";"57";"1";"MANUTENÇÃO DE ESCRITÓRIO DE APOIO À ATIVIDADE PARLAMENTAR";"0";"";"FUTURA AUDIOVISUAIS LTDA ME";"071.263.360/0014-4";"230413";"1";"2023-04-13T00:00:00";"1560";"0";"1560";"4";"2023";"0";"";"";"1932802";"";"";"";"2812";"7541498";"https://www.camara.leg.br/cota-parlamentar/documentos/publ/2812/2023/7541498.pdf"
"LID.GOV-CD";"";"";"";"2023";"NA";"";"57";"1";"MANUTENÇÃO DE ESCRITÓRIO DE APOIO À ATIVIDADE PARLAMENTAR";"0";"";"FUTURA AUDIOVISUAIS LTDA ME";"071.263.360/0014-4";"230513003";"1";"2023-05-13T00:00:00";"1560";"0";"1560";"5";"2023";"0";"";"";"1944019";"";"";"";"2812";"7562476";"https://www.camara.leg.br/cota-parlamentar/documentos/publ/2812/2023/7562476.pdf"
"LID.GOV-CD";"";"";"";"2023";"NA";"";"57";"1";"MANUTENÇÃO DE ESCRITÓRIO DE APOIO À ATIVIDADE PARLAMENTAR";"0";"";"FUTURA AUDIOVISUAIS LTDA ME";"071.263.360/0014-4";"230613003";"1";"2023-07-13T00:00:00";"1560";"0";"1560";"6";"2023";"0";"";"";"1954295";"";"";"";"2812";"7581312";"https://www.camara.leg.br/cota-parlamentar/documentos/publ/2812/2023/7581312.pdf"
"LID.GOV-CD";"";"";"";"2023";"NA";"";"57";"1";"MANUTENÇÃO DE ESCRITÓRIO DE APOIO À ATIVIDADE PARLAMENTAR";"0";"";"FUTURA AUDIOVISUAIS LTDA ME";"071.263.360/0014-4";"230713/004";"1";"2023-08-13T00:00:00";"1248";"0";"1248";"8";"2023";"0";"";"";"1959590";"";"";"";"2812";"7591971";"https://www.camara.leg.br/cota-parlamentar/documentos/publ/2812/2023/7591971.pdf"
"LID.GOV-CD";"";"";"";"2023";"NA";"";"57";"1";"MANUTENÇÃO DE ESCRITÓRIO DE APOIO À ATIVIDADE PARLAMENTAR";"0";"";"FUTURA AUDIOVISUAIS LTDA ME";"071.263.360/0014-4";"230813/002";"1";"2023-09-13T00:00:00";"780";"0";"780";"8";"2023";"0";"";"";"1969884";"";"";"";"2812";"7611413";"https://www.camara.leg.br/cota-parlamentar/documentos/publ/2812/2023/7611413.pdf"
"LID.GOV-CD";"";"";"";"2023";"NA";"";"57";"1";"MANUTENÇÃO DE ESCRITÓRIO DE APOIO À ATIVIDADE PARLAMENTAR";"0";"";"FUTURA AUDIOVISUAIS LTDA ME";"071.263.360/0014-4";"230913/011";"1";"2023-10-13T00:00:00";"780";"0";"780";"9";"2023";"0";"";"";"1978694";"";"";"";"2812";"7626677";"https://www.camara.leg.br/cota-parlamentar/documentos/publ/2812/2023/7626677.pdf"
"LID.GOV-CD";"";"";"";"2023";"NA";"";"57";"1";"MANUTENÇÃO DE ESCRITÓRIO DE APOIO À ATIVIDADE PARLAMENTAR";"0";"";"FUTURA AUDIOVISUAIS LTDA ME";"071.263.360/0014-4";"231013004";"1";"2023-11-13T00:00:00";"780";"0";"780";"10";"2023";"0";"";"";"1989086";"";"";"";"2812";"7644886";"https://www.camara.leg.br/cota-parlamentar/documentos/publ/2812/2023/7644886.pdf"
"LID.GOV-CD";"";"";"";"2023";"NA";"";"57";"1";"MANUTENÇÃO DE ESCRITÓRIO DE APOIO À ATIVIDADE PARLAMENTAR";"0";"";"FUTURA AUDIOVISUAIS LTDA ME";"071.263.360/0014-4";"231113/008";"1";"2023-12-13T00:00:00";"780";"0";"780";"11";"2023";"0";"";"";"1998500";"";"";"";"2812";"7661749";"https://www.camara.leg.br/cota-parlamentar/documentos/publ/2812/2023/7661749.pdf"
"LID.GOV-CD";"";"";"";"2023";"NA";"";"57";"3";"COMBUSTÍVEIS E LUBRIFICANTES.";"1";"Veículos Automotores";"031 - 302 NORTE - CASCOL COMBUSTIVEIS PARA VEICULOS LTDA";"003.065.970/0311-2";"308296";"4";"2023-03-26T00:00:00";"220.41";"0";"220.41";"3";"2023";"0";"";"";"1919910";"";"";"";"2812";"7518741";"https://www.camara.leg.br/cota-parlamentar/nota-fiscal-eletronica?ideDocumentoFiscal=7518741"
"LID.GOV-CD";"";"";"";"2023";"NA";"";"57";"3";"COMBUSTÍVEIS E LUBRIFICANTES.";"1";"Veículos Automotores";"031 - 302 NORTE - CASCOL COMBUSTIVEIS PARA VEICULOS LTDA";"003.065.970/0311-2";"309005";"4";"2023-03-29T00:00:00";"150";"0";"150";"3";"2023";"0";"";"";"1919909";"";"";"";"2812";"7518737";"https://www.camara.leg.br/cota-parlamentar/nota-fiscal-eletronica?ideDocumentoFiscal=7518737"
"LID.GOV-CD";"";"";"";"2023";"NA";"";"57";"3";"COMBUSTÍVEIS E LUBRIFICANTES.";"1";"Veículos Automotores";"031 - 302 NORTE - CASCOL COMBUSTIVEIS PARA VEICULOS LTDA";"003.065.970/0311-2";"309524";"4";"2023-03-30T00:00:00";"150";"0";"150";"3";"2023";"0";"";"";"1936402";"";"";"";"2812";"7548383";"https://www.camara.leg.br/cota-parlamentar/nota-fiscal-eletronica?ideDocumentoFiscal=7548383"
"LID.GOV-CD";"";"";"";"2023";"NA";"";"57";"3";"COMBUSTÍVEIS E LUBRIFICANTES.";"1";"Veículos Automotores";"031 - 302 NORTE - CASCOL COMBUSTIVEIS PARA VEICULOS LTDA";"003.065.970/0311-2";"312052";"4";"2023-04-09T00:00:00";"100";"0";"100";"4";"2023";"0";"";"";"1936432";"";"";"";"2812";"7548421";"https://www.camara.leg.br/cota-parlamentar/nota-fiscal-eletronica?ideDocumentoFiscal=7548421"
"LID.GOV-CD";"";"";"";"2023";"NA";"";"57";"3";"COMBUSTÍVEIS E LUBRIFICANTES.";"1";"Veículos Automotores";"031 - 302 NORTE - CASCOL COMBUSTIVEIS PARA VEICULOS LTDA";"003.065.970/0311-2";"315801";"4";"2023-04-23T00:00:00";"100";"0";"100";"4";"2023";"0";"";"";"1928688";"";"";"";"2812";"7535009";"https://www.camara.leg.br/cota-parlamentar/nota-fiscal-eletronica?ideDocumentoFiscal=7535009"
"LID.GOV-CD";"";"";"";"2023";"NA";"";"57";"3";"COMBUSTÍVEIS E LUBRIFICANTES.";"1";"Veículos Automotores";"031 - 302 NORTE - CASCOL COMBUSTIVEIS PARA VEICULOS LTDA";"003.065.970/0311-2";"317054";"4";"2023-04-27T00:00:00";"150";"0";"150";"4";"2023";"0";"";"";"1928686";"";"";"";"2812";"7534998";"https://www.camara.leg.br/cota-parlamentar/nota-fiscal-eletronica?ideDocumentoFiscal=7534998"
"LID.GOV-CD";"";"";"";"2023";"NA";"";"57";"3";"COMBUSTÍVEIS E LUBRIFICANTES.";"1";"Veículos Automotores";"031 - 302 NORTE - CASCOL COMBUSTIVEIS PARA VEICULOS LTDA";"003.065.970/0311-2";"319558";"4";"2023-05-07T00:00:00";"150";"0";"150";"5";"2023";"0";"";"";"1932265";"";"";"";"2812";"7540530";"https://www.camara.leg.br/cota-parlamentar/nota-fiscal-eletronica?ideDocumentoFiscal=7540530"
"LID.GOV-CD";"";"";"";"2023";"NA";"";"57";"3";"COMBUSTÍVEIS E LUBRIFICANTES.";"1";"Veículos Automotores";"031 - 302 NORTE - CASCOL COMBUSTIVEIS PARA VEICULOS LTDA";"003.065.970/0311-2";"319926";"4";"2023-05-09T00:00:00";"200";"0";"200";"5";"2023";"0";"";"";"1932279";"";"";"";"2812";"7540560";"https://www.camara.leg.br/cota-parlamentar/nota-fiscal-eletronica?ideDocumentoFiscal=7540560"
"LID.GOV-CD";"";"";"";"2023";"NA";"";"57";"3";"COMBUSTÍVEIS E LUBRIFICANTES.";"1";"Veículos Automotores";"031 - 302 NORTE - CASCOL COMBUSTIVEIS PARA VEICULOS LTDA";"003.065.970/0311-2";"321331";"4";"2023-05-14T00:00:00";"200";"0";"200";"5";"2023";"0";"";"";"1934723";"";"";"";"2812";"7545070";"https://www.camara.leg.br/cota-parlamentar/nota-fiscal-eletronica?ideDocumentoFiscal=7545070"
"LID.GOV-CD";"";"";"";"2023";"NA";"";"57";"3";"COMBUSTÍVEIS E LUBRIFICANTES.";"1";"Veículos Automotores";"031 - 302 NORTE - CASCOL COMBUSTIVEIS PARA VEICULOS LTDA";"003.065.970/0311-2";"322130";"4";"2023-05-17T00:00:00";"70";"0";"70";"5";"2023";"0";"";"";"1936417";"";"";"";"2812";"7548401";"https://www.camara.leg.br/cota-parlamentar/nota-fiscal-eletronica?ideDocumentoFiscal=7548401"
"LID.GOV-CD";"";"";"";"2023";"NA";"";"57";"3";"COMBUSTÍVEIS E LUBRIFICANTES.";"1";"Veículos Automotores";"031 - 302 NORTE - CASCOL COMBUSTIVEIS PARA VEICULOS LTDA";"003.065.970/0311-2";"325511";"4";"2023-06-01T00:00:00";"120";"0";"120";"6";"2023";"0";"";"";"1940057";"";"";"";"2812";"7555110";"https://www.camara.leg.br/cota-parlamentar/nota-fiscal-eletronica?ideDocumentoFiscal=7555110"
"LID.GOV-CD";"";"";"";"2023";"NA";"";"57";"3";"COMBUSTÍVEIS E LUBRIFICANTES.";"1";"Veículos Automotores";"031 - 302 NORTE - CASCOL COMBUSTIVEIS PARA VEICULOS LTDA";"003.065.970/0311-2";"326462";"4";"2023-06-05T00:00:00";"150";"0";"150";"6";"2023";"0";"";"";"1940465";"";"";"";"2812";"7555933";"https://www.camara.leg.br/cota-parlamentar/nota-fiscal-eletronica?ideDocumentoFiscal=7555933"
"LID.GOV-CD";"";"";"";"2023";"NA";"";"57";"3";"COMBUSTÍVEIS E LUBRIFICANTES.";"1";"Veículos Automotores";"031 - 302 NORTE - CASCOL COMBUSTIVEIS PARA VEICULOS LTDA";"003.065.970/0311-2";"326944";"4";"2023-06-06T00:00:00";"70";"0";"70";"6";"2023";"0";"";"";"1940465";"";"";"";"2812";"7555925";"https://www.camara.leg.br/cota-parlamentar/nota-fiscal-eletronica?ideDocumentoFiscal=7555925"
"LID.GOV-CD";"";"";"";"2023";"NA";"";"57";"3";"COMBUSTÍVEIS E LUBRIFICANTES.";"1";"Veículos Automotores";"031 - 302 NORTE - CASCOL COMBUSTIVEIS PARA VEICULOS LTDA";"003.065.970/0311-2";"327893";"4";"2023-06-11T00:00:00";"206.02";"0";"206.02";"6";"2023";"0";"";"";"1942422";"";"";"";"2812";"7559560";"https://www.camara.leg.br/cota-parlamentar/nota-fiscal-eletronica?ideDocumentoFiscal=7559560"
"LID.GOV-CD";"";"";"";"2023";"NA";"";"57";"3";"COMBUSTÍVEIS E LUBRIFICANTES.";"1";"Veículos Automotores";"031 - 302 NORTE - CASCOL COMBUSTIVEIS PARA VEICULOS LTDA";"003.065.970/0311-2";"332894";"4";"2023-07-02T00:00:00";"160";"0";"160";"7";"2023";"0";"";"";"1948546";"";"";"";"2812";"7570653";"https://www.camara.leg.br/cota-parlamentar/nota-fiscal-eletronica?ideDocumentoFiscal=7570653"
"LID.GOV-CD";"";"";"";"2023";"NA";"";"57";"3";"COMBUSTÍVEIS E LUBRIFICANTES.";"1";"Veículos Automotores";"031 - 302 NORTE - CASCOL COMBUSTIVEIS PARA VEICULOS LTDA";"003.065.970/0311-2";"333331";"4";"2023-07-04T00:00:00";"171.5";"0";"171.5";"7";"2023";"0";"";"";"1948546";"";"";"";"2812";"7570649";"https://www.camara.leg.br/cota-parlamentar/nota-fiscal-eletronica?ideDocumentoFiscal=7570649"
"LID.GOV-CD";"";"";"";"2023";"NA";"";"57";"3";"COMBUSTÍVEIS E LUBRIFICANTES.";"1";"Veículos Automotores";"031 - 302 NORTE - CASCOL COMBUSTIVEIS PARA VEICULOS LTDA";"003.065.970/0311-2";"337470";"4";"2023-07-25T00:00:00";"200";"0";"200";"7";"2023";"0";"";"";"1954047";"";"";"";"2812";"7580802";"https://www.camara.leg.br/cota-parlamentar/nota-fiscal-eletronica?ideDocumentoFiscal=7580802"
"LID.GOV-CD";"";"";"";"2023";"NA";"";"57";"3";"COMBUSTÍVEIS E LUBRIFICANTES.";"1";"Veículos Automotores";"031 - 302 NORTE - CASCOL COMBUSTIVEIS PARA VEICULOS LTDA";"003.065.970/0311-2";"338410";"4";"2023-07-30T00:00:00";"100";"0";"100";"7";"2023";"0";"";"";"1954047";"";"";"";"2812";"7580792";"https://www.camara.leg.br/cota-parlamentar/nota-fiscal-eletronica?ideDocumentoFiscal=7580792"
"LID.GOV-CD";"";"";"";"2023";"NA";"";"57";"3";"COMBUSTÍVEIS E LUBRIFICANTES.";"1";"Veículos Automotores";"031 - 302 NORTE - CASCOL COMBUSTIVEIS PARA VEICULOS LTDA";"003.065.970/0311-2";"338704";"4";"2023-07-31T00:00:00";"100";"0";"100";"7";"2023";"0";"";"";"1954047";"";"";"";"2812";"7580782";"https://www.camara.leg.br/cota-parlamentar/nota-fiscal-eletronica?ideDocumentoFiscal=7580782"
"LID.GOV-CD";"";"";"";"2023";"NA";"";"57";"3";"COMBUSTÍVEIS E LUBRIFICANTES.";"1";"Veículos Automotores";"031 - 302 NORTE - CASCOL COMBUSTIVEIS PARA VEICULOS LTDA";"003.065.970/0311-2";"339227";"4";"2023-08-02T00:00:00";"100";"0";"100";"8";"2023";"0";"";"";"1957128";"";"";"";"2812";"7586383";"https://www.camara.leg.br/cota-parlamentar/nota-fiscal-eletronica?ideDocumentoFiscal=7586383"
"LID.GOV-CD";"";"";"";"2023";"NA";"";"57";"3";"COMBUSTÍVEIS E LUBRIFICANTES.";"1";"Veículos Automotores";"031 - 302 NORTE - CASCOL COMBUSTIVEIS PARA VEICULOS LTDA";"003.065.970/0311-2";"352069";"4";"2023-10-02T00:00:00";"150";"0";"150";"10";"2023";"0";"";"";"1975637";"";"";"";"2812";"7621097";"https://www.camara.leg.br/cota-parlamentar/nota-fiscal-eletronica?ideDocumentoFiscal=7621097"
"LID.GOV-CD";"";"";"";"2023";"NA";"";"57";"3";"COMBUSTÍVEIS E LUBRIFICANTES.";"1";"Veículos Automotores";"031 - 302 NORTE - CASCOL COMBUSTIVEIS PARA VEICULOS LTDA";"003.065.970/0311-2";"356320";"4";"2023-10-26T00:00:00";"150";"0";"150";"10";"2023";"0";"";"";"1983618";"";"";"";"2812";"7636149";"https://www.camara.leg.br/cota-parlamentar/nota-fiscal-eletronica?ideDocumentoFiscal=7636149"
"LID.GOV-CD";"";"";"";"2023";"NA";"";"57";"3";"COMBUSTÍVEIS E LUBRIFICANTES.";"1";"Veículos Automotores";"034 - LC ALAMEDA - CASCOL COMBUSTIVEIS PARA VEICULOS LTDA";"003.065.970/0346-5";"388735";"4";"2023-07-29T00:00:00";"100";"0";"100";"8";"2023";"0";"";"";"1959591";"";"";"";"2812";"7591986";"https://www.camara.leg.br/cota-parlamentar/nota-fiscal-eletronica?ideDocumentoFiscal=7591986"
"LID.GOV-CD";"";"";"";"2023";"NA";"";"57";"3";"COMBUSTÍVEIS E LUBRIFICANTES.";"1";"Veículos Automotores";"053 - G PARK - CASCOL COMBUSTIVEIS PARA VEICULOS LTDA";"003.065.970/0532-8";"567256";"4";"2023-08-19T00:00:00";"100";"0";"100";"8";"2023";"0";"";"";"1963037";"";"";"";"2812";"7598793";"https://www.camara.leg.br/cota-parlamentar/nota-fiscal-eletronica?ideDocumentoFiscal=7598793"
"LID.GOV-CD";"";"";"";"2023";"NA";"";"57";"3";"COMBUSTÍVEIS E LUBRIFICANTES.";"1";"Veículos Automotores";"072 - 403 SUL - CASCOL COMBUSTIVEIS PARA VEICULOS LTDA";"003.065.970/0729-0";"289260";"4";"2023-05-17T00:00:00";"50";"0";"50";"5";"2023";"0";"";"";"1934729";"";"";"";"2812";"7545078";"https://www.camara.leg.br/cota-parlamentar/nota-fiscal-eletronica?ideDocumentoFiscal=7545078"
"LID.GOV-CD";"";"";"";"2023";"NA";"";"57";"3";"COMBUSTÍVEIS E LUBRIFICANTES.";"1";"Veículos Automotores";"072 - 403 SUL - CASCOL COMBUSTIVEIS PARA VEICULOS LTDA";"003.065.970/0729-0";"350431";"4";"2023-11-21T00:00:00";"100";"0";"100";"11";"2023";"0";"";"";"1990062";"";"";"";"2812";"7646904";"https://www.camara.leg.br/cota-parlamentar/nota-fiscal-eletronica?ideDocumentoFiscal=7646904"
"LID.GOV-CD";"";"";"";"2023";"NA";"";"57";"3";"COMBUSTÍVEIS E LUBRIFICANTES.";"1";"Veículos Automotores";"076 - MELHOR 10 - CASCOL COMBUSTIVEIS PARA VEICULOS LTDA";"003.065.970/0761-4";"705345";"4";"2023-08-15T00:00:00";"90";"0";"90";"8";"2023";"0";"";"";"1959690";"";"";"";"2812";"7592185";"https://www.camara.leg.br/cota-parlamentar/nota-fiscal-eletronica?ideDocumentoFiscal=7592185"
"LID.GOV-CD";"";"";"";"2023";"NA";"";"57";"3";"COMBUSTÍVEIS E LUBRIFICANTES.";"1";"Veículos Automotores";"096 - MANGUEIRAL - CASCOL COMBUSTIVEIS PARA VEICULOS LTDA";"003.065.970/0966-8";"1419899";"4";"2023-06-04T00:00:00";"120";"0";"120";"6";"2023";"0";"";"";"1940465";"";"";"";"2812";"7555930";"https://www.camara.leg.br/cota-parlamentar/nota-fiscal-eletronica?ideDocumentoFiscal=7555930"
"LID.GOV-CD";"";"";"";"2023";"NA";"";"57";"3";"COMBUSTÍVEIS E LUBRIFICANTES.";"1";"Veículos Automotores";"096 - MANGUEIRAL - CASCOL COMBUSTIVEIS PARA VEICULOS LTDA";"003.065.970/0966-8";"1559176";"4";"2023-08-27T00:00:00";"100";"0";"100";"8";"2023";"0";"";"";"1966994";"";"";"";"2812";"7605772";"https://www.camara.leg.br/cota-parlamentar/nota-fiscal-eletronica?ideDocumentoFiscal=7605772"
"LID.GOV-CD";"";"";"";"2023";"NA";"";"57";"3";"COMBUSTÍVEIS E LUBRIFICANTES.";"1";"Veículos Automotores";"13 - TRIANGULO - CASCOL COMBUSTIVEIS PARA VEICULOS LTDA";"003.065.970/0133-0";"293728";"4";"2023-10-24T00:00:00";"100";"0";"100";"10";"2023";"0";"";"";"1981364";"";"";"";"2812";"7631585";"https://www.camara.leg.br/cota-parlamentar/nota-fiscal-eletronica?ideDocumentoFiscal=7631585"
"LID.GOV-CD";"";"";"";"2023";"NA";"";"57";"3";"COMBUSTÍVEIS E LUBRIFICANTES.";"1";"Veículos Automotores";"ARCO IRIS PETROLEO COMERCIO E SERVICOS LTDA";"004.800.250/0013-0";"150945";"4";"2023-08-10T00:00:00";"100";"0";"100";"8";"2023";"0";"";"";"1959591";"";"";"";"2812";"7592013";"https://www.camara.leg.br/cota-parlamentar/nota-fiscal-eletronica?ideDocumentoFiscal=7592013"
"LID.GOV-CD";"";"";"";"2023";"NA";"";"57";"3";"COMBUSTÍVEIS E LUBRIFICANTES.";"1";"Veículos Automotores";"AUTO POSTO 302 SUL LTDA";"306.427.010/0019-5";"100726";"4";"2023-12-08T00:00:00";"150";"0";"150";"12";"2023";"0";"";"";"1998492";"";"";"";"2812";"7661721";"https://www.camara.leg.br/cota-parlamentar/nota-fiscal-eletronica?ideDocumentoFiscal=7661721"
"LID.GOV-CD";"";"";"";"2023";"NA";"";"57";"3";"COMBUSTÍVEIS E LUBRIFICANTES.";"1";"Veículos Automotores";"AUTO POSTO 302 SUL LTDA";"306.427.010/0019-5";"101003";"4";"2023-12-11T00:00:00";"150";"0";"150";"12";"2023";"0";"";"";"1998492";"";"";"";"2812";"7661735";"https://www.camara.leg.br/cota-parlamentar/nota-fiscal-eletronica?ideDocumentoFiscal=7661735"
"LID.GOV-CD";"";"";"";"2023";"NA";"";"57";"3";"COMBUSTÍVEIS E LUBRIFICANTES.";"1";"Veículos Automotores";"AUTO POSTO 302 SUL LTDA";"306.427.010/0019-5";"101646";"4";"2023-12-18T00:00:00";"200";"0";"200";"12";"2023";"0";"";"";"2001246";"";"";"";"2812";"7666931";"https://www.camara.leg.br/cota-parlamentar/nota-fiscal-eletronica?ideDocumentoFiscal=7666931"
"LID.GOV-CD";"";"";"";"2023";"NA";"";"57";"3";"COMBUSTÍVEIS E LUBRIFICANTES.";"1";"Veículos Automotores";"AUTO POSTO 302 SUL LTDA";"306.427.010/0019-5";"78755";"4";"2023-04-24T00:00:00";"100";"0";"100";"4";"2023";"0";"";"";"1928692";"";"";"";"2812";"7535021";"https://www.camara.leg.br/cota-parlamentar/nota-fiscal-eletronica?ideDocumentoFiscal=7535021"
"LID.GOV-CD";"";"";"";"2023";"NA";"";"57";"3";"COMBUSTÍVEIS E LUBRIFICANTES.";"1";"Veículos Automotores";"AUTO POSTO 302 SUL LTDA";"306.427.010/0019-5";"78854";"4";"2023-04-25T00:00:00";"150";"0";"150";"4";"2023";"0";"";"";"1928702";"";"";"";"2812";"7535034";"https://www.camara.leg.br/cota-parlamentar/nota-fiscal-eletronica?ideDocumentoFiscal=7535034"
"LID.GOV-CD";"";"";"";"2023";"NA";"";"57";"3";"COMBUSTÍVEIS E LUBRIFICANTES.";"1";"Veículos Automotores";"AUTO POSTO 302 SUL LTDA";"306.427.010/0019-5";"86411";"4";"2023-08-01T00:00:00";"100";"0";"100";"8";"2023";"0";"";"";"1957128";"";"";"";"2812";"7586400";"https://www.camara.leg.br/cota-parlamentar/nota-fiscal-eletronica?ideDocumentoFiscal=7586400"
"LID.GOV-CD";"";"";"";"2023";"NA";"";"57";"3";"COMBUSTÍVEIS E LUBRIFICANTES.";"1";"Veículos Automotores";"AUTO POSTO 302 SUL LTDA";"306.427.010/0019-5";"87370";"4";"2023-08-09T00:00:00";"100";"0";"100";"8";"2023";"0";"";"";"1958648";"";"";"";"2812";"7590214";"https://www.camara.leg.br/cota-parlamentar/nota-fiscal-eletronica?ideDocumentoFiscal=7590214"
"LID.GOV-CD";"";"";"";"2023";"NA";"";"57";"3";"COMBUSTÍVEIS E LUBRIFICANTES.";"1";"Veículos Automotores";"AUTO POSTO 302 SUL LTDA";"306.427.010/0019-5";"91516";"4";"2023-09-13T00:00:00";"120";"0";"120";"9";"2023";"0";"";"";"1970441";"";"";"";"2812";"7612489";"https://www.camara.leg.br/cota-parlamentar/nota-fiscal-eletronica?ideDocumentoFiscal=7612489"
"LID.GOV-CD";"";"";"";"2023";"NA";"";"57";"3";"COMBUSTÍVEIS E LUBRIFICANTES.";"1";"Veículos Automotores";"AUTO POSTO 302 SUL LTDA";"306.427.010/0019-5";"98188";"4";"2023-11-17T00:00:00";"150";"0";"150";"11";"2023";"0";"";"";"1991220";"";"";"";"2812";"7649168";"https://www.camara.leg.br/cota-parlamentar/nota-fiscal-eletronica?ideDocumentoFiscal=7649168"
"LID.GOV-CD";"";"";"";"2023";"NA";"";"57";"3";"COMBUSTÍVEIS E LUBRIFICANTES.";"1";"Veículos Automotores";"AUTO POSTO 303 NORTE LTDA";"381.942.120/0012-0";"245734";"4";"2023-05-28T00:00:00";"150";"0";"150";"5";"2023";"0";"";"";"1940054";"";"";"";"2812";"7555107";"https://www.camara.leg.br/cota-parlamentar/nota-fiscal-eletronica?ideDocumentoFiscal=7555107"
"LID.GOV-CD";"";"";"";"2023";"NA";"";"57";"3";"COMBUSTÍVEIS E LUBRIFICANTES.";"1";"Veículos Automotores";"AUTO POSTO 303 NORTE LTDA";"381.942.120/0012-0";"252521";"4";"2023-06-20T00:00:00";"150";"0";"150";"6";"2023";"0";"";"";"1946006";"";"";"";"2812";"7566117";"https://www.camara.leg.br/cota-parlamentar/nota-fiscal-eletronica?ideDocumentoFiscal=7566117"
"LID.GOV-CD";"";"";"";"2023";"NA";"";"57";"3";"COMBUSTÍVEIS E LUBRIFICANTES.";"1";"Veículos Automotores";"AUTO POSTO 303 NORTE LTDA";"381.942.120/0012-0";"254158";"4";"2023-06-25T00:00:00";"150";"0";"150";"6";"2023";"0";"";"";"1946006";"";"";"";"2812";"7566112";"https://www.camara.leg.br/cota-parlamentar/nota-fiscal-eletronica?ideDocumentoFiscal=7566112"
"LID.GOV-CD";"";"";"";"2023";"NA";"";"57";"3";"COMBUSTÍVEIS E LUBRIFICANTES.";"1";"Veículos Automotores";"AUTO POSTO 303 NORTE LTDA";"381.942.120/0012-0";"254534";"4";"2023-06-27T00:00:00";"200";"0";"200";"6";"2023";"0";"";"";"1946006";"";"";"";"2812";"7566101";"https://www.camara.leg.br/cota-parlamentar/nota-fiscal-eletronica?ideDocumentoFiscal=7566101"
"LID.GOV-CD";"";"";"";"2023";"NA";"";"57";"3";"COMBUSTÍVEIS E LUBRIFICANTES.";"1";"Veículos Automotores";"AUTO POSTO 303 NORTE LTDA";"381.942.120/0012-0";"257179";"4";"2023-07-06T00:00:00";"100";"0";"100";"7";"2023";"0";"";"";"1950601";"";"";"";"2812";"7574318";"https://www.camara.leg.br/cota-parlamentar/nota-fiscal-eletronica?ideDocumentoFiscal=7574318"
"LID.GOV-CD";"";"";"";"2023";"NA";"";"57";"3";"COMBUSTÍVEIS E LUBRIFICANTES.";"1";"Veículos Automotores";"AUTO POSTO 303 NORTE LTDA";"381.942.120/0012-0";"266973";"4";"2023-08-14T00:00:00";"120";"0";"120";"8";"2023";"0";"";"";"1959591";"";"";"";"2812";"7592017";"https://www.camara.leg.br/cota-parlamentar/nota-fiscal-eletronica?ideDocumentoFiscal=7592017"
"LID.GOV-CD";"";"";"";"2023";"NA";"";"57";"3";"COMBUSTÍVEIS E LUBRIFICANTES.";"1";"Veículos Automotores";"AUTO POSTO 303 NORTE LTDA";"381.942.120/0012-0";"267568";"4";"2023-08-16T00:00:00";"201.67";"0";"201.67";"8";"2023";"0";"";"";"1959690";"";"";"";"2812";"7592189";"https://www.camara.leg.br/cota-parlamentar/nota-fiscal-eletronica?ideDocumentoFiscal=7592189"
"LID.GOV-CD";"";"";"";"2023";"NA";"";"57";"3";"COMBUSTÍVEIS E LUBRIFICANTES.";"1";"Veículos Automotores";"AUTO POSTO 303 NORTE LTDA";"381.942.120/0012-0";"269367";"4";"2023-08-22T00:00:00";"200";"0";"200";"8";"2023";"0";"";"";"1961379";"";"";"";"2812";"7595528";"https://www.camara.leg.br/cota-parlamentar/nota-fiscal-eletronica?ideDocumentoFiscal=7595528"
"LID.GOV-CD";"";"";"";"2023";"NA";"";"57";"3";"COMBUSTÍVEIS E LUBRIFICANTES.";"1";"Veículos Automotores";"AUTO POSTO 303 NORTE LTDA";"381.942.120/0012-0";"271393";"4";"2023-08-27T00:00:00";"189.67";"0";"189.67";"8";"2023";"0";"";"";"1966994";"";"";"";"2812";"7605806";"https://www.camara.leg.br/cota-parlamentar/nota-fiscal-eletronica?ideDocumentoFiscal=7605806"
"LID.GOV-CD";"";"";"";"2023";"NA";"";"57";"3";"COMBUSTÍVEIS E LUBRIFICANTES.";"1";"Veículos Automotores";"AUTO POSTO 303 NORTE LTDA";"381.942.120/0012-0";"274912";"4";"2023-09-05T00:00:00";"200";"0";"200";"9";"2023";"0";"";"";"1966995";"";"";"";"2812";"7605869";"https://www.camara.leg.br/cota-parlamentar/nota-fiscal-eletronica?ideDocumentoFiscal=7605869"
"LID.GOV-CD";"";"";"";"2023";"NA";"";"57";"3";"COMBUSTÍVEIS E LUBRIFICANTES.";"1";"Veículos Automotores";"AUTO POSTO 303 NORTE LTDA";"381.942.120/0012-0";"282599";"4";"2023-09-26T00:00:00";"200";"0";"200";"9";"2023";"0";"";"";"1973351";"";"";"";"2812";"7617198";"https://www.camara.leg.br/cota-parlamentar/nota-fiscal-eletronica?ideDocumentoFiscal=7617198"
"LID.GOV-CD";"";"";"";"2023";"NA";"";"57";"3";"COMBUSTÍVEIS E LUBRIFICANTES.";"1";"Veículos Automotores";"AUTO POSTO 303 NORTE LTDA";"381.942.120/0012-0";"283198";"4";"2023-09-28T00:00:00";"100";"0";"100";"9";"2023";"0";"";"";"1975634";"";"";"";"2812";"7621103";"https://www.camara.leg.br/cota-parlamentar/nota-fiscal-eletronica?ideDocumentoFiscal=7621103"
"LID.GOV-CD";"";"";"";"2023";"NA";"";"57";"3";"COMBUSTÍVEIS E LUBRIFICANTES.";"1";"Veículos Automotores";"AUTO POSTO 303 NORTE LTDA";"381.942.120/0012-0";"286740";"4";"2023-10-08T00:00:00";"200";"0";"200";"10";"2023";"0";"";"";"1977828";"";"";"";"2812";"7624973";"https://www.camara.leg.br/cota-parlamentar/nota-fiscal-eletronica?ideDocumentoFiscal=7624973"
"LID.GOV-CD";"";"";"";"2023";"NA";"";"57";"3";"COMBUSTÍVEIS E LUBRIFICANTES.";"1";"Veículos Automotores";"AUTO POSTO 303 NORTE LTDA";"381.942.120/0012-0";"287504";"4";"2023-10-10T00:00:00";"150";"0";"150";"10";"2023";"0";"";"";"1978761";"";"";"";"2812";"7626819";"https://www.camara.leg.br/cota-parlamentar/nota-fiscal-eletronica?ideDocumentoFiscal=7626819"
"LID.GOV-CD";"";"";"";"2023";"NA";"";"57";"3";"COMBUSTÍVEIS E LUBRIFICANTES.";"1";"Veículos Automotores";"AUTO POSTO 303 NORTE LTDA";"381.942.120/0012-0";"288825";"4";"2023-10-15T00:00:00";"200";"0";"200";"10";"2023";"0";"";"";"1978761";"";"";"";"2812";"7626824";"https://www.camara.leg.br/cota-parlamentar/nota-fiscal-eletronica?ideDocumentoFiscal=7626824"
"LID.GOV-CD";"";"";"";"2023";"NA";"";"57";"3";"COMBUSTÍVEIS E LUBRIFICANTES.";"1";"Veículos Automotores";"AUTO POSTO 303 NORTE LTDA";"381.942.120/0012-0";"292885";"4";"2023-10-28T00:00:00";"200";"0";"200";"10";"2023";"0";"";"";"1983618";"";"";"";"2812";"7636130";"https://www.camara.leg.br/cota-parlamentar/nota-fiscal-eletronica?ideDocumentoFiscal=7636130"
"LID.GOV-CD";"";"";"";"2023";"NA";"";"57";"3";"COMBUSTÍVEIS E LUBRIFICANTES.";"1";"Veículos Automotores";"AUTO POSTO 303 NORTE LTDA";"381.942.120/0012-0";"293865";"4";"2023-10-31T00:00:00";"200";"0";"200";"10";"2023";"0";"";"";"1983618";"";"";"";"2812";"7636146";"https://www.camara.leg.br/cota-parlamentar/nota-fiscal-eletronica?ideDocumentoFiscal=7636146"
"LID.GOV-CD";"";"";"";"2023";"NA";"";"57";"3";"COMBUSTÍVEIS E LUBRIFICANTES.";"1";"Veículos Automotores";"AUTO POSTO 303 NORTE LTDA";"381.942.120/0012-0";"296264";"4";"2023-11-08T00:00:00";"100";"0";"100";"11";"2023";"0";"";"";"1987815";"";"";"";"2812";"7642654";"https://www.camara.leg.br/cota-parlamentar/nota-fiscal-eletronica?ideDocumentoFiscal=7642654"
"LID.GOV-CD";"";"";"";"2023";"NA";"";"57";"3";"COMBUSTÍVEIS E LUBRIFICANTES.";"1";"Veículos Automotores";"AUTO POSTO 303 NORTE LTDA";"381.942.120/0012-0";"296940";"4";"2023-11-10T00:00:00";"100";"0";"100";"11";"2023";"0";"";"";"1987815";"";"";"";"2812";"7642653";"https://www.camara.leg.br/cota-parlamentar/nota-fiscal-eletronica?ideDocumentoFiscal=7642653"
"LID.GOV-CD";"";"";"";"2023";"NA";"";"57";"3";"COMBUSTÍVEIS E LUBRIFICANTES.";"1";"Veículos Automotores";"AUTO POSTO 303 NORTE LTDA";"381.942.120/0012-0";"297347";"4";"2023-11-12T00:00:00";"100";"0";"100";"11";"2023";"0";"";"";"1987815";"";"";"";"2812";"7642651";"https://www.camara.leg.br/cota-parlamentar/nota-fiscal-eletronica?ideDocumentoFiscal=7642651"
"LID.GOV-CD";"";"";"";"2023";"NA";"";"57";"3";"COMBUSTÍVEIS E LUBRIFICANTES.";"1";"Veículos Automotores";"AUTO POSTO 303 NORTE LTDA";"381.942.120/0012-0";"298688";"4";"2023-11-16T00:00:00";"150";"0";"150";"11";"2023";"0";"";"";"1991220";"";"";"";"2812";"7649176";"https://www.camara.leg.br/cota-parlamentar/nota-fiscal-eletronica?ideDocumentoFiscal=7649176"
"LID.GOV-CD";"";"";"";"2023";"NA";"";"57";"3";"COMBUSTÍVEIS E LUBRIFICANTES.";"1";"Veículos Automotores";"AUTO POSTO 303 NORTE LTDA";"381.942.120/0012-0";"301550";"4";"2023-11-24T00:00:00";"200";"0";"200";"11";"2023";"0";"";"";"1991697";"";"";"";"2812";"7650250";"https://www.camara.leg.br/cota-parlamentar/nota-fiscal-eletronica?ideDocumentoFiscal=7650250"
"LID.GOV-CD";"";"";"";"2023";"NA";"";"57";"3";"COMBUSTÍVEIS E LUBRIFICANTES.";"1";"Veículos Automotores";"AUTO POSTO 303 NORTE LTDA";"381.942.120/0012-0";"302287";"4";"2023-11-27T00:00:00";"160";"0";"160";"11";"2023";"0";"";"";"1991697";"";"";"";"2812";"7650238";"https://www.camara.leg.br/cota-parlamentar/nota-fiscal-eletronica?ideDocumentoFiscal=7650238"
"LID.GOV-CD";"";"";"";"2023";"NA";"";"57";"3";"COMBUSTÍVEIS E LUBRIFICANTES.";"1";"Veículos Automotores";"AUTO POSTO 303 NORTE LTDA";"381.942.120/0012-0";"302771";"4";"2023-11-28T00:00:00";"120";"0";"120";"11";"2023";"0";"";"";"1996153";"";"";"";"2812";"7657457";"https://www.camara.leg.br/cota-parlamentar/nota-fiscal-eletronica?ideDocumentoFiscal=7657457"
"LID.GOV-CD";"";"";"";"2023";"NA";"";"57";"3";"COMBUSTÍVEIS E LUBRIFICANTES.";"1";"Veículos Automotores";"AUTO POSTO 303 NORTE LTDA";"381.942.120/0012-0";"308442";"4";"2023-12-20T00:00:00";"150";"0";"150";"12";"2023";"0";"";"";"2001246";"";"";"";"2812";"7666945";"https://www.camara.leg.br/cota-parlamentar/nota-fiscal-eletronica?ideDocumentoFiscal=7666945"
"LID.GOV-CD";"";"";"";"2023";"NA";"";"57";"3";"COMBUSTÍVEIS E LUBRIFICANTES.";"1";"Veículos Automotores";"AUTO POSTO 306 NORTE LTDA";"223.988.180/0014-7";"19605";"4";"2023-08-28T00:00:00";"200";"0";"200";"8";"2023";"0";"";"";"1962988";"";"";"";"2812";"7598614";"https://www.camara.leg.br/cota-parlamentar/nota-fiscal-eletronica?ideDocumentoFiscal=7598614"
"LID.GOV-CD";"";"";"";"2023";"NA";"";"57";"3";"COMBUSTÍVEIS E LUBRIFICANTES.";"1";"Veículos Automotores";"AUTO POSTO 5 ESTRELAS LTDA";"006.924.180/0010-7";"435013";"4";"2023-12-21T00:00:00";"100";"0";"100";"12";"2023";"0";"";"";"2002294";"";"";"";"2812";"7668834";"https://www.camara.leg.br/cota-parlamentar/nota-fiscal-eletronica?ideDocumentoFiscal=7668834"
"LID.GOV-CD";"";"";"";"2023";"NA";"";"57";"3";"COMBUSTÍVEIS E LUBRIFICANTES.";"1";"Veículos Automotores";"AUTO POSTO AEROPORTO LTDA";"082.021.160/0011-5";"514949";"4";"2023-05-22T00:00:00";"150";"0";"150";"5";"2023";"0";"";"";"1936411";"";"";"";"2812";"7548391";"https://www.camara.leg.br/cota-parlamentar/nota-fiscal-eletronica?ideDocumentoFiscal=7548391"
"LID.GOV-CD";"";"";"";"2023";"NA";"";"57";"3";"COMBUSTÍVEIS E LUBRIFICANTES.";"1";"Veículos Automotores";"AUTO POSTO AEROPORTO LTDA";"082.021.160/0011-5";"545566";"4";"2023-09-25T00:00:00";"68.74";"0";"68.74";"9";"2023";"0";"";"";"1971078";"";"";"";"2812";"7613608";"https://www.camara.leg.br/cota-parlamentar/nota-fiscal-eletronica?ideDocumentoFiscal=7613608"
"LID.GOV-CD";"";"";"";"2023";"NA";"";"57";"3";"COMBUSTÍVEIS E LUBRIFICANTES.";"1";"Veículos Automotores";"AUTO POSTO ANDRADE LTDA - METROPOLITANO";"240.464.930/0024-0";"33397";"4";"2023-12-24T00:00:00";"150";"0";"150";"12";"2023";"0";"";"";"2001892";"";"";"";"2812";"7668112";"https://www.camara.leg.br/cota-parlamentar/nota-fiscal-eletronica?ideDocumentoFiscal=7668112"
"LID.GOV-CD";"";"";"";"2023";"NA";"";"57";"3";"COMBUSTÍVEIS E LUBRIFICANTES.";"1";"Veículos Automotores";"AUTO POSTO BRAGA LTDA";"052.083.060/0015-1";"301052";"4";"2023-09-01T00:00:00";"120";"0";"120";"9";"2023";"0";"";"";"1966995";"";"";"";"2812";"7605782";"https://www.camara.leg.br/cota-parlamentar/nota-fiscal-eletronica?ideDocumentoFiscal=7605782"
"LID.GOV-CD";"";"";"";"2023";"NA";"";"57";"3";"COMBUSTÍVEIS E LUBRIFICANTES.";"1";"Veículos Automotores";"AUTO POSTO CINCO ESTRELAS LTDA";"006.924.180/0061-1";"219583";"4";"2023-05-02T00:00:00";"228.86";"0";"228.86";"5";"2023";"0";"";"";"1929525";"";"";"";"2812";"7536529";"https://www.camara.leg.br/cota-parlamentar/nota-fiscal-eletronica?ideDocumentoFiscal=7536529"
"LID.GOV-CD";"";"";"";"2023";"NA";"";"57";"3";"COMBUSTÍVEIS E LUBRIFICANTES.";"1";"Veículos Automotores";"AUTO POSTO CINCO ESTRELAS LTDA";"006.924.180/0061-1";"227307";"4";"2023-05-16T00:00:00";"107.8";"0";"107.8";"5";"2023";"0";"";"";"1934740";"";"";"";"2812";"7545083";"https://www.camara.leg.br/cota-parlamentar/nota-fiscal-eletronica?ideDocumentoFiscal=7545083"
"LID.GOV-CD";"";"";"";"2023";"NA";"";"57";"3";"COMBUSTÍVEIS E LUBRIFICANTES.";"1";"Veículos Automotores";"AUTO POSTO CINCO ESTRELAS LTDA";"006.924.180/0061-1";"238902";"4";"2023-06-08T00:00:00";"100";"0";"100";"6";"2023";"0";"";"";"1942422";"";"";"";"2812";"7559564";"https://www.camara.leg.br/cota-parlamentar/nota-fiscal-eletronica?ideDocumentoFiscal=7559564"
"LID.GOV-CD";"";"";"";"2023";"NA";"";"57";"3";"COMBUSTÍVEIS E LUBRIFICANTES.";"1";"Veículos Automotores";"AUTO POSTO CINCO ESTRELAS LTDA";"006.924.180/0061-1";"240923";"4";"2023-06-13T00:00:00";"150";"0";"150";"6";"2023";"0";"";"";"1942422";"";"";"";"2812";"7559570";"https://www.camara.leg.br/cota-parlamentar/nota-fiscal-eletronica?ideDocumentoFiscal=7559570"
"LID.GOV-CD";"";"";"";"2023";"NA";"";"57";"3";"COMBUSTÍVEIS E LUBRIFICANTES.";"1";"Veículos Automotores";"AUTO POSTO CINCO ESTRELAS LTDA";"006.924.180/0061-1";"272988";"4";"2023-08-07T00:00:00";"150";"0";"150";"8";"2023";"0";"";"";"1957365";"";"";"";"2812";"7586986";"https://www.camara.leg.br/cota-parlamentar/nota-fiscal-eletronica?ideDocumentoFiscal=7586986"
"LID.GOV-CD";"";"";"";"2023";"NA";"";"57";"3";"COMBUSTÍVEIS E LUBRIFICANTES.";"1";"Veículos Automotores";"AUTO POSTO CINCO ESTRELAS LTDA";"006.924.180/0061-1";"292918";"4";"2023-09-04T00:00:00";"150";"0";"150";"9";"2023";"0";"";"";"1966995";"";"";"";"2812";"7605778";"https://www.camara.leg.br/cota-parlamentar/nota-fiscal-eletronica?ideDocumentoFiscal=7605778"
"LID.GOV-CD";"";"";"";"2023";"NA";"";"57";"3";"COMBUSTÍVEIS E LUBRIFICANTES.";"1";"Veículos Automotores";"AUTO POSTO CINCO ESTRELAS LTDA";"006.924.180/0061-1";"307038";"4";"2023-09-20T00:00:00";"150";"0";"150";"9";"2023";"0";"";"";"1970441";"";"";"";"2812";"7612497";"https://www.camara.leg.br/cota-parlamentar/nota-fiscal-eletronica?ideDocumentoFiscal=7612497"
"LID.GOV-CD";"";"";"";"2023";"NA";"";"57";"3";"COMBUSTÍVEIS E LUBRIFICANTES.";"1";"Veículos Automotores";"AUTO POSTO CINCO ESTRELAS LTDA";"006.924.180/0061-1";"313959";"4";"2023-09-27T00:00:00";"50";"0";"50";"9";"2023";"0";"";"";"1973351";"";"";"";"2812";"7617176";"https://www.camara.leg.br/cota-parlamentar/nota-fiscal-eletronica?ideDocumentoFiscal=7617176"
"LID.GOV-CD";"";"";"";"2023";"NA";"";"57";"3";"COMBUSTÍVEIS E LUBRIFICANTES.";"1";"Veículos Automotores";"AUTO POSTO CINCO ESTRELAS LTDA";"006.924.180/0061-1";"340602";"4";"2023-10-22T00:00:00";"201.44";"0";"201.44";"10";"2023";"0";"";"";"1980833";"";"";"";"2812";"7630590";"https://www.camara.leg.br/cota-parlamentar/nota-fiscal-eletronica?ideDocumentoFiscal=7630590"
"LID.GOV-CD";"";"";"";"2023";"NA";"";"57";"3";"COMBUSTÍVEIS E LUBRIFICANTES.";"1";"Veículos Automotores";"AUTO POSTO CINCO ESTRELAS LTDA";"006.924.180/0061-1";"342675";"4";"2023-10-24T00:00:00";"200";"0";"200";"10";"2023";"0";"";"";"1980833";"";"";"";"2812";"7630585";"https://www.camara.leg.br/cota-parlamentar/nota-fiscal-eletronica?ideDocumentoFiscal=7630585"
"LID.GOV-CD";"";"";"";"2023";"NA";"";"57";"3";"COMBUSTÍVEIS E LUBRIFICANTES.";"1";"Veículos Automotores";"AUTO POSTO CINCO ESTRELAS LTDA";"006.924.180/0061-1";"356630";"4";"2023-11-04T00:00:00";"200";"0";"200";"11";"2023";"0";"";"";"1985607";"";"";"";"2812";"7639598";"https://www.camara.leg.br/cota-parlamentar/nota-fiscal-eletronica?ideDocumentoFiscal=7639598"
"LID.GOV-CD";"";"";"";"2023";"NA";"";"57";"3";"COMBUSTÍVEIS E LUBRIFICANTES.";"1";"Veículos Automotores";"AUTO POSTO CINCO ESTRELAS LTDA";"006.924.180/0061-1";"360584";"4";"2023-11-06T00:00:00";"159.12";"0";"159.12";"11";"2023";"0";"";"";"1984988";"";"";"";"2812";"7638548";"https://www.camara.leg.br/cota-parlamentar/nota-fiscal-eletronica?ideDocumentoFiscal=7638548"
"LID.GOV-CD";"";"";"";"2023";"NA";"";"57";"3";"COMBUSTÍVEIS E LUBRIFICANTES.";"1";"Veículos Automotores";"AUTO POSTO CINCO ESTRELAS LTDA";"006.924.180/0061-1";"385802";"4";"2023-11-22T00:00:00";"170";"0";"170";"11";"2023";"0";"";"";"1991697";"";"";"";"2812";"7650200";"https://www.camara.leg.br/cota-parlamentar/nota-fiscal-eletronica?ideDocumentoFiscal=7650200"
"LID.GOV-CD";"";"";"";"2023";"NA";"";"57";"3";"COMBUSTÍVEIS E LUBRIFICANTES.";"1";"Veículos Automotores";"AUTO POSTO CINCO ESTRELAS LTDA";"006.924.180/0061-1";"404449";"4";"2023-12-03T00:00:00";"150";"0";"150";"12";"2023";"0";"";"";"1996155";"";"";"";"2812";"7657476";"https://www.camara.leg.br/cota-parlamentar/nota-fiscal-eletronica?ideDocumentoFiscal=7657476"
"LID.GOV-CD";"";"";"";"2023";"NA";"";"57";"3";"COMBUSTÍVEIS E LUBRIFICANTES.";"1";"Veículos Automotores";"AUTO POSTO CINCO ESTRELAS LTDA";"006.924.180/0061-1";"409792";"4";"2023-12-06T00:00:00";"150";"0";"150";"12";"2023";"0";"";"";"1998492";"";"";"";"2812";"7661742";"https://www.camara.leg.br/cota-parlamentar/nota-fiscal-eletronica?ideDocumentoFiscal=7661742"
"LID.GOV-CD";"";"";"";"2023";"NA";"";"57";"3";"COMBUSTÍVEIS E LUBRIFICANTES.";"1";"Veículos Automotores";"AUTO POSTO CINCO ESTRELAS LTDA";"006.924.180/0231-2";"208316";"4";"2023-10-03T00:00:00";"150";"0";"150";"10";"2023";"0";"";"";"1975637";"";"";"";"2812";"7621090";"https://www.camara.leg.br/cota-parlamentar/nota-fiscal-eletronica?ideDocumentoFiscal=7621090"
"LID.GOV-CD";"";"";"";"2023";"NA";"";"57";"3";"COMBUSTÍVEIS E LUBRIFICANTES.";"1";"Veículos Automotores";"AUTO POSTO CINCO ESTRELAS LTDA.";"006.924.180/0061-1";"415626";"4";"2023-12-10T00:00:00";"150";"0";"150";"12";"2023";"0";"";"";"1998492";"";"";"";"2812";"7661739";"https://www.camara.leg.br/cota-parlamentar/nota-fiscal-eletronica?ideDocumentoFiscal=7661739"
"LID.GOV-CD";"";"";"";"2023";"NA";"";"57";"3";"COMBUSTÍVEIS E LUBRIFICANTES.";"1";"Veículos Automotores";"AUTO POSTO CINCO ESTRELAS LTDA.";"006.924.180/0061-1";"420816";"4";"2023-12-13T00:00:00";"150";"0";"150";"12";"2023";"0";"";"";"1998492";"";"";"";"2812";"7661741";"https://www.camara.leg.br/cota-parlamentar/nota-fiscal-eletronica?ideDocumentoFiscal=7661741"
"LID.GOV-CD";"";"";"";"2023";"NA";"";"57";"3";"COMBUSTÍVEIS E LUBRIFICANTES.";"1";"Veículos Automotores";"AUTO POSTO EPTG LTDA";"340.514.390/0016-5";"166939";"4";"2023-09-05T00:00:00";"50";"0.01";"49.99";"9";"2023";"0";"";"";"1970441";"";"";"";"2812";"7612481";"https://www.camara.leg.br/cota-parlamentar/nota-fiscal-eletronica?ideDocumentoFiscal=7612481"
"LID.GOV-CD";"";"";"";"2023";"NA";"";"57";"3";"COMBUSTÍVEIS E LUBRIFICANTES.";"1";"Veículos Automotores";"AUTO POSTO JF COMERCIO DE DERIVADOS DE PETROLEO LTDA";"059.016.880/0010-2";"226620";"4";"2023-09-25T00:00:00";"200";"0";"200";"9";"2023";"0";"";"";"1973351";"";"";"";"2812";"7617163";"https://www.camara.leg.br/cota-parlamentar/nota-fiscal-eletronica?ideDocumentoFiscal=7617163"
"LID.GOV-CD";"";"";"";"2023";"NA";"";"57";"3";"COMBUSTÍVEIS E LUBRIFICANTES.";"1";"Veículos Automotores";"AUTO POSTO LS COMERCIO DE DERIVADOS DE PETROLEO LTDA";"052.567.940/0017-2";"16323";"4";"2023-08-20T00:00:00";"200";"0";"200";"8";"2023";"0";"";"";"1961379";"";"";"";"2812";"7595524";"https://www.camara.leg.br/cota-parlamentar/nota-fiscal-eletronica?ideDocumentoFiscal=7595524"
"LID.GOV-CD";"";"";"";"2023";"NA";"";"57";"3";"COMBUSTÍVEIS E LUBRIFICANTES.";"1";"Veículos Automotores";"AUTO POSTO RIBEIRO LTDA";"048.140.240/0013-5";"1074439";"4";"2023-03-21T00:00:00";"100";"0";"100";"3";"2023";"0";"";"";"1919085";"";"";"";"2812";"7517187";"https://www.camara.leg.br/cota-parlamentar/nota-fiscal-eletronica?ideDocumentoFiscal=7517187"
"LID.GOV-CD";"";"";"";"2023";"NA";"";"57";"3";"COMBUSTÍVEIS E LUBRIFICANTES.";"1";"Veículos Automotores";"AUTO POSTO SOF NORTE LTDA";"039.516.720/0017-0";"1268379";"4";"2023-10-15T00:00:00";"100";"0.02";"99.98";"10";"2023";"0";"";"";"1978761";"";"";"";"2812";"7626679";"https://www.camara.leg.br/cota-parlamentar/nota-fiscal-eletronica?ideDocumentoFiscal=7626679"
"LID.GOV-CD";"";"";"";"2023";"NA";"";"57";"3";"COMBUSTÍVEIS E LUBRIFICANTES.";"1";"Veículos Automotores";"AUTO POSTO VIA ESTRUTURAL LTDA - LAGO SUL";"235.970.310/0025-8";"35704";"4";"2023-04-11T00:00:00";"150";"0";"150";"4";"2023";"0";"";"";"1936429";"";"";"";"2812";"7548418";"https://www.camara.leg.br/cota-parlamentar/nota-fiscal-eletronica?ideDocumentoFiscal=7548418"
"LID.GOV-CD";"";"";"";"2023";"NA";"";"57";"3";"COMBUSTÍVEIS E LUBRIFICANTES.";"1";"Veículos Automotores";"AUTO POSTO Z+Z 307 NORTE LTDA";"725.774.140/0019-9";"1071641";"4";"2023-09-11T00:00:00";"200";"0";"200";"9";"2023";"0";"";"";"1966995";"";"";"";"2812";"7605819";"https://www.camara.leg.br/cota-parlamentar/nota-fiscal-eletronica?ideDocumentoFiscal=7605819"
"LID.GOV-CD";"";"";"";"2023";"NA";"";"57";"3";"COMBUSTÍVEIS E LUBRIFICANTES.";"1";"Veículos Automotores";"AUTO SHOPPING DERIVADOS DE PETROLEO LTDA";"370.633.280/0300-0";"517205";"4";"2023-11-29T00:00:00";"150";"0";"150";"11";"2023";"0";"";"";"1996153";"";"";"";"2812";"7657468";"https://www.camara.leg.br/cota-parlamentar/nota-fiscal-eletronica?ideDocumentoFiscal=7657468"
"LID.GOV-CD";"";"";"";"2023";"NA";"";"57";"3";"COMBUSTÍVEIS E LUBRIFICANTES.";"1";"Veículos Automotores";"AUTO VOLUME COMERCIO DE DERIVADOS DE PETROLEO LTDA";"250.150.360/0017-0";"139021";"4";"2023-05-24T00:00:00";"100";"0";"100";"5";"2023";"0";"";"";"1936430";"";"";"";"2812";"7548419";"https://www.camara.leg.br/cota-parlamentar/nota-fiscal-eletronica?ideDocumentoFiscal=7548419"
"LID.GOV-CD";"";"";"";"2023";"NA";"";"57";"3";"COMBUSTÍVEIS E LUBRIFICANTES.";"1";"Veículos Automotores";"AUTO VOLUME COMERCIO DE DERIVADOS DE PETROLEO LTDA";"250.150.360/0017-0";"154685";"4";"2023-12-13T00:00:00";"50";"0";"50";"12";"2023";"0";"";"";"1998085";"";"";"";"2812";"7661034";"https://www.camara.leg.br/cota-parlamentar/nota-fiscal-eletronica?ideDocumentoFiscal=7661034"
"LID.GOV-CD";"";"";"";"2023";"NA";"";"57";"3";"COMBUSTÍVEIS E LUBRIFICANTES.";"1";"Veículos Automotores";"BELIZE COMPANY AUTO POSTO LTDA";"290.328.200/0014-7";"48835";"4";"2023-05-24T00:00:00";"199.6";"0";"199.6";"5";"2023";"0";"";"";"1936406";"";"";"";"2812";"7548390";"https://www.camara.leg.br/cota-parlamentar/nota-fiscal-eletronica?ideDocumentoFiscal=7548390"
"LID.GOV-CD";"";"";"";"2023";"NA";"";"57";"3";"COMBUSTÍVEIS E LUBRIFICANTES.";"1";"Veículos Automotores";"BRASAL COMBUSTIVEIS LTDA";"000.976.260/0024-9";"503223";"4";"2023-11-12T00:00:00";"100";"0";"100";"11";"2023";"0";"";"";"1993547";"";"";"";"2812";"7653584";"https://www.camara.leg.br/cota-parlamentar/nota-fiscal-eletronica?ideDocumentoFiscal=7653584"
"LID.GOV-CD";"";"";"";"2023";"NA";"";"57";"3";"COMBUSTÍVEIS E LUBRIFICANTES.";"1";"Veículos Automotores";"CONTROLL ENERGY REPRESENTACAO LTDA";"248.680.980/0016-1";"1182";"4";"2023-09-29T00:00:00";"100";"0";"100";"9";"2023";"0";"";"";"1974438";"";"";"";"2812";"7619023";"https://www.camara.leg.br/cota-parlamentar/nota-fiscal-eletronica?ideDocumentoFiscal=7619023"
"LID.GOV-CD";"";"";"";"2023";"NA";"";"57";"3";"COMBUSTÍVEIS E LUBRIFICANTES.";"1";"Veículos Automotores";"CONTROLL ENERGY REPRESENTACAO LTDA";"248.680.980/0016-1";"18521";"4";"2023-08-14T00:00:00";"97";"0";"97";"8";"2023";"0";"";"";"1959591";"";"";"";"2812";"7591990";"https://www.camara.leg.br/cota-parlamentar/nota-fiscal-eletronica?ideDocumentoFiscal=7591990"
"LID.GOV-CD";"";"";"";"2023";"NA";"";"57";"3";"COMBUSTÍVEIS E LUBRIFICANTES.";"1";"Veículos Automotores";"CONTROLL ENERGY REPRESENTACAO LTDA";"248.680.980/0016-1";"54346";"4";"2023-05-01T00:00:00";"100";"0";"100";"5";"2023";"0";"";"";"1928665";"";"";"";"2812";"7534961";"https://www.camara.leg.br/cota-parlamentar/nota-fiscal-eletronica?ideDocumentoFiscal=7534961"
"LID.GOV-CD";"";"";"";"2023";"NA";"";"57";"3";"COMBUSTÍVEIS E LUBRIFICANTES.";"1";"Veículos Automotores";"CONTROLL ENERGY REPRESENTACAO LTDA";"248.680.980/0016-1";"84539";"4";"2023-12-08T00:00:00";"100";"0";"100";"12";"2023";"0";"";"";"1996476";"";"";"";"2812";"7658090";"https://www.camara.leg.br/cota-parlamentar/nota-fiscal-eletronica?ideDocumentoFiscal=7658090"
"LID.GOV-CD";"";"";"";"2023";"NA";"";"57";"3";"COMBUSTÍVEIS E LUBRIFICANTES.";"1";"Veículos Automotores";"ESTACAO SUL AUTO POSTO LTDA";"065.552.450/0016-1";"582446";"4";"2023-08-27T00:00:00";"100";"0";"100";"8";"2023";"0";"";"";"1966994";"";"";"";"2812";"7605793";"https://www.camara.leg.br/cota-parlamentar/nota-fiscal-eletronica?ideDocumentoFiscal=7605793"
"LID.GOV-CD";"";"";"";"2023";"NA";"";"57";"3";"COMBUSTÍVEIS E LUBRIFICANTES.";"1";"Veículos Automotores";"METRO COMERCIAL DE COMBUSTIVEIS LTDA";"092.329.950/0019-0";"370438";"4";"2023-10-26T00:00:00";"66.93";"0";"66.93";"10";"2023";"0";"";"";"1990061";"";"";"";"2812";"7646886";"https://www.camara.leg.br/cota-parlamentar/nota-fiscal-eletronica?ideDocumentoFiscal=7646886"
"LID.GOV-CD";"";"";"";"2023";"NA";"";"57";"3";"COMBUSTÍVEIS E LUBRIFICANTES.";"1";"Veículos Automotores";"METRO COMERCIAL DE COMBUSTIVEIS LTDA";"092.329.950/0019-0";"380472";"4";"2023-12-22T00:00:00";"59.63";"0";"59.63";"12";"2023";"0";"";"";"2001892";"";"";"";"2812";"7668110";"https://www.camara.leg.br/cota-parlamentar/nota-fiscal-eletronica?ideDocumentoFiscal=7668110"
"LID.GOV-CD";"";"";"";"2023";"NA";"";"57";"3";"COMBUSTÍVEIS E LUBRIFICANTES.";"1";"Veículos Automotores";"METRO COMERCIAL DE COMBUSTIVEIS LTDA";"092.329.950/0019-0";"380473";"4";"2023-12-22T00:00:00";"74.16";"0";"74.16";"12";"2023";"0";"";"";"2001892";"";"";"";"2812";"7668115";"https://www.camara.leg.br/cota-parlamentar/nota-fiscal-eletronica?ideDocumentoFiscal=7668115"
"LID.GOV-CD";"";"";"";"2023";"NA";"";"57";"3";"COMBUSTÍVEIS E LUBRIFICANTES.";"1";"Veículos Automotores";"METRO COMERCIAL DE COMBUSTIVEIS LTDA";"092.329.950/0019-0";"455083";"4";"2023-09-01T00:00:00";"100";"0";"100";"9";"2023";"0";"";"";"1965367";"";"";"";"2812";"7603012";"https://www.camara.leg.br/cota-parlamentar/nota-fiscal-eletronica?ideDocumentoFiscal=7603012"
"LID.GOV-CD";"";"";"";"2023";"NA";"";"57";"3";"COMBUSTÍVEIS E LUBRIFICANTES.";"1";"Veículos Automotores";"METRO COMERCIAL DE COMBUSTIVEIS LTDA";"092.329.950/0019-0";"480611";"4";"2023-12-17T00:00:00";"160";"0";"160";"12";"2023";"0";"";"";"1999234";"";"";"";"2812";"7663036";"https://www.camara.leg.br/cota-parlamentar/nota-fiscal-eletronica?ideDocumentoFiscal=7663036"
"LID.GOV-CD";"";"";"";"2023";"NA";"";"57";"3";"COMBUSTÍVEIS E LUBRIFICANTES.";"1";"Veículos Automotores";"ML SOUZA & CIA LTDA";"000.058.920/0011-3";"343623";"4";"2023-04-03T00:00:00";"66.45";"0";"66.45";"4";"2023";"0";"";"";"1922960";"";"";"";"2812";"7524304";"https://www.camara.leg.br/cota-parlamentar/nota-fiscal-eletronica?ideDocumentoFiscal=7524304"
"LID.GOV-CD";"";"";"";"2023";"NA";"";"57";"3";"COMBUSTÍVEIS E LUBRIFICANTES.";"1";"Veículos Automotores";"ML SOUZA & CIA LTDA";"000.058.920/0011-3";"346294";"4";"2023-04-13T00:00:00";"64.31";"0";"64.31";"4";"2023";"0";"";"";"1923836";"";"";"";"2812";"7525763";"https://www.camara.leg.br/cota-parlamentar/nota-fiscal-eletronica?ideDocumentoFiscal=7525763"
"LID.GOV-CD";"";"";"";"2023";"NA";"";"57";"3";"COMBUSTÍVEIS E LUBRIFICANTES.";"1";"Veículos Automotores";"ML SOUZA & CIA LTDA";"000.058.920/0011-3";"348084";"4";"2023-04-19T00:00:00";"60.46";"0";"60.46";"4";"2023";"0";"";"";"1926970";"";"";"";"2812";"7531868";"https://www.camara.leg.br/cota-parlamentar/nota-fiscal-eletronica?ideDocumentoFiscal=7531868"
"LID.GOV-CD";"";"";"";"2023";"NA";"";"57";"3";"COMBUSTÍVEIS E LUBRIFICANTES.";"1";"Veículos Automotores";"ML SOUZA & CIA LTDA";"000.058.920/0011-3";"348555";"4";"2023-04-20T00:00:00";"80";"0";"80";"4";"2023";"0";"";"";"1926978";"";"";"";"2812";"7531895";"https://www.camara.leg.br/cota-parlamentar/nota-fiscal-eletronica?ideDocumentoFiscal=7531895"
"LID.GOV-CD";"";"";"";"2023";"NA";"";"57";"3";"COMBUSTÍVEIS E LUBRIFICANTES.";"1";"Veículos Automotores";"ML SOUZA & CIA LTDA";"000.058.920/0011-3";"350495";"4";"2023-04-27T00:00:00";"58.8";"0";"58.8";"4";"2023";"0";"";"";"1932289";"";"";"";"2812";"7540587";"https://www.camara.leg.br/cota-parlamentar/nota-fiscal-eletronica?ideDocumentoFiscal=7540587"
"LID.GOV-CD";"";"";"";"2023";"NA";"";"57";"3";"COMBUSTÍVEIS E LUBRIFICANTES.";"1";"Veículos Automotores";"ML SOUZA & CIA LTDA";"000.058.920/0011-3";"353574";"4";"2023-05-07T00:00:00";"70.46";"0";"70.46";"5";"2023";"0";"";"";"1932288";"";"";"";"2812";"7540582";"https://www.camara.leg.br/cota-parlamentar/nota-fiscal-eletronica?ideDocumentoFiscal=7540582"
"LID.GOV-CD";"";"";"";"2023";"NA";"";"57";"3";"COMBUSTÍVEIS E LUBRIFICANTES.";"1";"Veículos Automotores";"ML SOUZA & CIA LTDA";"000.058.920/0011-3";"355685";"4";"2023-05-15T00:00:00";"64.75";"0";"64.75";"5";"2023";"0";"";"";"1936420";"";"";"";"2812";"7548407";"https://www.camara.leg.br/cota-parlamentar/nota-fiscal-eletronica?ideDocumentoFiscal=7548407"
"LID.GOV-CD";"";"";"";"2023";"NA";"";"57";"3";"COMBUSTÍVEIS E LUBRIFICANTES.";"1";"Veículos Automotores";"ML SOUZA & CIA LTDA";"000.058.920/0011-3";"357795";"4";"2023-05-21T00:00:00";"63.36";"0";"63.36";"5";"2023";"0";"";"";"1939629";"";"";"";"2812";"7554382";"https://www.camara.leg.br/cota-parlamentar/nota-fiscal-eletronica?ideDocumentoFiscal=7554382"
"LID.GOV-CD";"";"";"";"2023";"NA";"";"57";"3";"COMBUSTÍVEIS E LUBRIFICANTES.";"1";"Veículos Automotores";"ML SOUZA & CIA LTDA";"000.058.920/0011-3";"359080";"4";"2023-05-26T00:00:00";"60.79";"0";"60.79";"5";"2023";"0";"";"";"1939626";"";"";"";"2812";"7554374";"https://www.camara.leg.br/cota-parlamentar/nota-fiscal-eletronica?ideDocumentoFiscal=7554374"
"LID.GOV-CD";"";"";"";"2023";"NA";"";"57";"3";"COMBUSTÍVEIS E LUBRIFICANTES.";"1";"Veículos Automotores";"ML SOUZA & CIA LTDA";"000.058.920/0011-3";"362265";"4";"2023-06-06T00:00:00";"55.8";"0";"55.8";"6";"2023";"0";"";"";"1944040";"";"";"";"2812";"7562510";"https://www.camara.leg.br/cota-parlamentar/nota-fiscal-eletronica?ideDocumentoFiscal=7562510"
"LID.GOV-CD";"";"";"";"2023";"NA";"";"57";"3";"COMBUSTÍVEIS E LUBRIFICANTES.";"1";"Veículos Automotores";"ML SOUZA & CIA LTDA";"000.058.920/0011-3";"364323";"4";"2023-06-13T00:00:00";"56.04";"0";"56.04";"6";"2023";"0";"";"";"1944040";"";"";"";"2812";"7562506";"https://www.camara.leg.br/cota-parlamentar/nota-fiscal-eletronica?ideDocumentoFiscal=7562506"
"LID.GOV-CD";"";"";"";"2023";"NA";"";"57";"3";"COMBUSTÍVEIS E LUBRIFICANTES.";"1";"Veículos Automotores";"ML SOUZA & CIA LTDA";"000.058.920/0011-3";"366358";"4";"2023-06-20T00:00:00";"62.02";"0";"62.02";"6";"2023";"0";"";"";"1944040";"";"";"";"2812";"7562503";"https://www.camara.leg.br/cota-parlamentar/nota-fiscal-eletronica?ideDocumentoFiscal=7562503"
"LID.GOV-CD";"";"";"";"2023";"NA";"";"57";"3";"COMBUSTÍVEIS E LUBRIFICANTES.";"1";"Veículos Automotores";"ML SOUZA & CIA LTDA";"000.058.920/0011-3";"372756";"4";"2023-07-11T00:00:00";"66.83";"0";"66.83";"7";"2023";"0";"";"";"1951724";"";"";"";"2812";"7576387";"https://www.camara.leg.br/cota-parlamentar/nota-fiscal-eletronica?ideDocumentoFiscal=7576387"
"LID.GOV-CD";"";"";"";"2023";"NA";"";"57";"3";"COMBUSTÍVEIS E LUBRIFICANTES.";"1";"Veículos Automotores";"ML SOUZA & CIA LTDA";"000.058.920/0011-3";"375383";"4";"2023-07-19T00:00:00";"67.86";"0";"67.86";"7";"2023";"0";"";"";"1954047";"";"";"";"2812";"7580759";"https://www.camara.leg.br/cota-parlamentar/nota-fiscal-eletronica?ideDocumentoFiscal=7580759"
"LID.GOV-CD";"";"";"";"2023";"NA";"";"57";"3";"COMBUSTÍVEIS E LUBRIFICANTES.";"1";"Veículos Automotores";"ML SOUZA & CIA LTDA";"000.058.920/0011-3";"381356";"4";"2023-08-11T00:00:00";"70.34";"0";"70.34";"8";"2023";"0";"";"";"1959591";"";"";"";"2812";"7591976";"https://www.camara.leg.br/cota-parlamentar/nota-fiscal-eletronica?ideDocumentoFiscal=7591976"
"LID.GOV-CD";"";"";"";"2023";"NA";"";"57";"3";"COMBUSTÍVEIS E LUBRIFICANTES.";"1";"Veículos Automotores";"ML SOUZA & CIA LTDA";"000.058.920/0011-3";"388499";"4";"2023-09-12T00:00:00";"66.65";"0";"66.65";"9";"2023";"0";"";"";"1967519";"";"";"";"2812";"7606839";"https://www.camara.leg.br/cota-parlamentar/nota-fiscal-eletronica?ideDocumentoFiscal=7606839"
"LID.GOV-CD";"";"";"";"2023";"NA";"";"57";"3";"COMBUSTÍVEIS E LUBRIFICANTES.";"1";"Veículos Automotores";"ML SOUZA & CIA LTDA";"000.058.920/0011-3";"393062";"4";"2023-10-10T00:00:00";"65.46";"0";"65.46";"10";"2023";"0";"";"";"1980627";"";"";"";"2812";"7630145";"https://www.camara.leg.br/cota-parlamentar/nota-fiscal-eletronica?ideDocumentoFiscal=7630145"
"LID.GOV-CD";"";"";"";"2023";"NA";"";"57";"3";"COMBUSTÍVEIS E LUBRIFICANTES.";"1";"Veículos Automotores";"ML SOUZA & CIA LTDA";"000.058.920/0011-3";"394589";"4";"2023-10-19T00:00:00";"72.69";"0";"72.69";"10";"2023";"0";"";"";"1980627";"";"";"";"2812";"7630147";"https://www.camara.leg.br/cota-parlamentar/nota-fiscal-eletronica?ideDocumentoFiscal=7630147"
"LID.GOV-CD";"";"";"";"2023";"NA";"";"57";"3";"COMBUSTÍVEIS E LUBRIFICANTES.";"1";"Veículos Automotores";"ML SOUZA & CIA LTDA";"000.058.920/0011-3";"399823";"4";"2023-11-13T00:00:00";"63.99";"0";"63.99";"11";"2023";"0";"";"";"1991793";"";"";"";"2812";"7650414";"https://www.camara.leg.br/cota-parlamentar/nota-fiscal-eletronica?ideDocumentoFiscal=7650414"
"LID.GOV-CD";"";"";"";"2023";"NA";"";"57";"3";"COMBUSTÍVEIS E LUBRIFICANTES.";"1";"Veículos Automotores";"ML SOUZA & CIA LTDA";"000.058.920/0011-3";"401341";"4";"2023-11-20T00:00:00";"67.57";"0";"67.57";"11";"2023";"0";"";"";"1993409";"";"";"";"2812";"7653362";"https://www.camara.leg.br/cota-parlamentar/nota-fiscal-eletronica?ideDocumentoFiscal=7653362"
"LID.GOV-CD";"";"";"";"2023";"NA";"";"57";"3";"COMBUSTÍVEIS E LUBRIFICANTES.";"1";"Veículos Automotores";"MORRO AZUL COMERCIO DE PETROLEO LTDA";"726.204.120/0013-5";"54031";"4";"2023-05-21T00:00:00";"100";"0";"100";"5";"2023";"0";"";"";"1936416";"";"";"";"2812";"7548397";"https://www.camara.leg.br/cota-parlamentar/nota-fiscal-eletronica?ideDocumentoFiscal=7548397"
"LID.GOV-CD";"";"";"";"2023";"NA";"";"57";"3";"COMBUSTÍVEIS E LUBRIFICANTES.";"1";"Veículos Automotores";"NENEN'S CHOPP POSTO DE COMBUSTIVEIS LTDA";"324.341.240/0017-1";"235949";"4";"2023-03-30T00:00:00";"100";"0";"100";"3";"2023";"0";"";"";"1932284";"";"";"";"2812";"7540569";"https://www.camara.leg.br/cota-parlamentar/nota-fiscal-eletronica?ideDocumentoFiscal=7540569"
"LID.GOV-CD";"";"";"";"2023";"NA";"";"57";"3";"COMBUSTÍVEIS E LUBRIFICANTES.";"1";"Veículos Automotores";"NENENS CHOPP POSTO DE COMBUSTIVEIS LTDA";"324.341.240/0017-1";"203370";"4";"2023-07-11T00:00:00";"100";"0";"100";"7";"2023";"0";"";"";"1951724";"";"";"";"2812";"7576384";"https://www.camara.leg.br/cota-parlamentar/nota-fiscal-eletronica?ideDocumentoFiscal=7576384"
"LID.GOV-CD";"";"";"";"2023";"NA";"";"57";"3";"COMBUSTÍVEIS E LUBRIFICANTES.";"1";"Veículos Automotores";"NENENS CHOPP POSTO DE COMBUSTIVEIS LTDA";"324.341.240/0017-1";"205779";"4";"2023-08-07T00:00:00";"64.93";"0";"64.93";"8";"2023";"0";"";"";"1959591";"";"";"";"2812";"7591974";"https://www.camara.leg.br/cota-parlamentar/nota-fiscal-eletronica?ideDocumentoFiscal=7591974"
"LID.GOV-CD";"";"";"";"2023";"NA";"";"57";"3";"COMBUSTÍVEIS E LUBRIFICANTES.";"1";"Veículos Automotores";"NENENS CHOPP POSTO DE COMBUSTIVEIS LTDA";"324.341.240/0017-1";"214942";"4";"2023-11-06T00:00:00";"64.1";"0";"64.1";"11";"2023";"0";"";"";"1990062";"";"";"";"2812";"7646899";"https://www.camara.leg.br/cota-parlamentar/nota-fiscal-eletronica?ideDocumentoFiscal=7646899"
"LID.GOV-CD";"";"";"";"2023";"NA";"";"57";"3";"COMBUSTÍVEIS E LUBRIFICANTES.";"1";"Veículos Automotores";"NENENS CHOPP POSTO DE COMBUSTIVEIS LTDA";"324.341.240/0017-1";"218462";"4";"2023-12-04T00:00:00";"72.09";"0";"72.09";"12";"2023";"0";"";"";"1993410";"";"";"";"2812";"7653367";"https://www.camara.leg.br/cota-parlamentar/nota-fiscal-eletronica?ideDocumentoFiscal=7653367"
"LID.GOV-CD";"";"";"";"2023";"NA";"";"57";"3";"COMBUSTÍVEIS E LUBRIFICANTES.";"1";"Veículos Automotores";"NENENS CHOPP POSTO DE COMBUSTIVEIS LTDA";"324.341.240/0017-1";"260177";"4";"2023-06-26T00:00:00";"58.39";"0";"58.39";"6";"2023";"0";"";"";"1946006";"";"";"";"2812";"7566124";"https://www.camara.leg.br/cota-parlamentar/nota-fiscal-eletronica?ideDocumentoFiscal=7566124"
"LID.GOV-CD";"";"";"";"2023";"NA";"";"57";"3";"COMBUSTÍVEIS E LUBRIFICANTES.";"1";"Veículos Automotores";"NENENS CHOPP POSTO DE COMBUSTIVEIS LTDA";"324.341.240/0017-1";"27515";"4";"2023-08-11T00:00:00";"100";"0";"100";"8";"2023";"0";"";"";"1959591";"";"";"";"2812";"7591980";"https://www.camara.leg.br/cota-parlamentar/nota-fiscal-eletronica?ideDocumentoFiscal=7591980"
"LID.GOV-CD";"";"";"";"2023";"NA";"";"57";"3";"COMBUSTÍVEIS E LUBRIFICANTES.";"1";"Veículos Automotores";"NENENS CHOPP POSTO DE COMBUSTIVEIS LTDA";"324.341.240/0017-1";"279098";"4";"2023-07-03T00:00:00";"61.59";"0";"61.59";"7";"2023";"0";"";"";"1962987";"";"";"";"2812";"7598597";"https://www.camara.leg.br/cota-parlamentar/nota-fiscal-eletronica?ideDocumentoFiscal=7598597"
"LID.GOV-CD";"";"";"";"2023";"NA";"";"57";"3";"COMBUSTÍVEIS E LUBRIFICANTES.";"1";"Veículos Automotores";"NENENS CHOPP POSTO DE COMBUSTIVEIS LTDA";"324.341.240/0017-1";"29328";"4";"2023-08-29T00:00:00";"75.65";"0";"75.65";"8";"2023";"0";"";"";"1963037";"";"";"";"2812";"7598783";"https://www.camara.leg.br/cota-parlamentar/nota-fiscal-eletronica?ideDocumentoFiscal=7598783"
"LID.GOV-CD";"";"";"";"2023";"NA";"";"57";"3";"COMBUSTÍVEIS E LUBRIFICANTES.";"1";"Veículos Automotores";"NENENS CHOPP POSTO DE COMBUSTIVEIS LTDA";"324.341.240/0017-1";"36599";"4";"2023-07-31T00:00:00";"68.21";"0";"68.21";"7";"2023";"0";"";"";"1954047";"";"";"";"2812";"7580771";"https://www.camara.leg.br/cota-parlamentar/nota-fiscal-eletronica?ideDocumentoFiscal=7580771"
"LID.GOV-CD";"";"";"";"2023";"NA";"";"57";"3";"COMBUSTÍVEIS E LUBRIFICANTES.";"1";"Veículos Automotores";"NENENS CHOPP POSTO DE COMBUSTIVEIS LTDA";"324.341.240/0017-1";"39034";"4";"2023-09-18T00:00:00";"68.66";"0";"68.66";"9";"2023";"0";"";"";"1971078";"";"";"";"2812";"7613626";"https://www.camara.leg.br/cota-parlamentar/nota-fiscal-eletronica?ideDocumentoFiscal=7613626"
"LID.GOV-CD";"";"";"";"2023";"NA";"";"57";"3";"COMBUSTÍVEIS E LUBRIFICANTES.";"1";"Veículos Automotores";"NENENS CHOPP POSTO DE COMBUSTIVEIS LTDA";"324.341.240/0017-1";"42906";"4";"2023-11-27T00:00:00";"62.47";"0";"62.47";"11";"2023";"0";"";"";"1993409";"";"";"";"2812";"7653341";"https://www.camara.leg.br/cota-parlamentar/nota-fiscal-eletronica?ideDocumentoFiscal=7653341"
"LID.GOV-CD";"";"";"";"2023";"NA";"";"57";"3";"COMBUSTÍVEIS E LUBRIFICANTES.";"1";"Veículos Automotores";"POSTO COMERCIAL UNB LTDA";"093.869.090/0010-2";"30306";"4";"2023-06-18T00:00:00";"206";"0";"206";"6";"2023";"0";"";"";"1943571";"";"";"";"2812";"7561634";"https://www.camara.leg.br/cota-parlamentar/nota-fiscal-eletronica?ideDocumentoFiscal=7561634"
"LID.GOV-CD";"";"";"";"2023";"NA";"";"57";"3";"COMBUSTÍVEIS E LUBRIFICANTES.";"1";"Veículos Automotores";"POSTO COMERCIAL UNB LTDA";"093.869.090/0010-2";"37947";"4";"2023-08-29T00:00:00";"206";"0";"206";"8";"2023";"0";"";"";"1966994";"";"";"";"2812";"7605815";"https://www.camara.leg.br/cota-parlamentar/nota-fiscal-eletronica?ideDocumentoFiscal=7605815"
"LID.GOV-CD";"";"";"";"2023";"NA";"";"57";"3";"COMBUSTÍVEIS E LUBRIFICANTES.";"1";"Veículos Automotores";"POSTO COMERCIAL UNB LTDA";"093.869.090/0010-2";"38004";"4";"2023-09-18T00:00:00";"220";"0";"220";"9";"2023";"0";"";"";"1970441";"";"";"";"2812";"7612472";"https://www.camara.leg.br/cota-parlamentar/nota-fiscal-eletronica?ideDocumentoFiscal=7612472"
"LID.GOV-CD";"";"";"";"2023";"NA";"";"57";"3";"COMBUSTÍVEIS E LUBRIFICANTES.";"1";"Veículos Automotores";"POSTO DA TORRE EIRELI EPP";"044.731.930/0015-9";"262571";"4";"2023-03-20T00:00:00";"200";"0";"200";"3";"2023";"0";"";"";"1919076";"";"";"";"2812";"7517178";"https://www.camara.leg.br/cota-parlamentar/nota-fiscal-eletronica?ideDocumentoFiscal=7517178"
"LID.GOV-CD";"";"";"";"2023";"NA";"";"57";"3";"COMBUSTÍVEIS E LUBRIFICANTES.";"1";"Veículos Automotores";"POSTO DA TORRE EIRELI EPP";"044.731.930/0015-9";"384479";"4";"2023-05-31T00:00:00";"150";"0";"150";"5";"2023";"0";"";"";"1940054";"";"";"";"2812";"7555105";"https://www.camara.leg.br/cota-parlamentar/nota-fiscal-eletronica?ideDocumentoFiscal=7555105"
"LID.GOV-CD";"";"";"";"2023";"NA";"";"57";"3";"COMBUSTÍVEIS E LUBRIFICANTES.";"1";"Veículos Automotores";"POSTO DA TORRE EIRELI EPP";"044.731.930/0015-9";"483445";"4";"2023-08-09T00:00:00";"100";"0";"100";"8";"2023";"0";"";"";"1957365";"";"";"";"2812";"7586991";"https://www.camara.leg.br/cota-parlamentar/nota-fiscal-eletronica?ideDocumentoFiscal=7586991"
"LID.GOV-CD";"";"";"";"2023";"NA";"";"57";"3";"COMBUSTÍVEIS E LUBRIFICANTES.";"1";"Veículos Automotores";"POSTO DA TORRE EIRELI EPP";"044.731.930/0015-9";"560253";"4";"2023-10-04T00:00:00";"150";"0";"150";"10";"2023";"0";"";"";"1975637";"";"";"";"2812";"7621115";"https://www.camara.leg.br/cota-parlamentar/nota-fiscal-eletronica?ideDocumentoFiscal=7621115"
"LID.GOV-CD";"";"";"";"2023";"NA";"";"57";"3";"COMBUSTÍVEIS E LUBRIFICANTES.";"1";"Veículos Automotores";"POSTO DE COMBUSTIVEIS 311 NORTE LTDA";"028.851.530/0019-9";"367007";"4";"2023-03-25T00:00:00";"201.6";"0";"201.6";"3";"2023";"0";"";"";"1919214";"";"";"";"2812";"7517380";"https://www.camara.leg.br/cota-parlamentar/nota-fiscal-eletronica?ideDocumentoFiscal=7517380"
"LID.GOV-CD";"";"";"";"2023";"NA";"";"57";"3";"COMBUSTÍVEIS E LUBRIFICANTES.";"1";"Veículos Automotores";"POSTO DE COMBUSTIVEIS CONNECTA CEILANDIA SUL LTDA";"121.237.800/0014-6";"179290";"4";"2023-09-09T00:00:00";"100";"0";"100";"9";"2023";"0";"";"";"1967519";"";"";"";"2812";"7606833";"https://www.camara.leg.br/cota-parlamentar/nota-fiscal-eletronica?ideDocumentoFiscal=7606833"
"LID.GOV-CD";"";"";"";"2023";"NA";"";"57";"3";"COMBUSTÍVEIS E LUBRIFICANTES.";"1";"Veículos Automotores";"POSTO DE GASOLINA DOS ANOES LTDA";"003.609.900/0017-9";"183243";"4";"2023-07-10T00:00:00";"200";"0";"200";"7";"2023";"0";"";"";"1950601";"";"";"";"2812";"7574310";"https://www.camara.leg.br/cota-parlamentar/nota-fiscal-eletronica?ideDocumentoFiscal=7574310"
"LID.GOV-CD";"";"";"";"2023";"NA";"";"57";"3";"COMBUSTÍVEIS E LUBRIFICANTES.";"1";"Veículos Automotores";"POSTO JARJOUR TAGUATINGA LTDA";"430.729.370/0018-5";"25368";"4";"2023-04-29T00:00:00";"100";"0";"100";"4";"2023";"0";"";"";"1928699";"";"";"";"2812";"7535027";"https://www.camara.leg.br/cota-parlamentar/nota-fiscal-eletronica?ideDocumentoFiscal=7535027"
"LID.GOV-CD";"";"";"";"2023";"NA";"";"57";"3";"COMBUSTÍVEIS E LUBRIFICANTES.";"1";"Veículos Automotores";"POSTO METROPOLITANO DERIVADOS DE PETROLEO LTDA";"042.732.600/0019-1";"326636";"4";"2023-12-11T00:00:00";"61.67";"0";"61.67";"12";"2023";"0";"";"";"1998085";"";"";"";"2812";"7661032";"https://www.camara.leg.br/cota-parlamentar/nota-fiscal-eletronica?ideDocumentoFiscal=7661032"
"LID.GOV-CD";"";"";"";"2023";"NA";"";"57";"3";"COMBUSTÍVEIS E LUBRIFICANTES.";"1";"Veículos Automotores";"POSTO TOP TAGUATINGA COMERCIO DE COMBUSTIVEIS LTDA";"371.895.180/0012-5";"32999";"4";"2023-10-03T00:00:00";"70.88";"0";"70.88";"10";"2023";"0";"";"";"1975018";"";"";"";"2812";"7620103";"https://www.camara.leg.br/cota-parlamentar/nota-fiscal-eletronica?ideDocumentoFiscal=7620103"
"LID.GOV-CD";"";"";"";"2023";"NA";"";"57";"3";"COMBUSTÍVEIS E LUBRIFICANTES.";"1";"Veículos Automotores";"REDE QUALITY COMERCIO DE COMBUSTIVEIS LTDA";"369.003.910/0022-9";"4009";"4";"2023-10-04T00:00:00";"100";"0";"100";"10";"2023";"0";"";"";"1975600";"";"";"";"2812";"7621048";"https://www.camara.leg.br/cota-parlamentar/nota-fiscal-eletronica?ideDocumentoFiscal=7621048"
"LID.GOV-CD";"";"";"";"2023";"NA";"";"57";"3";"COMBUSTÍVEIS E LUBRIFICANTES.";"1";"Veículos Automotores";"REDE QUALITY COMERCIO DE COMBUSTIVEIS LTDA";"369.003.910/0057-1";"87539";"4";"2023-11-07T00:00:00";"100";"0";"100";"11";"2023";"0";"";"";"1985607";"";"";"";"2812";"7639604";"https://www.camara.leg.br/cota-parlamentar/nota-fiscal-eletronica?ideDocumentoFiscal=7639604"
"LID.GOV-CD";"";"";"";"2023";"NA";"";"57";"3";"COMBUSTÍVEIS E LUBRIFICANTES.";"1";"Veículos Automotores";"SAN REMO POSTO SERVICOS LTDA";"016.557.780/0052-5";"4161";"4";"2023-12-15T00:00:00";"100";"0";"100";"12";"2023";"0";"";"";"1998999";"";"";"";"2812";"7662670";"https://www.camara.leg.br/cota-parlamentar/nota-fiscal-eletronica?ideDocumentoFiscal=7662670"
"LID.GOV-CD";"";"";"";"2023";"NA";"";"57";"3";"COMBUSTÍVEIS E LUBRIFICANTES.";"1";"Veículos Automotores";"SAN REMO POSTO SERVICOS LTDA";"016.557.780/0052-5";"441765";"4";"2023-08-23T00:00:00";"100";"0";"100";"8";"2023";"0";"";"";"1963037";"";"";"";"2812";"7598799";"https://www.camara.leg.br/cota-parlamentar/nota-fiscal-eletronica?ideDocumentoFiscal=7598799"
"LID.GOV-CD";"";"";"";"2023";"NA";"";"57";"3";"COMBUSTÍVEIS E LUBRIFICANTES.";"1";"Veículos Automotores";"SANTA FE SERVICOS E PETROLEO LTDA";"367.547.520/0019-5";"117131";"4";"2023-09-11T00:00:00";"100";"0";"100";"9";"2023";"0";"";"";"1966995";"";"";"";"2812";"7605854";"https://www.camara.leg.br/cota-parlamentar/nota-fiscal-eletronica?ideDocumentoFiscal=7605854"
"LID.GOV-CD";"";"";"";"2023";"NA";"";"57";"3";"COMBUSTÍVEIS E LUBRIFICANTES.";"1";"Veículos Automotores";"SANTA FE SERVICOS E PETROLEO LTDA";"367.547.520/0019-5";"125960";"4";"2023-12-03T00:00:00";"100";"0";"100";"12";"2023";"0";"";"";"1996155";"";"";"";"2812";"7657486";"https://www.camara.leg.br/cota-parlamentar/nota-fiscal-eletronica?ideDocumentoFiscal=7657486"
"LID.GOV-CD";"";"";"";"2023";"NA";"";"57";"13";"FORNECIMENTO DE ALIMENTAÇÃO DO PARLAMENTAR";"0";"";"AMANDA PANIFICACAO LTDA - ME";"075.460.550/0014-0";"1328";"4";"2023-08-03T00:00:00";"189.6";"0";"189.6";"8";"2023";"0";"";"";"1957129";"";"";"";"2812";"7586473";"https://www.camara.leg.br/cota-parlamentar/nota-fiscal-eletronica?ideDocumentoFiscal=7586473"
"LID.GOV-CD";"";"";"";"2023";"NA";"";"57";"13";"FORNECIMENTO DE ALIMENTAÇÃO DO PARLAMENTAR";"0";"";"AMANDA PANIFICACAO LTDA - ME";"075.460.550/0014-0";"1428";"4";"2023-08-15T00:00:00";"95";"0";"95";"8";"2023";"0";"";"";"1959591";"";"";"";"2812";"7591996";"https://www.camara.leg.br/cota-parlamentar/nota-fiscal-eletronica?ideDocumentoFiscal=7591996"
"LID.GOV-CD";"";"";"";"2023";"NA";"";"57";"13";"FORNECIMENTO DE ALIMENTAÇÃO DO PARLAMENTAR";"0";"";"AMANDA PANIFICACAO LTDA - ME";"075.460.550/0014-0";"363";"4";"2023-03-28T00:00:00";"71.3";"0";"71.3";"3";"2023";"0";"";"";"1919260";"";"";"";"2812";"7517476";"https://www.camara.leg.br/cota-parlamentar/nota-fiscal-eletronica?ideDocumentoFiscal=7517476"
"LID.GOV-CD";"";"";"";"2023";"NA";"";"57";"13";"FORNECIMENTO DE ALIMENTAÇÃO DO PARLAMENTAR";"0";"";"AMANDA PANIFICACAO LTDA - ME";"075.460.550/0014-0";"455";"4";"2023-04-11T00:00:00";"83.87";"0";"83.87";"4";"2023";"0";"";"";"1936604";"";"";"";"2812";"7548862";"https://www.camara.leg.br/cota-parlamentar/nota-fiscal-eletronica?ideDocumentoFiscal=7548862"
"LID.GOV-CD";"";"";"";"2023";"NA";"";"57";"13";"FORNECIMENTO DE ALIMENTAÇÃO DO PARLAMENTAR";"0";"";"AMANDA PANIFICACAO LTDA - ME";"075.460.550/0014-0";"712";"4";"2023-05-16T00:00:00";"44.2";"0";"44.2";"5";"2023";"0";"";"";"1936629";"";"";"";"2812";"7548903";"https://www.camara.leg.br/cota-parlamentar/nota-fiscal-eletronica?ideDocumentoFiscal=7548903"
"LID.GOV-CD";"";"";"";"2023";"NA";"";"57";"13";"FORNECIMENTO DE ALIMENTAÇÃO DO PARLAMENTAR";"0";"";"AMANDA PANIFICACAO LTDA - ME";"075.460.550/0014-0";"764";"4";"2023-05-23T00:00:00";"400";"0";"400";"5";"2023";"0";"";"";"1936626";"";"";"";"2812";"7548891";"https://www.camara.leg.br/cota-parlamentar/nota-fiscal-eletronica?ideDocumentoFiscal=7548891"
"LID.GOV-CD";"";"";"";"2023";"NA";"";"57";"13";"FORNECIMENTO DE ALIMENTAÇÃO DO PARLAMENTAR";"0";"";"AMANDA PANIFICACAO LTDA - ME";"075.460.550/0014-0";"961";"4";"2023-06-21T00:00:00";"531.99";"0";"531.99";"6";"2023";"0";"";"";"1944036";"";"";"";"2812";"7562498";"https://www.camara.leg.br/cota-parlamentar/nota-fiscal-eletronica?ideDocumentoFiscal=7562498"
"LID.GOV-CD";"";"";"";"2023";"NA";"";"57";"13";"FORNECIMENTO DE ALIMENTAÇÃO DO PARLAMENTAR";"0";"";"FRED RESTAURANTE LTDA";"367.564.350/0010-8";"25761";"4";"2023-03-23T00:00:00";"441";"0";"441";"3";"2023";"0";"";"";"1919063";"";"";"";"2812";"7517150";"https://www.camara.leg.br/cota-parlamentar/nota-fiscal-eletronica?ideDocumentoFiscal=7517150"
"LID.GOV-CD";"";"";"";"2023";"NA";"";"57";"13";"FORNECIMENTO DE ALIMENTAÇÃO DO PARLAMENTAR";"0";"";"GRAO DE OURO PANIFICACAO LTDA";"377.521.080/0014-0";"100463";"4";"2023-08-29T00:00:00";"112.82";"0.3";"112.52";"8";"2023";"0";"";"";"1963038";"";"";"";"2812";"7598811";"https://www.camara.leg.br/cota-parlamentar/nota-fiscal-eletronica?ideDocumentoFiscal=7598811"
"LID.GOV-CD";"";"";"";"2023";"NA";"";"57";"13";"FORNECIMENTO DE ALIMENTAÇÃO DO PARLAMENTAR";"0";"";"GRAO DE OURO PANIFICACAO LTDA";"377.521.080/0014-0";"146469";"4";"2023-11-21T00:00:00";"294.99";"0.5";"294.49";"11";"2023";"0";"";"";"1991221";"";"";"";"2812";"7649193";"https://www.camara.leg.br/cota-parlamentar/nota-fiscal-eletronica?ideDocumentoFiscal=7649193"
"LID.GOV-CD";"";"";"";"2023";"NA";"";"57";"13";"FORNECIMENTO DE ALIMENTAÇÃO DO PARLAMENTAR";"0";"";"GRAO DE OURO PANIFICACAO LTDA";"377.521.080/0014-0";"264155";"4";"2023-03-14T00:00:00";"64.41";"0";"64.41";"3";"2023";"0";"";"";"1914676";"";"";"";"2812";"7509544";"https://www.camara.leg.br/cota-parlamentar/nota-fiscal-eletronica?ideDocumentoFiscal=7509544"
"LID.GOV-CD";"";"";"";"2023";"NA";"";"57";"13";"FORNECIMENTO DE ALIMENTAÇÃO DO PARLAMENTAR";"0";"";"GRAO DE OURO PANIFICACAO LTDA";"377.521.080/0014-0";"276387";"4";"2023-04-25T00:00:00";"120.23";"0";"120.23";"4";"2023";"0";"";"";"1926976";"";"";"";"2812";"7531872";"https://www.camara.leg.br/cota-parlamentar/nota-fiscal-eletronica?ideDocumentoFiscal=7531872"
"LID.GOV-CD";"";"";"";"2023";"NA";"";"57";"13";"FORNECIMENTO DE ALIMENTAÇÃO DO PARLAMENTAR";"0";"";"GRAO DE OURO PANIFICACAO LTDA";"377.521.080/0014-0";"279302";"4";"2023-05-03T00:00:00";"122.02";"0.6";"121.42";"5";"2023";"0";"";"";"1928714";"";"";"";"2812";"7535057";"https://www.camara.leg.br/cota-parlamentar/nota-fiscal-eletronica?ideDocumentoFiscal=7535057"
"LID.GOV-CD";"";"";"";"2023";"NA";"";"57";"13";"FORNECIMENTO DE ALIMENTAÇÃO DO PARLAMENTAR";"0";"";"GRAO DE OURO PANIFICACAO LTDA";"377.521.080/0014-0";"288652";"4";"2023-05-30T00:00:00";"140.67";"0";"140.67";"5";"2023";"0";"";"";"1940055";"";"";"";"2812";"7555095";"https://www.camara.leg.br/cota-parlamentar/nota-fiscal-eletronica?ideDocumentoFiscal=7555095"
"LID.GOV-CD";"";"";"";"2023";"NA";"";"57";"13";"FORNECIMENTO DE ALIMENTAÇÃO DO PARLAMENTAR";"0";"";"GRAO DE OURO PANIFICACAO LTDA";"377.521.080/0014-0";"293346";"4";"2023-06-13T00:00:00";"95.13";"0.3";"94.83";"6";"2023";"0";"";"";"1942423";"";"";"";"2812";"7559551";"https://www.camara.leg.br/cota-parlamentar/nota-fiscal-eletronica?ideDocumentoFiscal=7559551"
"LID.GOV-CD";"";"";"";"2023";"NA";"";"57";"13";"FORNECIMENTO DE ALIMENTAÇÃO DO PARLAMENTAR";"0";"";"GRAO DE OURO PANIFICACAO LTDA";"377.521.080/0014-0";"83640";"4";"2023-08-04T00:00:00";"129.35";"0.3";"129.05";"8";"2023";"0";"";"";"1957129";"";"";"";"2812";"7586444";"https://www.camara.leg.br/cota-parlamentar/nota-fiscal-eletronica?ideDocumentoFiscal=7586444"
"LID.GOV-CD";"";"";"";"2023";"NA";"";"57";"13";"FORNECIMENTO DE ALIMENTAÇÃO DO PARLAMENTAR";"0";"";"GRAO DE OURO PANIFICACAO LTDA";"377.521.080/0022-1";"131351";"4";"2023-08-14T00:00:00";"67.9";"0";"67.9";"8";"2023";"0";"";"";"1959592";"";"";"";"2812";"7592004";"https://www.camara.leg.br/cota-parlamentar/nota-fiscal-eletronica?ideDocumentoFiscal=7592004"
"LID.GOV-CD";"";"";"";"2023";"NA";"";"57";"13";"FORNECIMENTO DE ALIMENTAÇÃO DO PARLAMENTAR";"0";"";"GRAO DE OURO PANIFICACAO LTDA";"377.521.080/0022-1";"70220";"4";"2023-08-08T00:00:00";"127.63";"0.3";"127.33";"8";"2023";"0";"";"";"1957129";"";"";"";"2812";"7586461";"https://www.camara.leg.br/cota-parlamentar/nota-fiscal-eletronica?ideDocumentoFiscal=7586461"
"LID.GOV-CD";"";"";"";"2023";"NA";"";"57";"13";"FORNECIMENTO DE ALIMENTAÇÃO DO PARLAMENTAR";"0";"";"GUIMARAES FREIRE COMERCIO ALIMENTICIO LTDA ME";"117.396.250/0019-6";"718353";"4";"2023-10-24T00:00:00";"193.34";"0";"193.34";"10";"2023";"0";"";"";"1980834";"";"";"";"2812";"7630599";"https://www.camara.leg.br/cota-parlamentar/nota-fiscal-eletronica?ideDocumentoFiscal=7630599"
"LID.GOV-CD";"";"";"";"2023";"NA";"";"57";"13";"FORNECIMENTO DE ALIMENTAÇÃO DO PARLAMENTAR";"0";"";"J&F BAR E RESTAURANTE LTDA";"165.547.760/0035-5";"50370";"4";"2023-08-22T00:00:00";"67.83";"0";"67.83";"8";"2023";"0";"";"";"1961380";"";"";"";"2812";"7595542";"https://www.camara.leg.br/cota-parlamentar/nota-fiscal-eletronica?ideDocumentoFiscal=7595542"
"LID.GOV-CD";"";"";"";"2023";"NA";"";"57";"13";"FORNECIMENTO DE ALIMENTAÇÃO DO PARLAMENTAR";"0";"";"J&F BAR E RESTAURANTE LTDA";"165.547.760/0035-5";"50395";"4";"2023-08-22T00:00:00";"56.15";"7";"49.15";"8";"2023";"0";"";"";"1961380";"";"";"";"2812";"7595553";"https://www.camara.leg.br/cota-parlamentar/nota-fiscal-eletronica?ideDocumentoFiscal=7595553"
"LID.GOV-CD";"";"";"";"2023";"NA";"";"57";"13";"FORNECIMENTO DE ALIMENTAÇÃO DO PARLAMENTAR";"0";"";"JM PANIFICADORA E PRODUTOS ALIMENTICIOS LTDA";"437.509.040/0014-7";"62550";"4";"2023-03-07T00:00:00";"62.9";"6";"56.9";"3";"2023";"0";"";"";"1914696";"";"";"";"2812";"7509660";"https://www.camara.leg.br/cota-parlamentar/nota-fiscal-eletronica?ideDocumentoFiscal=7509660"
"LID.GOV-CD";"";"";"";"2023";"NA";"";"57";"13";"FORNECIMENTO DE ALIMENTAÇÃO DO PARLAMENTAR";"0";"";"MELHOR COMERCIO VAREJISTA E ATACADISTA D";"297.617.790/0030-1";"137807";"4";"2023-03-19T00:00:00";"152.81";"6.58";"146.23";"3";"2023";"0";"";"";"1916371";"";"";"";"2812";"7512820";"https://www.camara.leg.br/cota-parlamentar/nota-fiscal-eletronica?ideDocumentoFiscal=7512820"
"LID.GOV-CD";"";"";"";"2023";"NA";"";"57";"13";"FORNECIMENTO DE ALIMENTAÇÃO DO PARLAMENTAR";"0";"";"P E V SUPERMERCADOS LTDA - EPP";"189.603.890/0018-2";"603397";"4";"2023-06-20T00:00:00";"103.33";"0";"103.33";"6";"2023";"0";"";"";"1943572";"";"";"";"2812";"7561640";"https://www.camara.leg.br/cota-parlamentar/nota-fiscal-eletronica?ideDocumentoFiscal=7561640"
"LID.GOV-CD";"";"";"";"2023";"NA";"";"57";"13";"FORNECIMENTO DE ALIMENTAÇÃO DO PARLAMENTAR";"0";"";"PD PAES E DELICIAS COM. IND. PROD. PANI.";"326.773.300/0134-6";"179806";"4";"2023-09-25T00:00:00";"242.02";"0";"242.02";"9";"2023";"0";"";"";"1973352";"";"";"";"2812";"7617158";"https://www.camara.leg.br/cota-parlamentar/nota-fiscal-eletronica?ideDocumentoFiscal=7617158"
"LID.GOV-CD";"";"";"";"2023";"NA";"";"57";"13";"FORNECIMENTO DE ALIMENTAÇÃO DO PARLAMENTAR";"0";"";"PD PAES E DELICIAS COMERCIO E INDUSTRIA";"326.773.300/0088-9";"150384";"4";"2023-06-13T00:00:00";"89.82";"0.3";"89.52";"6";"2023";"0";"";"";"1942423";"";"";"";"2812";"7559534";"https://www.camara.leg.br/cota-parlamentar/nota-fiscal-eletronica?ideDocumentoFiscal=7559534"
"LID.GOV-CD";"";"";"";"2023";"NA";"";"57";"13";"FORNECIMENTO DE ALIMENTAÇÃO DO PARLAMENTAR";"0";"";"PD PAES E DELICIAS COMERCIO E INDUSTRIA";"326.773.300/0088-9";"372965";"4";"2023-06-13T00:00:00";"27.9";"0.1";"27.8";"6";"2023";"0";"";"";"1942423";"";"";"";"2812";"7559524";"https://www.camara.leg.br/cota-parlamentar/nota-fiscal-eletronica?ideDocumentoFiscal=7559524"
"LID.GOV-CD";"";"";"";"2023";"NA";"";"57";"13";"FORNECIMENTO DE ALIMENTAÇÃO DO PARLAMENTAR";"0";"";"PD PAES E DELICIAS COMERCIO E INDUSTRIA";"326.773.300/0088-9";"373007";"4";"2023-06-13T00:00:00";"76.28";"0.2";"76.08";"6";"2023";"0";"";"";"1942423";"";"";"";"2812";"7559514";"https://www.camara.leg.br/cota-parlamentar/nota-fiscal-eletronica?ideDocumentoFiscal=7559514"
"LID.GOV-CD";"";"";"";"2023";"NA";"";"57";"13";"FORNECIMENTO DE ALIMENTAÇÃO DO PARLAMENTAR";"0";"";"R C B DAHER EMPORIO DO BOLO CASEIRO";"224.821.040/0011-2";"13464";"4";"2023-03-21T00:00:00";"54";"0";"54";"3";"2023";"0";"";"";"1919223";"";"";"";"2812";"7517426";"https://www.camara.leg.br/cota-parlamentar/nota-fiscal-eletronica?ideDocumentoFiscal=7517426"
"LID.GOV-CD";"";"";"";"2023";"NA";"";"57";"13";"FORNECIMENTO DE ALIMENTAÇÃO DO PARLAMENTAR";"0";"";"R C B DAHER EMPORIO DO BOLO CASEIRO";"224.821.040/0011-2";"13702";"4";"2023-03-28T00:00:00";"44";"0";"44";"3";"2023";"0";"";"";"1919265";"";"";"";"2812";"7517485";"https://www.camara.leg.br/cota-parlamentar/nota-fiscal-eletronica?ideDocumentoFiscal=7517485"
"LID.GOV-CD";"";"";"";"2023";"NA";"";"57";"13";"FORNECIMENTO DE ALIMENTAÇÃO DO PARLAMENTAR";"0";"";"R C B DAHER EMPORIO DO BOLO CASEIRO";"224.821.040/0011-2";"20463";"4";"2023-11-08T00:00:00";"44";"0";"44";"11";"2023";"0";"";"";"1998417";"";"";"";"2812";"7661609";"https://www.camara.leg.br/cota-parlamentar/nota-fiscal-eletronica?ideDocumentoFiscal=7661609"
"LID.GOV-CD";"";"";"";"2023";"NA";"";"57";"13";"FORNECIMENTO DE ALIMENTAÇÃO DO PARLAMENTAR";"0";"";"SANTO BUFFET SERVICOS DE ALIMENTACAO LTDA";"453.508.390/0019-8";"224";"0";"2023-08-03T00:00:00";"420";"0";"420";"8";"2023";"0";"";"";"1957127";"";"";"";"2812";"7586484";"https://www.camara.leg.br/cota-parlamentar/documentos/publ/2812/2023/7586484.pdf"
"LID.GOV-CD";"";"";"";"2023";"NA";"";"57";"13";"FORNECIMENTO DE ALIMENTAÇÃO DO PARLAMENTAR";"0";"";"SANTO BUFFET SERVICOS DE ALIMENTACAO LTDA";"453.508.390/0019-8";"458";"0";"2023-12-21T00:00:00";"2800";"0";"2800";"12";"2023";"0";"";"";"2001342";"";"";"";"2812";"7667118";"https://www.camara.leg.br/cota-parlamentar/documentos/publ/2812/2023/7667118.pdf"
"LID.GOV-CD";"";"";"";"2023";"NA";"";"57";"13";"FORNECIMENTO DE ALIMENTAÇÃO DO PARLAMENTAR";"0";"";"SANTO BUFFET SERVICOS DE ALIMENTACAO LTDA";"453.508.390/0019-8";"68";"0";"2023-03-22T00:00:00";"1200";"0";"1200";"3";"2023";"0";"";"";"1919073";"";"";"";"2812";"7517167";"https://www.camara.leg.br/cota-parlamentar/documentos/publ/2812/2023/7517167.pdf"
"LID.GOV-CD";"";"";"";"2023";"NA";"";"57";"13";"FORNECIMENTO DE ALIMENTAÇÃO DO PARLAMENTAR";"0";"";"SILT SELF SERVICE EIRELI ME";"072.867.310/0019-4";"41512";"4";"2023-03-28T00:00:00";"19.44";"0";"19.44";"3";"2023";"0";"";"";"1919248";"";"";"";"2812";"7517459";"https://www.camara.leg.br/cota-parlamentar/nota-fiscal-eletronica?ideDocumentoFiscal=7517459"
"LID.GOV-CD";"";"";"";"2023";"NA";"";"57";"13";"FORNECIMENTO DE ALIMENTAÇÃO DO PARLAMENTAR";"0";"";"T MENDONCA PANIFICADORA E CONFEITARIA LTDA";"219.653.510/0010-7";"662707";"4";"2023-09-12T00:00:00";"151.82";"0";"151.82";"9";"2023";"0";"";"";"1967237";"";"";"";"2812";"7606301";"https://www.camara.leg.br/cota-parlamentar/nota-fiscal-eletronica?ideDocumentoFiscal=7606301"
"LID.GOV-CD";"";"";"";"2023";"NA";"";"57";"13";"FORNECIMENTO DE ALIMENTAÇÃO DO PARLAMENTAR";"0";"";"VILMARA DA SILVA LIMA 03896244116";"406.914.960/0010-1";"0000000011";"0";"2023-02-14T00:00:00";"2772";"0";"2772";"2";"2023";"0";"";"";"1911471";"";"";"";"2812";"7503688";"https://www.camara.leg.br/cota-parlamentar/documentos/publ/2812/2023/7503688.pdf"
"LID.GOV-CD";"";"";"";"2023";"NA";"";"57";"120";"LOCAÇÃO OU FRETAMENTO DE VEÍCULOS AUTOMOTORES";"0";"";"PANTANAL VEÍCULOS LTDA";"073.193.230/0019-1";"25089";"1";"2023-12-31T00:00:00";"3800";"0";"3800";"12";"2023";"0";"";"";"2010060";"";"";"";"2812";"7681563";"https://www.camara.leg.br/cota-parlamentar/documentos/publ/2812/2024/7681563.pdf"
"LIDERANÇA DO PSDB";"";"";"";"2019";"NA";"";"56";"5";"DIVULGAÇÃO DA ATIVIDADE PARLAMENTAR.";"0";"";"CONTENT ASSESSORIA LTDA";"276.912.900/0011-3";"2006";"0";"2023-01-31T00:00:00";"3992";"0";"3992";"1";"2023";"0";"";"";"1904836";"";"";"";"2442";"7491837";"https://www.camara.leg.br/cota-parlamentar/documentos/publ/2442/2023/7491837.pdf"
"LIDERANÇA DO PSDB";"";"";"";"2023";"NA";"";"57";"1";"MANUTENÇÃO DE ESCRITÓRIO DE APOIO À ATIVIDADE PARLAMENTAR";"0";"";"NUCLEO DE INFORMACAO E COORDENACAO DO PONTO BR - NIC .BR";"055.065.600/0013-6";"41771611";"1";"2023-09-27T00:00:00";"76";"0";"76";"9";"2023";"0";"";"";"1976897";"";"";"";"2442";"7623195";"https://www.camara.leg.br/cota-parlamentar/documentos/publ/2442/2023/7623195.pdf"
"LIDERANÇA DO PSDB";"";"";"";"2023";"NA";"";"57";"3";"COMBUSTÍVEIS E LUBRIFICANTES.";"1";"Veículos Automotores";"JT COMERCIO DE DERIVADOS DE PETROLEO LTDA";"371.284.770/0016-7";"69354";"4";"2023-09-18T00:00:00";"222.26";"0";"222.26";"9";"2023";"0";"";"";"1968979";"";"";"";"2442";"7609569";"https://www.camara.leg.br/cota-parlamentar/nota-fiscal-eletronica?ideDocumentoFiscal=7609569"
"LIDERANÇA DO PSDB";"";"";"";"2023";"NA";"";"57";"3";"COMBUSTÍVEIS E LUBRIFICANTES.";"1";"Veículos Automotores";"JT COMERCIO DE DERIVADOS DE PETROLEO LTDA";"371.284.770/0016-7";"70361";"4";"2023-09-25T00:00:00";"292.04";"0";"292.04";"9";"2023";"0";"";"";"1970870";"";"";"";"2442";"7613260";"https://www.camara.leg.br/cota-parlamentar/nota-fiscal-eletronica?ideDocumentoFiscal=7613260"
"LIDERANÇA DO PSDB";"";"";"";"2023";"NA";"";"57";"3";"COMBUSTÍVEIS E LUBRIFICANTES.";"1";"Veículos Automotores";"JT COMERCIO DE DERIVADOS DE PETROLEO LTDA";"371.284.770/0016-7";"72798";"4";"2023-10-16T00:00:00";"303.2";"0";"303.2";"10";"2023";"0";"";"";"1978568";"";"";"";"2442";"7626396";"https://www.camara.leg.br/cota-parlamentar/nota-fiscal-eletronica?ideDocumentoFiscal=7626396"
"LIDERANÇA DO PSDB";"";"";"";"2023";"NA";"";"57";"3";"COMBUSTÍVEIS E LUBRIFICANTES.";"1";"Veículos Automotores";"JT COMERCIO DE DERIVADOS DE PETROLEO LTDA";"371.284.770/0016-7";"79934";"4";"2023-08-14T00:00:00";"315";"0";"315";"8";"2023";"0";"";"";"1958862";"";"";"";"2442";"7590605";"https://www.camara.leg.br/cota-parlamentar/nota-fiscal-eletronica?ideDocumentoFiscal=7590605"
"LIDERANÇA DO PSDB";"";"";"";"2023";"NA";"";"57";"3";"COMBUSTÍVEIS E LUBRIFICANTES.";"1";"Veículos Automotores";"JT COMERCIO DE DERIVADOS DE PETROLEO LTDA";"371.284.770/0016-7";"81259";"4";"2023-10-30T00:00:00";"292.01";"0";"292.01";"10";"2023";"0";"";"";"1982355";"";"";"";"2442";"7633549";"https://www.camara.leg.br/cota-parlamentar/nota-fiscal-eletronica?ideDocumentoFiscal=7633549"
"LIDERANÇA DO PSDB";"";"";"";"2023";"NA";"";"57";"3";"COMBUSTÍVEIS E LUBRIFICANTES.";"1";"Veículos Automotores";"JT COMERCIO DE DERIVADOS DE PETROLEO LTDA";"371.284.770/0016-7";"81383";"4";"2023-12-18T00:00:00";"289.15";"0";"289.15";"12";"2023";"0";"";"";"1999606";"";"";"";"2442";"7663804";"https://www.camara.leg.br/cota-parlamentar/nota-fiscal-eletronica?ideDocumentoFiscal=7663804"
"LIDERANÇA DO PSDB";"";"";"";"2023";"NA";"";"57";"3";"COMBUSTÍVEIS E LUBRIFICANTES.";"1";"Veículos Automotores";"JT COMERCIO DE DERIVADOS DE PETROLEO LTDA";"371.284.770/0016-7";"81908";"4";"2023-08-28T00:00:00";"256.12";"0";"256.12";"8";"2023";"0";"";"";"1963275";"";"";"";"2442";"7599219";"https://www.camara.leg.br/cota-parlamentar/nota-fiscal-eletronica?ideDocumentoFiscal=7599219"
"LIDERANÇA DO PSDB";"";"";"";"2023";"NA";"";"57";"5";"DIVULGAÇÃO DA ATIVIDADE PARLAMENTAR.";"0";"";"CONTENT ASSESSORIA LTDA";"276.912.900/0011-3";"2328";"0";"2023-07-31T00:00:00";"2994";"0";"2994";"7";"2023";"0";"";"";"1955608";"";"";"";"2442";"7583667";"https://www.camara.leg.br/cota-parlamentar/documentos/publ/2442/2023/7583667.pdf"
"LIDERANÇA DO PSDB";"";"";"";"2023";"NA";"";"57";"5";"DIVULGAÇÃO DA ATIVIDADE PARLAMENTAR.";"0";"";"CONTENT ASSESSORIA LTDA - ME";"276.912.900/0011-3";"2546";"0";"2023-11-28T00:00:00";"3992";"0";"3992";"11";"2023";"0";"";"";"1991331";"";"";"";"2442";"7649399";"https://www.camara.leg.br/cota-parlamentar/documentos/publ/2442/2023/7649399.pdf"
"LIDERANÇA DO PSDB";"";"";"";"2023";"NA";"";"57";"5";"DIVULGAÇÃO DA ATIVIDADE PARLAMENTAR.";"0";"";"CONTENT ASSESSORIA LTDA - ME";"276.912.900/0011-3";"2547";"0";"2023-12-01T00:00:00";"3992";"0";"3992";"12";"2023";"0";"";"";"1998218";"";"";"";"2442";"7661233";"https://www.camara.leg.br/cota-parlamentar/documentos/publ/2442/2023/7661233.pdf"
"LIDERANÇA DO PSDB";"";"";"";"2023";"NA";"";"57";"5";"DIVULGAÇÃO DA ATIVIDADE PARLAMENTAR.";"0";"";"LOCAWEB SERVICOS DE INTERNET S.A.";"023.518.770/0015-2";"1003955987";"1";"2023-12-13T00:00:00";"473.59";"0";"473.59";"12";"2023";"0";"";"";"1998757";"";"";"";"2442";"7662248";"https://www.camara.leg.br/cota-parlamentar/documentos/publ/2442/2023/7662248.pdf"
"LIDERANÇA DO PSDB";"";"";"";"2023";"NA";"";"57";"13";"FORNECIMENTO DE ALIMENTAÇÃO DO PARLAMENTAR";"0";"";"SANTO BUFFET SERVICOS DE ALIMENTACAO LTDA";"453.508.390/0019-8";"132";"0";"2023-05-09T00:00:00";"960";"0";"960";"5";"2023";"0";"";"";"1931790";"";"";"";"2442";"7539722";"https://www.camara.leg.br/cota-parlamentar/documentos/publ/2442/2023/7539722.pdf"
"LIDERANÇA DO PSDB";"";"";"";"2023";"NA";"";"57";"13";"FORNECIMENTO DE ALIMENTAÇÃO DO PARLAMENTAR";"0";"";"SANTO BUFFET SERVICOS DE ALIMENTACAO LTDA";"453.508.390/0019-8";"143";"0";"2023-05-16T00:00:00";"1200";"0";"1200";"5";"2023";"0";"";"";"1933828";"";"";"";"2442";"7543428";"https://www.camara.leg.br/cota-parlamentar/documentos/publ/2442/2023/7543428.pdf"
"LIDERANÇA DO PSDB";"";"";"";"2023";"NA";"";"57";"13";"FORNECIMENTO DE ALIMENTAÇÃO DO PARLAMENTAR";"0";"";"SANTO BUFFET SERVICOS DE ALIMENTACAO LTDA";"453.508.390/0019-8";"16";"0";"2023-02-08T00:00:00";"1610";"0";"1610";"2";"2023";"0";"";"";"1907756";"";"";"";"2442";"7496477";"https://www.camara.leg.br/cota-parlamentar/documentos/publ/2442/2023/7496477.pdf"
"LIDERANÇA DO PSDB";"";"";"";"2023";"NA";"";"57";"13";"FORNECIMENTO DE ALIMENTAÇÃO DO PARLAMENTAR";"0";"";"SANTO BUFFET SERVICOS DE ALIMENTACAO LTDA";"453.508.390/0019-8";"197";"0";"2023-07-04T00:00:00";"1080";"0";"1080";"7";"2023";"0";"";"";"1947807";"";"";"";"2442";"7569417";"https://www.camara.leg.br/cota-parlamentar/documentos/publ/2442/2023/7569417.pdf"
"LIDERANÇA DO PSDB";"";"";"";"2023";"NA";"";"57";"13";"FORNECIMENTO DE ALIMENTAÇÃO DO PARLAMENTAR";"0";"";"SANTO BUFFET SERVICOS DE ALIMENTACAO LTDA";"453.508.390/0019-8";"198";"0";"2023-07-04T00:00:00";"1200";"0";"1200";"7";"2023";"0";"";"";"1947807";"";"";"";"2442";"7569421";"https://www.camara.leg.br/cota-parlamentar/documentos/publ/2442/2023/7569421.pdf"
"LIDERANÇA DO PSDB";"";"";"";"2023";"NA";"";"57";"13";"FORNECIMENTO DE ALIMENTAÇÃO DO PARLAMENTAR";"0";"";"SANTO BUFFET SERVICOS DE ALIMENTACAO LTDA";"453.508.390/0019-8";"199";"0";"2023-07-05T00:00:00";"1200";"0";"1200";"7";"2023";"0";"";"";"1948301";"";"";"";"2442";"7570243";"https://www.camara.leg.br/cota-parlamentar/documentos/publ/2442/2023/7570243.pdf"
"LIDERANÇA DO PSDB";"";"";"";"2023";"NA";"";"57";"13";"FORNECIMENTO DE ALIMENTAÇÃO DO PARLAMENTAR";"0";"";"SANTO BUFFET SERVICOS DE ALIMENTACAO LTDA";"453.508.390/0019-8";"223";"0";"2023-08-03T00:00:00";"1600";"0";"1600";"8";"2023";"0";"";"";"1955798";"";"";"";"2442";"7583985";"https://www.camara.leg.br/cota-parlamentar/documentos/publ/2442/2023/7583985.pdf"
"LIDERANÇA DO PSDB";"";"";"";"2023";"NA";"";"57";"13";"FORNECIMENTO DE ALIMENTAÇÃO DO PARLAMENTAR";"0";"";"SANTO BUFFET SERVICOS DE ALIMENTACAO LTDA";"453.508.390/0019-8";"294";"0";"2023-09-13T00:00:00";"1440";"0";"1440";"9";"2023";"0";"";"";"1967871";"";"";"";"2442";"7607476";"https://www.camara.leg.br/cota-parlamentar/documentos/publ/2442/2023/7607476.pdf"
"LIDERANÇA DO PSDB";"";"";"";"2023";"NA";"";"57";"13";"FORNECIMENTO DE ALIMENTAÇÃO DO PARLAMENTAR";"0";"";"SANTO BUFFET SERVICOS DE ALIMENTACAO LTDA";"453.508.390/0019-8";"314";"0";"2023-09-28T00:00:00";"1600";"0";"1600";"9";"2023";"0";"";"";"1973220";"";"";"";"2442";"7616903";"https://www.camara.leg.br/cota-parlamentar/documentos/publ/2442/2023/7616903.pdf"
"LIDERANÇA DO PSDB";"";"";"";"2023";"NA";"";"57";"13";"FORNECIMENTO DE ALIMENTAÇÃO DO PARLAMENTAR";"0";"";"SANTO BUFFET SERVICOS DE ALIMENTACAO LTDA";"453.508.390/0019-8";"319";"0";"2023-10-03T00:00:00";"1575";"0";"1575";"10";"2023";"0";"";"";"1975009";"";"";"";"2442";"7620095";"https://www.camara.leg.br/cota-parlamentar/documentos/publ/2442/2023/7620095.pdf"
"LIDERANÇA DO PSDB";"";"";"";"2023";"NA";"";"57";"13";"FORNECIMENTO DE ALIMENTAÇÃO DO PARLAMENTAR";"0";"";"SANTO BUFFET SERVICOS DE ALIMENTACAO LTDA";"453.508.390/0019-8";"326";"0";"2023-10-04T00:00:00";"1600";"0";"1600";"10";"2023";"0";"";"";"1975534";"";"";"";"2442";"7620955";"https://www.camara.leg.br/cota-parlamentar/documentos/publ/2442/2023/7620955.pdf"
"LIDERANÇA DO PSDB";"";"";"";"2023";"NA";"";"57";"13";"FORNECIMENTO DE ALIMENTAÇÃO DO PARLAMENTAR";"0";"";"SANTO BUFFET SERVICOS DE ALIMENTACAO LTDA";"453.508.390/0019-8";"350";"0";"2023-10-24T00:00:00";"1200";"0";"1200";"10";"2023";"0";"";"";"1980853";"";"";"";"2442";"7630627";"https://www.camara.leg.br/cota-parlamentar/documentos/publ/2442/2023/7630627.pdf"
"LIDERANÇA DO PSDB";"";"";"";"2023";"NA";"";"57";"13";"FORNECIMENTO DE ALIMENTAÇÃO DO PARLAMENTAR";"0";"";"SANTO BUFFET SERVICOS DE ALIMENTACAO LTDA";"453.508.390/0019-8";"358";"0";"2023-10-25T00:00:00";"1200";"0";"1200";"10";"2023";"0";"";"";"1981358";"";"";"";"2442";"7631580";"https://www.camara.leg.br/cota-parlamentar/documentos/publ/2442/2023/7631580.pdf"
"LIDERANÇA DO PSDB";"";"";"";"2023";"NA";"";"57";"13";"FORNECIMENTO DE ALIMENTAÇÃO DO PARLAMENTAR";"0";"";"SANTO BUFFET SERVICOS DE ALIMENTACAO LTDA";"453.508.390/0019-8";"386";"0";"2023-11-21T00:00:00";"1442";"0";"1442";"11";"2023";"0";"";"";"1989529";"";"";"";"2442";"7645875";"https://www.camara.leg.br/cota-parlamentar/documentos/publ/2442/2023/7645875.pdf"
"LIDERANÇA DO PSDB";"";"";"";"2023";"NA";"";"57";"13";"FORNECIMENTO DE ALIMENTAÇÃO DO PARLAMENTAR";"0";"";"SANTO BUFFET SERVICOS DE ALIMENTACAO LTDA";"453.508.390/0019-8";"387";"0";"2023-11-22T00:00:00";"1442";"0";"1442";"11";"2023";"0";"";"";"1989990";"";"";"";"2442";"7646788";"https://www.camara.leg.br/cota-parlamentar/documentos/publ/2442/2023/7646788.pdf"
"LIDERANÇA DO PSDB";"";"";"";"2023";"NA";"";"57";"13";"FORNECIMENTO DE ALIMENTAÇÃO DO PARLAMENTAR";"0";"";"SANTO BUFFET SERVICOS DE ALIMENTACAO LTDA";"453.508.390/0019-8";"400";"0";"2023-11-28T00:00:00";"1442";"0";"1442";"11";"2023";"0";"";"";"1991589";"";"";"";"2442";"7649999";"https://www.camara.leg.br/cota-parlamentar/documentos/publ/2442/2023/7649999.pdf"
"LIDERANÇA DO PSDB";"";"";"";"2023";"NA";"";"57";"13";"FORNECIMENTO DE ALIMENTAÇÃO DO PARLAMENTAR";"0";"";"SANTO BUFFET SERVICOS DE ALIMENTACAO LTDA";"453.508.390/0019-8";"401";"0";"2023-11-29T00:00:00";"1710";"0";"1710";"11";"2023";"0";"";"";"1992076";"";"";"";"2442";"7650966";"https://www.camara.leg.br/cota-parlamentar/documentos/publ/2442/2023/7650966.pdf"
"LIDERANÇA DO PSDB";"";"";"";"2023";"NA";"";"57";"13";"FORNECIMENTO DE ALIMENTAÇÃO DO PARLAMENTAR";"0";"";"SANTO BUFFET SERVICOS DE ALIMENTACAO LTDA";"453.508.390/0019-8";"411";"0";"2023-12-06T00:00:00";"1200";"0";"1200";"12";"2023";"0";"";"";"1994760";"";"";"";"2442";"7655740";"https://www.camara.leg.br/cota-parlamentar/documentos/publ/2442/2023/7655740.pdf"
"LIDERANÇA DO PSDB";"";"";"";"2023";"NA";"";"57";"13";"FORNECIMENTO DE ALIMENTAÇÃO DO PARLAMENTAR";"0";"";"SANTO BUFFET SERVICOS DE ALIMENTACAO LTDA";"453.508.390/0019-8";"412";"0";"2023-12-06T00:00:00";"1200";"0";"1200";"12";"2023";"0";"";"";"1994767";"";"";"";"2442";"7655754";"https://www.camara.leg.br/cota-parlamentar/documentos/publ/2442/2023/7655754.pdf"
"LIDERANÇA DO PSDB";"";"";"";"2023";"NA";"";"57";"13";"FORNECIMENTO DE ALIMENTAÇÃO DO PARLAMENTAR";"0";"";"SANTO BUFFET SERVICOS DE ALIMENTACAO LTDA";"453.508.390/0019-8";"422";"0";"2023-12-07T00:00:00";"1200";"0";"1200";"12";"2023";"0";"";"";"1995094";"";"";"";"2442";"7656367";"https://www.camara.leg.br/cota-parlamentar/documentos/publ/2442/2023/7656367.pdf"
"LIDERANÇA DO PSDB";"";"";"";"2023";"NA";"";"57";"13";"FORNECIMENTO DE ALIMENTAÇÃO DO PARLAMENTAR";"0";"";"SANTO BUFFET SERVICOS DE ALIMENTACAO LTDA";"453.508.390/0019-8";"426";"0";"2023-12-12T00:00:00";"1942";"0";"1942";"12";"2023";"0";"";"";"1997644";"";"";"";"2442";"7660193";"https://www.camara.leg.br/cota-parlamentar/documentos/publ/2442/2023/7660193.pdf"
"LIDERANÇA DO PSDB";"";"";"";"2023";"NA";"";"57";"13";"FORNECIMENTO DE ALIMENTAÇÃO DO PARLAMENTAR";"0";"";"SANTO BUFFET SERVICOS DE ALIMENTACAO LTDA";"453.508.390/0019-8";"436";"0";"2023-12-14T00:00:00";"1942";"0";"1942";"12";"2023";"0";"";"";"1998584";"";"";"";"2442";"7661887";"https://www.camara.leg.br/cota-parlamentar/documentos/publ/2442/2023/7661887.pdf"
"LIDERANÇA DO PSDB";"";"";"";"2023";"NA";"";"57";"13";"FORNECIMENTO DE ALIMENTAÇÃO DO PARLAMENTAR";"0";"";"SANTO BUFFET SERVICOS DE ALIMENTACAO LTDA";"453.508.390/0019-8";"438";"0";"2023-12-14T00:00:00";"1200";"0";"1200";"12";"2023";"0";"";"";"1998652";"";"";"";"2442";"7662041";"https://www.camara.leg.br/cota-parlamentar/documentos/publ/2442/2023/7662041.pdf"
"LIDERANÇA DO PSDB";"";"";"";"2023";"NA";"";"57";"13";"FORNECIMENTO DE ALIMENTAÇÃO DO PARLAMENTAR";"0";"";"SANTO BUFFET SERVICOS DE ALIMENTACAO LTDA";"453.508.390/0019-8";"444";"0";"2023-12-19T00:00:00";"1442";"0";"1442";"12";"2023";"0";"";"";"2001371";"";"";"";"2442";"7667170";"https://www.camara.leg.br/cota-parlamentar/documentos/publ/2442/2023/7667170.pdf"
"LIDERANÇA DO PSDB";"";"";"";"2023";"NA";"";"57";"13";"FORNECIMENTO DE ALIMENTAÇÃO DO PARLAMENTAR";"0";"";"SANTO BUFFET SERVICOS DE ALIMENTACAO LTDA";"453.508.390/0019-8";"445";"0";"2023-12-20T00:00:00";"1442";"0";"1442";"12";"2023";"0";"";"";"2000651";"";"";"";"2442";"7665720";"https://www.camara.leg.br/cota-parlamentar/documentos/publ/2442/2023/7665720.pdf"
"LIDERANÇA DO PT";"";"";"";"2019";"NA";"";"56";"1";"MANUTENÇÃO DE ESCRITÓRIO DE APOIO À ATIVIDADE PARLAMENTAR";"0";"";"MAP COMERCIO, LOCACAO E SERVICO DE MANUTENCAO DE ELETRO-ELET";"053.220.900/0015-0";"24";"0";"2023-01-20T00:00:00";"614.5";"0";"614.5";"1";"2023";"0";"";"";"1904177";"";"";"";"2439";"7490357";"https://www.camara.leg.br/cota-parlamentar/documentos/publ/2439/2023/7490357.pdf"
"LIDERANÇA DO PT";"";"";"";"2019";"NA";"";"56";"3";"COMBUSTÍVEIS E LUBRIFICANTES.";"1";"Veículos Automotores";"AUTO POSTO 303 NORTE LTDA";"381.942.120/0012-0";"195155";"4";"2023-01-03T00:00:00";"200";"0";"200";"1";"2023";"0";"";"";"1900382";"";"";"";"2439";"7482653";"https://www.camara.leg.br/cota-parlamentar/nota-fiscal-eletronica?ideDocumentoFiscal=7482653"
"LIDERANÇA DO PT";"";"";"";"2019";"NA";"";"56";"3";"COMBUSTÍVEIS E LUBRIFICANTES.";"1";"Veículos Automotores";"AUTO POSTO 303 NORTE LTDA";"381.942.120/0012-0";"200811";"4";"2023-01-23T00:00:00";"250";"0";"250";"1";"2023";"0";"";"";"1904178";"";"";"";"2439";"7490347";"https://www.camara.leg.br/cota-parlamentar/nota-fiscal-eletronica?ideDocumentoFiscal=7490347"
"LIDERANÇA DO PT";"";"";"";"2019";"NA";"";"56";"3";"COMBUSTÍVEIS E LUBRIFICANTES.";"1";"Veículos Automotores";"AUTO POSTO 303 NORTE LTDA";"381.942.120/0012-0";"203034";"4";"2023-01-30T00:00:00";"230.02";"0";"230.02";"1";"2023";"0";"";"";"1904518";"";"";"";"2439";"7491285";"https://www.camara.leg.br/cota-parlamentar/nota-fiscal-eletronica?ideDocumentoFiscal=7491285"
"LIDERANÇA DO PT";"";"";"";"2019";"NA";"";"56";"3";"COMBUSTÍVEIS E LUBRIFICANTES.";"1";"Veículos Automotores";"AUTO POSTO GOLDEN GAS LAGO LTDA";"308.792.610/0019-4";"326555";"4";"2023-01-09T00:00:00";"250";"0";"250";"1";"2023";"0";"";"";"1904178";"";"";"";"2439";"7490337";"https://www.camara.leg.br/cota-parlamentar/nota-fiscal-eletronica?ideDocumentoFiscal=7490337"
"LIDERANÇA DO PT";"";"";"";"2019";"NA";"";"56";"5";"DIVULGAÇÃO DA ATIVIDADE PARLAMENTAR.";"0";"";"AP SELF MEDIA COMUNICAÇÃO LTDA EPP";"151.469.430/0010-2";"182";"0";"2023-02-01T00:00:00";"1111.56";"0";"1111.56";"1";"2023";"0";"";"";"1905020";"";"";"";"2439";"7492266";"https://www.camara.leg.br/cota-parlamentar/documentos/publ/2439/2023/7492266.pdf"
"LIDERANÇA DO PT";"";"";"";"2019";"NA";"";"56";"5";"DIVULGAÇÃO DA ATIVIDADE PARLAMENTAR.";"0";"";"GRAFICA E EDITORA RELAMPAGO LTDA";"025.077.870/0010-8";"17990";"4";"2023-02-01T00:00:00";"9500";"0";"9500";"1";"2023";"0";"";"";"1905021";"";"";"";"2439";"7492276";"https://www.camara.leg.br/cota-parlamentar/nota-fiscal-eletronica?ideDocumentoFiscal=7492276"
"LIDERANÇA DO PT";"";"";"";"2019";"NA";"";"56";"13";"FORNECIMENTO DE ALIMENTAÇÃO DO PARLAMENTAR";"0";"";"AGNALDO PIONORIO FREIRE ME";"206.115.370/0010-3";"1";"0";"2023-02-01T00:00:00";"2240";"0";"2240";"1";"2023";"0";"";"";"1905083";"";"";"";"2439";"7492333";"https://www.camara.leg.br/cota-parlamentar/documentos/publ/2439/2023/7492333.pdf"
"LIDERANÇA DO PT";"";"";"";"2019";"NA";"";"56";"120";"LOCAÇÃO OU FRETAMENTO DE VEÍCULOS AUTOMOTORES";"0";"";"PANTANAL-VEICULOS LTDA";"073.193.230/0019-1";"23236";"1";"2023-01-30T00:00:00";"4000";"0";"4000";"1";"2023";"0";"";"";"1905208";"";"";"";"2439";"7492603";"https://www.camara.leg.br/cota-parlamentar/documentos/publ/2439/2023/7492603.pdf"
"LIDERANÇA DO PT";"";"";"";"2023";"NA";"";"57";"1";"MANUTENÇÃO DE ESCRITÓRIO DE APOIO À ATIVIDADE PARLAMENTAR";"0";"";"Adobe Systems Software Ireland Ltd";"000.000.000/0001-0";"2625958090";"1";"2023-12-08T00:00:00";"43";"0";"43";"12";"2023";"0";"";"";"1996657";"";"";"";"2439";"7658409";"https://www.camara.leg.br/cota-parlamentar/documentos/publ/2439/2023/7658409.pdf"
"LIDERANÇA DO PT";"";"";"";"2023";"NA";"";"57";"1";"MANUTENÇÃO DE ESCRITÓRIO DE APOIO À ATIVIDADE PARLAMENTAR";"0";"";"Adobe Systems Software Ireland Ltda";"000.000.000/0001-0";"2398991118";"1";"2023-03-08T00:00:00";"124";"0";"124";"3";"2023";"0";"";"";"1916618";"";"";"";"2439";"7507594";"https://www.camara.leg.br/cota-parlamentar/documentos/publ/2439/2023/7507594.pdf"
"LIDERANÇA DO PT";"";"";"";"2023";"NA";"";"57";"1";"MANUTENÇÃO DE ESCRITÓRIO DE APOIO À ATIVIDADE PARLAMENTAR";"0";"";"Adobe Systems Software Ireland Ltda";"000.000.000/0001-0";"2398992079";"1";"2023-03-08T00:00:00";"124";"0";"124";"3";"2023";"0";"";"";"1916618";"";"";"";"2439";"7507600";"https://www.camara.leg.br/cota-parlamentar/documentos/publ/2439/2023/7507600.pdf"
"LIDERANÇA DO PT";"";"";"";"2023";"NA";"";"57";"1";"MANUTENÇÃO DE ESCRITÓRIO DE APOIO À ATIVIDADE PARLAMENTAR";"0";"";"Adobe Systems Software Ireland Ltda";"000.000.000/0001-0";"2399802881";"1";"2023-03-09T00:00:00";"43";"0";"43";"3";"2023";"0";"";"";"1916618";"";"";"";"2439";"7507931";"https://www.camara.leg.br/cota-parlamentar/documentos/publ/2439/2023/7507931.pdf"
"LIDERANÇA DO PT";"";"";"";"2023";"NA";"";"57";"1";"MANUTENÇÃO DE ESCRITÓRIO DE APOIO À ATIVIDADE PARLAMENTAR";"0";"";"ADOBE SYSTEMS SOFTWARE IRELAND LTDA";"000.000.000/0001-0";"2423902323";"1";"2023-04-08T00:00:00";"124";"0";"124";"4";"2023";"0";"";"";"1923232";"";"";"";"2439";"7524781";"https://www.camara.leg.br/cota-parlamentar/documentos/publ/2439/2023/7524781.pdf"
"LIDERANÇA DO PT";"";"";"";"2023";"NA";"";"57";"1";"MANUTENÇÃO DE ESCRITÓRIO DE APOIO À ATIVIDADE PARLAMENTAR";"0";"";"ADOBE SYSTEMS SOFTWARE IRELAND LTDA";"000.000.000/0001-0";"2423931232";"1";"2023-04-08T00:00:00";"124";"0";"124";"4";"2023";"0";"";"";"1923232";"";"";"";"2439";"7524785";"https://www.camara.leg.br/cota-parlamentar/documentos/publ/2439/2023/7524785.pdf"
"LIDERANÇA DO PT";"";"";"";"2023";"NA";"";"57";"1";"MANUTENÇÃO DE ESCRITÓRIO DE APOIO À ATIVIDADE PARLAMENTAR";"0";"";"ADOBE SYSTEMS SOFTWARE IRELAND LTDA";"000.000.000/0001-0";"2424432943'";"1";"2023-04-09T00:00:00";"43";"0";"43";"4";"2023";"0";"";"";"1923232";"";"";"";"2439";"7524788";"https://www.camara.leg.br/cota-parlamentar/documentos/publ/2439/2023/7524788.pdf"
"LIDERANÇA DO PT";"";"";"";"2023";"NA";"";"57";"1";"MANUTENÇÃO DE ESCRITÓRIO DE APOIO À ATIVIDADE PARLAMENTAR";"0";"";"ADOBE SYSTEMS SOFTWARE IRELAND LTDA";"000.000.000/0001-0";"2448038952";"1";"2023-05-08T00:00:00";"124";"0";"124";"5";"2023";"0";"";"";"1932576";"";"";"";"2439";"7541106";"https://www.camara.leg.br/cota-parlamentar/documentos/publ/2439/2023/7541106.pdf"
"LIDERANÇA DO PT";"";"";"";"2023";"NA";"";"57";"1";"MANUTENÇÃO DE ESCRITÓRIO DE APOIO À ATIVIDADE PARLAMENTAR";"0";"";"ADOBE SYSTEMS SOFTWARE IRELAND LTDA";"000.000.000/0001-0";"2448109383";"1";"2023-05-08T00:00:00";"124";"0";"124";"5";"2023";"0";"";"";"1932576";"";"";"";"2439";"7541117";"https://www.camara.leg.br/cota-parlamentar/documentos/publ/2439/2023/7541117.pdf"
"LIDERANÇA DO PT";"";"";"";"2023";"NA";"";"57";"1";"MANUTENÇÃO DE ESCRITÓRIO DE APOIO À ATIVIDADE PARLAMENTAR";"0";"";"ADOBE SYSTEMS SOFTWARE IRELAND LTDA";"000.000.000/0001-0";"2448803761";"1";"2023-05-09T00:00:00";"43";"0";"43";"5";"2023";"0";"";"";"1932576";"";"";"";"2439";"7541109";"https://www.camara.leg.br/cota-parlamentar/documentos/publ/2439/2023/7541109.pdf"
"LIDERANÇA DO PT";"";"";"";"2023";"NA";"";"57";"1";"MANUTENÇÃO DE ESCRITÓRIO DE APOIO À ATIVIDADE PARLAMENTAR";"0";"";"Adobe Systems Software Ireland Ltda";"000.000.000/0001-0";"2472713394";"1";"2023-06-08T00:00:00";"124";"0";"124";"6";"2023";"0";"";"";"1943836";"";"";"";"2439";"7562049";"https://www.camara.leg.br/cota-parlamentar/documentos/publ/2439/2023/7562049.pdf"
"LIDERANÇA DO PT";"";"";"";"2023";"NA";"";"57";"1";"MANUTENÇÃO DE ESCRITÓRIO DE APOIO À ATIVIDADE PARLAMENTAR";"0";"";"Adobe Systems Software Ireland Ltda";"000.000.000/0001-0";"2472715876";"1";"2023-06-08T00:00:00";"124";"0";"124";"6";"2023";"0";"";"";"1943836";"";"";"";"2439";"7562039";"https://www.camara.leg.br/cota-parlamentar/documentos/publ/2439/2023/7562039.pdf"
"LIDERANÇA DO PT";"";"";"";"2023";"NA";"";"57";"1";"MANUTENÇÃO DE ESCRITÓRIO DE APOIO À ATIVIDADE PARLAMENTAR";"0";"";"Adobe Systems Software Ireland Ltda";"000.000.000/0001-0";"2473450388";"1";"2023-06-09T00:00:00";"43";"0";"43";"6";"2023";"0";"";"";"1943836";"";"";"";"2439";"7562034";"https://www.camara.leg.br/cota-parlamentar/documentos/publ/2439/2023/7562034.pdf"
"LIDERANÇA DO PT";"";"";"";"2023";"NA";"";"57";"1";"MANUTENÇÃO DE ESCRITÓRIO DE APOIO À ATIVIDADE PARLAMENTAR";"0";"";"ADOBE SYSTEMS SOFTWARE IRELAND LTDA";"000.000.000/0001-0";"2497480556";"1";"2023-07-08T00:00:00";"124";"0";"124";"7";"2023";"0";"";"";"1951098";"";"";"";"2439";"7575195";"https://www.camara.leg.br/cota-parlamentar/documentos/publ/2439/2023/7575195.pdf"
"LIDERANÇA DO PT";"";"";"";"2023";"NA";"";"57";"1";"MANUTENÇÃO DE ESCRITÓRIO DE APOIO À ATIVIDADE PARLAMENTAR";"0";"";"ADOBE SYSTEMS SOFTWARE IRELAND LTDA";"000.000.000/0001-0";"2497524195";"1";"2023-07-08T00:00:00";"124";"0";"124";"7";"2023";"0";"";"";"1951098";"";"";"";"2439";"7575192";"https://www.camara.leg.br/cota-parlamentar/documentos/publ/2439/2023/7575192.pdf"
"LIDERANÇA DO PT";"";"";"";"2023";"NA";"";"57";"1";"MANUTENÇÃO DE ESCRITÓRIO DE APOIO À ATIVIDADE PARLAMENTAR";"0";"";"ADOBE SYSTEMS SOFTWARE IRELAND LTDA";"000.000.000/0001-0";"2522442932";"1";"2023-08-08T00:00:00";"124";"0";"124";"8";"2023";"0";"";"";"1959481";"";"";"";"2439";"7591689";"https://www.camara.leg.br/cota-parlamentar/documentos/publ/2439/2023/7591689.pdf"
"LIDERANÇA DO PT";"";"";"";"2023";"NA";"";"57";"1";"MANUTENÇÃO DE ESCRITÓRIO DE APOIO À ATIVIDADE PARLAMENTAR";"0";"";"ADOBE SYSTEMS SOFTWARE IRELAND LTDA";"000.000.000/0001-0";"2522447322";"1";"2023-08-08T00:00:00";"124";"0";"124";"8";"2023";"0";"";"";"1959481";"";"";"";"2439";"7591695";"https://www.camara.leg.br/cota-parlamentar/documentos/publ/2439/2023/7591695.pdf"
"LIDERANÇA DO PT";"";"";"";"2023";"NA";"";"57";"1";"MANUTENÇÃO DE ESCRITÓRIO DE APOIO À ATIVIDADE PARLAMENTAR";"0";"";"ADOBE SYSTEMS SOFTWARE IRELAND LTDA";"000.000.000/0001-0";"25231990196";"1";"2023-08-08T00:00:00";"43";"0";"43";"8";"2023";"0";"";"";"1959481";"";"";"";"2439";"7591706";"https://www.camara.leg.br/cota-parlamentar/documentos/publ/2439/2023/7591706.pdf"
"LIDERANÇA DO PT";"";"";"";"2023";"NA";"";"57";"1";"MANUTENÇÃO DE ESCRITÓRIO DE APOIO À ATIVIDADE PARLAMENTAR";"0";"";"ADOBE SYSTEMS SOFTWARE IRELAND LTDA";"000.000.000/0001-0";"2547757731";"1";"2023-09-08T00:00:00";"124";"0";"124";"9";"2023";"0";"";"";"1967038";"";"";"";"2439";"7605918";"https://www.camara.leg.br/cota-parlamentar/documentos/publ/2439/2023/7605918.pdf"
"LIDERANÇA DO PT";"";"";"";"2023";"NA";"";"57";"1";"MANUTENÇÃO DE ESCRITÓRIO DE APOIO À ATIVIDADE PARLAMENTAR";"0";"";"ADOBE SYSTEMS SOFTWARE IRELAND LTDA";"000.000.000/0001-0";"2547855114";"1";"2023-09-08T00:00:00";"124";"0";"124";"9";"2023";"0";"";"";"1967038";"";"";"";"2439";"7605926";"https://www.camara.leg.br/cota-parlamentar/documentos/publ/2439/2023/7605926.pdf"
"LIDERANÇA DO PT";"";"";"";"2023";"NA";"";"57";"1";"MANUTENÇÃO DE ESCRITÓRIO DE APOIO À ATIVIDADE PARLAMENTAR";"0";"";"ADOBE SYSTEMS SOFTWARE IRELAND LTDA";"000.000.000/0001-0";"2548522786";"1";"2023-09-09T00:00:00";"43";"0";"43";"9";"2023";"0";"";"";"1967038";"";"";"";"2439";"7605911";"https://www.camara.leg.br/cota-parlamentar/documentos/publ/2439/2023/7605911.pdf"
"LIDERANÇA DO PT";"";"";"";"2023";"NA";"";"57";"1";"MANUTENÇÃO DE ESCRITÓRIO DE APOIO À ATIVIDADE PARLAMENTAR";"0";"";"ADOBE SYSTEMS SOFTWARE IRELAND LTDA";"000.000.000/0001-0";"2573120777";"1";"2023-10-08T00:00:00";"124";"0";"124";"10";"2023";"0";"";"";"1978289";"";"";"";"2439";"7625562";"https://www.camara.leg.br/cota-parlamentar/documentos/publ/2439/2023/7625562.pdf"
"LIDERANÇA DO PT";"";"";"";"2023";"NA";"";"57";"1";"MANUTENÇÃO DE ESCRITÓRIO DE APOIO À ATIVIDADE PARLAMENTAR";"0";"";"ADOBE SYSTEMS SOFTWARE IRELAND LTDA";"000.000.000/0001-0";"2573333431";"1";"2023-10-08T00:00:00";"124";"0";"124";"10";"2023";"0";"";"";"1978289";"";"";"";"2439";"7625568";"https://www.camara.leg.br/cota-parlamentar/documentos/publ/2439/2023/7625568.pdf"
"LIDERANÇA DO PT";"";"";"";"2023";"NA";"";"57";"1";"MANUTENÇÃO DE ESCRITÓRIO DE APOIO À ATIVIDADE PARLAMENTAR";"0";"";"ADOBE SYSTEMS SOFTWARE IRELAND LTDA";"000.000.000/0001-0";"2573846759";"1";"2023-10-09T00:00:00";"43";"0";"43";"10";"2023";"0";"";"";"1978289";"";"";"";"2439";"7625558";"https://www.camara.leg.br/cota-parlamentar/documentos/publ/2439/2023/7625558.pdf"
"LIDERANÇA DO PT";"";"";"";"2023";"NA";"";"57";"1";"MANUTENÇÃO DE ESCRITÓRIO DE APOIO À ATIVIDADE PARLAMENTAR";"0";"";"Adobe Systems Software Ireland Ltda";"000.000.000/0001-0";"2625137751";"1";"2023-12-08T00:00:00";"124";"0";"124";"12";"2023";"0";"";"";"1996657";"";"";"";"2439";"7658403";"https://www.camara.leg.br/cota-parlamentar/documentos/publ/2439/2023/7658403.pdf"
"LIDERANÇA DO PT";"";"";"";"2023";"NA";"";"57";"1";"MANUTENÇÃO DE ESCRITÓRIO DE APOIO À ATIVIDADE PARLAMENTAR";"0";"";"Adobe Systems Software Ireland Ltda";"000.000.000/0001-0";"2625185792";"1";"2023-12-08T00:00:00";"124";"0";"124";"12";"2023";"0";"";"";"1996657";"";"";"";"2439";"7658397";"https://www.camara.leg.br/cota-parlamentar/documentos/publ/2439/2023/7658397.pdf"
"LIDERANÇA DO PT";"";"";"";"2023";"NA";"";"57";"1";"MANUTENÇÃO DE ESCRITÓRIO DE APOIO À ATIVIDADE PARLAMENTAR";"0";"";"ADOBE SYSTEMS SOTWARE IRELAND LTDA";"000.000.000/0001-0";"2498202128";"1";"2023-07-08T00:00:00";"43";"0";"43";"7";"2023";"0";"";"";"1951098";"";"";"";"2439";"7575186";"https://www.camara.leg.br/cota-parlamentar/documentos/publ/2439/2023/7575186.pdf"
"LIDERANÇA DO PT";"";"";"";"2023";"NA";"";"57";"1";"MANUTENÇÃO DE ESCRITÓRIO DE APOIO À ATIVIDADE PARLAMENTAR";"0";"";"Flickr, Inc.";"000.000.000/0001-0";"2115299";"1";"2023-03-14T00:00:00";"418.79";"0";"418.79";"3";"2023";"0";"";"";"1916618";"";"";"";"2439";"7509517";"https://www.camara.leg.br/cota-parlamentar/documentos/publ/2439/2023/7509517.pdf"
"LIDERANÇA DO PT";"";"";"";"2023";"NA";"";"57";"1";"MANUTENÇÃO DE ESCRITÓRIO DE APOIO À ATIVIDADE PARLAMENTAR";"0";"";"MAP COMERCIO, LOCACAO E SERVICO DE MANUTENCAO DE ELETRO-ELET";"053.220.900/0015-0";"00000001196";"0";"2023-09-05T00:00:00";"614.5";"0";"614.5";"9";"2023";"0";"";"";"1967038";"";"";"";"2439";"7605887";"https://www.camara.leg.br/cota-parlamentar/documentos/publ/2439/2023/7605887.pdf"
"LIDERANÇA DO PT";"";"";"";"2023";"NA";"";"57";"1";"MANUTENÇÃO DE ESCRITÓRIO DE APOIO À ATIVIDADE PARLAMENTAR";"0";"";"MAP COMERCIO, LOCACAO E SERVICO DE MANUTENCAO DE ELETRO-ELET";"053.220.900/0015-0";"1021";"0";"2023-08-08T00:00:00";"614.5";"0";"614.5";"8";"2023";"0";"";"";"1959481";"";"";"";"2439";"7591713";"https://www.camara.leg.br/cota-parlamentar/documentos/publ/2439/2023/7591713.pdf"
"LIDERANÇA DO PT";"";"";"";"2023";"NA";"";"57";"1";"MANUTENÇÃO DE ESCRITÓRIO DE APOIO À ATIVIDADE PARLAMENTAR";"0";"";"MAP COMERCIO, LOCACAO E SERVICO DE MANUTENCAO DE ELETRO-ELET";"053.220.900/0015-0";"1550";"0";"2023-11-03T00:00:00";"614.5";"0";"614.5";"11";"2023";"0";"";"";"1988879";"";"";"";"2439";"7644555";"https://www.camara.leg.br/cota-parlamentar/documentos/publ/2439/2023/7644555.pdf"
"LIDERANÇA DO PT";"";"";"";"2023";"NA";"";"57";"1";"MANUTENÇÃO DE ESCRITÓRIO DE APOIO À ATIVIDADE PARLAMENTAR";"0";"";"MAP COMERCIO, LOCACAO E SERVICO DE MANUTENCAO DE ELETRO-ELET";"053.220.900/0015-0";"1757";"0";"2023-12-05T00:00:00";"614.5";"0";"614.5";"12";"2023";"0";"";"";"2003786";"";"";"";"2439";"7671439";"https://www.camara.leg.br/cota-parlamentar/documentos/publ/2439/2024/7671439.pdf"
"LIDERANÇA DO PT";"";"";"";"2023";"NA";"";"57";"1";"MANUTENÇÃO DE ESCRITÓRIO DE APOIO À ATIVIDADE PARLAMENTAR";"0";"";"MAP COMERCIO, LOCACAO E SERVICO DE MANUTENCAO DE ELETRO-ELET";"053.220.900/0015-0";"181";"0";"2023-03-08T00:00:00";"614.5";"0";"614.5";"3";"2023";"0";"";"";"1916618";"";"";"";"2439";"7507542";"https://www.camara.leg.br/cota-parlamentar/documentos/publ/2439/2023/7507542.pdf"
"LIDERANÇA DO PT";"";"";"";"2023";"NA";"";"57";"1";"MANUTENÇÃO DE ESCRITÓRIO DE APOIO À ATIVIDADE PARLAMENTAR";"0";"";"MAP COMERCIO, LOCACAO E SERVICO DE MANUTENCAO DE ELETRO-ELET";"053.220.900/0015-0";"186";"0";"2023-03-09T00:00:00";"614.5";"0";"614.5";"2";"2023";"0";"";"";"1916610";"";"";"";"2439";"7507872";"https://www.camara.leg.br/cota-parlamentar/documentos/publ/2439/2023/7507872.pdf"
"LIDERANÇA DO PT";"";"";"";"2023";"NA";"";"57";"1";"MANUTENÇÃO DE ESCRITÓRIO DE APOIO À ATIVIDADE PARLAMENTAR";"0";"";"MAP COMERCIO, LOCACAO E SERVICO DE MANUTENCAO DE ELETRO-ELET";"053.220.900/0015-0";"310";"0";"2023-04-06T00:00:00";"614";"0";"614";"4";"2023";"0";"";"";"1922066";"";"";"";"2439";"7522664";"https://www.camara.leg.br/cota-parlamentar/documentos/publ/2439/2023/7522664.pdf"
"LIDERANÇA DO PT";"";"";"";"2023";"NA";"";"57";"1";"MANUTENÇÃO DE ESCRITÓRIO DE APOIO À ATIVIDADE PARLAMENTAR";"0";"";"MAP COMERCIO, LOCACAO E SERVICO DE MANUTENCAO DE ELETRO-ELET";"053.220.900/0015-0";"467";"0";"2023-05-18T00:00:00";"614.5";"0";"614.5";"5";"2023";"0";"";"";"1934602";"";"";"";"2439";"7544719";"https://www.camara.leg.br/cota-parlamentar/documentos/publ/2439/2023/7544719.pdf"
"LIDERANÇA DO PT";"";"";"";"2023";"NA";"";"57";"1";"MANUTENÇÃO DE ESCRITÓRIO DE APOIO À ATIVIDADE PARLAMENTAR";"0";"";"WMS COMERCIO DE ARTIGOS DE PAPELARIA LTDA-ME";"121.328.540/0010-0";"4635";"4";"2023-04-03T00:00:00";"742.7";"0";"742.7";"4";"2023";"0";"";"";"1922067";"";"";"";"2439";"7521786";"https://www.camara.leg.br/cota-parlamentar/nota-fiscal-eletronica?ideDocumentoFiscal=7521786"
"LIDERANÇA DO PT";"";"";"";"2023";"NA";"";"57";"1";"MANUTENÇÃO DE ESCRITÓRIO DE APOIO À ATIVIDADE PARLAMENTAR";"0";"";"WMS COMERCIO DE ARTIGOS DE PAPELARIA LTDA-ME";"121.328.540/0010-0";"4776";"4";"2023-05-10T00:00:00";"1428.3";"0";"1428.3";"5";"2023";"0";"";"";"1932536";"";"";"";"2439";"7540989";"https://www.camara.leg.br/cota-parlamentar/nota-fiscal-eletronica?ideDocumentoFiscal=7540989"
"LIDERANÇA DO PT";"";"";"";"2023";"NA";"";"57";"1";"MANUTENÇÃO DE ESCRITÓRIO DE APOIO À ATIVIDADE PARLAMENTAR";"0";"";"WMS COMERCIO DE ARTIGOS DE PAPELARIA LTDA-ME";"121.328.540/0010-0";"4793";"4";"2023-05-18T00:00:00";"3505.2";"0";"3505.2";"5";"2023";"0";"";"";"1934859";"";"";"";"2439";"7545243";"https://www.camara.leg.br/cota-parlamentar/nota-fiscal-eletronica?ideDocumentoFiscal=7545243"
"LIDERANÇA DO PT";"";"";"";"2023";"NA";"";"57";"1";"MANUTENÇÃO DE ESCRITÓRIO DE APOIO À ATIVIDADE PARLAMENTAR";"0";"";"WMS COMERCIO DE ARTIGOS DE PAPELARIA LTDA-ME";"121.328.540/0010-0";"4838";"4";"2023-06-06T00:00:00";"3508.1";"0";"3508.1";"6";"2023";"0";"";"";"1940352";"";"";"";"2439";"7555550";"https://www.camara.leg.br/cota-parlamentar/nota-fiscal-eletronica?ideDocumentoFiscal=7555550"
"LIDERANÇA DO PT";"";"";"";"2023";"NA";"";"57";"1";"MANUTENÇÃO DE ESCRITÓRIO DE APOIO À ATIVIDADE PARLAMENTAR";"0";"";"WMS COMERCIO DE ARTIGOS DE PAPELARIA LTDA-ME";"121.328.540/0010-0";"4904";"4";"2023-07-05T00:00:00";"1390.6";"0";"1390.6";"7";"2023";"0";"";"";"1948724";"";"";"";"2439";"7570746";"https://www.camara.leg.br/cota-parlamentar/nota-fiscal-eletronica?ideDocumentoFiscal=7570746"
"LIDERANÇA DO PT";"";"";"";"2023";"NA";"";"57";"1";"MANUTENÇÃO DE ESCRITÓRIO DE APOIO À ATIVIDADE PARLAMENTAR";"0";"";"WMS COMERCIO DE ARTIGOS DE PAPELARIA LTDA-ME";"121.328.540/0010-0";"5112";"4";"2023-09-22T00:00:00";"910.9";"0";"910.9";"9";"2023";"0";"";"";"1973994";"";"";"";"2439";"7618284";"https://www.camara.leg.br/cota-parlamentar/nota-fiscal-eletronica?ideDocumentoFiscal=7618284"
"LIDERANÇA DO PT";"";"";"";"2023";"NA";"";"57";"1";"MANUTENÇÃO DE ESCRITÓRIO DE APOIO À ATIVIDADE PARLAMENTAR";"0";"";"WMS COMERCIO DE ARTIGOS DE PAPELARIA LTDA-ME";"121.328.540/0010-0";"5300";"4";"2023-12-07T00:00:00";"664";"0";"664";"12";"2023";"0";"";"";"1996327";"";"";"";"2439";"7657757";"https://www.camara.leg.br/cota-parlamentar/nota-fiscal-eletronica?ideDocumentoFiscal=7657757"
"LIDERANÇA DO PT";"";"";"";"2023";"NA";"";"57";"1";"MANUTENÇÃO DE ESCRITÓRIO DE APOIO À ATIVIDADE PARLAMENTAR";"0";"";"Zoom video Comunicatiions Inc";"000.000.000/0001-0";"197275779";"1";"2023-04-11T00:00:00";"87.66";"0";"87.66";"4";"2023";"0";"";"";"1923232";"";"";"";"2439";"7524800";"https://www.camara.leg.br/cota-parlamentar/documentos/publ/2439/2023/7524800.pdf"
"LIDERANÇA DO PT";"";"";"";"2023";"NA";"";"57";"1";"MANUTENÇÃO DE ESCRITÓRIO DE APOIO À ATIVIDADE PARLAMENTAR";"0";"";"Zoom video Comunicatiions Inc";"000.000.000/0001-0";"210109530";"1";"2023-07-11T00:00:00";"122.3";"0";"122.3";"6";"2023";"0";"";"";"1959479";"";"";"";"2439";"7591749";"https://www.camara.leg.br/cota-parlamentar/documentos/publ/2439/2023/7591749.pdf"
"LIDERANÇA DO PT";"";"";"";"2023";"NA";"";"57";"1";"MANUTENÇÃO DE ESCRITÓRIO DE APOIO À ATIVIDADE PARLAMENTAR";"0";"";"Zoom video Comunicatiions Inc";"000.000.000/0001-0";"222746332";"1";"2023-10-11T00:00:00";"454.35";"0";"454.35";"10";"2023";"0";"";"";"1978289";"";"";"";"2439";"7625584";"https://www.camara.leg.br/cota-parlamentar/documentos/publ/2439/2023/7625584.pdf"
"LIDERANÇA DO PT";"";"";"";"2023";"NA";"";"57";"1";"MANUTENÇÃO DE ESCRITÓRIO DE APOIO À ATIVIDADE PARLAMENTAR";"0";"";"Zoom video Comunicatiions Inc";"000.000.000/0001-0";"7001533795";"1";"2023-06-11T00:00:00";"122.24";"0";"122.24";"5";"2023";"0";"";"";"1959480";"";"";"";"2439";"7591741";"https://www.camara.leg.br/cota-parlamentar/documentos/publ/2439/2023/7591741.pdf"
"LIDERANÇA DO PT";"";"";"";"2023";"NA";"";"57";"1";"MANUTENÇÃO DE ESCRITÓRIO DE APOIO À ATIVIDADE PARLAMENTAR";"0";"";"Zoom video Comunicatiions Inc";"000.000.000/0001-0";"7001533795";"1";"2023-09-11T00:00:00";"493.55";"0";"493.55";"9";"2023";"0";"";"";"1967038";"";"";"";"2439";"7605940";"https://www.camara.leg.br/cota-parlamentar/documentos/publ/2439/2023/7605940.pdf"
"LIDERANÇA DO PT";"";"";"";"2023";"NA";"";"57";"1";"MANUTENÇÃO DE ESCRITÓRIO DE APOIO À ATIVIDADE PARLAMENTAR";"0";"";"Zoom video Comunicatiions Inc";"000.000.000/0001-0";"7001533795";"1";"2023-12-11T00:00:00";"74.1";"0";"74.1";"12";"2023";"0";"";"";"1998890";"";"";"";"2439";"7662503";"https://www.camara.leg.br/cota-parlamentar/documentos/publ/2439/2023/7662503.pdf"
"LIDERANÇA DO PT";"";"";"";"2023";"NA";"";"57";"1";"MANUTENÇÃO DE ESCRITÓRIO DE APOIO À ATIVIDADE PARLAMENTAR";"0";"";"Zoom video Comunicatiions Inc";"000.000.000/0001-0";"INV201589174";"1";"2023-05-11T00:00:00";"86.64";"0";"86.64";"5";"2023";"0";"";"";"1932576";"";"";"";"2439";"7541093";"https://www.camara.leg.br/cota-parlamentar/documentos/publ/2439/2023/7541093.pdf"
"LIDERANÇA DO PT";"";"";"";"2023";"NA";"";"57";"1";"MANUTENÇÃO DE ESCRITÓRIO DE APOIO À ATIVIDADE PARLAMENTAR";"0";"";"Zoom video Comunicatiions Inc";"000.000.000/0001-0";"INV214365297";"1";"2023-08-11T00:00:00";"489.07";"0";"489.07";"7";"2023";"0";"";"";"1959489";"";"";"";"2439";"7591732";"https://www.camara.leg.br/cota-parlamentar/documentos/publ/2439/2023/7591732.pdf"
"LIDERANÇA DO PT";"";"";"";"2023";"NA";"";"57";"3";"COMBUSTÍVEIS E LUBRIFICANTES.";"1";"Veículos Automotores";"072 - 403 SUL - CASCOL COMBUSTIVEIS PARA VEICULOS LTDA";"003.065.970/0729-0";"254233";"4";"2023-02-13T00:00:00";"225.1";"0";"225.1";"2";"2023";"0";"";"";"1908443";"";"";"";"2439";"7497411";"https://www.camara.leg.br/cota-parlamentar/nota-fiscal-eletronica?ideDocumentoFiscal=7497411"
"LIDERANÇA DO PT";"";"";"";"2023";"NA";"";"57";"3";"COMBUSTÍVEIS E LUBRIFICANTES.";"1";"Veículos Automotores";"072 - 403 SUL - CASCOL COMBUSTIVEIS PARA VEICULOS LTDA";"003.065.970/0729-0";"278780";"0";"2023-04-17T00:00:00";"229.99";"0";"229.99";"4";"2023";"0";"";"";"1924506";"";"";"";"2439";"7526944";"https://www.camara.leg.br/cota-parlamentar/documentos/publ/2439/2023/7526944.pdf"
"LIDERANÇA DO PT";"";"";"";"2023";"NA";"";"57";"3";"COMBUSTÍVEIS E LUBRIFICANTES.";"1";"Veículos Automotores";"072 - 403 SUL - CASCOL COMBUSTIVEIS PARA VEICULOS LTDA";"003.065.970/0729-0";"284964";"4";"2023-05-04T00:00:00";"210.03";"0";"210.03";"5";"2023";"0";"";"";"1931519";"";"";"";"2439";"7539192";"https://www.camara.leg.br/cota-parlamentar/nota-fiscal-eletronica?ideDocumentoFiscal=7539192"
"LIDERANÇA DO PT";"";"";"";"2023";"NA";"";"57";"3";"COMBUSTÍVEIS E LUBRIFICANTES.";"1";"Veículos Automotores";"076 - MELHOR 10 - CASCOL COMBUSTIVEIS PARA VEICULOS LTDA";"003.065.970/0761-4";"585068";"4";"2023-02-28T00:00:00";"248.28";"0";"248.28";"2";"2023";"0";"";"";"1916612";"";"";"";"2439";"7507504";"https://www.camara.leg.br/cota-parlamentar/nota-fiscal-eletronica?ideDocumentoFiscal=7507504"
"LIDERANÇA DO PT";"";"";"";"2023";"NA";"";"57";"3";"COMBUSTÍVEIS E LUBRIFICANTES.";"1";"Veículos Automotores";"076 - MELHOR 10 - CASCOL COMBUSTIVEIS PARA VEICULOS LTDA";"003.065.970/0761-4";"657274";"4";"2023-06-06T00:00:00";"269.62";"0";"269.62";"6";"2023";"0";"";"";"1940351";"";"";"";"2439";"7555684";"https://www.camara.leg.br/cota-parlamentar/nota-fiscal-eletronica?ideDocumentoFiscal=7555684"
"LIDERANÇA DO PT";"";"";"";"2023";"NA";"";"57";"3";"COMBUSTÍVEIS E LUBRIFICANTES.";"1";"Veículos Automotores";"AUTO POSTO 303 NORTE LTDA";"381.942.120/0012-0";"12488";"4";"2023-03-08T00:00:00";"230.01";"0";"230.01";"3";"2023";"0";"";"";"1916620";"";"";"";"2439";"7507475";"https://www.camara.leg.br/cota-parlamentar/nota-fiscal-eletronica?ideDocumentoFiscal=7507475"
"LIDERANÇA DO PT";"";"";"";"2023";"NA";"";"57";"3";"COMBUSTÍVEIS E LUBRIFICANTES.";"1";"Veículos Automotores";"AUTO POSTO 303 NORTE LTDA";"381.942.120/0012-0";"205779";"4";"2023-02-06T00:00:00";"260.05";"0";"260.05";"2";"2023";"0";"";"";"1908443";"";"";"";"2439";"7494420";"https://www.camara.leg.br/cota-parlamentar/nota-fiscal-eletronica?ideDocumentoFiscal=7494420"
"LIDERANÇA DO PT";"";"";"";"2023";"NA";"";"57";"3";"COMBUSTÍVEIS E LUBRIFICANTES.";"1";"Veículos Automotores";"AUTO POSTO 303 NORTE LTDA";"381.942.120/0012-0";"209341";"4";"2023-02-15T00:00:00";"115.9";"0";"115.9";"2";"2023";"0";"";"";"1916612";"";"";"";"2439";"7507346";"https://www.camara.leg.br/cota-parlamentar/nota-fiscal-eletronica?ideDocumentoFiscal=7507346"
"LIDERANÇA DO PT";"";"";"";"2023";"NA";"";"57";"3";"COMBUSTÍVEIS E LUBRIFICANTES.";"1";"Veículos Automotores";"AUTO POSTO 303 NORTE LTDA";"381.942.120/0012-0";"214591";"4";"2023-03-01T00:00:00";"225.01";"0";"225.01";"3";"2023";"0";"";"";"1916620";"";"";"";"2439";"7507439";"https://www.camara.leg.br/cota-parlamentar/nota-fiscal-eletronica?ideDocumentoFiscal=7507439"
"LIDERANÇA DO PT";"";"";"";"2023";"NA";"";"57";"3";"COMBUSTÍVEIS E LUBRIFICANTES.";"1";"Veículos Automotores";"AUTO POSTO 303 NORTE LTDA";"381.942.120/0012-0";"227195";"4";"2023-04-04T00:00:00";"250";"0";"250";"4";"2023";"0";"";"";"1922067";"";"";"";"2439";"7521781";"https://www.camara.leg.br/cota-parlamentar/nota-fiscal-eletronica?ideDocumentoFiscal=7521781"
"LIDERANÇA DO PT";"";"";"";"2023";"NA";"";"57";"3";"COMBUSTÍVEIS E LUBRIFICANTES.";"1";"Veículos Automotores";"AUTO POSTO 303 NORTE LTDA";"381.942.120/0012-0";"229615";"4";"2023-04-11T00:00:00";"290.02";"0";"290.02";"4";"2023";"0";"";"";"1923258";"";"";"";"2439";"7524836";"https://www.camara.leg.br/cota-parlamentar/nota-fiscal-eletronica?ideDocumentoFiscal=7524836"
"LIDERANÇA DO PT";"";"";"";"2023";"NA";"";"57";"3";"COMBUSTÍVEIS E LUBRIFICANTES.";"1";"Veículos Automotores";"AUTO POSTO 303 NORTE LTDA";"381.942.120/0012-0";"234902";"4";"2023-04-27T00:00:00";"260.16";"0";"260.16";"4";"2023";"0";"";"";"1932537";"";"";"";"2439";"7536168";"https://www.camara.leg.br/cota-parlamentar/nota-fiscal-eletronica?ideDocumentoFiscal=7536168"
"LIDERANÇA DO PT";"";"";"";"2023";"NA";"";"57";"3";"COMBUSTÍVEIS E LUBRIFICANTES.";"1";"Veículos Automotores";"AUTO POSTO 303 NORTE LTDA";"381.942.120/0012-0";"239842";"4";"2023-05-11T00:00:00";"210.02";"0";"210.02";"5";"2023";"0";"";"";"1932535";"";"";"";"2439";"7540967";"https://www.camara.leg.br/cota-parlamentar/nota-fiscal-eletronica?ideDocumentoFiscal=7540967"
"LIDERANÇA DO PT";"";"";"";"2023";"NA";"";"57";"3";"COMBUSTÍVEIS E LUBRIFICANTES.";"1";"Veículos Automotores";"AUTO POSTO 303 NORTE LTDA";"381.942.120/0012-0";"242350";"4";"2023-05-18T00:00:00";"200";"0";"200";"5";"2023";"0";"";"";"1934603";"";"";"";"2439";"7544727";"https://www.camara.leg.br/cota-parlamentar/nota-fiscal-eletronica?ideDocumentoFiscal=7544727"
"LIDERANÇA DO PT";"";"";"";"2023";"NA";"";"57";"3";"COMBUSTÍVEIS E LUBRIFICANTES.";"1";"Veículos Automotores";"AUTO POSTO 303 NORTE LTDA";"381.942.120/0012-0";"244585";"4";"2023-05-25T00:00:00";"150";"0";"150";"5";"2023";"0";"";"";"1936461";"";"";"";"2439";"7548506";"https://www.camara.leg.br/cota-parlamentar/nota-fiscal-eletronica?ideDocumentoFiscal=7548506"
"LIDERANÇA DO PT";"";"";"";"2023";"NA";"";"57";"3";"COMBUSTÍVEIS E LUBRIFICANTES.";"1";"Veículos Automotores";"AUTO POSTO 303 NORTE LTDA";"381.942.120/0012-0";"247072";"4";"2023-06-01T00:00:00";"225.04";"0";"225.04";"6";"2023";"0";"";"";"1939780";"";"";"";"2439";"7554597";"https://www.camara.leg.br/cota-parlamentar/nota-fiscal-eletronica?ideDocumentoFiscal=7554597"
"LIDERANÇA DO PT";"";"";"";"2023";"NA";"";"57";"3";"COMBUSTÍVEIS E LUBRIFICANTES.";"1";"Veículos Automotores";"AUTO POSTO 303 NORTE LTDA";"381.942.120/0012-0";"249960";"4";"2023-06-12T00:00:00";"185.09";"0";"185.09";"6";"2023";"0";"";"";"1940807";"";"";"";"2439";"7556508";"https://www.camara.leg.br/cota-parlamentar/nota-fiscal-eletronica?ideDocumentoFiscal=7556508"
"LIDERANÇA DO PT";"";"";"";"2023";"NA";"";"57";"3";"COMBUSTÍVEIS E LUBRIFICANTES.";"1";"Veículos Automotores";"AUTO POSTO 303 NORTE LTDA";"381.942.120/0012-0";"252345";"4";"2023-06-20T00:00:00";"210.15";"0";"210.15";"6";"2023";"0";"";"";"1943837";"";"";"";"2439";"7562028";"https://www.camara.leg.br/cota-parlamentar/nota-fiscal-eletronica?ideDocumentoFiscal=7562028"
"LIDERANÇA DO PT";"";"";"";"2023";"NA";"";"57";"3";"COMBUSTÍVEIS E LUBRIFICANTES.";"1";"Veículos Automotores";"AUTO POSTO 303 NORTE LTDA";"381.942.120/0012-0";"254617";"4";"2023-06-27T00:00:00";"187.77";"0";"187.77";"6";"2023";"0";"";"";"1947246";"";"";"";"2439";"7568398";"https://www.camara.leg.br/cota-parlamentar/nota-fiscal-eletronica?ideDocumentoFiscal=7568398"
"LIDERANÇA DO PT";"";"";"";"2023";"NA";"";"57";"3";"COMBUSTÍVEIS E LUBRIFICANTES.";"1";"Veículos Automotores";"AUTO POSTO 303 NORTE LTDA";"381.942.120/0012-0";"256406";"4";"2023-07-04T00:00:00";"220.07";"0";"220.07";"7";"2023";"0";"";"";"1948723";"";"";"";"2439";"7570741";"https://www.camara.leg.br/cota-parlamentar/nota-fiscal-eletronica?ideDocumentoFiscal=7570741"
"LIDERANÇA DO PT";"";"";"";"2023";"NA";"";"57";"3";"COMBUSTÍVEIS E LUBRIFICANTES.";"1";"Veículos Automotores";"AUTO POSTO 303 NORTE LTDA";"381.942.120/0012-0";"258059";"4";"2023-07-10T00:00:00";"230.05";"0";"230.05";"7";"2023";"0";"";"";"1951100";"";"";"";"2439";"7575153";"https://www.camara.leg.br/cota-parlamentar/nota-fiscal-eletronica?ideDocumentoFiscal=7575153"
"LIDERANÇA DO PT";"";"";"";"2023";"NA";"";"57";"3";"COMBUSTÍVEIS E LUBRIFICANTES.";"1";"Veículos Automotores";"AUTO POSTO 303 NORTE LTDA";"381.942.120/0012-0";"260124";"4";"2023-07-19T00:00:00";"240";"0";"240";"7";"2023";"0";"";"";"1954179";"";"";"";"2439";"7580987";"https://www.camara.leg.br/cota-parlamentar/nota-fiscal-eletronica?ideDocumentoFiscal=7580987"
"LIDERANÇA DO PT";"";"";"";"2023";"NA";"";"57";"3";"COMBUSTÍVEIS E LUBRIFICANTES.";"1";"Veículos Automotores";"AUTO POSTO 303 NORTE LTDA";"381.942.120/0012-0";"287205";"4";"2023-10-10T00:00:00";"250.01";"0";"250.01";"10";"2023";"0";"";"";"1977158";"";"";"";"2439";"7623722";"https://www.camara.leg.br/cota-parlamentar/nota-fiscal-eletronica?ideDocumentoFiscal=7623722"
"LIDERANÇA DO PT";"";"";"";"2023";"NA";"";"57";"3";"COMBUSTÍVEIS E LUBRIFICANTES.";"1";"Veículos Automotores";"AUTO POSTO 303 NORTE LTDA";"381.942.120/0012-0";"9903";"4";"2023-03-14T00:00:00";"265.02";"0";"265.02";"3";"2023";"0";"";"";"1916620";"";"";"";"2439";"7510817";"https://www.camara.leg.br/cota-parlamentar/nota-fiscal-eletronica?ideDocumentoFiscal=7510817"
"LIDERANÇA DO PT";"";"";"";"2023";"NA";"";"57";"3";"COMBUSTÍVEIS E LUBRIFICANTES.";"1";"Veículos Automotores";"AUTO POSTO 405 NORTE LTDA";"334.310.980/0019-0";"15797";"4";"2023-09-18T00:00:00";"203.78";"0";"203.78";"9";"2023";"0";"";"";"1969705";"";"";"";"2439";"7611049";"https://www.camara.leg.br/cota-parlamentar/nota-fiscal-eletronica?ideDocumentoFiscal=7611049"
"LIDERANÇA DO PT";"";"";"";"2023";"NA";"";"57";"3";"COMBUSTÍVEIS E LUBRIFICANTES.";"1";"Veículos Automotores";"AUTO POSTO SOF NORTE LTDA";"039.516.720/0017-0";"1106297";"4";"2023-05-04T00:00:00";"264.68";"0";"264.68";"5";"2023";"0";"";"";"1932535";"";"";"";"2439";"7540980";"https://www.camara.leg.br/cota-parlamentar/nota-fiscal-eletronica?ideDocumentoFiscal=7540980"
"LIDERANÇA DO PT";"";"";"";"2023";"NA";"";"57";"3";"COMBUSTÍVEIS E LUBRIFICANTES.";"1";"Veículos Automotores";"AUTO SHOPPING DERIVADOS DE PETROLEO LTDA.";"370.633.280/0105-8";"1997002";"4";"2023-08-30T00:00:00";"270.05";"0";"270.05";"8";"2023";"0";"";"";"1967042";"";"";"";"2439";"7605873";"https://www.camara.leg.br/cota-parlamentar/nota-fiscal-eletronica?ideDocumentoFiscal=7605873"
"LIDERANÇA DO PT";"";"";"";"2023";"NA";"";"57";"3";"COMBUSTÍVEIS E LUBRIFICANTES.";"1";"Veículos Automotores";"AUTO SHOPPING DERIVADOS DE PETROLEO LTDA.";"370.633.280/0105-8";"2047525";"4";"2023-09-26T00:00:00";"100";"0";"100";"9";"2023";"0";"";"";"1973994";"";"";"";"2439";"7618272";"https://www.camara.leg.br/cota-parlamentar/nota-fiscal-eletronica?ideDocumentoFiscal=7618272"
"LIDERANÇA DO PT";"";"";"";"2023";"NA";"";"57";"3";"COMBUSTÍVEIS E LUBRIFICANTES.";"1";"Veículos Automotores";"BELIZE COMPANY AUTO POSTO LTDA";"290.328.200/0014-7";"195322";"4";"2023-02-17T00:00:00";"97.68";"0";"97.68";"2";"2023";"0";"";"";"1916612";"";"";"";"2439";"7507349";"https://www.camara.leg.br/cota-parlamentar/nota-fiscal-eletronica?ideDocumentoFiscal=7507349"
"LIDERANÇA DO PT";"";"";"";"2023";"NA";"";"57";"3";"COMBUSTÍVEIS E LUBRIFICANTES.";"1";"Veículos Automotores";"BELIZE COMPANY AUTO POSTO LTDA";"290.328.200/0014-7";"226548";"4";"2023-08-15T00:00:00";"240";"0";"240";"8";"2023";"0";"";"";"1959482";"";"";"";"2439";"7591674";"https://www.camara.leg.br/cota-parlamentar/nota-fiscal-eletronica?ideDocumentoFiscal=7591674"
"LIDERANÇA DO PT";"";"";"";"2023";"NA";"";"57";"3";"COMBUSTÍVEIS E LUBRIFICANTES.";"1";"Veículos Automotores";"BELIZE COMPANY AUTO POSTO LTDA";"290.328.200/0014-7";"228940";"4";"2023-08-28T00:00:00";"200.04";"0";"200.04";"8";"2023";"0";"";"";"1963748";"";"";"";"2439";"7600047";"https://www.camara.leg.br/cota-parlamentar/nota-fiscal-eletronica?ideDocumentoFiscal=7600047"
"LIDERANÇA DO PT";"";"";"";"2023";"NA";"";"57";"3";"COMBUSTÍVEIS E LUBRIFICANTES.";"1";"Veículos Automotores";"BELIZE COMPANY AUTO POSTO LTDA";"290.328.200/0014-7";"232468";"4";"2023-09-14T00:00:00";"220";"0";"220";"9";"2023";"0";"";"";"1969705";"";"";"";"2439";"7611023";"https://www.camara.leg.br/cota-parlamentar/nota-fiscal-eletronica?ideDocumentoFiscal=7611023"
"LIDERANÇA DO PT";"";"";"";"2023";"NA";"";"57";"3";"COMBUSTÍVEIS E LUBRIFICANTES.";"1";"Veículos Automotores";"BELIZE COMPANY AUTO POSTO LTDA";"290.328.200/0014-7";"243518";"4";"2023-11-01T00:00:00";"251.55";"0";"251.55";"11";"2023";"0";"";"";"1983347";"";"";"";"2439";"7635553";"https://www.camara.leg.br/cota-parlamentar/nota-fiscal-eletronica?ideDocumentoFiscal=7635553"
"LIDERANÇA DO PT";"";"";"";"2023";"NA";"";"57";"3";"COMBUSTÍVEIS E LUBRIFICANTES.";"1";"Veículos Automotores";"BELIZE COMPANY AUTO POSTO LTDA";"290.328.200/0014-7";"249696";"4";"2023-12-01T00:00:00";"228.43";"0";"228.43";"12";"2023";"0";"";"";"1994699";"";"";"";"2439";"7652925";"https://www.camara.leg.br/cota-parlamentar/nota-fiscal-eletronica?ideDocumentoFiscal=7652925"
"LIDERANÇA DO PT";"";"";"";"2023";"NA";"";"57";"3";"COMBUSTÍVEIS E LUBRIFICANTES.";"1";"Veículos Automotores";"BELIZE COMPANY AUTO POSTO LTDA";"290.328.200/0014-7";"250340";"4";"2023-12-05T00:00:00";"155.29";"0";"155.29";"12";"2023";"0";"";"";"1994699";"";"";"";"2439";"7655579";"https://www.camara.leg.br/cota-parlamentar/nota-fiscal-eletronica?ideDocumentoFiscal=7655579"
"LIDERANÇA DO PT";"";"";"";"2023";"NA";"";"57";"3";"COMBUSTÍVEIS E LUBRIFICANTES.";"1";"Veículos Automotores";"BELIZE COMPANY AUTO POSTO LTDA";"290.328.200/0014-7";"250857";"4";"2023-12-07T00:00:00";"236.53";"0";"236.53";"12";"2023";"0";"";"";"1996327";"";"";"";"2439";"7657753";"https://www.camara.leg.br/cota-parlamentar/nota-fiscal-eletronica?ideDocumentoFiscal=7657753"
"LIDERANÇA DO PT";"";"";"";"2023";"NA";"";"57";"3";"COMBUSTÍVEIS E LUBRIFICANTES.";"1";"Veículos Automotores";"BELIZE COMPANY AUTO POSTO LTDA";"290.328.200/0014-7";"3187";"4";"2023-11-13T00:00:00";"210.01";"0";"210.01";"11";"2023";"0";"";"";"1988792";"";"";"";"2439";"7644313";"https://www.camara.leg.br/cota-parlamentar/nota-fiscal-eletronica?ideDocumentoFiscal=7644313"
"LIDERANÇA DO PT";"";"";"";"2023";"NA";"";"57";"3";"COMBUSTÍVEIS E LUBRIFICANTES.";"1";"Veículos Automotores";"BELIZE COMPANY AUTO POSTO LTDA";"290.328.200/0014-7";"3211";"4";"2023-12-26T00:00:00";"223.01";"0";"223.01";"12";"2023";"0";"";"";"2002910";"";"";"";"2439";"7669896";"https://www.camara.leg.br/cota-parlamentar/nota-fiscal-eletronica?ideDocumentoFiscal=7669896"
"LIDERANÇA DO PT";"";"";"";"2023";"NA";"";"57";"3";"COMBUSTÍVEIS E LUBRIFICANTES.";"1";"Veículos Automotores";"BELIZE COMPANY AUTO POSTO LTDA";"290.328.200/0014-7";"3212";"4";"2023-12-26T00:00:00";"248.07";"0";"248.07";"12";"2023";"0";"";"";"2002910";"";"";"";"2439";"7669892";"https://www.camara.leg.br/cota-parlamentar/nota-fiscal-eletronica?ideDocumentoFiscal=7669892"
"LIDERANÇA DO PT";"";"";"";"2023";"NA";"";"57";"3";"COMBUSTÍVEIS E LUBRIFICANTES.";"1";"Veículos Automotores";"BELIZE COMPANY AUTO POSTO LTDA";"290.328.200/0014-7";"37485";"4";"2023-09-06T00:00:00";"260.02";"0";"260.02";"9";"2023";"0";"";"";"1967039";"";"";"";"2439";"7605863";"https://www.camara.leg.br/cota-parlamentar/nota-fiscal-eletronica?ideDocumentoFiscal=7605863"
"LIDERANÇA DO PT";"";"";"";"2023";"NA";"";"57";"3";"COMBUSTÍVEIS E LUBRIFICANTES.";"1";"Veículos Automotores";"BELIZE COMPANY AUTO POSTO LTDA";"290.328.200/0014-7";"56984";"4";"2023-08-23T00:00:00";"249.99";"0";"249.99";"8";"2023";"0";"";"";"1961812";"";"";"";"2439";"7596441";"https://www.camara.leg.br/cota-parlamentar/nota-fiscal-eletronica?ideDocumentoFiscal=7596441"
"LIDERANÇA DO PT";"";"";"";"2023";"NA";"";"57";"3";"COMBUSTÍVEIS E LUBRIFICANTES.";"1";"Veículos Automotores";"BELIZE COMPANY AUTO POSTO LTDA";"290.328.200/0014-7";"819";"4";"2023-10-04T00:00:00";"240.01";"0";"240.01";"10";"2023";"0";"";"";"1975597";"";"";"";"2439";"7621043";"https://www.camara.leg.br/cota-parlamentar/nota-fiscal-eletronica?ideDocumentoFiscal=7621043"
"LIDERANÇA DO PT";"";"";"";"2023";"NA";"";"57";"3";"COMBUSTÍVEIS E LUBRIFICANTES.";"1";"Veículos Automotores";"BRASAL COMBUSTIVEIS LTDA";"000.976.260/0040-0";"721815";"4";"2023-04-04T00:00:00";"272.76";"0";"272.76";"4";"2023";"0";"";"";"1922067";"";"";"";"2439";"7521774";"https://www.camara.leg.br/cota-parlamentar/nota-fiscal-eletronica?ideDocumentoFiscal=7521774"
"LIDERANÇA DO PT";"";"";"";"2023";"NA";"";"57";"3";"COMBUSTÍVEIS E LUBRIFICANTES.";"1";"Veículos Automotores";"BRASAL COMBUSTIVEIS LTDA";"000.976.260/0040-0";"744959";"4";"2023-08-28T00:00:00";"291.82";"0";"291.82";"8";"2023";"0";"";"";"1963748";"";"";"";"2439";"7600053";"https://www.camara.leg.br/cota-parlamentar/nota-fiscal-eletronica?ideDocumentoFiscal=7600053"
"LIDERANÇA DO PT";"";"";"";"2023";"NA";"";"57";"3";"COMBUSTÍVEIS E LUBRIFICANTES.";"1";"Veículos Automotores";"G3 Auto Posto Ltda Epp";"084.147.490/0019-7";"101672";"4";"2023-06-23T00:00:00";"186.2";"0";"186.2";"6";"2023";"0";"";"";"1944802";"";"";"";"2439";"7563873";"https://www.camara.leg.br/cota-parlamentar/nota-fiscal-eletronica?ideDocumentoFiscal=7563873"
"LIDERANÇA DO PT";"";"";"";"2023";"NA";"";"57";"3";"COMBUSTÍVEIS E LUBRIFICANTES.";"1";"Veículos Automotores";"G3 Auto Posto Ltda Epp";"084.147.490/0019-7";"102772";"4";"2023-07-03T00:00:00";"195.71";"0";"195.71";"7";"2023";"0";"";"";"1947249";"";"";"";"2439";"7568370";"https://www.camara.leg.br/cota-parlamentar/nota-fiscal-eletronica?ideDocumentoFiscal=7568370"
"LIDERANÇA DO PT";"";"";"";"2023";"NA";"";"57";"3";"COMBUSTÍVEIS E LUBRIFICANTES.";"1";"Veículos Automotores";"G3 Auto Posto Ltda Epp";"084.147.490/0019-7";"496096";"4";"2023-08-04T00:00:00";"200.04";"0";"200.04";"8";"2023";"0";"";"";"1956742";"";"";"";"2439";"7585648";"https://www.camara.leg.br/cota-parlamentar/nota-fiscal-eletronica?ideDocumentoFiscal=7585648"
"LIDERANÇA DO PT";"";"";"";"2023";"NA";"";"57";"3";"COMBUSTÍVEIS E LUBRIFICANTES.";"1";"Veículos Automotores";"MORRO AZUL COMERCIO DE PETROLEO LTDA";"726.204.120/0013-5";"237816";"4";"2023-08-07T00:00:00";"240.05";"0";"240.05";"8";"2023";"0";"";"";"1957523";"";"";"";"2439";"7587256";"https://www.camara.leg.br/cota-parlamentar/nota-fiscal-eletronica?ideDocumentoFiscal=7587256"
"LIDERANÇA DO PT";"";"";"";"2023";"NA";"";"57";"3";"COMBUSTÍVEIS E LUBRIFICANTES.";"1";"Veículos Automotores";"POSTO DE COMBUSTIVEIS 309 SUL LTDA";"322.167.430/0019-0";"213863";"4";"2023-10-18T00:00:00";"212.79";"0";"212.79";"10";"2023";"0";"";"";"1981152";"";"";"";"2439";"7631199";"https://www.camara.leg.br/cota-parlamentar/nota-fiscal-eletronica?ideDocumentoFiscal=7631199"
"LIDERANÇA DO PT";"";"";"";"2023";"NA";"";"57";"3";"COMBUSTÍVEIS E LUBRIFICANTES.";"1";"Veículos Automotores";"POSTO DE COMBUSTIVEIS 309 SUL LTDA";"322.167.430/0019-0";"2519";"4";"2023-10-27T00:00:00";"108.4";"0";"108.4";"10";"2023";"0";"";"";"1983346";"";"";"";"2439";"7635543";"https://www.camara.leg.br/cota-parlamentar/nota-fiscal-eletronica?ideDocumentoFiscal=7635543"
"LIDERANÇA DO PT";"";"";"";"2023";"NA";"";"57";"3";"COMBUSTÍVEIS E LUBRIFICANTES.";"1";"Veículos Automotores";"POSTO DE COMBUSTIVEIS 309 SUL LTDA.";"322.167.430/0019-0";"4485";"4";"2023-11-27T00:00:00";"105.4";"0";"105.4";"11";"2023";"0";"";"";"1993236";"";"";"";"2439";"7652909";"https://www.camara.leg.br/cota-parlamentar/nota-fiscal-eletronica?ideDocumentoFiscal=7652909"
"LIDERANÇA DO PT";"";"";"";"2023";"NA";"";"57";"3";"COMBUSTÍVEIS E LUBRIFICANTES.";"1";"Veículos Automotores";"POSTO DE COMBUSTIVEIS 310 SUL LTDA";"325.902.570/0013-7";"157655";"4";"2023-11-23T00:00:00";"215.29";"0";"215.29";"11";"2023";"0";"";"";"1991802";"";"";"";"2439";"7650405";"https://www.camara.leg.br/cota-parlamentar/nota-fiscal-eletronica?ideDocumentoFiscal=7650405"
"LIDERANÇA DO PT";"";"";"";"2023";"NA";"";"57";"3";"COMBUSTÍVEIS E LUBRIFICANTES.";"1";"Veículos Automotores";"POSTO DE COMBUSTIVEIS 310 SUL LTDA";"325.902.570/0013-7";"53862";"4";"2023-09-27T00:00:00";"139.99";"0";"139.99";"9";"2023";"0";"";"";"1973994";"";"";"";"2439";"7618280";"https://www.camara.leg.br/cota-parlamentar/nota-fiscal-eletronica?ideDocumentoFiscal=7618280"
"LIDERANÇA DO PT";"";"";"";"2023";"NA";"";"57";"3";"COMBUSTÍVEIS E LUBRIFICANTES.";"1";"Veículos Automotores";"POSTO DE COMBUSTIVEIS 310 SUL LTDA";"325.902.570/0013-7";"58110";"4";"2023-10-25T00:00:00";"216.2";"0";"216.2";"10";"2023";"0";"";"";"1981488";"";"";"";"2439";"7631858";"https://www.camara.leg.br/cota-parlamentar/nota-fiscal-eletronica?ideDocumentoFiscal=7631858"
"LIDERANÇA DO PT";"";"";"";"2023";"NA";"";"57";"5";"DIVULGAÇÃO DA ATIVIDADE PARLAMENTAR.";"0";"";"ADOBE SYSTEMS SOFTWARE IRELAND LTDA";"000.000.000/0001-0";"2599017117";"1";"2023-11-08T00:00:00";"124";"0";"124";"11";"2023";"0";"";"";"1988791";"";"";"";"2439";"7644322";"https://www.camara.leg.br/cota-parlamentar/documentos/publ/2439/2023/7644322.pdf"
"LIDERANÇA DO PT";"";"";"";"2023";"NA";"";"57";"5";"DIVULGAÇÃO DA ATIVIDADE PARLAMENTAR.";"0";"";"ADOBE SYSTEMS SOFTWARE IRELAND LTDA";"000.000.000/0001-0";"2599074166";"1";"2023-11-08T00:00:00";"124";"0";"124";"11";"2023";"0";"";"";"1988791";"";"";"";"2439";"7644330";"https://www.camara.leg.br/cota-parlamentar/documentos/publ/2439/2023/7644330.pdf"
"LIDERANÇA DO PT";"";"";"";"2023";"NA";"";"57";"5";"DIVULGAÇÃO DA ATIVIDADE PARLAMENTAR.";"0";"";"ADOBE SYSTEMS SOFTWARE IRELAND LTDA";"000.000.000/0001-0";"2599746039";"1";"2023-11-09T00:00:00";"43";"0";"43";"11";"2023";"0";"";"";"1988791";"";"";"";"2439";"7644332";"https://www.camara.leg.br/cota-parlamentar/documentos/publ/2439/2023/7644332.pdf"
"LIDERANÇA DO PT";"";"";"";"2023";"NA";"";"57";"5";"DIVULGAÇÃO DA ATIVIDADE PARLAMENTAR.";"0";"";"AP SELF MEDIA COMUNICACAO LTDA";"151.469.430/0010-2";"185";"0";"2023-03-06T00:00:00";"1111.56";"0";"1111.56";"2";"2023";"0";"";"";"1916611";"";"";"";"2439";"7507620";"https://www.camara.leg.br/cota-parlamentar/documentos/publ/2439/2023/7507620.pdf"
"LIDERANÇA DO PT";"";"";"";"2023";"NA";"";"57";"5";"DIVULGAÇÃO DA ATIVIDADE PARLAMENTAR.";"0";"";"AP SELF MEDIA COMUNICAÇÃO LTDA EPP";"151.469.430/0010-2";"188";"0";"2023-04-03T00:00:00";"1111.56";"0";"1111.56";"3";"2023";"0";"";"";"1922068";"";"";"";"2439";"7521790";"https://www.camara.leg.br/cota-parlamentar/documentos/publ/2439/2023/7521790.pdf"
"LIDERANÇA DO PT";"";"";"";"2023";"NA";"";"57";"5";"DIVULGAÇÃO DA ATIVIDADE PARLAMENTAR.";"0";"";"AP SELF MEDIA COMUNICAÇÃO LTDA EPP";"151.469.430/0010-2";"192";"0";"2023-05-12T00:00:00";"1111.56";"0";"1111.56";"4";"2023";"0";"";"";"1934547";"";"";"";"2439";"7544680";"https://www.camara.leg.br/cota-parlamentar/documentos/publ/2439/2023/7544680.pdf"
"LIDERANÇA DO PT";"";"";"";"2023";"NA";"";"57";"5";"DIVULGAÇÃO DA ATIVIDADE PARLAMENTAR.";"0";"";"AP SELF MEDIA COMUNICAÇÃO LTDA EPP";"151.469.430/0010-2";"194";"0";"2023-06-05T00:00:00";"1111.56";"0";"1111.56";"5";"2023";"0";"";"";"1939779";"";"";"";"2439";"7554615";"https://www.camara.leg.br/cota-parlamentar/documentos/publ/2439/2023/7554615.pdf"
"LIDERANÇA DO PT";"";"";"";"2023";"NA";"";"57";"5";"DIVULGAÇÃO DA ATIVIDADE PARLAMENTAR.";"0";"";"AP SELF MEDIA COMUNICAÇÃO LTDA EPP";"151.469.430/0010-2";"198";"0";"2023-07-06T00:00:00";"1111.56";"0";"1111.56";"6";"2023";"0";"";"";"1949103";"";"";"";"2439";"7571580";"https://www.camara.leg.br/cota-parlamentar/documentos/publ/2439/2023/7571580.pdf"
"LIDERANÇA DO PT";"";"";"";"2023";"NA";"";"57";"5";"DIVULGAÇÃO DA ATIVIDADE PARLAMENTAR.";"0";"";"AP SELF MEDIA COMUNICAÇÃO LTDA EPP";"151.469.430/0010-2";"200";"0";"2023-08-01T00:00:00";"1111.56";"0";"1111.56";"7";"2023";"0";"";"";"1954178";"";"";"";"2439";"7581004";"https://www.camara.leg.br/cota-parlamentar/documentos/publ/2439/2023/7581004.pdf"
"LIDERANÇA DO PT";"";"";"";"2023";"NA";"";"57";"5";"DIVULGAÇÃO DA ATIVIDADE PARLAMENTAR.";"0";"";"AP SELF MEDIA COMUNICAÇÃO LTDA EPP";"151.469.430/0010-2";"204";"0";"2023-09-05T00:00:00";"1111.56";"0";"1111.56";"8";"2023";"0";"";"";"1967041";"";"";"";"2439";"7605897";"https://www.camara.leg.br/cota-parlamentar/documentos/publ/2439/2023/7605897.pdf"
"LIDERANÇA DO PT";"";"";"";"2023";"NA";"";"57";"5";"DIVULGAÇÃO DA ATIVIDADE PARLAMENTAR.";"0";"";"AP SELF MEDIA COMUNICAÇÃO LTDA EPP";"151.469.430/0010-2";"207";"0";"2023-10-02T00:00:00";"1111.56";"0";"1111.56";"9";"2023";"0";"";"";"1975840";"";"";"";"2439";"7621423";"https://www.camara.leg.br/cota-parlamentar/documentos/publ/2439/2023/7621423.pdf"
"LIDERANÇA DO PT";"";"";"";"2023";"NA";"";"57";"5";"DIVULGAÇÃO DA ATIVIDADE PARLAMENTAR.";"0";"";"AP SELF MEDIA COMUNICAÇÃO LTDA EPP";"151.469.430/0010-2";"209";"0";"2023-11-08T00:00:00";"1111.56";"0";"1111.56";"10";"2023";"0";"";"";"1985832";"";"";"";"2439";"7639887";"https://www.camara.leg.br/cota-parlamentar/documentos/publ/2439/2023/7639887.pdf"
"LIDERANÇA DO PT";"";"";"";"2023";"NA";"";"57";"5";"DIVULGAÇÃO DA ATIVIDADE PARLAMENTAR.";"0";"";"AP SELF MEDIA COMUNICAÇÃO LTDA EPP";"151.469.430/0010-2";"213";"0";"2023-12-06T00:00:00";"1111.56";"0";"1111.56";"11";"2023";"0";"";"";"1994697";"";"";"";"2439";"7655587";"https://www.camara.leg.br/cota-parlamentar/documentos/publ/2439/2023/7655587.pdf"
"LIDERANÇA DO PT";"";"";"";"2023";"NA";"";"57";"5";"DIVULGAÇÃO DA ATIVIDADE PARLAMENTAR.";"0";"";"AP SELF MEDIA COMUNICAÇÃO LTDA EPP";"151.469.430/0010-2";"216";"0";"2024-01-07T00:00:00";"1111.56";"0";"1111.56";"12";"2023";"0";"";"";"2003698";"";"";"";"2439";"7671280";"https://www.camara.leg.br/cota-parlamentar/documentos/publ/2439/2024/7671280.pdf"
"LIDERANÇA DO PT";"";"";"";"2023";"NA";"";"57";"5";"DIVULGAÇÃO DA ATIVIDADE PARLAMENTAR.";"0";"";"OSIRES PATRICK PARAENSE CORREA EIRELI";"227.842.320/0011-0";"00000151";"0";"2024-02-19T00:00:00";"3980";"0";"3980";"12";"2023";"0";"";"";"2007815";"";"";"";"2439";"7678045";"https://www.camara.leg.br/cota-parlamentar/documentos/publ/2439/2024/7678045.pdf"
"LIDERANÇA DO PT";"";"";"";"2023";"NA";"";"57";"5";"DIVULGAÇÃO DA ATIVIDADE PARLAMENTAR.";"0";"";"Zoom video Comunicatiions Inc";"000.000.000/0001-0";"INV226900083";"1";"2023-11-11T00:00:00";"73.77";"0";"73.77";"11";"2023";"0";"";"";"1988791";"";"";"";"2439";"7644338";"https://www.camara.leg.br/cota-parlamentar/documentos/publ/2439/2023/7644338.pdf"
"LIDERANÇA DO PT";"";"";"";"2023";"NA";"";"57";"13";"FORNECIMENTO DE ALIMENTAÇÃO DO PARLAMENTAR";"0";"";"AGNALDO PIONORIO FREIRE";"206.115.370/0010-3";"9";"0";"2023-03-02T00:00:00";"1720";"0";"1720";"2";"2023";"0";"";"";"1916611";"";"";"";"2439";"7507633";"https://www.camara.leg.br/cota-parlamentar/documentos/publ/2439/2023/7507633.pdf"
"LIDERANÇA DO PT";"";"";"";"2023";"NA";"";"57";"13";"FORNECIMENTO DE ALIMENTAÇÃO DO PARLAMENTAR";"0";"";"AGNALDO PIONORIO FREIRE ME";"206.115.370/0010-3";"06";"0";"2023-02-09T00:00:00";"1900";"0";"1900";"2";"2023";"0";"";"";"1908442";"";"";"";"2439";"7496625";"https://www.camara.leg.br/cota-parlamentar/documentos/publ/2439/2023/7496625.pdf"
"LIDERANÇA DO PT";"";"";"";"2023";"NA";"";"57";"13";"FORNECIMENTO DE ALIMENTAÇÃO DO PARLAMENTAR";"0";"";"AGNALDO PIONORIO FREIRE ME";"206.115.370/0010-3";"10";"0";"2023-03-02T00:00:00";"1720";"0";"1720";"3";"2023";"0";"";"";"1916619";"";"";"";"2439";"7507646";"https://www.camara.leg.br/cota-parlamentar/documentos/publ/2439/2023/7507646.pdf"
"LIDERANÇA DO PT";"";"";"";"2023";"NA";"";"57";"13";"FORNECIMENTO DE ALIMENTAÇÃO DO PARLAMENTAR";"0";"";"AGNALDO PIONORIO FREIRE ME";"206.115.370/0010-3";"12";"0";"2023-03-20T00:00:00";"1800";"0";"1800";"3";"2023";"0";"";"";"1916619";"";"";"";"2439";"7512265";"https://www.camara.leg.br/cota-parlamentar/documentos/publ/2439/2023/7512265.pdf"
"LIDERANÇA DO PT";"";"";"";"2023";"NA";"";"57";"13";"FORNECIMENTO DE ALIMENTAÇÃO DO PARLAMENTAR";"0";"";"AGNALDO PIONORIO FREIRE ME";"206.115.370/0010-3";"13";"0";"2023-03-20T00:00:00";"1840";"0";"1840";"3";"2023";"0";"";"";"1916619";"";"";"";"2439";"7512261";"https://www.camara.leg.br/cota-parlamentar/documentos/publ/2439/2023/7512261.pdf"
"LIDERANÇA DO PT";"";"";"";"2023";"NA";"";"57";"13";"FORNECIMENTO DE ALIMENTAÇÃO DO PARLAMENTAR";"0";"";"AGNALDO PIONORIO FREIRE ME";"206.115.370/0010-3";"7";"0";"2023-02-09T00:00:00";"1200";"0";"1200";"2";"2023";"0";"";"";"1908442";"";"";"";"2439";"7496627";"https://www.camara.leg.br/cota-parlamentar/documentos/publ/2439/2023/7496627.pdf"
"LIDERANÇA DO PT";"";"";"";"2023";"NA";"";"57";"13";"FORNECIMENTO DE ALIMENTAÇÃO DO PARLAMENTAR";"0";"";"AGNALDO PIONORIO FREIRE ME";"206.115.370/0010-3";"8";"0";"2023-02-14T00:00:00";"630";"0";"630";"2";"2023";"0";"";"";"1908442";"";"";"";"2439";"7494403";"https://www.camara.leg.br/cota-parlamentar/documentos/publ/2439/2023/7494403.pdf"
"LIDERANÇA DO PT";"";"";"";"2023";"NA";"";"57";"13";"FORNECIMENTO DE ALIMENTAÇÃO DO PARLAMENTAR";"0";"";"SANTO BUFFET SERVICOS DE ALIMENTACAO LTDA";"453.508.390/0019-8";"102";"0";"2023-04-19T00:00:00";"972";"0";"972";"4";"2023";"0";"";"";"1925424";"";"";"";"2439";"7528822";"https://www.camara.leg.br/cota-parlamentar/documentos/publ/2439/2023/7528822.pdf"
"LIDERANÇA DO PT";"";"";"";"2023";"NA";"";"57";"13";"FORNECIMENTO DE ALIMENTAÇÃO DO PARLAMENTAR";"0";"";"SANTO BUFFET SERVICOS DE ALIMENTACAO LTDA";"453.508.390/0019-8";"103";"0";"2023-04-19T00:00:00";"588";"0";"588";"4";"2023";"0";"";"";"1925424";"";"";"";"2439";"7528824";"https://www.camara.leg.br/cota-parlamentar/documentos/publ/2439/2023/7528824.pdf"
"LIDERANÇA DO PT";"";"";"";"2023";"NA";"";"57";"13";"FORNECIMENTO DE ALIMENTAÇÃO DO PARLAMENTAR";"0";"";"SANTO BUFFET SERVICOS DE ALIMENTACAO LTDA";"453.508.390/0019-8";"107";"0";"2023-04-19T00:00:00";"1680";"0";"1680";"4";"2023";"0";"";"";"1925424";"";"";"";"2439";"7528826";"https://www.camara.leg.br/cota-parlamentar/documentos/publ/2439/2023/7528826.pdf"
"LIDERANÇA DO PT";"";"";"";"2023";"NA";"";"57";"13";"FORNECIMENTO DE ALIMENTAÇÃO DO PARLAMENTAR";"0";"";"SANTO BUFFET SERVICOS DE ALIMENTACAO LTDA";"453.508.390/0019-8";"109";"0";"2023-04-19T00:00:00";"2080";"0";"2080";"4";"2023";"0";"";"";"1925424";"";"";"";"2439";"7528828";"https://www.camara.leg.br/cota-parlamentar/documentos/publ/2439/2023/7528828.pdf"
"LIDERANÇA DO PT";"";"";"";"2023";"NA";"";"57";"13";"FORNECIMENTO DE ALIMENTAÇÃO DO PARLAMENTAR";"0";"";"SANTO BUFFET SERVICOS DE ALIMENTACAO LTDA";"453.508.390/0019-8";"112";"0";"2023-04-19T00:00:00";"1280";"0";"1280";"4";"2023";"0";"";"";"1925424";"";"";"";"2439";"7528845";"https://www.camara.leg.br/cota-parlamentar/documentos/publ/2439/2023/7528845.pdf"
"LIDERANÇA DO PT";"";"";"";"2023";"NA";"";"57";"13";"FORNECIMENTO DE ALIMENTAÇÃO DO PARLAMENTAR";"0";"";"SANTO BUFFET SERVICOS DE ALIMENTACAO LTDA";"453.508.390/0019-8";"114";"0";"2023-04-26T00:00:00";"833";"0";"833";"4";"2023";"0";"";"";"1927195";"";"";"";"2439";"7532234";"https://www.camara.leg.br/cota-parlamentar/documentos/publ/2439/2023/7532234.pdf"
"LIDERANÇA DO PT";"";"";"";"2023";"NA";"";"57";"13";"FORNECIMENTO DE ALIMENTAÇÃO DO PARLAMENTAR";"0";"";"SANTO BUFFET SERVICOS DE ALIMENTACAO LTDA";"453.508.390/0019-8";"118";"0";"2023-04-26T00:00:00";"2100";"0";"2100";"4";"2023";"0";"";"";"1927195";"";"";"";"2439";"7532236";"https://www.camara.leg.br/cota-parlamentar/documentos/publ/2439/2023/7532236.pdf"
"LIDERANÇA DO PT";"";"";"";"2023";"NA";"";"57";"13";"FORNECIMENTO DE ALIMENTAÇÃO DO PARLAMENTAR";"0";"";"SANTO BUFFET SERVICOS DE ALIMENTACAO LTDA";"453.508.390/0019-8";"123";"0";"2023-04-26T00:00:00";"1680";"0";"1680";"4";"2023";"0";"";"";"1927195";"";"";"";"2439";"7532240";"https://www.camara.leg.br/cota-parlamentar/documentos/publ/2439/2023/7532240.pdf"
"LIDERANÇA DO PT";"";"";"";"2023";"NA";"";"57";"13";"FORNECIMENTO DE ALIMENTAÇÃO DO PARLAMENTAR";"0";"";"SANTO BUFFET SERVICOS DE ALIMENTACAO LTDA";"453.508.390/0019-8";"124";"0";"2023-05-06T00:00:00";"1080";"0";"1080";"5";"2023";"0";"";"";"1932534";"";"";"";"2439";"7541007";"https://www.camara.leg.br/cota-parlamentar/documentos/publ/2439/2023/7541007.pdf"
"LIDERANÇA DO PT";"";"";"";"2023";"NA";"";"57";"13";"FORNECIMENTO DE ALIMENTAÇÃO DO PARLAMENTAR";"0";"";"SANTO BUFFET SERVICOS DE ALIMENTACAO LTDA";"453.508.390/0019-8";"128";"0";"2023-05-06T00:00:00";"1680";"0";"1680";"5";"2023";"0";"";"";"1932534";"";"";"";"2439";"7541017";"https://www.camara.leg.br/cota-parlamentar/documentos/publ/2439/2023/7541017.pdf"
"LIDERANÇA DO PT";"";"";"";"2023";"NA";"";"57";"13";"FORNECIMENTO DE ALIMENTAÇÃO DO PARLAMENTAR";"0";"";"SANTO BUFFET SERVICOS DE ALIMENTACAO LTDA";"453.508.390/0019-8";"131";"0";"2023-05-06T00:00:00";"1680";"0";"1680";"5";"2023";"0";"";"";"1932534";"";"";"";"2439";"7541020";"https://www.camara.leg.br/cota-parlamentar/documentos/publ/2439/2023/7541020.pdf"
"LIDERANÇA DO PT";"";"";"";"2023";"NA";"";"57";"13";"FORNECIMENTO DE ALIMENTAÇÃO DO PARLAMENTAR";"0";"";"SANTO BUFFET SERVICOS DE ALIMENTACAO LTDA";"453.508.390/0019-8";"138";"0";"2023-05-10T00:00:00";"1680";"0";"1680";"5";"2023";"0";"";"";"1932534";"";"";"";"2439";"7541029";"https://www.camara.leg.br/cota-parlamentar/documentos/publ/2439/2023/7541029.pdf"
"LIDERANÇA DO PT";"";"";"";"2023";"NA";"";"57";"13";"FORNECIMENTO DE ALIMENTAÇÃO DO PARLAMENTAR";"0";"";"SANTO BUFFET SERVICOS DE ALIMENTACAO LTDA";"453.508.390/0019-8";"141";"0";"2023-05-10T00:00:00";"1680";"0";"1680";"5";"2023";"0";"";"";"1932534";"";"";"";"2439";"7541032";"https://www.camara.leg.br/cota-parlamentar/documentos/publ/2439/2023/7541032.pdf"
"LIDERANÇA DO PT";"";"";"";"2023";"NA";"";"57";"13";"FORNECIMENTO DE ALIMENTAÇÃO DO PARLAMENTAR";"0";"";"SANTO BUFFET SERVICOS DE ALIMENTACAO LTDA";"453.508.390/0019-8";"148";"0";"2023-05-18T00:00:00";"1680";"0";"1680";"5";"2023";"0";"";"";"1934858";"";"";"";"2439";"7545258";"https://www.camara.leg.br/cota-parlamentar/documentos/publ/2439/2023/7545258.pdf"
"LIDERANÇA DO PT";"";"";"";"2023";"NA";"";"57";"13";"FORNECIMENTO DE ALIMENTAÇÃO DO PARLAMENTAR";"0";"";"SANTO BUFFET SERVICOS DE ALIMENTACAO LTDA";"453.508.390/0019-8";"150";"0";"2023-05-18T00:00:00";"1750";"0";"1750";"5";"2023";"0";"";"";"1934858";"";"";"";"2439";"7545254";"https://www.camara.leg.br/cota-parlamentar/documentos/publ/2439/2023/7545254.pdf"
"LIDERANÇA DO PT";"";"";"";"2023";"NA";"";"57";"13";"FORNECIMENTO DE ALIMENTAÇÃO DO PARLAMENTAR";"0";"";"SANTO BUFFET SERVICOS DE ALIMENTACAO LTDA";"453.508.390/0019-8";"153";"0";"2023-05-18T00:00:00";"1680";"0";"1680";"5";"2023";"0";"";"";"1934858";"";"";"";"2439";"7545252";"https://www.camara.leg.br/cota-parlamentar/documentos/publ/2439/2023/7545252.pdf"
"LIDERANÇA DO PT";"";"";"";"2023";"NA";"";"57";"13";"FORNECIMENTO DE ALIMENTAÇÃO DO PARLAMENTAR";"0";"";"SANTO BUFFET SERVICOS DE ALIMENTACAO LTDA";"453.508.390/0019-8";"160";"0";"2023-05-24T00:00:00";"1680";"0";"1680";"5";"2023";"0";"";"";"1936452";"";"";"";"2439";"7548483";"https://www.camara.leg.br/cota-parlamentar/documentos/publ/2439/2023/7548483.pdf"
"LIDERANÇA DO PT";"";"";"";"2023";"NA";"";"57";"13";"FORNECIMENTO DE ALIMENTAÇÃO DO PARLAMENTAR";"0";"";"SANTO BUFFET SERVICOS DE ALIMENTACAO LTDA";"453.508.390/0019-8";"164";"0";"2023-05-24T00:00:00";"1680";"0";"1680";"5";"2023";"0";"";"";"1936452";"";"";"";"2439";"7548486";"https://www.camara.leg.br/cota-parlamentar/documentos/publ/2439/2023/7548486.pdf"
"LIDERANÇA DO PT";"";"";"";"2023";"NA";"";"57";"13";"FORNECIMENTO DE ALIMENTAÇÃO DO PARLAMENTAR";"0";"";"SANTO BUFFET SERVICOS DE ALIMENTACAO LTDA";"453.508.390/0019-8";"165";"0";"2023-05-24T00:00:00";"500";"0";"500";"5";"2023";"0";"";"";"1936452";"";"";"";"2439";"7548484";"https://www.camara.leg.br/cota-parlamentar/documentos/publ/2439/2023/7548484.pdf"
"LIDERANÇA DO PT";"";"";"";"2023";"NA";"";"57";"13";"FORNECIMENTO DE ALIMENTAÇÃO DO PARLAMENTAR";"0";"";"SANTO BUFFET SERVICOS DE ALIMENTACAO LTDA";"453.508.390/0019-8";"169";"0";"2023-05-31T00:00:00";"1680";"0";"1680";"5";"2023";"0";"";"";"1938452";"";"";"";"2439";"7552328";"https://www.camara.leg.br/cota-parlamentar/documentos/publ/2439/2023/7552328.pdf"
"LIDERANÇA DO PT";"";"";"";"2023";"NA";"";"57";"13";"FORNECIMENTO DE ALIMENTAÇÃO DO PARLAMENTAR";"0";"";"SANTO BUFFET SERVICOS DE ALIMENTACAO LTDA";"453.508.390/0019-8";"172";"0";"2023-05-31T00:00:00";"1760";"0";"1760";"5";"2023";"0";"";"";"1938452";"";"";"";"2439";"7552326";"https://www.camara.leg.br/cota-parlamentar/documentos/publ/2439/2023/7552326.pdf"
"LIDERANÇA DO PT";"";"";"";"2023";"NA";"";"57";"13";"FORNECIMENTO DE ALIMENTAÇÃO DO PARLAMENTAR";"0";"";"SANTO BUFFET SERVICOS DE ALIMENTACAO LTDA";"453.508.390/0019-8";"173";"0";"2023-05-31T00:00:00";"2160";"0";"2160";"5";"2023";"0";"";"";"1938452";"";"";"";"2439";"7552322";"https://www.camara.leg.br/cota-parlamentar/documentos/publ/2439/2023/7552322.pdf"
"LIDERANÇA DO PT";"";"";"";"2023";"NA";"";"57";"13";"FORNECIMENTO DE ALIMENTAÇÃO DO PARLAMENTAR";"0";"";"SANTO BUFFET SERVICOS DE ALIMENTACAO LTDA";"453.508.390/0019-8";"182";"0";"2023-06-14T00:00:00";"1760";"0";"1760";"6";"2023";"0";"";"";"1942831";"";"";"";"2439";"7560208";"https://www.camara.leg.br/cota-parlamentar/documentos/publ/2439/2023/7560208.pdf"
"LIDERANÇA DO PT";"";"";"";"2023";"NA";"";"57";"13";"FORNECIMENTO DE ALIMENTAÇÃO DO PARLAMENTAR";"0";"";"SANTO BUFFET SERVICOS DE ALIMENTACAO LTDA";"453.508.390/0019-8";"183";"0";"2023-06-14T00:00:00";"2040";"0";"2040";"6";"2023";"0";"";"";"1942831";"";"";"";"2439";"7560210";"https://www.camara.leg.br/cota-parlamentar/documentos/publ/2439/2023/7560210.pdf"
"LIDERANÇA DO PT";"";"";"";"2023";"NA";"";"57";"13";"FORNECIMENTO DE ALIMENTAÇÃO DO PARLAMENTAR";"0";"";"SANTO BUFFET SERVICOS DE ALIMENTACAO LTDA";"453.508.390/0019-8";"186";"0";"2023-06-14T00:00:00";"1760";"0";"1760";"6";"2023";"0";"";"";"1942831";"";"";"";"2439";"7560214";"https://www.camara.leg.br/cota-parlamentar/documentos/publ/2439/2023/7560214.pdf"
"LIDERANÇA DO PT";"";"";"";"2023";"NA";"";"57";"13";"FORNECIMENTO DE ALIMENTAÇÃO DO PARLAMENTAR";"0";"";"SANTO BUFFET SERVICOS DE ALIMENTACAO LTDA";"453.508.390/0019-8";"193";"0";"2023-06-22T00:00:00";"1800";"0";"1800";"6";"2023";"0";"";"";"1944801";"";"";"";"2439";"7563889";"https://www.camara.leg.br/cota-parlamentar/documentos/publ/2439/2023/7563889.pdf"
"LIDERANÇA DO PT";"";"";"";"2023";"NA";"";"57";"13";"FORNECIMENTO DE ALIMENTAÇÃO DO PARLAMENTAR";"0";"";"SANTO BUFFET SERVICOS DE ALIMENTACAO LTDA";"453.508.390/0019-8";"202";"0";"2023-07-06T00:00:00";"1760";"0";"1760";"7";"2023";"0";"";"";"1949102";"";"";"";"2439";"7571600";"https://www.camara.leg.br/cota-parlamentar/documentos/publ/2439/2023/7571600.pdf"
"LIDERANÇA DO PT";"";"";"";"2023";"NA";"";"57";"13";"FORNECIMENTO DE ALIMENTAÇÃO DO PARLAMENTAR";"0";"";"SANTO BUFFET SERVICOS DE ALIMENTACAO LTDA";"453.508.390/0019-8";"205";"0";"2023-07-06T00:00:00";"1760";"0";"1760";"7";"2023";"0";"";"";"1949102";"";"";"";"2439";"7571585";"https://www.camara.leg.br/cota-parlamentar/documentos/publ/2439/2023/7571585.pdf"
"LIDERANÇA DO PT";"";"";"";"2023";"NA";"";"57";"13";"FORNECIMENTO DE ALIMENTAÇÃO DO PARLAMENTAR";"0";"";"SANTO BUFFET SERVICOS DE ALIMENTACAO LTDA";"453.508.390/0019-8";"207";"0";"2023-07-06T00:00:00";"1250";"0";"1250";"7";"2023";"0";"";"";"1949102";"";"";"";"2439";"7571601";"https://www.camara.leg.br/cota-parlamentar/documentos/publ/2439/2023/7571601.pdf"
"LIDERANÇA DO PT";"";"";"";"2023";"NA";"";"57";"13";"FORNECIMENTO DE ALIMENTAÇÃO DO PARLAMENTAR";"0";"";"SANTO BUFFET SERVICOS DE ALIMENTACAO LTDA";"453.508.390/0019-8";"210";"0";"2023-07-06T00:00:00";"1760";"0";"1760";"7";"2023";"0";"";"";"1949102";"";"";"";"2439";"7571589";"https://www.camara.leg.br/cota-parlamentar/documentos/publ/2439/2023/7571589.pdf"
"LIDERANÇA DO PT";"";"";"";"2023";"NA";"";"57";"13";"FORNECIMENTO DE ALIMENTAÇÃO DO PARLAMENTAR";"0";"";"SANTO BUFFET SERVICOS DE ALIMENTACAO LTDA";"453.508.390/0019-8";"213";"0";"2023-07-06T00:00:00";"1760";"0";"1760";"7";"2023";"0";"";"";"1949102";"";"";"";"2439";"7571617";"https://www.camara.leg.br/cota-parlamentar/documentos/publ/2439/2023/7571617.pdf"
"LIDERANÇA DO PT";"";"";"";"2023";"NA";"";"57";"13";"FORNECIMENTO DE ALIMENTAÇÃO DO PARLAMENTAR";"0";"";"SANTO BUFFET SERVICOS DE ALIMENTACAO LTDA";"453.508.390/0019-8";"217";"0";"2023-07-07T00:00:00";"1760";"0";"1760";"7";"2023";"0";"";"";"1951099";"";"";"";"2439";"7575165";"https://www.camara.leg.br/cota-parlamentar/documentos/publ/2439/2023/7575165.pdf"
"LIDERANÇA DO PT";"";"";"";"2023";"NA";"";"57";"13";"FORNECIMENTO DE ALIMENTAÇÃO DO PARLAMENTAR";"0";"";"SANTO BUFFET SERVICOS DE ALIMENTACAO LTDA";"453.508.390/0019-8";"220";"0";"2023-07-31T00:00:00";"2250";"0";"2250";"7";"2023";"0";"";"";"1954178";"";"";"";"2439";"7581020";"https://www.camara.leg.br/cota-parlamentar/documentos/publ/2439/2023/7581020.pdf"
"LIDERANÇA DO PT";"";"";"";"2023";"NA";"";"57";"13";"FORNECIMENTO DE ALIMENTAÇÃO DO PARLAMENTAR";"0";"";"SANTO BUFFET SERVICOS DE ALIMENTACAO LTDA";"453.508.390/0019-8";"221";"0";"2023-07-31T00:00:00";"2250";"0";"2250";"7";"2023";"0";"";"";"1954178";"";"";"";"2439";"7581008";"https://www.camara.leg.br/cota-parlamentar/documentos/publ/2439/2023/7581008.pdf"
"LIDERANÇA DO PT";"";"";"";"2023";"NA";"";"57";"13";"FORNECIMENTO DE ALIMENTAÇÃO DO PARLAMENTAR";"0";"";"SANTO BUFFET SERVICOS DE ALIMENTACAO LTDA";"453.508.390/0019-8";"222";"0";"2023-07-31T00:00:00";"3100";"0";"3100";"7";"2023";"0";"";"";"1954178";"";"";"";"2439";"7581005";"https://www.camara.leg.br/cota-parlamentar/documentos/publ/2439/2023/7581005.pdf"
"LIDERANÇA DO PT";"";"";"";"2023";"NA";"";"57";"13";"FORNECIMENTO DE ALIMENTAÇÃO DO PARLAMENTAR";"0";"";"SANTO BUFFET SERVICOS DE ALIMENTACAO LTDA";"453.508.390/0019-8";"228";"0";"2023-08-03T00:00:00";"2400";"0";"2400";"8";"2023";"0";"";"";"1955910";"";"";"";"2439";"7584168";"https://www.camara.leg.br/cota-parlamentar/documentos/publ/2439/2023/7584168.pdf"
"LIDERANÇA DO PT";"";"";"";"2023";"NA";"";"57";"13";"FORNECIMENTO DE ALIMENTAÇÃO DO PARLAMENTAR";"0";"";"SANTO BUFFET SERVICOS DE ALIMENTACAO LTDA";"453.508.390/0019-8";"231";"0";"2023-08-03T00:00:00";"2000";"0";"2000";"8";"2023";"0";"";"";"1955910";"";"";"";"2439";"7584166";"https://www.camara.leg.br/cota-parlamentar/documentos/publ/2439/2023/7584166.pdf"
"LIDERANÇA DO PT";"";"";"";"2023";"NA";"";"57";"13";"FORNECIMENTO DE ALIMENTAÇÃO DO PARLAMENTAR";"0";"";"SANTO BUFFET SERVICOS DE ALIMENTACAO LTDA";"453.508.390/0019-8";"242";"0";"2023-08-09T00:00:00";"2160";"0";"2160";"8";"2023";"0";"";"";"1957849";"";"";"";"2439";"7587727";"https://www.camara.leg.br/cota-parlamentar/documentos/publ/2439/2023/7587727.pdf"
"LIDERANÇA DO PT";"";"";"";"2023";"NA";"";"57";"13";"FORNECIMENTO DE ALIMENTAÇÃO DO PARLAMENTAR";"0";"";"SANTO BUFFET SERVICOS DE ALIMENTACAO LTDA";"453.508.390/0019-8";"243";"0";"2023-08-09T00:00:00";"2160";"0";"2160";"8";"2023";"0";"";"";"1957849";"";"";"";"2439";"7587729";"https://www.camara.leg.br/cota-parlamentar/documentos/publ/2439/2023/7587729.pdf"
"LIDERANÇA DO PT";"";"";"";"2023";"NA";"";"57";"13";"FORNECIMENTO DE ALIMENTAÇÃO DO PARLAMENTAR";"0";"";"SANTO BUFFET SERVICOS DE ALIMENTACAO LTDA";"453.508.390/0019-8";"250";"0";"2023-08-16T00:00:00";"1920";"0";"1920";"8";"2023";"0";"";"";"1959871";"";"";"";"2439";"7592558";"https://www.camara.leg.br/cota-parlamentar/documentos/publ/2439/2023/7592558.pdf"
"LIDERANÇA DO PT";"";"";"";"2023";"NA";"";"57";"13";"FORNECIMENTO DE ALIMENTAÇÃO DO PARLAMENTAR";"0";"";"SANTO BUFFET SERVICOS DE ALIMENTACAO LTDA";"453.508.390/0019-8";"253";"0";"2023-08-16T00:00:00";"1920";"0";"1920";"8";"2023";"0";"";"";"1959871";"";"";"";"2439";"7592563";"https://www.camara.leg.br/cota-parlamentar/documentos/publ/2439/2023/7592563.pdf"
"LIDERANÇA DO PT";"";"";"";"2023";"NA";"";"57";"13";"FORNECIMENTO DE ALIMENTAÇÃO DO PARLAMENTAR";"0";"";"SANTO BUFFET SERVICOS DE ALIMENTACAO LTDA";"453.508.390/0019-8";"255";"0";"2023-08-16T00:00:00";"2500";"0";"2500";"8";"2023";"0";"";"";"1959871";"";"";"";"2439";"7592564";"https://www.camara.leg.br/cota-parlamentar/documentos/publ/2439/2023/7592564.pdf"
"LIDERANÇA DO PT";"";"";"";"2023";"NA";"";"57";"13";"FORNECIMENTO DE ALIMENTAÇÃO DO PARLAMENTAR";"0";"";"SANTO BUFFET SERVICOS DE ALIMENTACAO LTDA";"453.508.390/0019-8";"261";"0";"2023-08-23T00:00:00";"2240";"0";"2240";"8";"2023";"0";"";"";"1961811";"";"";"";"2439";"7596454";"https://www.camara.leg.br/cota-parlamentar/documentos/publ/2439/2023/7596454.pdf"
"LIDERANÇA DO PT";"";"";"";"2023";"NA";"";"57";"13";"FORNECIMENTO DE ALIMENTAÇÃO DO PARLAMENTAR";"0";"";"SANTO BUFFET SERVICOS DE ALIMENTACAO LTDA";"453.508.390/0019-8";"266";"0";"2023-08-23T00:00:00";"2240";"0";"2240";"8";"2023";"0";"";"";"1961811";"";"";"";"2439";"7596451";"https://www.camara.leg.br/cota-parlamentar/documentos/publ/2439/2023/7596451.pdf"
"LIDERANÇA DO PT";"";"";"";"2023";"NA";"";"57";"13";"FORNECIMENTO DE ALIMENTAÇÃO DO PARLAMENTAR";"0";"";"SANTO BUFFET SERVICOS DE ALIMENTACAO LTDA";"453.508.390/0019-8";"271";"0";"2023-08-30T00:00:00";"1760";"0";"1760";"8";"2023";"0";"";"";"1963747";"";"";"";"2439";"7600058";"https://www.camara.leg.br/cota-parlamentar/documentos/publ/2439/2023/7600058.pdf"
"LIDERANÇA DO PT";"";"";"";"2023";"NA";"";"57";"13";"FORNECIMENTO DE ALIMENTAÇÃO DO PARLAMENTAR";"0";"";"SANTO BUFFET SERVICOS DE ALIMENTACAO LTDA";"453.508.390/0019-8";"274";"0";"2023-08-30T00:00:00";"1760";"0";"1760";"8";"2023";"0";"";"";"1963747";"";"";"";"2439";"7600057";"https://www.camara.leg.br/cota-parlamentar/documentos/publ/2439/2023/7600057.pdf"
"LIDERANÇA DO PT";"";"";"";"2023";"NA";"";"57";"13";"FORNECIMENTO DE ALIMENTAÇÃO DO PARLAMENTAR";"0";"";"SANTO BUFFET SERVICOS DE ALIMENTACAO LTDA";"453.508.390/0019-8";"276";"0";"2023-08-30T00:00:00";"2000";"0";"2000";"8";"2023";"0";"";"";"1963747";"";"";"";"2439";"7600060";"https://www.camara.leg.br/cota-parlamentar/documentos/publ/2439/2023/7600060.pdf"
"LIDERANÇA DO PT";"";"";"";"2023";"NA";"";"57";"13";"FORNECIMENTO DE ALIMENTAÇÃO DO PARLAMENTAR";"0";"";"SANTO BUFFET SERVICOS DE ALIMENTACAO LTDA";"453.508.390/0019-8";"281";"0";"2023-09-06T00:00:00";"1360";"0";"1360";"9";"2023";"0";"";"";"1968074";"";"";"";"2439";"7607767";"https://www.camara.leg.br/cota-parlamentar/documentos/publ/2439/2023/7607767.pdf"
"LIDERANÇA DO PT";"";"";"";"2023";"NA";"";"57";"13";"FORNECIMENTO DE ALIMENTAÇÃO DO PARLAMENTAR";"0";"";"SANTO BUFFET SERVICOS DE ALIMENTACAO LTDA";"453.508.390/0019-8";"283";"0";"2023-09-06T00:00:00";"1760";"0";"1760";"9";"2023";"0";"";"";"1968074";"";"";"";"2439";"7607770";"https://www.camara.leg.br/cota-parlamentar/documentos/publ/2439/2023/7607770.pdf"
"LIDERANÇA DO PT";"";"";"";"2023";"NA";"";"57";"13";"FORNECIMENTO DE ALIMENTAÇÃO DO PARLAMENTAR";"0";"";"SANTO BUFFET SERVICOS DE ALIMENTACAO LTDA";"453.508.390/0019-8";"289";"0";"2023-09-13T00:00:00";"1760";"0";"1760";"9";"2023";"0";"";"";"1968074";"";"";"";"2439";"7607774";"https://www.camara.leg.br/cota-parlamentar/documentos/publ/2439/2023/7607774.pdf"
"LIDERANÇA DO PT";"";"";"";"2023";"NA";"";"57";"13";"FORNECIMENTO DE ALIMENTAÇÃO DO PARLAMENTAR";"0";"";"SANTO BUFFET SERVICOS DE ALIMENTACAO LTDA";"453.508.390/0019-8";"292";"0";"2023-09-13T00:00:00";"1760";"0";"1760";"9";"2023";"0";"";"";"1968074";"";"";"";"2439";"7607775";"https://www.camara.leg.br/cota-parlamentar/documentos/publ/2439/2023/7607775.pdf"
"LIDERANÇA DO PT";"";"";"";"2023";"NA";"";"57";"13";"FORNECIMENTO DE ALIMENTAÇÃO DO PARLAMENTAR";"0";"";"SANTO BUFFET SERVICOS DE ALIMENTACAO LTDA";"453.508.390/0019-8";"300";"0";"2023-09-20T00:00:00";"1760";"0";"1760";"9";"2023";"0";"";"";"1970379";"";"";"";"2439";"7612374";"https://www.camara.leg.br/cota-parlamentar/documentos/publ/2439/2023/7612374.pdf"
"LIDERANÇA DO PT";"";"";"";"2023";"NA";"";"57";"13";"FORNECIMENTO DE ALIMENTAÇÃO DO PARLAMENTAR";"0";"";"SANTO BUFFET SERVICOS DE ALIMENTACAO LTDA";"453.508.390/0019-8";"303";"0";"2023-09-20T00:00:00";"1760";"0";"1760";"9";"2023";"0";"";"";"1970379";"";"";"";"2439";"7612375";"https://www.camara.leg.br/cota-parlamentar/documentos/publ/2439/2023/7612375.pdf"
"LIDERANÇA DO PT";"";"";"";"2023";"NA";"";"57";"13";"FORNECIMENTO DE ALIMENTAÇÃO DO PARLAMENTAR";"0";"";"SANTO BUFFET SERVICOS DE ALIMENTACAO LTDA";"453.508.390/0019-8";"312";"0";"2023-09-27T00:00:00";"1760";"0";"1760";"9";"2023";"0";"";"";"1973835";"";"";"";"2439";"7617936";"https://www.camara.leg.br/cota-parlamentar/documentos/publ/2439/2023/7617936.pdf"
"LIDERANÇA DO PT";"";"";"";"2023";"NA";"";"57";"13";"FORNECIMENTO DE ALIMENTAÇÃO DO PARLAMENTAR";"0";"";"SANTO BUFFET SERVICOS DE ALIMENTACAO LTDA";"453.508.390/0019-8";"316";"0";"2023-09-28T00:00:00";"1760";"0";"1760";"9";"2023";"0";"";"";"1973835";"";"";"";"2439";"7617934";"https://www.camara.leg.br/cota-parlamentar/documentos/publ/2439/2023/7617934.pdf"
"LIDERANÇA DO PT";"";"";"";"2023";"NA";"";"57";"13";"FORNECIMENTO DE ALIMENTAÇÃO DO PARLAMENTAR";"0";"";"SANTO BUFFET SERVICOS DE ALIMENTACAO LTDA";"453.508.390/0019-8";"324";"0";"2023-10-04T00:00:00";"1760";"0";"1760";"10";"2023";"0";"";"";"1975933";"";"";"";"2439";"7621478";"https://www.camara.leg.br/cota-parlamentar/documentos/publ/2439/2023/7621478.pdf"
"LIDERANÇA DO PT";"";"";"";"2023";"NA";"";"57";"13";"FORNECIMENTO DE ALIMENTAÇÃO DO PARLAMENTAR";"0";"";"SANTO BUFFET SERVICOS DE ALIMENTACAO LTDA";"453.508.390/0019-8";"328";"0";"2023-10-04T00:00:00";"1760";"0";"1760";"10";"2023";"0";"";"";"1975933";"";"";"";"2439";"7621520";"https://www.camara.leg.br/cota-parlamentar/documentos/publ/2439/2023/7621520.pdf"
"LIDERANÇA DO PT";"";"";"";"2023";"NA";"";"57";"13";"FORNECIMENTO DE ALIMENTAÇÃO DO PARLAMENTAR";"0";"";"SANTO BUFFET SERVICOS DE ALIMENTACAO LTDA";"453.508.390/0019-8";"334";"0";"2023-10-10T00:00:00";"1560";"0";"1560";"10";"2023";"0";"";"";"1978290";"";"";"";"2439";"7625518";"https://www.camara.leg.br/cota-parlamentar/documentos/publ/2439/2023/7625518.pdf"
"LIDERANÇA DO PT";"";"";"";"2023";"NA";"";"57";"13";"FORNECIMENTO DE ALIMENTAÇÃO DO PARLAMENTAR";"0";"";"SANTO BUFFET SERVICOS DE ALIMENTACAO LTDA";"453.508.390/0019-8";"337";"0";"2023-10-10T00:00:00";"1360";"0";"1360";"10";"2023";"0";"";"";"1978290";"";"";"";"2439";"7625515";"https://www.camara.leg.br/cota-parlamentar/documentos/publ/2439/2023/7625515.pdf"
"LIDERANÇA DO PT";"";"";"";"2023";"NA";"";"57";"13";"FORNECIMENTO DE ALIMENTAÇÃO DO PARLAMENTAR";"0";"";"SANTO BUFFET SERVICOS DE ALIMENTACAO LTDA";"453.508.390/0019-8";"356";"0";"2023-10-25T00:00:00";"1760";"0";"1760";"10";"2023";"0";"";"";"1981408";"";"";"";"2439";"7631691";"https://www.camara.leg.br/cota-parlamentar/documentos/publ/2439/2023/7631691.pdf"
"LIDERANÇA DO PT";"";"";"";"2023";"NA";"";"57";"13";"FORNECIMENTO DE ALIMENTAÇÃO DO PARLAMENTAR";"0";"";"SANTO BUFFET SERVICOS DE ALIMENTACAO LTDA";"453.508.390/0019-8";"360";"0";"2023-10-25T00:00:00";"1760";"0";"1760";"10";"2023";"0";"";"";"1981408";"";"";"";"2439";"7631697";"https://www.camara.leg.br/cota-parlamentar/documentos/publ/2439/2023/7631697.pdf"
"LIDERANÇA DO PT";"";"";"";"2023";"NA";"";"57";"13";"FORNECIMENTO DE ALIMENTAÇÃO DO PARLAMENTAR";"0";"";"SANTO BUFFET SERVICOS DE ALIMENTACAO LTDA";"453.508.390/0019-8";"370";"0";"2023-11-01T00:00:00";"2120";"0";"2120";"10";"2023";"0";"";"";"1985833";"";"";"";"2439";"7639900";"https://www.camara.leg.br/cota-parlamentar/documentos/publ/2439/2023/7639900.pdf"
"LIDERANÇA DO PT";"";"";"";"2023";"NA";"";"57";"13";"FORNECIMENTO DE ALIMENTAÇÃO DO PARLAMENTAR";"0";"";"SANTO BUFFET SERVICOS DE ALIMENTACAO LTDA";"453.508.390/0019-8";"372";"0";"2023-11-07T00:00:00";"2160";"0";"2160";"11";"2023";"0";"";"";"1985833";"";"";"";"2439";"7639894";"https://www.camara.leg.br/cota-parlamentar/documentos/publ/2439/2023/7639894.pdf"
"LIDERANÇA DO PT";"";"";"";"2023";"NA";"";"57";"13";"FORNECIMENTO DE ALIMENTAÇÃO DO PARLAMENTAR";"0";"";"SANTO BUFFET SERVICOS DE ALIMENTACAO LTDA";"453.508.390/0019-8";"381";"0";"2023-11-08T00:00:00";"2360";"0";"2360";"10";"2023";"0";"";"";"1985833";"";"";"";"2439";"7639898";"https://www.camara.leg.br/cota-parlamentar/documentos/publ/2439/2023/7639898.pdf"
"LIDERANÇA DO PT";"";"";"";"2023";"NA";"";"57";"13";"FORNECIMENTO DE ALIMENTAÇÃO DO PARLAMENTAR";"0";"";"SANTO BUFFET SERVICOS DE ALIMENTACAO LTDA";"453.508.390/0019-8";"406";"0";"2023-11-29T00:00:00";"1760";"0";"1760";"11";"2023";"0";"";"";"1993235";"";"";"";"2439";"7652976";"https://www.camara.leg.br/cota-parlamentar/documentos/publ/2439/2023/7652976.pdf"
"LIDERANÇA DO PT";"";"";"";"2023";"NA";"";"57";"13";"FORNECIMENTO DE ALIMENTAÇÃO DO PARLAMENTAR";"0";"";"SANTO BUFFET SERVICOS DE ALIMENTACAO LTDA";"453.508.390/0019-8";"410";"0";"2023-11-29T00:00:00";"1760";"0";"1760";"11";"2023";"0";"";"";"1993235";"";"";"";"2439";"7652992";"https://www.camara.leg.br/cota-parlamentar/documentos/publ/2439/2023/7652992.pdf"
"LIDERANÇA DO PT";"";"";"";"2023";"NA";"";"57";"13";"FORNECIMENTO DE ALIMENTAÇÃO DO PARLAMENTAR";"0";"";"SANTO BUFFET SERVICOS DE ALIMENTACAO LTDA";"453.508.390/0019-8";"416";"0";"2023-12-06T00:00:00";"1560";"0";"1560";"12";"2023";"0";"";"";"1996326";"";"";"";"2439";"7657768";"https://www.camara.leg.br/cota-parlamentar/documentos/publ/2439/2023/7657768.pdf"
"LIDERANÇA DO PT";"";"";"";"2023";"NA";"";"57";"13";"FORNECIMENTO DE ALIMENTAÇÃO DO PARLAMENTAR";"0";"";"SANTO BUFFET SERVICOS DE ALIMENTACAO LTDA";"453.508.390/0019-8";"419";"0";"2023-12-06T00:00:00";"960";"0";"960";"12";"2023";"0";"";"";"1996326";"";"";"";"2439";"7657780";"https://www.camara.leg.br/cota-parlamentar/documentos/publ/2439/2023/7657780.pdf"
"LIDERANÇA DO PT";"";"";"";"2023";"NA";"";"57";"13";"FORNECIMENTO DE ALIMENTAÇÃO DO PARLAMENTAR";"0";"";"SANTO BUFFET SERVICOS DE ALIMENTACAO LTDA";"453.508.390/0019-8";"420";"0";"2023-12-06T00:00:00";"1360";"0";"1360";"12";"2023";"0";"";"";"1996326";"";"";"";"2439";"7657777";"https://www.camara.leg.br/cota-parlamentar/documentos/publ/2439/2023/7657777.pdf"
"LIDERANÇA DO PT";"";"";"";"2023";"NA";"";"57";"13";"FORNECIMENTO DE ALIMENTAÇÃO DO PARLAMENTAR";"0";"";"SANTO BUFFET SERVICOS DE ALIMENTACAO LTDA";"453.508.390/0019-8";"425";"0";"2023-12-12T00:00:00";"2160";"0";"2160";"12";"2023";"0";"";"";"1998891";"";"";"";"2439";"7662506";"https://www.camara.leg.br/cota-parlamentar/documentos/publ/2439/2023/7662506.pdf"
"LIDERANÇA DO PT";"";"";"";"2023";"NA";"";"57";"13";"FORNECIMENTO DE ALIMENTAÇÃO DO PARLAMENTAR";"0";"";"SANTO BUFFET SERVICOS DE ALIMENTACAO LTDA";"453.508.390/0019-8";"431";"0";"2023-12-13T00:00:00";"1760";"0";"1760";"12";"2023";"0";"";"";"1998891";"";"";"";"2439";"7662509";"https://www.camara.leg.br/cota-parlamentar/documentos/publ/2439/2023/7662509.pdf"
"LIDERANÇA DO PT";"";"";"";"2023";"NA";"";"57";"13";"FORNECIMENTO DE ALIMENTAÇÃO DO PARLAMENTAR";"0";"";"SANTO BUFFET SERVICOS DE ALIMENTACAO LTDA";"453.508.390/0019-8";"434";"0";"2023-12-13T00:00:00";"2160";"0";"2160";"12";"2023";"0";"";"";"1998891";"";"";"";"2439";"7662508";"https://www.camara.leg.br/cota-parlamentar/documentos/publ/2439/2023/7662508.pdf"
"LIDERANÇA DO PT";"";"";"";"2023";"NA";"";"57";"13";"FORNECIMENTO DE ALIMENTAÇÃO DO PARLAMENTAR";"0";"";"SANTO BUFFET SERVICOS DE ALIMENTACAO LTDA";"453.508.390/0019-8";"435";"0";"2023-12-13T00:00:00";"1760";"0";"1760";"12";"2023";"0";"";"";"1998891";"";"";"";"2439";"7662507";"https://www.camara.leg.br/cota-parlamentar/documentos/publ/2439/2023/7662507.pdf"
"LIDERANÇA DO PT";"";"";"";"2023";"NA";"";"57";"13";"FORNECIMENTO DE ALIMENTAÇÃO DO PARLAMENTAR";"0";"";"SANTO BUFFET SERVICOS DE ALIMENTACAO LTDA";"453.508.390/0019-8";"449";"0";"2023-12-21T00:00:00";"800";"0";"800";"12";"2023";"0";"";"";"2001548";"";"";"";"2439";"7667476";"https://www.camara.leg.br/cota-parlamentar/documentos/publ/2439/2023/7667476.pdf"
"LIDERANÇA DO PT";"";"";"";"2023";"NA";"";"57";"13";"FORNECIMENTO DE ALIMENTAÇÃO DO PARLAMENTAR";"0";"";"SANTO BUFFET SERVICOS DE ALIMENTACAO LTDA";"453.508.390/0019-8";"450";"0";"2023-12-21T00:00:00";"1760";"0";"1760";"12";"2023";"0";"";"";"2001548";"";"";"";"2439";"7667481";"https://www.camara.leg.br/cota-parlamentar/documentos/publ/2439/2023/7667481.pdf"
"LIDERANÇA DO PT";"";"";"";"2023";"NA";"";"57";"13";"FORNECIMENTO DE ALIMENTAÇÃO DO PARLAMENTAR";"0";"";"SANTO BUFFET SERVICOS DE ALIMENTACAO LTDA";"453.508.390/0019-8";"451";"0";"2023-12-21T00:00:00";"1760";"0";"1760";"12";"2023";"0";"";"";"2001548";"";"";"";"2439";"7667483";"https://www.camara.leg.br/cota-parlamentar/documentos/publ/2439/2023/7667483.pdf"
"LIDERANÇA DO PT";"";"";"";"2023";"NA";"";"57";"13";"FORNECIMENTO DE ALIMENTAÇÃO DO PARLAMENTAR";"0";"";"SANTO BUFFET SERVICOS DE ALIMENTACAO LTDA";"453.508.390/0019-8";"452";"0";"2023-12-21T00:00:00";"1000";"0";"1000";"12";"2023";"0";"";"";"2001548";"";"";"";"2439";"7667479";"https://www.camara.leg.br/cota-parlamentar/documentos/publ/2439/2023/7667479.pdf"
"LIDERANÇA DO PT";"";"";"";"2023";"NA";"";"57";"13";"FORNECIMENTO DE ALIMENTAÇÃO DO PARLAMENTAR";"0";"";"SANTO BUFFET SERVICOS DE ALIMENTACAO LTDA";"453.508.390/0019-8";"46";"0";"2023-03-08T00:00:00";"1600";"0";"1600";"3";"2023";"0";"";"";"1916619";"";"";"";"2439";"7507659";"https://www.camara.leg.br/cota-parlamentar/documentos/publ/2439/2023/7507659.pdf"
"LIDERANÇA DO PT";"";"";"";"2023";"NA";"";"57";"13";"FORNECIMENTO DE ALIMENTAÇÃO DO PARLAMENTAR";"0";"";"SANTO BUFFET SERVICOS DE ALIMENTACAO LTDA";"453.508.390/0019-8";"55";"0";"2023-03-15T00:00:00";"875";"0";"875";"3";"2023";"0";"";"";"1916619";"";"";"";"2439";"7510837";"https://www.camara.leg.br/cota-parlamentar/documentos/publ/2439/2023/7510837.pdf"
"LIDERANÇA DO PT";"";"";"";"2023";"NA";"";"57";"13";"FORNECIMENTO DE ALIMENTAÇÃO DO PARLAMENTAR";"0";"";"SANTO BUFFET SERVICOS DE ALIMENTACAO LTDA";"453.508.390/0019-8";"56";"0";"2023-03-15T00:00:00";"1600";"0";"1600";"3";"2023";"0";"";"";"1916619";"";"";"";"2439";"7510835";"https://www.camara.leg.br/cota-parlamentar/documentos/publ/2439/2023/7510835.pdf"
"LIDERANÇA DO PT";"";"";"";"2023";"NA";"";"57";"13";"FORNECIMENTO DE ALIMENTAÇÃO DO PARLAMENTAR";"0";"";"SANTO BUFFET SERVICOS DE ALIMENTACAO LTDA";"453.508.390/0019-8";"75";"0";"2023-03-29T00:00:00";"1400";"0";"1400";"3";"2023";"0";"";"";"1920248";"";"";"";"2439";"7518649";"https://www.camara.leg.br/cota-parlamentar/documentos/publ/2439/2023/7518649.pdf"
"LIDERANÇA DO PT";"";"";"";"2023";"NA";"";"57";"13";"FORNECIMENTO DE ALIMENTAÇÃO DO PARLAMENTAR";"0";"";"SANTO BUFFET SERVICOS DE ALIMENTACAO LTDA";"453.508.390/0019-8";"83";"0";"2023-03-29T00:00:00";"1800";"0";"1800";"3";"2023";"0";"";"";"1920248";"";"";"";"2439";"7518656";"https://www.camara.leg.br/cota-parlamentar/documentos/publ/2439/2023/7518656.pdf"
"LIDERANÇA DO PT";"";"";"";"2023";"NA";"";"57";"13";"FORNECIMENTO DE ALIMENTAÇÃO DO PARLAMENTAR";"0";"";"SANTO BUFFET SERVICOS DE ALIMENTACAO LTDA";"453.508.390/0019-8";"84";"0";"2023-03-29T00:00:00";"1600";"0";"1600";"3";"2023";"0";"";"";"1920248";"";"";"";"2439";"7518667";"https://www.camara.leg.br/cota-parlamentar/documentos/publ/2439/2023/7518667.pdf"
"LIDERANÇA DO PT";"";"";"";"2023";"NA";"";"57";"13";"FORNECIMENTO DE ALIMENTAÇÃO DO PARLAMENTAR";"0";"";"SANTO BUFFET SERVICOS DE ALIMENTACAO LTDA";"453.508.390/0019-8";"85";"0";"2023-03-29T00:00:00";"1000";"0";"1000";"3";"2023";"0";"";"";"1920248";"";"";"";"2439";"7518686";"https://www.camara.leg.br/cota-parlamentar/documentos/publ/2439/2023/7518686.pdf"
"LIDERANÇA DO PT";"";"";"";"2023";"NA";"";"57";"13";"FORNECIMENTO DE ALIMENTAÇÃO DO PARLAMENTAR";"0";"";"SANTO BUFFET SERVICOS DE ALIMENTACAO LTDA";"453.508.390/0019-8";"89";"0";"2023-04-12T00:00:00";"1680";"0";"1680";"4";"2023";"0";"";"";"1923608";"";"";"";"2439";"7525391";"https://www.camara.leg.br/cota-parlamentar/documentos/publ/2439/2023/7525391.pdf"
"LIDERANÇA DO PT";"";"";"";"2023";"NA";"";"57";"13";"FORNECIMENTO DE ALIMENTAÇÃO DO PARLAMENTAR";"0";"";"SANTO BUFFET SERVICOS DE ALIMENTACAO LTDA";"453.508.390/0019-8";"95";"0";"2023-04-12T00:00:00";"1680";"0";"1680";"4";"2023";"0";"";"";"1923608";"";"";"";"2439";"7525403";"https://www.camara.leg.br/cota-parlamentar/documentos/publ/2439/2023/7525403.pdf"
"LIDERANÇA DO PT";"";"";"";"2023";"NA";"";"57";"13";"FORNECIMENTO DE ALIMENTAÇÃO DO PARLAMENTAR";"0";"";"SANTO BUFFET SERVICOS DE ALIMENTACAO LTDA";"453.508.390/0019-8";"96";"0";"2023-04-12T00:00:00";"960";"0";"960";"4";"2023";"0";"";"";"1923608";"";"";"";"2439";"7525385";"https://www.camara.leg.br/cota-parlamentar/documentos/publ/2439/2023/7525385.pdf"
"LIDERANÇA DO PT";"";"";"";"2023";"NA";"";"57";"13";"FORNECIMENTO DE ALIMENTAÇÃO DO PARLAMENTAR";"0";"";"SANTO BUFFET SERVICOS DE ALIMENTACAO LTDA";"453.508.390/0019-8";"97";"0";"2023-04-12T00:00:00";"576";"0";"576";"4";"2023";"0";"";"";"1923608";"";"";"";"2439";"7525405";"https://www.camara.leg.br/cota-parlamentar/documentos/publ/2439/2023/7525405.pdf"
"LIDERANÇA DO PT";"";"";"";"2023";"NA";"";"57";"13";"FORNECIMENTO DE ALIMENTAÇÃO DO PARLAMENTAR";"0";"";"SANTO BUFFET SERVICOS DE ALIMENTACAO LTDA";"453.508.390/0019-8";"98";"0";"2023-04-12T00:00:00";"1680";"0";"1680";"4";"2023";"0";"";"";"1923608";"";"";"";"2439";"7525408";"https://www.camara.leg.br/cota-parlamentar/documentos/publ/2439/2023/7525408.pdf"
"LIDERANÇA DO PT";"";"";"";"2023";"NA";"";"57";"120";"LOCAÇÃO OU FRETAMENTO DE VEÍCULOS AUTOMOTORES";"0";"";"PANTANAL VEÍCULOS LTDA";"073.193.230/0019-1";"23580";"1";"2023-03-31T00:00:00";"4000";"0";"4000";"3";"2023";"0";"";"";"1924505";"";"";"";"2439";"7526966";"https://www.camara.leg.br/cota-parlamentar/documentos/publ/2439/2023/7526966.pdf"
"LIDERANÇA DO PT";"";"";"";"2023";"NA";"";"57";"120";"LOCAÇÃO OU FRETAMENTO DE VEÍCULOS AUTOMOTORES";"0";"";"PANTANAL VEÍCULOS LTDA";"073.193.230/0019-1";"23739";"1";"2023-04-30T00:00:00";"3000";"0";"3000";"4";"2023";"0";"";"";"1934547";"";"";"";"2439";"7544668";"https://www.camara.leg.br/cota-parlamentar/documentos/publ/2439/2023/7544668.pdf"
"LIDERANÇA DO PT";"";"";"";"2023";"NA";"";"57";"120";"LOCAÇÃO OU FRETAMENTO DE VEÍCULOS AUTOMOTORES";"0";"";"PANTANAL VEÍCULOS LTDA";"073.193.230/0019-1";"23859";"1";"2023-05-31T00:00:00";"3000";"0";"3000";"5";"2023";"0";"";"";"1940345";"";"";"";"2439";"7555668";"https://www.camara.leg.br/cota-parlamentar/documentos/publ/2439/2023/7555668.pdf"
"LIDERANÇA DO PT";"";"";"";"2023";"NA";"";"57";"120";"LOCAÇÃO OU FRETAMENTO DE VEÍCULOS AUTOMOTORES";"0";"";"PANTANAL VEÍCULOS LTDA";"073.193.230/0019-1";"23957";"1";"2023-06-30T00:00:00";"3000";"0";"3000";"6";"2023";"0";"";"";"1948722";"";"";"";"2439";"7570962";"https://www.camara.leg.br/cota-parlamentar/documentos/publ/2439/2023/7570962.pdf"
"LIDERANÇA DO PT";"";"";"";"2023";"NA";"";"57";"120";"LOCAÇÃO OU FRETAMENTO DE VEÍCULOS AUTOMOTORES";"0";"";"PANTANAL VEÍCULOS LTDA";"073.193.230/0019-1";"24126";"1";"2023-07-31T00:00:00";"3000";"0";"3000";"7";"2023";"0";"";"";"1954331";"";"";"";"2439";"7581369";"https://www.camara.leg.br/cota-parlamentar/documentos/publ/2439/2023/7581369.pdf"
"LIDERANÇA DO PT";"";"";"";"2023";"NA";"";"57";"120";"LOCAÇÃO OU FRETAMENTO DE VEÍCULOS AUTOMOTORES";"0";"";"PANTANAL VEÍCULOS LTDA";"073.193.230/0019-1";"24304";"1";"2023-08-30T00:00:00";"3000";"0";"3000";"8";"2023";"0";"";"";"1963747";"";"";"";"2439";"7600098";"https://www.camara.leg.br/cota-parlamentar/documentos/publ/2439/2023/7600098.pdf"
"LIDERANÇA DO PT";"";"";"";"2023";"NA";"";"57";"120";"LOCAÇÃO OU FRETAMENTO DE VEÍCULOS AUTOMOTORES";"0";"";"PANTANAL VEÍCULOS LTDA";"073.193.230/0019-1";"24459";"1";"2023-09-30T00:00:00";"3000";"0";"3000";"9";"2023";"0";"";"";"1973993";"";"";"";"2439";"7618265";"https://www.camara.leg.br/cota-parlamentar/documentos/publ/2439/2023/7618265.pdf"
"LIDERANÇA DO PT";"";"";"";"2023";"NA";"";"57";"120";"LOCAÇÃO OU FRETAMENTO DE VEÍCULOS AUTOMOTORES";"0";"";"PANTANAL VEÍCULOS LTDA";"073.193.230/0019-1";"24629";"1";"2023-10-31T00:00:00";"3000";"0";"3000";"10";"2023";"0";"";"";"1985832";"";"";"";"2439";"7639913";"https://www.camara.leg.br/cota-parlamentar/documentos/publ/2439/2023/7639913.pdf"
"LIDERANÇA DO PT";"";"";"";"2023";"NA";"";"57";"120";"LOCAÇÃO OU FRETAMENTO DE VEÍCULOS AUTOMOTORES";"0";"";"PANTANAL VEÍCULOS LTDA";"073.193.230/0019-1";"24794";"1";"2023-11-30T00:00:00";"3000";"0";"3000";"11";"2023";"0";"";"";"1993235";"";"";"";"2439";"7653067";"https://www.camara.leg.br/cota-parlamentar/documentos/publ/2439/2023/7653067.pdf"
"LIDERANÇA DO PT";"";"";"";"2023";"NA";"";"57";"120";"LOCAÇÃO OU FRETAMENTO DE VEÍCULOS AUTOMOTORES";"0";"";"PANTANAL VEÍCULOS LTDA";"073.193.230/0019-1";"25011";"1";"2023-12-29T00:00:00";"3000";"0";"3000";"12";"2023";"0";"";"";"2007166";"";"";"";"2439";"7677215";"https://www.camara.leg.br/cota-parlamentar/documentos/publ/2439/2024/7677215.pdf"
"LIDERANÇA DO PT";"";"";"";"2023";"NA";"";"57";"120";"LOCAÇÃO OU FRETAMENTO DE VEÍCULOS AUTOMOTORES";"0";"";"PANTANAL-VEICULOS LTDA";"073.193.230/0019-1";"23359";"1";"2023-02-28T00:00:00";"4000";"0";"4000";"2";"2023";"0";"";"";"1916611";"";"";"";"2439";"7507565";"https://www.camara.leg.br/cota-parlamentar/documentos/publ/2439/2023/7507565.pdf"
"LIDMIN";"";"";"";"2019";"NA";"";"56";"1";"MANUTENÇÃO DE ESCRITÓRIO DE APOIO À ATIVIDADE PARLAMENTAR";"0";"";"AMORETTO CAFES EXPRESSO LTDA";"085.324.290/0013-1";"00000000023";"0";"2023-01-10T00:00:00";"1682.9";"0";"1682.9";"1";"2023";"0";"";"";"1902250";"";"";"";"2806";"7486487";"https://www.camara.leg.br/cota-parlamentar/documentos/publ/2806/2023/7486487.pdf"
"NOVO";"";"";"";"2019";"NA";"";"56";"1";"MANUTENÇÃO DE ESCRITÓRIO DE APOIO À ATIVIDADE PARLAMENTAR";"0";"";"Google Cloud Brasil Computação e Serviços de Dados Ltda";"250.123.980/0010-7";"05110541";"0";"2023-01-03T00:00:00";"105";"0";"105";"1";"2023";"0";"";"";"1902859";"";"";"";"3441";"7487784";"https://www.camara.leg.br/cota-parlamentar/documentos/publ/3441/2023/7487784.pdf"
"NOVO";"";"";"";"2019";"NA";"";"56";"1";"MANUTENÇÃO DE ESCRITÓRIO DE APOIO À ATIVIDADE PARLAMENTAR";"0";"";"Google Cloud Brasil Computação e Serviços de Dados Ltda";"250.123.980/0010-7";"05240852";"0";"2023-01-03T00:00:00";"770";"0";"770";"1";"2023";"0";"";"";"1902859";"";"";"";"3441";"7487782";"https://www.camara.leg.br/cota-parlamentar/documentos/publ/3441/2023/7487782.pdf"
"NOVO";"";"";"";"2019";"NA";"";"56";"5";"DIVULGAÇÃO DA ATIVIDADE PARLAMENTAR.";"0";"";"Google Cloud Brasil Computação e Serviços de Dados Ltda";"250.123.980/0010-7";"05394670";"0";"2023-01-31T00:00:00";"105";"0";"105";"1";"2023";"0";"";"";"1931651";"";"";"";"3441";"7539422";"https://www.camara.leg.br/cota-parlamentar/documentos/publ/3441/2023/7539422.pdf"
"NOVO";"";"";"";"2019";"NA";"";"56";"5";"DIVULGAÇÃO DA ATIVIDADE PARLAMENTAR.";"0";"";"Google Cloud Brasil Computação e Serviços de Dados Ltda";"250.123.980/0010-7";"05444790";"0";"2023-01-31T00:00:00";"770";"0";"770";"1";"2023";"0";"";"";"1931651";"";"";"";"3441";"7539432";"https://www.camara.leg.br/cota-parlamentar/documentos/publ/3441/2023/7539432.pdf"
"PDT";"";"";"";"2019";"NA";"";"56";"1";"MANUTENÇÃO DE ESCRITÓRIO DE APOIO À ATIVIDADE PARLAMENTAR";"0";"";"TAZZA COMERCIO DE MAQUINAS E INSUMOS EIRELI  ME";"202.388.320/0015-8";"8";"0";"2023-03-07T00:00:00";"450";"0";"450";"1";"2023";"0";"";"";"1916377";"";"";"";"2715";"7512853";"https://www.camara.leg.br/cota-parlamentar/documentos/publ/2715/2023/7512853.pdf"
"PDT";"";"";"";"2023";"NA";"";"57";"1";"MANUTENÇÃO DE ESCRITÓRIO DE APOIO À ATIVIDADE PARLAMENTAR";"0";"";"CAFÉS DA TERRA TORREFAÇÃO LTDA";"456.212.950/0015-1";"152";"0";"2023-08-16T00:00:00";"450";"0";"450";"6";"2023";"0";"";"";"1961761";"";"";"";"2715";"7596394";"https://www.camara.leg.br/cota-parlamentar/documentos/publ/2715/2023/7596394.pdf"
"PDT";"";"";"";"2023";"NA";"";"57";"1";"MANUTENÇÃO DE ESCRITÓRIO DE APOIO À ATIVIDADE PARLAMENTAR";"0";"";"CAFÉS DA TERRA TORREFAÇÃO LTDA";"456.212.950/0015-1";"176";"0";"2023-09-26T00:00:00";"450";"0";"450";"7";"2023";"0";"";"";"1971234";"";"";"";"2715";"7613927";"https://www.camara.leg.br/cota-parlamentar/documentos/publ/2715/2023/7613927.pdf"
"PDT";"";"";"";"2023";"NA";"";"57";"1";"MANUTENÇÃO DE ESCRITÓRIO DE APOIO À ATIVIDADE PARLAMENTAR";"0";"";"CAFÉS DA TERRA TORREFAÇÃO LTDA";"456.212.950/0015-1";"180";"0";"2023-09-29T00:00:00";"450";"0";"450";"8";"2023";"0";"";"";"1974806";"";"";"";"2715";"7619777";"https://www.camara.leg.br/cota-parlamentar/documentos/publ/2715/2023/7619777.pdf"
"PDT";"";"";"";"2023";"NA";"";"57";"1";"MANUTENÇÃO DE ESCRITÓRIO DE APOIO À ATIVIDADE PARLAMENTAR";"0";"";"CAFÉS DA TERRA TORREFAÇÃO LTDA";"456.212.950/0015-1";"212";"0";"2023-11-09T00:00:00";"450";"0";"450";"9";"2023";"0";"";"";"1992221";"";"";"";"2715";"7651284";"https://www.camara.leg.br/cota-parlamentar/documentos/publ/2715/2023/7651284.pdf"
"PDT";"";"";"";"2023";"NA";"";"57";"1";"MANUTENÇÃO DE ESCRITÓRIO DE APOIO À ATIVIDADE PARLAMENTAR";"0";"";"CAFÉS DA TERRA TORREFAÇÃO LTDA";"456.212.950/0015-1";"227";"0";"2023-11-29T00:00:00";"450";"0";"450";"10";"2023";"0";"";"";"1992222";"";"";"";"2715";"7651285";"https://www.camara.leg.br/cota-parlamentar/documentos/publ/2715/2023/7651285.pdf"
"PDT";"";"";"";"2023";"NA";"";"57";"1";"MANUTENÇÃO DE ESCRITÓRIO DE APOIO À ATIVIDADE PARLAMENTAR";"0";"";"CAFÉS DA TERRA TORREFAÇÃO LTDA";"456.212.950/0015-1";"231";"0";"2023-12-05T00:00:00";"450";"0";"450";"11";"2023";"0";"";"";"1998247";"";"";"";"2715";"7661301";"https://www.camara.leg.br/cota-parlamentar/documentos/publ/2715/2023/7661301.pdf"
"PDT";"";"";"";"2023";"NA";"";"57";"1";"MANUTENÇÃO DE ESCRITÓRIO DE APOIO À ATIVIDADE PARLAMENTAR";"0";"";"TAZZA COMERCIO DE MAQUINAS E INSUMOS EIRELI  ME";"202.388.320/0015-8";"22";"0";"2023-05-30T00:00:00";"450";"0";"450";"5";"2023";"0";"";"";"1941676";"";"";"";"2715";"7558083";"https://www.camara.leg.br/cota-parlamentar/documentos/publ/2715/2023/7558083.pdf"
"PDT";"";"";"";"2023";"NA";"";"57";"1";"MANUTENÇÃO DE ESCRITÓRIO DE APOIO À ATIVIDADE PARLAMENTAR";"0";"";"TAZZA COMERCIO DE MAQUINAS E INSUMOS EIRELI  ME";"202.388.320/0015-8";"9";"0";"2023-03-07T00:00:00";"450";"0";"450";"2";"2023";"0";"";"";"1916385";"";"";"";"2715";"7512881";"https://www.camara.leg.br/cota-parlamentar/documentos/publ/2715/2023/7512881.pdf"
"PDT";"";"";"";"2023";"NA";"";"57";"1";"MANUTENÇÃO DE ESCRITÓRIO DE APOIO À ATIVIDADE PARLAMENTAR";"0";"";"TAZZA COMERCIO DE MAQUINAS E INSUMOS LTDA";"202.388.320/0015-8";"20";"0";"2023-05-26T00:00:00";"450";"0";"450";"4";"2023";"0";"";"";"1941675";"";"";"";"2715";"7558080";"https://www.camara.leg.br/cota-parlamentar/documentos/publ/2715/2023/7558080.pdf"
"PDT";"";"";"";"2023";"NA";"";"57";"5";"DIVULGAÇÃO DA ATIVIDADE PARLAMENTAR.";"0";"";"BUNKER BRAIN AUDIOVISUAL EIRELI";"307.278.290/0015-1";"19";"0";"2023-04-13T00:00:00";"8000";"0";"8000";"3";"2023";"0";"";"";"1923674";"";"";"";"2715";"7525509";"https://www.camara.leg.br/cota-parlamentar/documentos/publ/2715/2023/7525509.pdf"
"PDT";"";"";"";"2023";"NA";"";"57";"5";"DIVULGAÇÃO DA ATIVIDADE PARLAMENTAR.";"0";"";"BUNKER BRAIN AUDIOVISUAL EIRELI";"307.278.290/0015-1";"30";"0";"2023-07-04T00:00:00";"10000";"0";"10000";"6";"2023";"0";"";"";"1947962";"";"";"";"2715";"7569630";"https://www.camara.leg.br/cota-parlamentar/documentos/publ/2715/2023/7569630.pdf"
"PDT";"";"";"";"2023";"NA";"";"57";"5";"DIVULGAÇÃO DA ATIVIDADE PARLAMENTAR.";"0";"";"BUNKER BRAIN AUDIOVISUAL EIRELI";"307.278.290/0015-1";"46";"0";"2023-10-06T00:00:00";"8000";"0";"8000";"9";"2023";"0";"";"";"1977163";"";"";"";"2715";"7623729";"https://www.camara.leg.br/cota-parlamentar/documentos/publ/2715/2023/7623729.pdf"
"PDT";"";"";"";"2023";"NA";"";"57";"5";"DIVULGAÇÃO DA ATIVIDADE PARLAMENTAR.";"0";"";"BUNKER BRAIN AUDIOVISUAL EIRELI";"307.278.290/0015-1";"53";"0";"2023-12-04T00:00:00";"10000";"0";"10000";"11";"2023";"0";"";"";"1994592";"";"";"";"2715";"7655442";"https://www.camara.leg.br/cota-parlamentar/documentos/publ/2715/2023/7655442.pdf"
"PDT";"";"";"";"2023";"NA";"";"57";"5";"DIVULGAÇÃO DA ATIVIDADE PARLAMENTAR.";"0";"";"BUNKER BRAIN AUDIOVISUAL LTDA";"307.278.290/0015-1";"13";"0";"2023-03-21T00:00:00";"8000";"0";"8000";"2";"2023";"0";"";"";"1919423";"";"";"";"2715";"7517821";"https://www.camara.leg.br/cota-parlamentar/documentos/publ/2715/2023/7517821.pdf"
"PDT";"";"";"";"2023";"NA";"";"57";"5";"DIVULGAÇÃO DA ATIVIDADE PARLAMENTAR.";"0";"";"JGC TECNOLOGIA LTDA";"206.479.930/0010-3";"123";"0";"2023-08-31T00:00:00";"365";"0";"365";"8";"2023";"0";"";"";"1964414";"";"";"";"2715";"7601286";"https://www.camara.leg.br/cota-parlamentar/documentos/publ/2715/2023/7601286.pdf"
"PDT";"";"";"";"2023";"NA";"";"57";"13";"FORNECIMENTO DE ALIMENTAÇÃO DO PARLAMENTAR";"0";"";"DUVAN BAR E RESTAURANTE LTDA";"040.215.830/0019-8";"144570";"4";"2023-05-31T00:00:00";"436.2";"0";"436.2";"6";"2023";"0";"";"";"1938921";"";"";"";"2715";"7553205";"https://www.camara.leg.br/cota-parlamentar/nota-fiscal-eletronica?ideDocumentoFiscal=7553205"
"PDT";"";"";"";"2023";"NA";"";"57";"13";"FORNECIMENTO DE ALIMENTAÇÃO DO PARLAMENTAR";"0";"";"LILAS BUFFET IRAIDE PACHECO DE SOUSA MOREIRA";"429.157.950/0010-8";"156";"0";"2023-12-20T00:00:00";"750";"0";"750";"12";"2023";"0";"";"";"2001800";"";"";"";"2715";"7667951";"https://www.camara.leg.br/cota-parlamentar/documentos/publ/2715/2023/7667951.pdf"
"PDT";"";"";"";"2023";"NA";"";"57";"13";"FORNECIMENTO DE ALIMENTAÇÃO DO PARLAMENTAR";"0";"";"LILAS BUFFET IRAIDE PACHECO DE SOUSA MOREIRA";"429.157.950/0010-8";"157";"0";"2023-12-20T00:00:00";"750";"0";"750";"12";"2023";"0";"";"";"2001800";"";"";"";"2715";"7667949";"https://www.camara.leg.br/cota-parlamentar/documentos/publ/2715/2023/7667949.pdf"
"PDT";"";"";"";"2023";"NA";"";"57";"13";"FORNECIMENTO DE ALIMENTAÇÃO DO PARLAMENTAR";"0";"";"SANTO BUFFET SERVICOS DE ALIMENTACAO LTDA";"453.508.390/0019-8";"108";"0";"2023-04-19T00:00:00";"900";"0";"900";"4";"2023";"0";"";"";"1927212";"";"";"";"2715";"7532300";"https://www.camara.leg.br/cota-parlamentar/documentos/publ/2715/2023/7532300.pdf"
"PDT";"";"";"";"2023";"NA";"";"57";"13";"FORNECIMENTO DE ALIMENTAÇÃO DO PARLAMENTAR";"0";"";"SANTO BUFFET SERVICOS DE ALIMENTACAO LTDA";"453.508.390/0019-8";"119";"0";"2023-04-26T00:00:00";"900";"0";"900";"4";"2023";"0";"";"";"1927216";"";"";"";"2715";"7532305";"https://www.camara.leg.br/cota-parlamentar/documentos/publ/2715/2023/7532305.pdf"
"PDT";"";"";"";"2023";"NA";"";"57";"13";"FORNECIMENTO DE ALIMENTAÇÃO DO PARLAMENTAR";"0";"";"SANTO BUFFET SERVICOS DE ALIMENTACAO LTDA";"453.508.390/0019-8";"149";"0";"2023-05-18T00:00:00";"750";"0";"750";"5";"2023";"0";"";"";"1935108";"";"";"";"2715";"7545761";"https://www.camara.leg.br/cota-parlamentar/documentos/publ/2715/2023/7545761.pdf"
"PDT";"";"";"";"2023";"NA";"";"57";"13";"FORNECIMENTO DE ALIMENTAÇÃO DO PARLAMENTAR";"0";"";"SANTO BUFFET SERVICOS DE ALIMENTACAO LTDA";"453.508.390/0019-8";"161";"0";"2023-05-24T00:00:00";"750";"0";"750";"5";"2023";"0";"";"";"1936248";"";"";"";"2715";"7548129";"https://www.camara.leg.br/cota-parlamentar/documentos/publ/2715/2023/7548129.pdf"
"PDT";"";"";"";"2023";"NA";"";"57";"13";"FORNECIMENTO DE ALIMENTAÇÃO DO PARLAMENTAR";"0";"";"SANTO BUFFET SERVICOS DE ALIMENTACAO LTDA";"453.508.390/0019-8";"166";"0";"2023-05-24T00:00:00";"750";"0";"750";"5";"2023";"0";"";"";"1936614";"";"";"";"2715";"7548869";"https://www.camara.leg.br/cota-parlamentar/documentos/publ/2715/2023/7548869.pdf"
"PDT";"";"";"";"2023";"NA";"";"57";"13";"FORNECIMENTO DE ALIMENTAÇÃO DO PARLAMENTAR";"0";"";"SANTO BUFFET SERVICOS DE ALIMENTACAO LTDA";"453.508.390/0019-8";"170";"0";"2023-05-31T00:00:00";"750";"0";"750";"6";"2023";"0";"";"";"1938900";"";"";"";"2715";"7553164";"https://www.camara.leg.br/cota-parlamentar/documentos/publ/2715/2023/7553164.pdf"
"PDT";"";"";"";"2023";"NA";"";"57";"13";"FORNECIMENTO DE ALIMENTAÇÃO DO PARLAMENTAR";"0";"";"SANTO BUFFET SERVICOS DE ALIMENTACAO LTDA";"453.508.390/0019-8";"184";"0";"2023-06-14T00:00:00";"750";"0";"750";"6";"2023";"0";"";"";"1942977";"";"";"";"2715";"7560504";"https://www.camara.leg.br/cota-parlamentar/documentos/publ/2715/2023/7560504.pdf"
"PDT";"";"";"";"2023";"NA";"";"57";"13";"FORNECIMENTO DE ALIMENTAÇÃO DO PARLAMENTAR";"0";"";"SANTO BUFFET SERVICOS DE ALIMENTACAO LTDA";"453.508.390/0019-8";"206";"0";"2023-07-06T00:00:00";"750";"0";"750";"7";"2023";"0";"";"";"1949062";"";"";"";"2715";"7571541";"https://www.camara.leg.br/cota-parlamentar/documentos/publ/2715/2023/7571541.pdf"
"PDT";"";"";"";"2023";"NA";"";"57";"13";"FORNECIMENTO DE ALIMENTAÇÃO DO PARLAMENTAR";"0";"";"SANTO BUFFET SERVICOS DE ALIMENTACAO LTDA";"453.508.390/0019-8";"229";"0";"2023-08-03T00:00:00";"750";"0";"750";"8";"2023";"0";"";"";"1956864";"";"";"";"2715";"7585895";"https://www.camara.leg.br/cota-parlamentar/documentos/publ/2715/2023/7585895.pdf"
"PDT";"";"";"";"2023";"NA";"";"57";"13";"FORNECIMENTO DE ALIMENTAÇÃO DO PARLAMENTAR";"0";"";"SANTO BUFFET SERVICOS DE ALIMENTACAO LTDA";"453.508.390/0019-8";"232";"0";"2023-08-03T00:00:00";"750";"0";"750";"8";"2023";"0";"";"";"1956867";"";"";"";"2715";"7585906";"https://www.camara.leg.br/cota-parlamentar/documentos/publ/2715/2023/7585906.pdf"
"PDT";"";"";"";"2023";"NA";"";"57";"13";"FORNECIMENTO DE ALIMENTAÇÃO DO PARLAMENTAR";"0";"";"SANTO BUFFET SERVICOS DE ALIMENTACAO LTDA";"453.508.390/0019-8";"237";"0";"2023-08-09T00:00:00";"750";"0";"750";"8";"2023";"0";"";"";"1957819";"";"";"";"2715";"7587710";"https://www.camara.leg.br/cota-parlamentar/documentos/publ/2715/2023/7587710.pdf"
"PDT";"";"";"";"2023";"NA";"";"57";"13";"FORNECIMENTO DE ALIMENTAÇÃO DO PARLAMENTAR";"0";"";"SANTO BUFFET SERVICOS DE ALIMENTACAO LTDA";"453.508.390/0019-8";"241";"0";"2023-08-09T00:00:00";"750";"0";"750";"8";"2023";"0";"";"";"1957821";"";"";"";"2715";"7587713";"https://www.camara.leg.br/cota-parlamentar/documentos/publ/2715/2023/7587713.pdf"
"PDT";"";"";"";"2023";"NA";"";"57";"13";"FORNECIMENTO DE ALIMENTAÇÃO DO PARLAMENTAR";"0";"";"SANTO BUFFET SERVICOS DE ALIMENTACAO LTDA";"453.508.390/0019-8";"251";"0";"2023-08-16T00:00:00";"750";"0";"750";"8";"2023";"0";"";"";"1960704";"";"";"";"2715";"7594168";"https://www.camara.leg.br/cota-parlamentar/documentos/publ/2715/2023/7594168.pdf"
"PDT";"";"";"";"2023";"NA";"";"57";"13";"FORNECIMENTO DE ALIMENTAÇÃO DO PARLAMENTAR";"0";"";"SANTO BUFFET SERVICOS DE ALIMENTACAO LTDA";"453.508.390/0019-8";"254";"0";"2023-08-16T00:00:00";"750";"0";"750";"8";"2023";"0";"";"";"1960708";"";"";"";"2715";"7594170";"https://www.camara.leg.br/cota-parlamentar/documentos/publ/2715/2023/7594170.pdf"
"PDT";"";"";"";"2023";"NA";"";"57";"13";"FORNECIMENTO DE ALIMENTAÇÃO DO PARLAMENTAR";"0";"";"SANTO BUFFET SERVICOS DE ALIMENTACAO LTDA";"453.508.390/0019-8";"262";"0";"2023-08-23T00:00:00";"750";"0";"750";"8";"2023";"0";"";"";"1962290";"";"";"";"2715";"7597312";"https://www.camara.leg.br/cota-parlamentar/documentos/publ/2715/2023/7597312.pdf"
"PDT";"";"";"";"2023";"NA";"";"57";"13";"FORNECIMENTO DE ALIMENTAÇÃO DO PARLAMENTAR";"0";"";"SANTO BUFFET SERVICOS DE ALIMENTACAO LTDA";"453.508.390/0019-8";"265";"0";"2023-08-23T00:00:00";"750";"0";"750";"8";"2023";"0";"";"";"1962291";"";"";"";"2715";"7597314";"https://www.camara.leg.br/cota-parlamentar/documentos/publ/2715/2023/7597314.pdf"
"PDT";"";"";"";"2023";"NA";"";"57";"13";"FORNECIMENTO DE ALIMENTAÇÃO DO PARLAMENTAR";"0";"";"SANTO BUFFET SERVICOS DE ALIMENTACAO LTDA";"453.508.390/0019-8";"272";"0";"2023-08-30T00:00:00";"750";"0";"750";"8";"2023";"0";"";"";"1963719";"";"";"";"2715";"7600041";"https://www.camara.leg.br/cota-parlamentar/documentos/publ/2715/2023/7600041.pdf"
"PDT";"";"";"";"2023";"NA";"";"57";"13";"FORNECIMENTO DE ALIMENTAÇÃO DO PARLAMENTAR";"0";"";"SANTO BUFFET SERVICOS DE ALIMENTACAO LTDA";"453.508.390/0019-8";"290";"0";"2023-09-13T00:00:00";"750";"0";"750";"9";"2023";"0";"";"";"1968141";"";"";"";"2715";"7607952";"https://www.camara.leg.br/cota-parlamentar/documentos/publ/2715/2023/7607952.pdf"
"PDT";"";"";"";"2023";"NA";"";"57";"13";"FORNECIMENTO DE ALIMENTAÇÃO DO PARLAMENTAR";"0";"";"SANTO BUFFET SERVICOS DE ALIMENTACAO LTDA";"453.508.390/0019-8";"301";"0";"2023-09-20T00:00:00";"750";"0";"750";"9";"2023";"0";"";"";"1970630";"";"";"";"2715";"7612811";"https://www.camara.leg.br/cota-parlamentar/documentos/publ/2715/2023/7612811.pdf"
"PDT";"";"";"";"2023";"NA";"";"57";"13";"FORNECIMENTO DE ALIMENTAÇÃO DO PARLAMENTAR";"0";"";"SANTO BUFFET SERVICOS DE ALIMENTACAO LTDA";"453.508.390/0019-8";"313";"0";"2023-09-28T00:00:00";"900";"0";"900";"9";"2023";"0";"";"";"1974347";"";"";"";"2715";"7618899";"https://www.camara.leg.br/cota-parlamentar/documentos/publ/2715/2023/7618899.pdf"
"PDT";"";"";"";"2023";"NA";"";"57";"13";"FORNECIMENTO DE ALIMENTAÇÃO DO PARLAMENTAR";"0";"";"SANTO BUFFET SERVICOS DE ALIMENTACAO LTDA";"453.508.390/0019-8";"325";"0";"2023-10-04T00:00:00";"750";"0";"750";"10";"2023";"0";"";"";"1975787";"";"";"";"2715";"7621315";"https://www.camara.leg.br/cota-parlamentar/documentos/publ/2715/2023/7621315.pdf"
"PDT";"";"";"";"2023";"NA";"";"57";"13";"FORNECIMENTO DE ALIMENTAÇÃO DO PARLAMENTAR";"0";"";"SANTO BUFFET SERVICOS DE ALIMENTACAO LTDA";"453.508.390/0019-8";"357";"0";"2023-10-25T00:00:00";"750";"0";"750";"10";"2023";"0";"";"";"1981453";"";"";"";"2715";"7631782";"https://www.camara.leg.br/cota-parlamentar/documentos/publ/2715/2023/7631782.pdf"
"PDT";"";"";"";"2023";"NA";"";"57";"13";"FORNECIMENTO DE ALIMENTAÇÃO DO PARLAMENTAR";"0";"";"SANTO BUFFET SERVICOS DE ALIMENTACAO LTDA";"453.508.390/0019-8";"76";"0";"2023-03-29T00:00:00";"600";"0";"600";"3";"2023";"0";"";"";"1920506";"";"";"";"2715";"7518876";"https://www.camara.leg.br/cota-parlamentar/documentos/publ/2715/2023/7518876.pdf"
"PDT";"";"";"";"2023";"NA";"";"57";"13";"FORNECIMENTO DE ALIMENTAÇÃO DO PARLAMENTAR";"0";"";"SANTO BUFFET SERVICOS DE ALIMENTACAO LTDA";"453.508.390/0019-8";"99";"0";"2023-04-12T00:00:00";"900";"0";"900";"4";"2023";"0";"";"";"1927210";"";"";"";"2715";"7532295";"https://www.camara.leg.br/cota-parlamentar/documentos/publ/2715/2023/7532295.pdf"
"PODE";"";"";"";"2019";"NA";"";"56";"4";"CONSULTORIAS, PESQUISAS E TRABALHOS TÉCNICOS.";"0";"";"LINEAR COMUNICACAO LTDA - EPP";"109.472.430/0019-5";"48";"0";"2023-02-01T00:00:00";"650";"0";"650";"1";"2023";"0";"";"";"1906753";"";"";"";"3172";"7492646";"https://www.camara.leg.br/cota-parlamentar/documentos/publ/3172/2023/7492646.pdf"
"PODE";"";"";"";"2019";"NA";"";"56";"5";"DIVULGAÇÃO DA ATIVIDADE PARLAMENTAR.";"0";"";"GRAFICPAPER COMERCIO E SERVICOS EIRELI";"273.278.580/0011-1";"1556";"4";"2023-01-26T00:00:00";"750";"0";"750";"1";"2023";"0";"";"";"1904078";"";"";"";"3172";"7489972";"https://www.camara.leg.br/cota-parlamentar/nota-fiscal-eletronica?ideDocumentoFiscal=7489972"
"PODE";"";"";"";"2023";"NA";"";"57";"5";"DIVULGAÇÃO DA ATIVIDADE PARLAMENTAR.";"0";"";"LINEAR COMUNICACAO LTDA - EPP";"109.472.430/0019-5";"103";"0";"2023-03-02T00:00:00";"650";"0";"650";"2";"2023";"0";"";"";"1912342";"";"";"";"3172";"7505192";"https://www.camara.leg.br/cota-parlamentar/documentos/publ/3172/2023/7505192.pdf"
"PODE";"";"";"";"2023";"NA";"";"57";"13";"FORNECIMENTO DE ALIMENTAÇÃO DO PARLAMENTAR";"0";"";"Pedro Moreira Alta Gastronomia";"475.862.230/0014-6";"101";"0";"2023-11-09T00:00:00";"2000";"0";"2000";"9";"2023";"0";"";"";"1989687";"";"";"";"3172";"7643042";"https://www.camara.leg.br/cota-parlamentar/documentos/publ/3172/2023/7643042.pdf"
"PODE";"";"";"";"2023";"NA";"";"57";"13";"FORNECIMENTO DE ALIMENTAÇÃO DO PARLAMENTAR";"0";"";"Pedro Moreira Alta Gastronomia";"475.862.230/0014-6";"110";"0";"2023-12-06T00:00:00";"2000";"0";"2000";"10";"2023";"0";"";"";"1998381";"";"";"";"3172";"7661432";"https://www.camara.leg.br/cota-parlamentar/documentos/publ/3172/2023/7661432.pdf"
"PODE";"";"";"";"2023";"NA";"";"57";"13";"FORNECIMENTO DE ALIMENTAÇÃO DO PARLAMENTAR";"0";"";"Pedro Moreira Alta Gastronomia";"475.862.230/0014-6";"111";"0";"2023-12-06T00:00:00";"2000";"0";"2000";"10";"2023";"0";"";"";"1998382";"";"";"";"3172";"7661439";"https://www.camara.leg.br/cota-parlamentar/documentos/publ/3172/2023/7661439.pdf"
"PODE";"";"";"";"2023";"NA";"";"57";"13";"FORNECIMENTO DE ALIMENTAÇÃO DO PARLAMENTAR";"0";"";"Pedro Moreira Alta Gastronomia";"475.862.230/0014-6";"112";"0";"2023-12-06T00:00:00";"2000";"0";"2000";"10";"2023";"0";"";"";"1998384";"";"";"";"3172";"7661441";"https://www.camara.leg.br/cota-parlamentar/documentos/publ/3172/2023/7661441.pdf"
"PODE";"";"";"";"2023";"NA";"";"57";"13";"FORNECIMENTO DE ALIMENTAÇÃO DO PARLAMENTAR";"0";"";"Pedro Moreira Alta Gastronomia";"475.862.230/0014-6";"113";"0";"2023-12-06T00:00:00";"1900";"0";"1900";"10";"2023";"0";"";"";"1998385";"";"";"";"3172";"7661444";"https://www.camara.leg.br/cota-parlamentar/documentos/publ/3172/2023/7661444.pdf"
"PODE";"";"";"";"2023";"NA";"";"57";"13";"FORNECIMENTO DE ALIMENTAÇÃO DO PARLAMENTAR";"0";"";"Pedro Moreira Alta Gastronomia";"475.862.230/0014-6";"25";"0";"2023-04-25T00:00:00";"1700";"0";"1700";"3";"2023";"0";"";"";"1932074";"";"";"";"3172";"7528842";"https://www.camara.leg.br/cota-parlamentar/documentos/publ/3172/2023/7528842.pdf"
"PODE";"";"";"";"2023";"NA";"";"57";"13";"FORNECIMENTO DE ALIMENTAÇÃO DO PARLAMENTAR";"0";"";"Pedro Moreira Alta Gastronomia";"475.862.230/0014-6";"27";"0";"2023-04-25T00:00:00";"1700";"0";"1700";"3";"2023";"0";"";"";"1932077";"";"";"";"3172";"7528844";"https://www.camara.leg.br/cota-parlamentar/documentos/publ/3172/2023/7528844.pdf"
"PODE";"";"";"";"2023";"NA";"";"57";"13";"FORNECIMENTO DE ALIMENTAÇÃO DO PARLAMENTAR";"0";"";"Pedro Moreira Alta Gastronomia";"475.862.230/0014-6";"40";"0";"2023-05-31T00:00:00";"1900";"0";"1900";"3";"2023";"0";"";"";"1947881";"";"";"";"3172";"7569525";"https://www.camara.leg.br/cota-parlamentar/documentos/publ/3172/2023/7569525.pdf"
"PODE";"";"";"";"2023";"NA";"";"57";"13";"FORNECIMENTO DE ALIMENTAÇÃO DO PARLAMENTAR";"0";"";"Pedro Moreira Alta Gastronomia";"475.862.230/0014-6";"41";"0";"2023-05-31T00:00:00";"1900";"0";"1900";"3";"2023";"0";"";"";"1947882";"";"";"";"3172";"7569532";"https://www.camara.leg.br/cota-parlamentar/documentos/publ/3172/2023/7569532.pdf"
"PODE";"";"";"";"2023";"NA";"";"57";"13";"FORNECIMENTO DE ALIMENTAÇÃO DO PARLAMENTAR";"0";"";"Pedro Moreira Alta Gastronomia";"475.862.230/0014-6";"60";"0";"2023-08-24T00:00:00";"2000";"0";"2000";"6";"2023";"0";"";"";"1963293";"";"";"";"3172";"7599250";"https://www.camara.leg.br/cota-parlamentar/documentos/publ/3172/2023/7599250.pdf"
"PODE";"";"";"";"2023";"NA";"";"57";"13";"FORNECIMENTO DE ALIMENTAÇÃO DO PARLAMENTAR";"0";"";"Pedro Moreira Alta Gastronomia";"475.862.230/0014-6";"61";"0";"2023-08-24T00:00:00";"2000";"0";"2000";"6";"2023";"0";"";"";"1963296";"";"";"";"3172";"7599251";"https://www.camara.leg.br/cota-parlamentar/documentos/publ/3172/2023/7599251.pdf"
"PODE";"";"";"";"2023";"NA";"";"57";"13";"FORNECIMENTO DE ALIMENTAÇÃO DO PARLAMENTAR";"0";"";"Pedro Moreira Alta Gastronomia";"475.862.230/0014-6";"62";"0";"2023-08-24T00:00:00";"2000";"0";"2000";"6";"2023";"0";"";"";"1963297";"";"";"";"3172";"7599252";"https://www.camara.leg.br/cota-parlamentar/documentos/publ/3172/2023/7599252.pdf"
"PODE";"";"";"";"2023";"NA";"";"57";"13";"FORNECIMENTO DE ALIMENTAÇÃO DO PARLAMENTAR";"0";"";"Pedro Moreira Alta Gastronomia";"475.862.230/0014-6";"64";"0";"2023-08-24T00:00:00";"2000";"0";"2000";"6";"2023";"0";"";"";"1963300";"";"";"";"3172";"7599253";"https://www.camara.leg.br/cota-parlamentar/documentos/publ/3172/2023/7599253.pdf"
"PODE";"";"";"";"2023";"NA";"";"57";"13";"FORNECIMENTO DE ALIMENTAÇÃO DO PARLAMENTAR";"0";"";"Pedro Moreira Alta Gastronomia";"475.862.230/0014-6";"65";"0";"2023-08-24T00:00:00";"2000";"0";"2000";"7";"2023";"0";"";"";"1963301";"";"";"";"3172";"7599254";"https://www.camara.leg.br/cota-parlamentar/documentos/publ/3172/2023/7599254.pdf"
"PODE";"";"";"";"2023";"NA";"";"57";"13";"FORNECIMENTO DE ALIMENTAÇÃO DO PARLAMENTAR";"0";"";"Pedro Moreira Alta Gastronomia";"475.862.230/0014-6";"72";"0";"2023-09-21T00:00:00";"2000";"0";"2000";"7";"2023";"0";"";"";"1974166";"";"";"";"3172";"7613507";"https://www.camara.leg.br/cota-parlamentar/documentos/publ/3172/2023/7613507.pdf"
"PODE";"";"";"";"2023";"NA";"";"57";"13";"FORNECIMENTO DE ALIMENTAÇÃO DO PARLAMENTAR";"0";"";"Pedro Moreira Alta Gastronomia";"475.862.230/0014-6";"75";"0";"2023-09-21T00:00:00";"2000";"0";"2000";"8";"2023";"0";"";"";"1974177";"";"";"";"3172";"7613514";"https://www.camara.leg.br/cota-parlamentar/documentos/publ/3172/2023/7613514.pdf"
"PODE";"";"";"";"2023";"NA";"";"57";"13";"FORNECIMENTO DE ALIMENTAÇÃO DO PARLAMENTAR";"0";"";"Pedro Moreira Alta Gastronomia";"475.862.230/0014-6";"85";"0";"2023-10-24T00:00:00";"2000";"0";"2000";"8";"2023";"0";"";"";"1980878";"";"";"";"3172";"7630688";"https://www.camara.leg.br/cota-parlamentar/documentos/publ/3172/2023/7630688.pdf"
"PODE";"";"";"";"2023";"NA";"";"57";"13";"FORNECIMENTO DE ALIMENTAÇÃO DO PARLAMENTAR";"0";"";"Pedro Moreira Alta Gastronomia";"475.862.230/0014-6";"86";"0";"2023-10-24T00:00:00";"2000";"0";"2000";"8";"2023";"0";"";"";"1980879";"";"";"";"3172";"7630690";"https://www.camara.leg.br/cota-parlamentar/documentos/publ/3172/2023/7630690.pdf"
"PODE";"";"";"";"2023";"NA";"";"57";"13";"FORNECIMENTO DE ALIMENTAÇÃO DO PARLAMENTAR";"0";"";"Pedro Moreira Alta Gastronomia";"475.862.230/0014-6";"87";"0";"2023-10-24T00:00:00";"2000";"0";"2000";"8";"2023";"0";"";"";"1980880";"";"";"";"3172";"7630692";"https://www.camara.leg.br/cota-parlamentar/documentos/publ/3172/2023/7630692.pdf"
"PODE";"";"";"";"2023";"NA";"";"57";"13";"FORNECIMENTO DE ALIMENTAÇÃO DO PARLAMENTAR";"0";"";"Pedro Moreira Alta Gastronomia";"475.862.230/0014-6";"88";"0";"2023-10-24T00:00:00";"2000";"0";"2000";"8";"2023";"0";"";"";"1980881";"";"";"";"3172";"7630697";"https://www.camara.leg.br/cota-parlamentar/documentos/publ/3172/2023/7630697.pdf"
"PODE";"";"";"";"2023";"NA";"";"57";"13";"FORNECIMENTO DE ALIMENTAÇÃO DO PARLAMENTAR";"0";"";"Pedro Moreira Alta Gastronomia";"475.862.230/0014-6";"89";"0";"2023-10-24T00:00:00";"2000";"0";"2000";"8";"2023";"0";"";"";"1980884";"";"";"";"3172";"7630698";"https://www.camara.leg.br/cota-parlamentar/documentos/publ/3172/2023/7630698.pdf"
"PODE";"";"";"";"2023";"NA";"";"57";"13";"FORNECIMENTO DE ALIMENTAÇÃO DO PARLAMENTAR";"0";"";"Pedro Moreira Alta Gastronomia";"475.862.230/0014-6";"90";"0";"2023-10-24T00:00:00";"2000";"0";"2000";"8";"2023";"0";"";"";"1980886";"";"";"";"3172";"7630703";"https://www.camara.leg.br/cota-parlamentar/documentos/publ/3172/2023/7630703.pdf"
"PODE";"";"";"";"2023";"NA";"";"57";"13";"FORNECIMENTO DE ALIMENTAÇÃO DO PARLAMENTAR";"0";"";"Pedro Moreira Alta Gastronomia";"475.862.230/0014-6";"92";"0";"2023-11-09T00:00:00";"2000";"0";"2000";"9";"2023";"0";"";"";"1989684";"";"";"";"3172";"7643032";"https://www.camara.leg.br/cota-parlamentar/documentos/publ/3172/2023/7643032.pdf"
"PODE";"";"";"";"2023";"NA";"";"57";"13";"FORNECIMENTO DE ALIMENTAÇÃO DO PARLAMENTAR";"0";"";"Pedro Moreira Alta Gastronomia";"475.862.230/0014-6";"93";"0";"2023-11-09T00:00:00";"2000";"0";"2000";"9";"2023";"0";"";"";"1989685";"";"";"";"3172";"7643034";"https://www.camara.leg.br/cota-parlamentar/documentos/publ/3172/2023/7643034.pdf"
"PODE";"";"";"";"2023";"NA";"";"57";"13";"FORNECIMENTO DE ALIMENTAÇÃO DO PARLAMENTAR";"0";"";"Pedro Moreira Alta Gastronomia";"475.862.230/0014-6";"94";"0";"2023-11-09T00:00:00";"2000";"0";"2000";"9";"2023";"0";"";"";"1989686";"";"";"";"3172";"7643037";"https://www.camara.leg.br/cota-parlamentar/documentos/publ/3172/2023/7643037.pdf"
"PODE";"";"";"";"2023";"NA";"";"57";"13";"FORNECIMENTO DE ALIMENTAÇÃO DO PARLAMENTAR";"0";"";"PEDRO MOREIRA ALTA GASTRONOMIA LTDA";"475.862.230/0014-6";"23";"0";"2023-03-27T00:00:00";"2063";"0";"2063";"2";"2023";"0";"";"";"1919789";"";"";"";"3172";"7518544";"https://www.camara.leg.br/cota-parlamentar/documentos/publ/3172/2023/7518544.pdf"
"PODE";"";"";"";"2023";"NA";"";"57";"13";"FORNECIMENTO DE ALIMENTAÇÃO DO PARLAMENTAR";"0";"";"SANTO BUFFET SERVICOS DE ALIMENTACAO LTDA";"453.508.390/0019-8";"11";"0";"2023-02-08T00:00:00";"2652";"0";"2652";"2";"2023";"0";"";"";"1908337";"";"";"";"3172";"7497697";"https://www.camara.leg.br/cota-parlamentar/documentos/publ/3172/2023/7497697.pdf"
"PODE";"";"";"";"2023";"NA";"";"57";"13";"FORNECIMENTO DE ALIMENTAÇÃO DO PARLAMENTAR";"0";"";"SANTO BUFFET SERVICOS DE ALIMENTACAO LTDA";"453.508.390/0019-8";"113";"0";"2023-04-25T00:00:00";"1078";"0";"1078";"2";"2023";"0";"";"";"1911046";"";"";"";"3172";"7497745";"https://www.camara.leg.br/cota-parlamentar/documentos/publ/3172/2023/7497745.pdf"
"PODE";"";"";"";"2023";"NA";"";"57";"13";"FORNECIMENTO DE ALIMENTAÇÃO DO PARLAMENTAR";"0";"";"SANTO BUFFET SERVICOS DE ALIMENTACAO LTDA";"453.508.390/0019-8";"12";"0";"2023-02-08T00:00:00";"960";"0";"960";"2";"2023";"0";"";"";"1926403";"";"";"";"3172";"7497719";"https://www.camara.leg.br/cota-parlamentar/documentos/publ/3172/2023/7497719.pdf"
"PODE";"";"";"";"2023";"NA";"";"57";"13";"FORNECIMENTO DE ALIMENTAÇÃO DO PARLAMENTAR";"0";"";"SANTO BUFFET SERVICOS DE ALIMENTACAO LTDA";"453.508.390/0019-8";"14";"0";"2023-02-08T00:00:00";"1596";"0";"1596";"2";"2023";"0";"";"";"1911045";"";"";"";"3172";"7497721";"https://www.camara.leg.br/cota-parlamentar/documentos/publ/3172/2023/7497721.pdf"
"PP";"";"";"";"2023";"NA";"";"57";"13";"FORNECIMENTO DE ALIMENTAÇÃO DO PARLAMENTAR";"0";"";"J&F BAR E RESTAURANTE LTDA";"165.547.760/0035-5";"124";"4";"2023-10-24T00:00:00";"10200";"0";"10200";"9";"2023";"0";"";"";"1980737";"";"";"";"3461";"7630409";"https://www.camara.leg.br/cota-parlamentar/nota-fiscal-eletronica?ideDocumentoFiscal=7630409"
"PP";"";"";"";"2023";"NA";"";"57";"13";"FORNECIMENTO DE ALIMENTAÇÃO DO PARLAMENTAR";"0";"";"J&F BAR E RESTAURANTE LTDA";"165.547.760/0035-5";"152";"4";"2023-11-13T00:00:00";"9800";"0";"9800";"10";"2023";"0";"";"";"1987845";"";"";"";"3461";"7642701";"https://www.camara.leg.br/cota-parlamentar/nota-fiscal-eletronica?ideDocumentoFiscal=7642701"
"PP";"";"";"";"2023";"NA";"";"57";"13";"FORNECIMENTO DE ALIMENTAÇÃO DO PARLAMENTAR";"0";"";"J&F BAR E RESTAURANTE LTDA";"165.547.760/0035-5";"2";"4";"2023-07-12T00:00:00";"5600";"0";"5600";"7";"2023";"0";"";"";"1950935";"";"";"";"3461";"7574926";"https://www.camara.leg.br/cota-parlamentar/nota-fiscal-eletronica?ideDocumentoFiscal=7574926"
"PP";"";"";"";"2023";"NA";"";"57";"13";"FORNECIMENTO DE ALIMENTAÇÃO DO PARLAMENTAR";"0";"";"J&F BAR E RESTAURANTE LTDA";"165.547.760/0035-5";"44";"4";"2023-09-12T00:00:00";"14000";"0";"14000";"8";"2023";"0";"";"";"1967082";"";"";"";"3461";"7606032";"https://www.camara.leg.br/cota-parlamentar/nota-fiscal-eletronica?ideDocumentoFiscal=7606032"
"PP";"";"";"";"2023";"NA";"";"57";"13";"FORNECIMENTO DE ALIMENTAÇÃO DO PARLAMENTAR";"0";"";"JeF BAR E RESTAURANTE LTDA";"165.547.760/0019-3";"102";"0";"2023-12-22T00:00:00";"8400";"0";"8400";"12";"2023";"0";"";"";"2002116";"";"";"";"3461";"7668546";"https://www.camara.leg.br/cota-parlamentar/documentos/publ/3461/2023/7668546.pdf"
"PP";"";"";"";"2023";"NA";"";"57";"13";"FORNECIMENTO DE ALIMENTAÇÃO DO PARLAMENTAR";"0";"";"JeF BAR E RESTAURANTE LTDA";"165.547.760/0019-3";"74";"0";"2023-12-11T00:00:00";"8400";"0";"8400";"11";"2023";"0";"";"";"1997099";"";"";"";"3461";"7659110";"https://www.camara.leg.br/cota-parlamentar/documentos/publ/3461/2023/7659110.pdf"
"PP";"";"";"";"2023";"NA";"";"57";"13";"FORNECIMENTO DE ALIMENTAÇÃO DO PARLAMENTAR";"0";"";"SILT SELF SERVICE EIRELI EPP";"072.867.310/0019-4";"10";"4";"2023-04-05T00:00:00";"9990";"0";"9990";"3";"2023";"0";"";"";"1922251";"";"";"";"3461";"7523010";"https://www.camara.leg.br/cota-parlamentar/nota-fiscal-eletronica?ideDocumentoFiscal=7523010"
"PP";"";"";"";"2023";"NA";"";"57";"13";"FORNECIMENTO DE ALIMENTAÇÃO DO PARLAMENTAR";"0";"";"SILT SELF SERVICE EIRELI EPP";"072.867.310/0019-4";"11";"4";"2023-05-12T00:00:00";"6660";"0";"6660";"4";"2023";"0";"";"";"1933254";"";"";"";"3461";"7542300";"https://www.camara.leg.br/cota-parlamentar/nota-fiscal-eletronica?ideDocumentoFiscal=7542300"
"PP";"";"";"";"2023";"NA";"";"57";"13";"FORNECIMENTO DE ALIMENTAÇÃO DO PARLAMENTAR";"0";"";"SILT SELF SERVICE EIRELI EPP";"072.867.310/0019-4";"12";"4";"2023-06-06T00:00:00";"14000";"0";"14000";"5";"2023";"0";"";"";"1940039";"";"";"";"3461";"7555096";"https://www.camara.leg.br/cota-parlamentar/nota-fiscal-eletronica?ideDocumentoFiscal=7555096"
"PP";"";"";"";"2023";"NA";"";"57";"13";"FORNECIMENTO DE ALIMENTAÇÃO DO PARLAMENTAR";"0";"";"SILT SELF SERVICE EIRELI EPP";"072.867.310/0019-4";"13";"4";"2023-06-21T00:00:00";"5600";"0";"5600";"6";"2023";"0";"";"";"1945254";"";"";"";"3461";"7564723";"https://www.camara.leg.br/cota-parlamentar/nota-fiscal-eletronica?ideDocumentoFiscal=7564723"
"PP";"";"";"";"2023";"NA";"";"57";"13";"FORNECIMENTO DE ALIMENTAÇÃO DO PARLAMENTAR";"0";"";"SILT SELF SERVICE EIRELI EPP";"072.867.310/0019-4";"9";"4";"2023-03-03T00:00:00";"6660";"0";"6660";"2";"2023";"0";"";"";"1912678";"";"";"";"3461";"7505233";"https://www.camara.leg.br/cota-parlamentar/nota-fiscal-eletronica?ideDocumentoFiscal=7505233"
"PROS";"";"";"";"2019";"NA";"";"56";"9";"PASSAGEM AÉREA - REEMBOLSO";"0";"";"Gol Linhas Aereas S.A.";"075.756.510/0015-9";"1272187663696";"0";"2023-01-08T00:00:00";"942.27";"0";"942.27";"1";"2023";"0";"";"";"1902043";"";"";"";"2865";"7486092";"https://www.camara.leg.br/cota-parlamentar/documentos/publ/2865/2023/7486092.pdf"
"PSD";"";"";"";"2019";"NA";"";"56";"1";"MANUTENÇÃO DE ESCRITÓRIO DE APOIO À ATIVIDADE PARLAMENTAR";"0";"";"GRAN COFFEE COM. LOC. E SERVICOS S.A.";"087.360.110/0111-8";"51145";"1";"2023-02-01T00:00:00";"336";"0";"336";"1";"2023";"0";"";"";"1912367";"";"";"";"2725";"7504089";"https://www.camara.leg.br/cota-parlamentar/documentos/publ/2725/2023/7504089.pdf"
"PSD";"";"";"";"2023";"NA";"";"57";"1";"MANUTENÇÃO DE ESCRITÓRIO DE APOIO À ATIVIDADE PARLAMENTAR";"0";"";"Gran Coffee com. loc e serviços LTDA";"087.360.110/0014-6";"52633";"1";"2023-05-04T00:00:00";"336.57";"0";"336.57";"5";"2023";"0";"";"";"1959675";"";"";"";"2725";"7572734";"https://www.camara.leg.br/cota-parlamentar/documentos/publ/2725/2023/7572734.pdf"
"PSD";"";"";"";"2023";"NA";"";"57";"1";"MANUTENÇÃO DE ESCRITÓRIO DE APOIO À ATIVIDADE PARLAMENTAR";"0";"";"GRAN COFFEE COM. LOC. E SERVICOS S.A.";"087.360.110/0111-8";"51606";"1";"2023-03-01T00:00:00";"336";"0";"336";"2";"2023";"0";"";"";"1926636";"";"";"";"2725";"7530826";"https://www.camara.leg.br/cota-parlamentar/documentos/publ/2725/2023/7530826.pdf"
"PSD";"";"";"";"2023";"NA";"";"57";"1";"MANUTENÇÃO DE ESCRITÓRIO DE APOIO À ATIVIDADE PARLAMENTAR";"0";"";"GRAN COFFEE COM. LOC. E SERVICOS S.A.";"087.360.110/0111-8";"529641";"1";"2023-06-01T00:00:00";"336.57";"0";"336.57";"6";"2023";"0";"";"";"1959674";"";"";"";"2725";"7585296";"https://www.camara.leg.br/cota-parlamentar/documentos/publ/2725/2023/7585296.pdf"
"PSD";"";"";"";"2023";"NA";"";"57";"1";"MANUTENÇÃO DE ESCRITÓRIO DE APOIO À ATIVIDADE PARLAMENTAR";"0";"";"GRAN COFFEE COM. LOC. E SERVICOS S.A.";"087.360.110/0111-8";"533551";"1";"2023-07-03T00:00:00";"336.57";"0";"336.57";"7";"2023";"0";"";"";"1959676";"";"";"";"2725";"7585305";"https://www.camara.leg.br/cota-parlamentar/documentos/publ/2725/2023/7585305.pdf"
"PSD";"";"";"";"2023";"NA";"";"57";"1";"MANUTENÇÃO DE ESCRITÓRIO DE APOIO À ATIVIDADE PARLAMENTAR";"0";"";"GRAN COFFEE COM. LOC. E SERVICOS S.A.";"087.360.110/0111-8";"537811";"1";"2023-09-15T00:00:00";"336.57";"0";"336.57";"8";"2023";"0";"";"";"1970450";"";"";"";"2725";"7612516";"https://www.camara.leg.br/cota-parlamentar/documentos/publ/2725/2023/7612516.pdf"
"PSD";"";"";"";"2023";"NA";"";"57";"1";"MANUTENÇÃO DE ESCRITÓRIO DE APOIO À ATIVIDADE PARLAMENTAR";"0";"";"GRAN COFFEE COM. LOC. E SERVICOS S.A.";"087.360.110/0111-8";"54211";"1";"2023-09-01T00:00:00";"336.57";"0";"336.57";"8";"2023";"0";"";"";"1970969";"";"";"";"2725";"7613449";"https://www.camara.leg.br/cota-parlamentar/documentos/publ/2725/2023/7613449.pdf"
"PSD";"";"";"";"2023";"NA";"";"57";"1";"MANUTENÇÃO DE ESCRITÓRIO DE APOIO À ATIVIDADE PARLAMENTAR";"0";"";"GRAN COFFEE COM. LOC. E SERVICOS S.A.";"087.360.110/0111-8";"54659";"1";"2023-10-30T00:00:00";"336.57";"0";"336.57";"9";"2023";"0";"";"";"1995127";"";"";"";"2725";"7656437";"https://www.camara.leg.br/cota-parlamentar/documentos/publ/2725/2023/7656437.pdf"
"PSD";"";"";"";"2023";"NA";"";"57";"1";"MANUTENÇÃO DE ESCRITÓRIO DE APOIO À ATIVIDADE PARLAMENTAR";"0";"";"GRAN COFFEE COM. LOC. E SERVICOS S.A.";"087.360.110/0111-8";"55132";"1";"2023-11-29T00:00:00";"336.57";"0";"336.57";"10";"2023";"0";"";"";"1995128";"";"";"";"2725";"7656440";"https://www.camara.leg.br/cota-parlamentar/documentos/publ/2725/2023/7656440.pdf"
"PSD";"";"";"";"2023";"NA";"";"57";"13";"FORNECIMENTO DE ALIMENTAÇÃO DO PARLAMENTAR";"0";"";"SANTO BUFFET SERVICOS DE ALIMENTACAO LTDA";"453.508.390/0019-8";"105";"0";"2023-04-19T00:00:00";"1200";"0";"1200";"4";"2023";"0";"";"";"1935909";"";"";"";"2725";"7547366";"https://www.camara.leg.br/cota-parlamentar/documentos/publ/2725/2023/7547366.pdf"
"PSD";"";"";"";"2023";"NA";"";"57";"13";"FORNECIMENTO DE ALIMENTAÇÃO DO PARLAMENTAR";"0";"";"SANTO BUFFET SERVICOS DE ALIMENTACAO LTDA";"453.508.390/0019-8";"110";"0";"2023-04-19T00:00:00";"1200";"0";"1200";"4";"2023";"0";"";"";"1944150";"";"";"";"2725";"7562662";"https://www.camara.leg.br/cota-parlamentar/documentos/publ/2725/2023/7562662.pdf"
"PSD";"";"";"";"2023";"NA";"";"57";"13";"FORNECIMENTO DE ALIMENTAÇÃO DO PARLAMENTAR";"0";"";"SANTO BUFFET SERVICOS DE ALIMENTACAO LTDA";"453.508.390/0019-8";"116";"0";"2023-04-26T00:00:00";"1200";"0";"1200";"4";"2023";"0";"";"";"1944150";"";"";"";"2725";"7562655";"https://www.camara.leg.br/cota-parlamentar/documentos/publ/2725/2023/7562655.pdf"
"PSD";"";"";"";"2023";"NA";"";"57";"13";"FORNECIMENTO DE ALIMENTAÇÃO DO PARLAMENTAR";"0";"";"SANTO BUFFET SERVICOS DE ALIMENTACAO LTDA";"453.508.390/0019-8";"121";"0";"2023-04-26T00:00:00";"1200";"0";"1200";"4";"2023";"0";"";"";"1944150";"";"";"";"2725";"7562657";"https://www.camara.leg.br/cota-parlamentar/documentos/publ/2725/2023/7562657.pdf"
"PSD";"";"";"";"2023";"NA";"";"57";"13";"FORNECIMENTO DE ALIMENTAÇÃO DO PARLAMENTAR";"0";"";"SANTO BUFFET SERVICOS DE ALIMENTACAO LTDA";"453.508.390/0019-8";"126";"0";"2023-05-06T00:00:00";"1200";"0";"1200";"5";"2023";"0";"";"";"1944151";"";"";"";"2725";"7562658";"https://www.camara.leg.br/cota-parlamentar/documentos/publ/2725/2023/7562658.pdf"
"PSD";"";"";"";"2023";"NA";"";"57";"13";"FORNECIMENTO DE ALIMENTAÇÃO DO PARLAMENTAR";"0";"";"SANTO BUFFET SERVICOS DE ALIMENTACAO LTDA";"453.508.390/0019-8";"129";"0";"2023-05-06T00:00:00";"1200";"0";"1200";"5";"2023";"0";"";"";"1944151";"";"";"";"2725";"7562659";"https://www.camara.leg.br/cota-parlamentar/documentos/publ/2725/2023/7562659.pdf"
"PSD";"";"";"";"2023";"NA";"";"57";"13";"FORNECIMENTO DE ALIMENTAÇÃO DO PARLAMENTAR";"0";"";"SANTO BUFFET SERVICOS DE ALIMENTACAO LTDA";"453.508.390/0019-8";"136";"0";"2023-05-10T00:00:00";"1200";"0";"1200";"5";"2023";"0";"";"";"1945464";"";"";"";"2725";"7562661";"https://www.camara.leg.br/cota-parlamentar/documentos/publ/2725/2023/7562661.pdf"
"PSD";"";"";"";"2023";"NA";"";"57";"13";"FORNECIMENTO DE ALIMENTAÇÃO DO PARLAMENTAR";"0";"";"SANTO BUFFET SERVICOS DE ALIMENTACAO LTDA";"453.508.390/0019-8";"139";"0";"2023-05-10T00:00:00";"1200";"0";"1200";"5";"2023";"0";"";"";"1945469";"";"";"";"2725";"7562663";"https://www.camara.leg.br/cota-parlamentar/documentos/publ/2725/2023/7562663.pdf"
"PSD";"";"";"";"2023";"NA";"";"57";"13";"FORNECIMENTO DE ALIMENTAÇÃO DO PARLAMENTAR";"0";"";"SANTO BUFFET SERVICOS DE ALIMENTACAO LTDA";"453.508.390/0019-8";"146";"0";"2023-05-18T00:00:00";"1200";"0";"1200";"5";"2023";"0";"";"";"1945457";"";"";"";"2725";"7562665";"https://www.camara.leg.br/cota-parlamentar/documentos/publ/2725/2023/7562665.pdf"
"PSD";"";"";"";"2023";"NA";"";"57";"13";"FORNECIMENTO DE ALIMENTAÇÃO DO PARLAMENTAR";"0";"";"SANTO BUFFET SERVICOS DE ALIMENTACAO LTDA";"453.508.390/0019-8";"151";"0";"2023-05-18T00:00:00";"1200";"0";"1200";"5";"2023";"0";"";"";"1945452";"";"";"";"2725";"7562667";"https://www.camara.leg.br/cota-parlamentar/documentos/publ/2725/2023/7562667.pdf"
"PSD";"";"";"";"2023";"NA";"";"57";"13";"FORNECIMENTO DE ALIMENTAÇÃO DO PARLAMENTAR";"0";"";"SANTO BUFFET SERVICOS DE ALIMENTACAO LTDA";"453.508.390/0019-8";"157";"0";"2023-05-24T00:00:00";"1200";"0";"1200";"5";"2023";"0";"";"";"1945511";"";"";"";"2725";"7562668";"https://www.camara.leg.br/cota-parlamentar/documentos/publ/2725/2023/7562668.pdf"
"PSD";"";"";"";"2023";"NA";"";"57";"13";"FORNECIMENTO DE ALIMENTAÇÃO DO PARLAMENTAR";"0";"";"SANTO BUFFET SERVICOS DE ALIMENTACAO LTDA";"453.508.390/0019-8";"162";"0";"2023-05-24T00:00:00";"1200";"0";"1200";"5";"2023";"0";"";"";"1945442";"";"";"";"2725";"7562670";"https://www.camara.leg.br/cota-parlamentar/documentos/publ/2725/2023/7562670.pdf"
"PSD";"";"";"";"2023";"NA";"";"57";"13";"FORNECIMENTO DE ALIMENTAÇÃO DO PARLAMENTAR";"0";"";"SANTO BUFFET SERVICOS DE ALIMENTACAO LTDA";"453.508.390/0019-8";"168";"0";"2023-05-31T00:00:00";"1200";"0";"1200";"5";"2023";"0";"";"";"1945497";"";"";"";"2725";"7562671";"https://www.camara.leg.br/cota-parlamentar/documentos/publ/2725/2023/7562671.pdf"
"PSD";"";"";"";"2023";"NA";"";"57";"13";"FORNECIMENTO DE ALIMENTAÇÃO DO PARLAMENTAR";"0";"";"SANTO BUFFET SERVICOS DE ALIMENTACAO LTDA";"453.508.390/0019-8";"171";"0";"2023-05-31T00:00:00";"1200";"0";"1200";"5";"2023";"0";"";"";"1945479";"";"";"";"2725";"7562672";"https://www.camara.leg.br/cota-parlamentar/documentos/publ/2725/2023/7562672.pdf"
"PSD";"";"";"";"2023";"NA";"";"57";"13";"FORNECIMENTO DE ALIMENTAÇÃO DO PARLAMENTAR";"0";"";"SANTO BUFFET SERVICOS DE ALIMENTACAO LTDA";"453.508.390/0019-8";"181";"0";"2023-06-14T00:00:00";"1800";"0";"1800";"6";"2023";"0";"";"";"1952557";"";"";"";"2725";"7567727";"https://www.camara.leg.br/cota-parlamentar/documentos/publ/2725/2023/7567727.pdf"
"PSD";"";"";"";"2023";"NA";"";"57";"13";"FORNECIMENTO DE ALIMENTAÇÃO DO PARLAMENTAR";"0";"";"SANTO BUFFET SERVICOS DE ALIMENTACAO LTDA";"453.508.390/0019-8";"185";"0";"2023-06-14T00:00:00";"1200";"0";"1200";"6";"2023";"0";"";"";"1944408";"";"";"";"2725";"7562673";"https://www.camara.leg.br/cota-parlamentar/documentos/publ/2725/2023/7562673.pdf"
"PSD";"";"";"";"2023";"NA";"";"57";"13";"FORNECIMENTO DE ALIMENTAÇÃO DO PARLAMENTAR";"0";"";"SANTO BUFFET SERVICOS DE ALIMENTACAO LTDA";"453.508.390/0019-8";"192";"0";"2023-06-22T00:00:00";"900";"0";"900";"6";"2023";"0";"";"";"1952566";"";"";"";"2725";"7567765";"https://www.camara.leg.br/cota-parlamentar/documentos/publ/2725/2023/7567765.pdf"
"PSD";"";"";"";"2023";"NA";"";"57";"13";"FORNECIMENTO DE ALIMENTAÇÃO DO PARLAMENTAR";"0";"";"SANTO BUFFET SERVICOS DE ALIMENTACAO LTDA";"453.508.390/0019-8";"203";"0";"2023-07-06T00:00:00";"1800";"0";"1800";"7";"2023";"0";"";"";"1953117";"";"";"";"2725";"7578074";"https://www.camara.leg.br/cota-parlamentar/documentos/publ/2725/2023/7578074.pdf"
"PSD";"";"";"";"2023";"NA";"";"57";"13";"FORNECIMENTO DE ALIMENTAÇÃO DO PARLAMENTAR";"0";"";"SANTO BUFFET SERVICOS DE ALIMENTACAO LTDA";"453.508.390/0019-8";"208";"0";"2023-07-06T00:00:00";"1800";"0";"1800";"7";"2023";"0";"";"";"1953118";"";"";"";"2725";"7578084";"https://www.camara.leg.br/cota-parlamentar/documentos/publ/2725/2023/7578084.pdf"
"PSD";"";"";"";"2023";"NA";"";"57";"13";"FORNECIMENTO DE ALIMENTAÇÃO DO PARLAMENTAR";"0";"";"SANTO BUFFET SERVICOS DE ALIMENTACAO LTDA";"453.508.390/0019-8";"214";"0";"2023-07-06T00:00:00";"1200";"0";"1200";"7";"2023";"0";"";"";"1953119";"";"";"";"2725";"7578095";"https://www.camara.leg.br/cota-parlamentar/documentos/publ/2725/2023/7578095.pdf"
"PSD";"";"";"";"2023";"NA";"";"57";"13";"FORNECIMENTO DE ALIMENTAÇÃO DO PARLAMENTAR";"0";"";"SANTO BUFFET SERVICOS DE ALIMENTACAO LTDA";"453.508.390/0019-8";"226";"0";"2023-08-03T00:00:00";"1200";"0";"1200";"8";"2023";"0";"";"";"1959485";"";"";"";"2725";"7591811";"https://www.camara.leg.br/cota-parlamentar/documentos/publ/2725/2023/7591811.pdf"
"PSD";"";"";"";"2023";"NA";"";"57";"13";"FORNECIMENTO DE ALIMENTAÇÃO DO PARLAMENTAR";"0";"";"SANTO BUFFET SERVICOS DE ALIMENTACAO LTDA";"453.508.390/0019-8";"230";"0";"2023-08-03T00:00:00";"1200";"0";"1200";"8";"2023";"0";"";"";"1959487";"";"";"";"2725";"7591813";"https://www.camara.leg.br/cota-parlamentar/documentos/publ/2725/2023/7591813.pdf"
"PSD";"";"";"";"2023";"NA";"";"57";"13";"FORNECIMENTO DE ALIMENTAÇÃO DO PARLAMENTAR";"0";"";"SANTO BUFFET SERVICOS DE ALIMENTACAO LTDA";"453.508.390/0019-8";"234";"0";"2023-08-09T00:00:00";"1200";"0";"1200";"8";"2023";"0";"";"";"1959488";"";"";"";"2725";"7591816";"https://www.camara.leg.br/cota-parlamentar/documentos/publ/2725/2023/7591816.pdf"
"PSD";"";"";"";"2023";"NA";"";"57";"13";"FORNECIMENTO DE ALIMENTAÇÃO DO PARLAMENTAR";"0";"";"SANTO BUFFET SERVICOS DE ALIMENTACAO LTDA";"453.508.390/0019-8";"238";"0";"2023-08-09T00:00:00";"1200";"0";"1200";"8";"2023";"0";"";"";"1959490";"";"";"";"2725";"7591818";"https://www.camara.leg.br/cota-parlamentar/documentos/publ/2725/2023/7591818.pdf"
"PSD";"";"";"";"2023";"NA";"";"57";"13";"FORNECIMENTO DE ALIMENTAÇÃO DO PARLAMENTAR";"0";"";"SANTO BUFFET SERVICOS DE ALIMENTACAO LTDA";"453.508.390/0019-8";"248";"0";"2023-08-16T00:00:00";"1800";"0";"1800";"8";"2023";"0";"";"";"1965002";"";"";"";"2725";"7602328";"https://www.camara.leg.br/cota-parlamentar/documentos/publ/2725/2023/7602328.pdf"
"PSD";"";"";"";"2023";"NA";"";"57";"13";"FORNECIMENTO DE ALIMENTAÇÃO DO PARLAMENTAR";"0";"";"SANTO BUFFET SERVICOS DE ALIMENTACAO LTDA";"453.508.390/0019-8";"252";"0";"2023-08-16T00:00:00";"1800";"0";"1800";"8";"2023";"0";"";"";"1965005";"";"";"";"2725";"7602335";"https://www.camara.leg.br/cota-parlamentar/documentos/publ/2725/2023/7602335.pdf"
"PSD";"";"";"";"2023";"NA";"";"57";"13";"FORNECIMENTO DE ALIMENTAÇÃO DO PARLAMENTAR";"0";"";"SANTO BUFFET SERVICOS DE ALIMENTACAO LTDA";"453.508.390/0019-8";"259";"0";"2023-08-23T00:00:00";"1800";"0";"1800";"8";"2023";"0";"";"";"1965009";"";"";"";"2725";"7602341";"https://www.camara.leg.br/cota-parlamentar/documentos/publ/2725/2023/7602341.pdf"
"PSD";"";"";"";"2023";"NA";"";"57";"13";"FORNECIMENTO DE ALIMENTAÇÃO DO PARLAMENTAR";"0";"";"SANTO BUFFET SERVICOS DE ALIMENTACAO LTDA";"453.508.390/0019-8";"26";"0";"2023-02-15T00:00:00";"975";"0";"975";"2";"2023";"0";"";"";"1909043";"";"";"";"2725";"7499018";"https://www.camara.leg.br/cota-parlamentar/documentos/publ/2725/2023/7499018.pdf"
"PSD";"";"";"";"2023";"NA";"";"57";"13";"FORNECIMENTO DE ALIMENTAÇÃO DO PARLAMENTAR";"0";"";"SANTO BUFFET SERVICOS DE ALIMENTACAO LTDA";"453.508.390/0019-8";"263";"0";"2023-08-23T00:00:00";"1800";"0";"1800";"8";"2023";"0";"";"";"1965013";"";"";"";"2725";"7602347";"https://www.camara.leg.br/cota-parlamentar/documentos/publ/2725/2023/7602347.pdf"
"PSD";"";"";"";"2023";"NA";"";"57";"13";"FORNECIMENTO DE ALIMENTAÇÃO DO PARLAMENTAR";"0";"";"SANTO BUFFET SERVICOS DE ALIMENTACAO LTDA";"453.508.390/0019-8";"269";"0";"2023-08-30T00:00:00";"1800";"0";"1800";"8";"2023";"0";"";"";"1965017";"";"";"";"2725";"7602355";"https://www.camara.leg.br/cota-parlamentar/documentos/publ/2725/2023/7602355.pdf"
"PSD";"";"";"";"2023";"NA";"";"57";"13";"FORNECIMENTO DE ALIMENTAÇÃO DO PARLAMENTAR";"0";"";"SANTO BUFFET SERVICOS DE ALIMENTACAO LTDA";"453.508.390/0019-8";"273";"0";"2023-08-30T00:00:00";"1800";"0";"1800";"8";"2023";"0";"";"";"1965019";"";"";"";"2725";"7602361";"https://www.camara.leg.br/cota-parlamentar/documentos/publ/2725/2023/7602361.pdf"
"PSD";"";"";"";"2023";"NA";"";"57";"13";"FORNECIMENTO DE ALIMENTAÇÃO DO PARLAMENTAR";"0";"";"SANTO BUFFET SERVICOS DE ALIMENTACAO LTDA";"453.508.390/0019-8";"279";"0";"2023-09-06T00:00:00";"1200";"0";"1200";"9";"2023";"0";"";"";"1970915";"";"";"";"2725";"7613337";"https://www.camara.leg.br/cota-parlamentar/documentos/publ/2725/2023/7613337.pdf"
"PSD";"";"";"";"2023";"NA";"";"57";"13";"FORNECIMENTO DE ALIMENTAÇÃO DO PARLAMENTAR";"0";"";"SANTO BUFFET SERVICOS DE ALIMENTACAO LTDA";"453.508.390/0019-8";"282";"0";"2023-09-06T00:00:00";"1200";"0";"1200";"9";"2023";"0";"";"";"1970916";"";"";"";"2725";"7613348";"https://www.camara.leg.br/cota-parlamentar/documentos/publ/2725/2023/7613348.pdf"
"PSD";"";"";"";"2023";"NA";"";"57";"13";"FORNECIMENTO DE ALIMENTAÇÃO DO PARLAMENTAR";"0";"";"SANTO BUFFET SERVICOS DE ALIMENTACAO LTDA";"453.508.390/0019-8";"287";"0";"2023-09-13T00:00:00";"1800";"0";"1800";"9";"2023";"0";"";"";"1970920";"";"";"";"2725";"7613352";"https://www.camara.leg.br/cota-parlamentar/documentos/publ/2725/2023/7613352.pdf"
"PSD";"";"";"";"2023";"NA";"";"57";"13";"FORNECIMENTO DE ALIMENTAÇÃO DO PARLAMENTAR";"0";"";"SANTO BUFFET SERVICOS DE ALIMENTACAO LTDA";"453.508.390/0019-8";"291";"0";"2023-09-13T00:00:00";"1800";"0";"1800";"9";"2023";"0";"";"";"1970921";"";"";"";"2725";"7613355";"https://www.camara.leg.br/cota-parlamentar/documentos/publ/2725/2023/7613355.pdf"
"PSD";"";"";"";"2023";"NA";"";"57";"13";"FORNECIMENTO DE ALIMENTAÇÃO DO PARLAMENTAR";"0";"";"SANTO BUFFET SERVICOS DE ALIMENTACAO LTDA";"453.508.390/0019-8";"298";"0";"2023-09-20T00:00:00";"1200";"0";"1200";"9";"2023";"0";"";"";"1970922";"";"";"";"2725";"7613358";"https://www.camara.leg.br/cota-parlamentar/documentos/publ/2725/2023/7613358.pdf"
"PSD";"";"";"";"2023";"NA";"";"57";"13";"FORNECIMENTO DE ALIMENTAÇÃO DO PARLAMENTAR";"0";"";"SANTO BUFFET SERVICOS DE ALIMENTACAO LTDA";"453.508.390/0019-8";"30";"0";"2023-02-27T00:00:00";"1300";"0";"1300";"2";"2023";"0";"";"";"1911857";"";"";"";"2725";"7504177";"https://www.camara.leg.br/cota-parlamentar/documentos/publ/2725/2023/7504177.pdf"
"PSD";"";"";"";"2023";"NA";"";"57";"13";"FORNECIMENTO DE ALIMENTAÇÃO DO PARLAMENTAR";"0";"";"SANTO BUFFET SERVICOS DE ALIMENTACAO LTDA";"453.508.390/0019-8";"302";"0";"2023-09-20T00:00:00";"1200";"0";"1200";"9";"2023";"0";"";"";"1970923";"";"";"";"2725";"7613360";"https://www.camara.leg.br/cota-parlamentar/documentos/publ/2725/2023/7613360.pdf"
"PSD";"";"";"";"2023";"NA";"";"57";"13";"FORNECIMENTO DE ALIMENTAÇÃO DO PARLAMENTAR";"0";"";"SANTO BUFFET SERVICOS DE ALIMENTACAO LTDA";"453.508.390/0019-8";"309";"0";"2023-09-27T00:00:00";"1200";"0";"1200";"9";"2023";"0";"";"";"1981869";"";"";"";"2725";"7632591";"https://www.camara.leg.br/cota-parlamentar/documentos/publ/2725/2023/7632591.pdf"
"PSD";"";"";"";"2023";"NA";"";"57";"13";"FORNECIMENTO DE ALIMENTAÇÃO DO PARLAMENTAR";"0";"";"SANTO BUFFET SERVICOS DE ALIMENTACAO LTDA";"453.508.390/0019-8";"31";"0";"2023-02-27T00:00:00";"1300";"0";"1300";"2";"2023";"0";"";"";"1911857";"";"";"";"2725";"7504188";"https://www.camara.leg.br/cota-parlamentar/documentos/publ/2725/2023/7504188.pdf"
"PSD";"";"";"";"2023";"NA";"";"57";"13";"FORNECIMENTO DE ALIMENTAÇÃO DO PARLAMENTAR";"0";"";"SANTO BUFFET SERVICOS DE ALIMENTACAO LTDA";"453.508.390/0019-8";"315";"0";"2023-09-28T00:00:00";"1200";"0";"1200";"9";"2023";"0";"";"";"1981870";"";"";"";"2725";"7632594";"https://www.camara.leg.br/cota-parlamentar/documentos/publ/2725/2023/7632594.pdf"
"PSD";"";"";"";"2023";"NA";"";"57";"13";"FORNECIMENTO DE ALIMENTAÇÃO DO PARLAMENTAR";"0";"";"SANTO BUFFET SERVICOS DE ALIMENTACAO LTDA";"453.508.390/0019-8";"321";"0";"2023-10-04T00:00:00";"1500";"0";"1500";"10";"2023";"0";"";"";"1981877";"";"";"";"2725";"7632597";"https://www.camara.leg.br/cota-parlamentar/documentos/publ/2725/2023/7632597.pdf"
"PSD";"";"";"";"2023";"NA";"";"57";"13";"FORNECIMENTO DE ALIMENTAÇÃO DO PARLAMENTAR";"0";"";"SANTO BUFFET SERVICOS DE ALIMENTACAO LTDA";"453.508.390/0019-8";"327";"0";"2023-10-04T00:00:00";"1200";"0";"1200";"10";"2023";"0";"";"";"1981878";"";"";"";"2725";"7632600";"https://www.camara.leg.br/cota-parlamentar/documentos/publ/2725/2023/7632600.pdf"
"PSD";"";"";"";"2023";"NA";"";"57";"13";"FORNECIMENTO DE ALIMENTAÇÃO DO PARLAMENTAR";"0";"";"SANTO BUFFET SERVICOS DE ALIMENTACAO LTDA";"453.508.390/0019-8";"332";"0";"2023-10-10T00:00:00";"1200";"0";"1200";"10";"2023";"0";"";"";"1981879";"";"";"";"2725";"7632603";"https://www.camara.leg.br/cota-parlamentar/documentos/publ/2725/2023/7632603.pdf"
"PSD";"";"";"";"2023";"NA";"";"57";"13";"FORNECIMENTO DE ALIMENTAÇÃO DO PARLAMENTAR";"0";"";"SANTO BUFFET SERVICOS DE ALIMENTACAO LTDA";"453.508.390/0019-8";"336";"0";"2023-10-10T00:00:00";"900";"0";"900";"10";"2023";"0";"";"";"1984101";"";"";"";"2725";"7636969";"https://www.camara.leg.br/cota-parlamentar/documentos/publ/2725/2023/7636969.pdf"
"PSD";"";"";"";"2023";"NA";"";"57";"13";"FORNECIMENTO DE ALIMENTAÇÃO DO PARLAMENTAR";"0";"";"SANTO BUFFET SERVICOS DE ALIMENTACAO LTDA";"453.508.390/0019-8";"34";"0";"2023-03-01T00:00:00";"1300";"0";"1300";"2";"2023";"0";"";"";"1911857";"";"";"";"2725";"7504102";"https://www.camara.leg.br/cota-parlamentar/documentos/publ/2725/2023/7504102.pdf"
"PSD";"";"";"";"2023";"NA";"";"57";"13";"FORNECIMENTO DE ALIMENTAÇÃO DO PARLAMENTAR";"0";"";"SANTO BUFFET SERVICOS DE ALIMENTACAO LTDA";"453.508.390/0019-8";"342";"0";"2023-10-18T00:00:00";"1200";"0";"1200";"10";"2023";"0";"";"";"1984102";"";"";"";"2725";"7636974";"https://www.camara.leg.br/cota-parlamentar/documentos/publ/2725/2023/7636974.pdf"
"PSD";"";"";"";"2023";"NA";"";"57";"13";"FORNECIMENTO DE ALIMENTAÇÃO DO PARLAMENTAR";"0";"";"SANTO BUFFET SERVICOS DE ALIMENTACAO LTDA";"453.508.390/0019-8";"35";"0";"2023-03-01T00:00:00";"1200";"0";"1200";"3";"2023";"0";"";"";"1911864";"";"";"";"2725";"7504099";"https://www.camara.leg.br/cota-parlamentar/documentos/publ/2725/2023/7504099.pdf"
"PSD";"";"";"";"2023";"NA";"";"57";"13";"FORNECIMENTO DE ALIMENTAÇÃO DO PARLAMENTAR";"0";"";"SANTO BUFFET SERVICOS DE ALIMENTACAO LTDA";"453.508.390/0019-8";"353";"0";"2023-10-25T00:00:00";"1200";"0";"1200";"10";"2023";"0";"";"";"1988063";"";"";"";"2725";"7643180";"https://www.camara.leg.br/cota-parlamentar/documentos/publ/2725/2023/7643180.pdf"
"PSD";"";"";"";"2023";"NA";"";"57";"13";"FORNECIMENTO DE ALIMENTAÇÃO DO PARLAMENTAR";"0";"";"SANTO BUFFET SERVICOS DE ALIMENTACAO LTDA";"453.508.390/0019-8";"359";"0";"2023-10-25T00:00:00";"1200";"0";"1200";"10";"2023";"0";"";"";"1988068";"";"";"";"2725";"7643189";"https://www.camara.leg.br/cota-parlamentar/documentos/publ/2725/2023/7643189.pdf"
"PSD";"";"";"";"2023";"NA";"";"57";"13";"FORNECIMENTO DE ALIMENTAÇÃO DO PARLAMENTAR";"0";"";"SANTO BUFFET SERVICOS DE ALIMENTACAO LTDA";"453.508.390/0019-8";"367";"0";"2023-11-01T00:00:00";"1200";"0";"1200";"10";"2023";"0";"";"";"1988070";"";"";"";"2725";"7643196";"https://www.camara.leg.br/cota-parlamentar/documentos/publ/2725/2023/7643196.pdf"
"PSD";"";"";"";"2023";"NA";"";"57";"13";"FORNECIMENTO DE ALIMENTAÇÃO DO PARLAMENTAR";"0";"";"SANTO BUFFET SERVICOS DE ALIMENTACAO LTDA";"453.508.390/0019-8";"378";"0";"2023-11-08T00:00:00";"1200";"0";"1200";"11";"2023";"0";"";"";"1992366";"";"";"";"2725";"7651628";"https://www.camara.leg.br/cota-parlamentar/documentos/publ/2725/2023/7651628.pdf"
"PSD";"";"";"";"2023";"NA";"";"57";"13";"FORNECIMENTO DE ALIMENTAÇÃO DO PARLAMENTAR";"0";"";"SANTO BUFFET SERVICOS DE ALIMENTACAO LTDA";"453.508.390/0019-8";"380";"0";"2023-11-08T00:00:00";"1200";"0";"1200";"11";"2023";"0";"";"";"1992368";"";"";"";"2725";"7651644";"https://www.camara.leg.br/cota-parlamentar/documentos/publ/2725/2023/7651644.pdf"
"PSD";"";"";"";"2023";"NA";"";"57";"13";"FORNECIMENTO DE ALIMENTAÇÃO DO PARLAMENTAR";"0";"";"SANTO BUFFET SERVICOS DE ALIMENTACAO LTDA";"453.508.390/0019-8";"391";"0";"2023-11-22T00:00:00";"1200";"0";"1200";"11";"2023";"0";"";"";"1992369";"";"";"";"2725";"7651650";"https://www.camara.leg.br/cota-parlamentar/documentos/publ/2725/2023/7651650.pdf"
"PSD";"";"";"";"2023";"NA";"";"57";"13";"FORNECIMENTO DE ALIMENTAÇÃO DO PARLAMENTAR";"0";"";"SANTO BUFFET SERVICOS DE ALIMENTACAO LTDA";"453.508.390/0019-8";"395";"0";"2023-11-22T00:00:00";"1200";"0";"1200";"11";"2023";"0";"";"";"1992370";"";"";"";"2725";"7651653";"https://www.camara.leg.br/cota-parlamentar/documentos/publ/2725/2023/7651653.pdf"
"PSD";"";"";"";"2023";"NA";"";"57";"13";"FORNECIMENTO DE ALIMENTAÇÃO DO PARLAMENTAR";"0";"";"SANTO BUFFET SERVICOS DE ALIMENTACAO LTDA";"453.508.390/0019-8";"403";"0";"2023-11-29T00:00:00";"1200";"0";"1200";"11";"2023";"0";"";"";"1994386";"";"";"";"2725";"7655096";"https://www.camara.leg.br/cota-parlamentar/documentos/publ/2725/2023/7655096.pdf"
"PSD";"";"";"";"2023";"NA";"";"57";"13";"FORNECIMENTO DE ALIMENTAÇÃO DO PARLAMENTAR";"0";"";"SANTO BUFFET SERVICOS DE ALIMENTACAO LTDA";"453.508.390/0019-8";"408";"0";"2023-11-29T00:00:00";"1200";"0";"1200";"11";"2023";"0";"";"";"1994390";"";"";"";"2725";"7655099";"https://www.camara.leg.br/cota-parlamentar/documentos/publ/2725/2023/7655099.pdf"
"PSD";"";"";"";"2023";"NA";"";"57";"13";"FORNECIMENTO DE ALIMENTAÇÃO DO PARLAMENTAR";"0";"";"SANTO BUFFET SERVICOS DE ALIMENTACAO LTDA";"453.508.390/0019-8";"41";"0";"2023-03-08T00:00:00";"1500";"0";"1500";"3";"2023";"0";"";"";"1934592";"";"";"";"2725";"7544795";"https://www.camara.leg.br/cota-parlamentar/documentos/publ/2725/2023/7544795.pdf"
"PSD";"";"";"";"2023";"NA";"";"57";"13";"FORNECIMENTO DE ALIMENTAÇÃO DO PARLAMENTAR";"0";"";"SANTO BUFFET SERVICOS DE ALIMENTACAO LTDA";"453.508.390/0019-8";"414";"0";"2023-12-06T00:00:00";"600";"0";"235.6";"12";"2023";"1";"";"";"2000830";"";"";"";"2725";"7666073";"https://www.camara.leg.br/cota-parlamentar/documentos/publ/2725/2023/7666073.pdf"
"PSD";"";"";"";"2023";"NA";"";"57";"13";"FORNECIMENTO DE ALIMENTAÇÃO DO PARLAMENTAR";"0";"";"SANTO BUFFET SERVICOS DE ALIMENTACAO LTDA";"453.508.390/0019-8";"42";"0";"2023-03-08T00:00:00";"1200";"0";"1200";"3";"2023";"0";"";"";"1939898";"";"";"";"2725";"7550085";"https://www.camara.leg.br/cota-parlamentar/documentos/publ/2725/2023/7550085.pdf"
"PSD";"";"";"";"2023";"NA";"";"57";"13";"FORNECIMENTO DE ALIMENTAÇÃO DO PARLAMENTAR";"0";"";"SANTO BUFFET SERVICOS DE ALIMENTACAO LTDA";"453.508.390/0019-8";"51";"0";"2023-03-15T00:00:00";"1200";"0";"1200";"3";"2023";"0";"";"";"1919993";"";"";"";"2725";"7518888";"https://www.camara.leg.br/cota-parlamentar/documentos/publ/2725/2023/7518888.pdf"
"PSD";"";"";"";"2023";"NA";"";"57";"13";"FORNECIMENTO DE ALIMENTAÇÃO DO PARLAMENTAR";"0";"";"SANTO BUFFET SERVICOS DE ALIMENTACAO LTDA";"453.508.390/0019-8";"52";"0";"2023-03-30T00:00:00";"1200";"0";"1200";"3";"2023";"0";"";"";"1923099";"";"";"";"2725";"7518904";"https://www.camara.leg.br/cota-parlamentar/documentos/publ/2725/2023/7518904.pdf"
"PSD";"";"";"";"2023";"NA";"";"57";"13";"FORNECIMENTO DE ALIMENTAÇÃO DO PARLAMENTAR";"0";"";"SANTO BUFFET SERVICOS DE ALIMENTACAO LTDA";"453.508.390/0019-8";"64";"0";"2023-03-22T00:00:00";"1200";"0";"1200";"3";"2023";"0";"";"";"1923844";"";"";"";"2725";"7525719";"https://www.camara.leg.br/cota-parlamentar/documentos/publ/2725/2023/7525719.pdf"
"PSD";"";"";"";"2023";"NA";"";"57";"13";"FORNECIMENTO DE ALIMENTAÇÃO DO PARLAMENTAR";"0";"";"SANTO BUFFET SERVICOS DE ALIMENTACAO LTDA";"453.508.390/0019-8";"65";"0";"2023-03-22T00:00:00";"1200";"0";"1200";"3";"2023";"0";"";"";"1923844";"";"";"";"2725";"7525722";"https://www.camara.leg.br/cota-parlamentar/documentos/publ/2725/2023/7525722.pdf"
"PSD";"";"";"";"2023";"NA";"";"57";"13";"FORNECIMENTO DE ALIMENTAÇÃO DO PARLAMENTAR";"0";"";"SANTO BUFFET SERVICOS DE ALIMENTACAO LTDA";"453.508.390/0019-8";"80";"0";"2023-03-29T00:00:00";"1200";"0";"1200";"3";"2023";"0";"";"";"1935908";"";"";"";"2725";"7547363";"https://www.camara.leg.br/cota-parlamentar/documentos/publ/2725/2023/7547363.pdf"
"PSD";"";"";"";"2023";"NA";"";"57";"13";"FORNECIMENTO DE ALIMENTAÇÃO DO PARLAMENTAR";"0";"";"SANTO BUFFET SERVICOS DE ALIMENTACAO LTDA";"453.508.390/0019-8";"81";"0";"2023-03-29T00:00:00";"1800";"0";"1800";"3";"2023";"0";"";"";"1923844";"";"";"";"2725";"7525730";"https://www.camara.leg.br/cota-parlamentar/documentos/publ/2725/2023/7525730.pdf"
"PSD";"";"";"";"2023";"NA";"";"57";"13";"FORNECIMENTO DE ALIMENTAÇÃO DO PARLAMENTAR";"0";"";"SANTO BUFFET SERVICOS DE ALIMENTACAO LTDA";"453.508.390/0019-8";"92";"0";"2023-04-12T00:00:00";"1200";"0";"1200";"4";"2023";"0";"";"";"1932653";"";"";"";"2725";"7531788";"https://www.camara.leg.br/cota-parlamentar/documentos/publ/2725/2023/7531788.pdf"
"PSD";"";"";"";"2023";"NA";"";"57";"13";"FORNECIMENTO DE ALIMENTAÇÃO DO PARLAMENTAR";"0";"";"SANTO BUFFET SERVICOS DE ALIMENTACAO LTDA";"453.508.390/0019-8";"93";"0";"2023-04-12T00:00:00";"1200";"0";"1200";"4";"2023";"0";"";"";"1932653";"";"";"";"2725";"7531726";"https://www.camara.leg.br/cota-parlamentar/documentos/publ/2725/2023/7531726.pdf"
"PSOL";"";"";"";"2019";"NA";"";"56";"4";"CONSULTORIAS, PESQUISAS E TRABALHOS TÉCNICOS.";"0";"";"SOCIALBIZ COMUNICACAO ESTRATEGICA LTDA";"465.766.480/0010-1";"1";"0";"2023-02-01T00:00:00";"2000";"0";"2000";"1";"2023";"0";"";"";"1908581";"";"";"";"3150";"7498182";"https://www.camara.leg.br/cota-parlamentar/documentos/publ/3150/2023/7498182.pdf"
"PSOL";"";"";"";"2019";"NA";"";"56";"5";"DIVULGAÇÃO DA ATIVIDADE PARLAMENTAR.";"0";"";"EVAG COMUNICAÇÃO E TECNOLOGIA LTDA";"157.056.970/0017-3";"00000781";"0";"2023-02-16T00:00:00";"500";"0";"500";"1";"2023";"0";"";"";"1910532";"";"";"";"3150";"7501916";"https://www.camara.leg.br/cota-parlamentar/documentos/publ/3150/2023/7501916.pdf"
"PSOL";"";"";"";"2023";"NA";"";"57";"1";"MANUTENÇÃO DE ESCRITÓRIO DE APOIO À ATIVIDADE PARLAMENTAR";"0";"";"Zoom Video Communication Inc.";"000.000.000/0001-0";"7013040884";"1";"2023-03-31T00:00:00";"78.25";"0";"78.25";"3";"2023";"0";"";"";"1926979";"";"";"";"3150";"7531894";"https://www.camara.leg.br/cota-parlamentar/documentos/publ/3150/2023/7531894.pdf"
"PSOL";"";"";"";"2023";"NA";"";"57";"1";"MANUTENÇÃO DE ESCRITÓRIO DE APOIO À ATIVIDADE PARLAMENTAR";"0";"";"Zoom Vídeo Communications";"000.000.000/0001-0";"7013040884";"1";"2023-04-17T00:00:00";"782.48";"0";"782.48";"4";"2023";"0";"";"";"1928796";"";"";"";"3150";"7531845";"https://www.camara.leg.br/cota-parlamentar/documentos/publ/3150/2023/7531845.pdf"
"PSOL";"";"";"";"2023";"NA";"";"57";"5";"DIVULGAÇÃO DA ATIVIDADE PARLAMENTAR.";"0";"";"CASA PARK SHOPPING ESPACO MOLDURA LTDA";"275.504.320/0012-2";"291";"4";"2023-09-04T00:00:00";"390";"0";"390";"9";"2023";"0";"";"";"1968307";"";"";"";"3150";"7607906";"https://www.camara.leg.br/cota-parlamentar/nota-fiscal-eletronica?ideDocumentoFiscal=7607906"
"PSOL";"";"";"";"2023";"NA";"";"57";"5";"DIVULGAÇÃO DA ATIVIDADE PARLAMENTAR.";"0";"";"DEIVIDDI CORDEIRO BARBOSA 01852777567";"339.202.150/0018-0";"11";"0";"2023-07-04T00:00:00";"4920";"0";"4920";"7";"2023";"0";"";"";"1949769";"";"";"";"3150";"7572815";"https://www.camara.leg.br/cota-parlamentar/documentos/publ/3150/2023/7572815.pdf"
"PSOL";"";"";"";"2023";"NA";"";"57";"5";"DIVULGAÇÃO DA ATIVIDADE PARLAMENTAR.";"0";"";"E.F.FERREIRA LOCACOES ME";"131.687.090/0014-2";"268";"4";"2023-11-27T00:00:00";"3600";"0";"3600";"11";"2023";"0";"";"";"1993392";"";"";"";"3150";"7653325";"https://www.camara.leg.br/cota-parlamentar/nota-fiscal-eletronica?ideDocumentoFiscal=7653325"
"PSOL";"";"";"";"2023";"NA";"";"57";"5";"DIVULGAÇÃO DA ATIVIDADE PARLAMENTAR.";"0";"";"EVAG COMUNICAÇÃO E TECNOLOGIA LTDA";"157.056.970/0017-3";"00000811";"0";"2023-03-31T00:00:00";"500";"0";"500";"2";"2023";"0";"";"";"1921342";"";"";"";"3150";"7521386";"https://www.camara.leg.br/cota-parlamentar/documentos/publ/3150/2023/7521386.pdf"
"PSOL";"";"";"";"2023";"NA";"";"57";"5";"DIVULGAÇÃO DA ATIVIDADE PARLAMENTAR.";"0";"";"EVAG COMUNICAÇÃO E TECNOLOGIA LTDA";"157.056.970/0017-3";"00000812";"0";"2023-03-31T00:00:00";"500";"0";"500";"3";"2023";"0";"";"";"1921344";"";"";"";"3150";"7521324";"https://www.camara.leg.br/cota-parlamentar/documentos/publ/3150/2023/7521324.pdf"
"PSOL";"";"";"";"2023";"NA";"";"57";"5";"DIVULGAÇÃO DA ATIVIDADE PARLAMENTAR.";"0";"";"EVAG COMUNICAÇÃO E TECNOLOGIA LTDA";"157.056.970/0017-3";"00000835";"0";"2023-04-28T00:00:00";"500";"0";"500";"4";"2023";"0";"";"";"1929083";"";"";"";"3150";"7535761";"https://www.camara.leg.br/cota-parlamentar/documentos/publ/3150/2023/7535761.pdf"
"PSOL";"";"";"";"2023";"NA";"";"57";"5";"DIVULGAÇÃO DA ATIVIDADE PARLAMENTAR.";"0";"";"EVAG COMUNICAÇÃO E TECNOLOGIA LTDA";"157.056.970/0017-3";"00000856";"0";"2023-05-31T00:00:00";"500";"0";"500";"5";"2023";"0";"";"";"1940561";"";"";"";"3150";"7556077";"https://www.camara.leg.br/cota-parlamentar/documentos/publ/3150/2023/7556077.pdf"
"PSOL";"";"";"";"2023";"NA";"";"57";"5";"DIVULGAÇÃO DA ATIVIDADE PARLAMENTAR.";"0";"";"EVAG COMUNICAÇÃO E TECNOLOGIA LTDA";"157.056.970/0017-3";"00000878";"0";"2023-06-29T00:00:00";"500";"0";"500";"6";"2023";"0";"";"";"1947089";"";"";"";"3150";"7568053";"https://www.camara.leg.br/cota-parlamentar/documentos/publ/3150/2023/7568053.pdf"
"PSOL";"";"";"";"2023";"NA";"";"57";"5";"DIVULGAÇÃO DA ATIVIDADE PARLAMENTAR.";"0";"";"EVAG COMUNICAÇÃO E TECNOLOGIA LTDA";"157.056.970/0017-3";"00000919";"0";"2023-08-30T00:00:00";"500";"0";"500";"8";"2023";"0";"";"";"1963896";"";"";"";"3150";"7600359";"https://www.camara.leg.br/cota-parlamentar/documentos/publ/3150/2023/7600359.pdf"
"PSOL";"";"";"";"2023";"NA";"";"57";"5";"DIVULGAÇÃO DA ATIVIDADE PARLAMENTAR.";"0";"";"EVAG COMUNICAÇÃO E TECNOLOGIA LTDA";"157.056.970/0017-3";"00000948";"0";"2023-09-29T00:00:00";"500";"0";"500";"9";"2023";"0";"";"";"1977271";"";"";"";"3150";"7623916";"https://www.camara.leg.br/cota-parlamentar/documentos/publ/3150/2023/7623916.pdf"
"PSOL";"";"";"";"2023";"NA";"";"57";"5";"DIVULGAÇÃO DA ATIVIDADE PARLAMENTAR.";"0";"";"EVAG COMUNICAÇÃO E TECNOLOGIA LTDA";"157.056.970/0017-3";"00000974";"0";"2023-10-31T00:00:00";"500";"0";"500";"10";"2023";"0";"";"";"1985834";"";"";"";"3150";"7639979";"https://www.camara.leg.br/cota-parlamentar/documentos/publ/3150/2023/7639979.pdf"
"PSOL";"";"";"";"2023";"NA";"";"57";"5";"DIVULGAÇÃO DA ATIVIDADE PARLAMENTAR.";"0";"";"EVAG COMUNICAÇÃO E TECNOLOGIA LTDA";"157.056.970/0017-3";"00000999";"0";"2023-11-30T00:00:00";"500";"0";"500";"11";"2023";"0";"";"";"1992914";"";"";"";"3150";"7652593";"https://www.camara.leg.br/cota-parlamentar/documentos/publ/3150/2023/7652593.pdf"
"PSOL";"";"";"";"2023";"NA";"";"57";"5";"DIVULGAÇÃO DA ATIVIDADE PARLAMENTAR.";"0";"";"EVAG COMUNICAÇÃO E TECNOLOGIA LTDA";"157.056.970/0017-3";"00001026";"0";"2023-12-20T00:00:00";"500";"0";"500";"12";"2023";"0";"";"";"2000719";"";"";"";"3150";"7665840";"https://www.camara.leg.br/cota-parlamentar/documentos/publ/3150/2023/7665840.pdf"
"PSOL";"";"";"";"2023";"NA";"";"57";"5";"DIVULGAÇÃO DA ATIVIDADE PARLAMENTAR.";"0";"";"EVAG COMUNICACAO E TECNOLOGIA LTDA.";"157.056.970/0017-3";"00000899";"0";"2023-07-28T00:00:00";"500";"0";"500";"7";"2023";"0";"";"";"1956082";"";"";"";"3150";"7584476";"https://www.camara.leg.br/cota-parlamentar/documentos/publ/3150/2023/7584476.pdf"
"PSOL";"";"";"";"2023";"NA";"";"57";"5";"DIVULGAÇÃO DA ATIVIDADE PARLAMENTAR.";"0";"";"Igor da Costa Barros Festas e Eventos";"197.520.000/0017-6";"63";"0";"2023-09-14T00:00:00";"4918";"0";"4918";"8";"2023";"0";"";"";"1968317";"";"";"";"3150";"7608245";"https://www.camara.leg.br/cota-parlamentar/documentos/publ/3150/2023/7608245.pdf"
"PSOL";"";"";"";"2023";"NA";"";"57";"5";"DIVULGAÇÃO DA ATIVIDADE PARLAMENTAR.";"0";"";"Lume Arte Serviços de Manutenção e Instalação";"139.603.470/0012-8";"114";"0";"2023-12-04T00:00:00";"3950";"0";"3950";"11";"2023";"0";"";"";"1993718";"";"";"";"3150";"7653910";"https://www.camara.leg.br/cota-parlamentar/documentos/publ/3150/2023/7653910.pdf"
"PSOL";"";"";"";"2023";"NA";"";"57";"5";"DIVULGAÇÃO DA ATIVIDADE PARLAMENTAR.";"0";"";"Lusa Empreeendimentos Produções";"011.470.820/0016-4";"00000136";"0";"2023-12-01T00:00:00";"4160";"0";"4160";"11";"2023";"0";"";"";"1993404";"";"";"";"3150";"7653347";"https://www.camara.leg.br/cota-parlamentar/documentos/publ/3150/2023/7653347.pdf"
"PSOL";"";"";"";"2023";"NA";"";"57";"5";"DIVULGAÇÃO DA ATIVIDADE PARLAMENTAR.";"0";"";"Pictura Fotografia e Impressão Fine Art  LTDA";"239.971.570/0013-9";"253";"0";"2023-09-05T00:00:00";"613.6";"0";"613.6";"9";"2023";"0";"";"";"1968118";"";"";"";"3150";"7607877";"https://www.camara.leg.br/cota-parlamentar/documentos/publ/3150/2023/7607877.pdf"
"PSOL";"";"";"";"2023";"NA";"";"57";"5";"DIVULGAÇÃO DA ATIVIDADE PARLAMENTAR.";"0";"";"SEVEN PICTURES LTDA";"405.030.270/0011-1";"28";"0";"2023-04-28T00:00:00";"2015.14";"0";"2015.14";"4";"2023";"0";"";"";"1929068";"";"";"";"3150";"7535735";"https://www.camara.leg.br/cota-parlamentar/documentos/publ/3150/2023/7535735.pdf"
"PSOL";"";"";"";"2023";"NA";"";"57";"5";"DIVULGAÇÃO DA ATIVIDADE PARLAMENTAR.";"0";"";"SOCIALBIZ COMUNICACAO ESTRATEGICA LTDA";"465.766.480/0010-1";"07";"0";"2023-08-31T00:00:00";"2000";"0";"2000";"8";"2023";"0";"";"";"1963992";"";"";"";"3150";"7600480";"https://www.camara.leg.br/cota-parlamentar/documentos/publ/3150/2023/7600480.pdf"
"PSOL";"";"";"";"2023";"NA";"";"57";"5";"DIVULGAÇÃO DA ATIVIDADE PARLAMENTAR.";"0";"";"SOCIALBIZ COMUNICACAO ESTRATEGICA LTDA";"465.766.480/0010-1";"11";"0";"2023-11-07T00:00:00";"2000";"0";"2000";"10";"2023";"0";"";"";"1985951";"";"";"";"3150";"7639881";"https://www.camara.leg.br/cota-parlamentar/documentos/publ/3150/2023/7639881.pdf"
"PSOL";"";"";"";"2023";"NA";"";"57";"5";"DIVULGAÇÃO DA ATIVIDADE PARLAMENTAR.";"0";"";"SOCIALBIZ COMUNICACAO ESTRATEGICA LTDA";"465.766.480/0010-1";"14";"0";"2023-11-28T00:00:00";"2000";"0";"2000";"11";"2023";"0";"";"";"1992911";"";"";"";"3150";"7652589";"https://www.camara.leg.br/cota-parlamentar/documentos/publ/3150/2023/7652589.pdf"
"PSOL";"";"";"";"2023";"NA";"";"57";"5";"DIVULGAÇÃO DA ATIVIDADE PARLAMENTAR.";"0";"";"SOCIALBIZ COMUNICACAO ESTRATEGICA LTDA";"465.766.480/0010-1";"15";"0";"2023-12-19T00:00:00";"2000";"0";"2000";"12";"2023";"0";"";"";"2000706";"";"";"";"3150";"7665820";"https://www.camara.leg.br/cota-parlamentar/documentos/publ/3150/2023/7665820.pdf"
"PSOL";"";"";"";"2023";"NA";"";"57";"5";"DIVULGAÇÃO DA ATIVIDADE PARLAMENTAR.";"0";"";"SOCIALBIZ COMUNICACAO ESTRATEGICA LTDA";"465.766.480/0010-1";"2";"0";"2023-04-26T00:00:00";"2000";"0";"2000";"4";"2023";"0";"";"";"1927040";"";"";"";"3150";"7532013";"https://www.camara.leg.br/cota-parlamentar/documentos/publ/3150/2023/7532013.pdf"
"PSOL";"";"";"";"2023";"NA";"";"57";"5";"DIVULGAÇÃO DA ATIVIDADE PARLAMENTAR.";"0";"";"SOCIALBIZ COMUNICACAO ESTRATEGICA LTDA";"465.766.480/0010-1";"3";"0";"2023-06-06T00:00:00";"2000";"0";"2000";"5";"2023";"0";"";"";"1942534";"";"";"";"3150";"7559724";"https://www.camara.leg.br/cota-parlamentar/documentos/publ/3150/2023/7559724.pdf"
"PSOL";"";"";"";"2023";"NA";"";"57";"5";"DIVULGAÇÃO DA ATIVIDADE PARLAMENTAR.";"0";"";"SOCIALBIZ COMUNICACAO ESTRATEGICA LTDA";"465.766.480/0010-1";"4";"0";"2023-06-29T00:00:00";"2000";"0";"2000";"6";"2023";"0";"";"";"1947054";"";"";"";"3150";"7567988";"https://www.camara.leg.br/cota-parlamentar/documentos/publ/3150/2023/7567988.pdf"
"PSOL";"";"";"";"2023";"NA";"";"57";"5";"DIVULGAÇÃO DA ATIVIDADE PARLAMENTAR.";"0";"";"SOCIALBIZ COMUNICACAO ESTRATEGICA LTDA";"465.766.480/0010-1";"5";"0";"2023-08-08T00:00:00";"2000";"0";"2000";"7";"2023";"0";"";"";"1963447";"";"";"";"3150";"7599485";"https://www.camara.leg.br/cota-parlamentar/documentos/publ/3150/2023/7599485.pdf"
"PSOL";"";"";"";"2023";"NA";"";"57";"5";"DIVULGAÇÃO DA ATIVIDADE PARLAMENTAR.";"0";"";"SOCIALBIZ COMUNICACAO ESTRATEGICA LTDA";"465.766.480/0010-1";"9";"0";"2023-10-05T00:00:00";"2000";"0";"2000";"9";"2023";"0";"";"";"1977264";"";"";"";"3150";"7623898";"https://www.camara.leg.br/cota-parlamentar/documentos/publ/3150/2023/7623898.pdf"
"PSOL";"";"";"";"2023";"NA";"";"57";"13";"FORNECIMENTO DE ALIMENTAÇÃO DO PARLAMENTAR";"0";"";"DIVINO PAO PANIFICADORA E CONFEITARIA LTDA";"444.880.930/0011-0";"190312";"4";"2023-09-26T00:00:00";"194.47";"0";"194.47";"9";"2023";"0";"";"";"1981965";"";"";"";"3150";"7632010";"https://www.camara.leg.br/cota-parlamentar/nota-fiscal-eletronica?ideDocumentoFiscal=7632010"
"PSOL";"";"";"";"2023";"NA";"";"57";"13";"FORNECIMENTO DE ALIMENTAÇÃO DO PARLAMENTAR";"0";"";"J&F BAR E RESTAURANTE LTDA";"165.547.760/0035-5";"134";"4";"2023-10-31T00:00:00";"278.76";"0";"278.76";"10";"2023";"0";"";"";"1984417";"";"";"";"3150";"7636080";"https://www.camara.leg.br/cota-parlamentar/nota-fiscal-eletronica?ideDocumentoFiscal=7636080"
"PSOL";"";"";"";"2023";"NA";"";"57";"13";"FORNECIMENTO DE ALIMENTAÇÃO DO PARLAMENTAR";"0";"";"P E V INDUSTRIA COMERCIO DE PROD ALIMENTICIOS LTDA";"380.278.680/0015-8";"799239";"4";"2023-09-05T00:00:00";"179.8";"0";"179.8";"9";"2023";"0";"";"";"1968103";"";"";"";"3150";"7607871";"https://www.camara.leg.br/cota-parlamentar/nota-fiscal-eletronica?ideDocumentoFiscal=7607871"
"REPUBLICANOS";"";"";"";"2023";"NA";"";"57";"1";"MANUTENÇÃO DE ESCRITÓRIO DE APOIO À ATIVIDADE PARLAMENTAR";"0";"";"5S PAPELARIA E LIVRARIA LTDA";"448.910.570/0036-5";"32983";"4";"2023-07-04T00:00:00";"111.8";"0";"111.8";"7";"2023";"0";"";"";"1947952";"";"";"";"3457";"7569611";"https://www.camara.leg.br/cota-parlamentar/nota-fiscal-eletronica?ideDocumentoFiscal=7569611"
"REPUBLICANOS";"";"";"";"2023";"NA";"";"57";"1";"MANUTENÇÃO DE ESCRITÓRIO DE APOIO À ATIVIDADE PARLAMENTAR";"0";"";"S.A. ATACADISTA DE ALIMENTOS LTDA-05";"077.380.690/0059-0";"16708";"4";"2023-06-07T00:00:00";"259";"0";"259";"6";"2023";"0";"";"";"1942180";"";"";"";"3457";"7557966";"https://www.camara.leg.br/cota-parlamentar/nota-fiscal-eletronica?ideDocumentoFiscal=7557966"
"REPUBLICANOS";"";"";"";"2023";"NA";"";"57";"3";"COMBUSTÍVEIS E LUBRIFICANTES.";"1";"Veículos Automotores";"063 - 311 SUL - CASCOL COMBUSTIVEIS PARA VEICULOS LTDA";"003.065.970/0630-8";"411104";"4";"2023-05-19T00:00:00";"200";"0";"200";"5";"2023";"0";"";"";"1943093";"";"";"";"3457";"7559486";"https://www.camara.leg.br/cota-parlamentar/nota-fiscal-eletronica?ideDocumentoFiscal=7559486"
"REPUBLICANOS";"";"";"";"2023";"NA";"";"57";"3";"COMBUSTÍVEIS E LUBRIFICANTES.";"1";"Veículos Automotores";"063 - 311 SUL - CASCOL COMBUSTIVEIS PARA VEICULOS LTDA";"003.065.970/0630-8";"440213";"4";"2023-09-01T00:00:00";"300";"0";"300";"9";"2023";"0";"";"";"1975015";"";"";"";"3457";"7619388";"https://www.camara.leg.br/cota-parlamentar/nota-fiscal-eletronica?ideDocumentoFiscal=7619388"
"REPUBLICANOS";"";"";"";"2023";"NA";"";"57";"3";"COMBUSTÍVEIS E LUBRIFICANTES.";"1";"Veículos Automotores";"063 - 311 SUL - CASCOL COMBUSTIVEIS PARA VEICULOS LTDA";"003.065.970/0630-8";"443576";"4";"2023-09-15T00:00:00";"110";"0";"110";"9";"2023";"0";"";"";"1976065";"";"";"";"3457";"7621148";"https://www.camara.leg.br/cota-parlamentar/nota-fiscal-eletronica?ideDocumentoFiscal=7621148"
"REPUBLICANOS";"";"";"";"2023";"NA";"";"57";"3";"COMBUSTÍVEIS E LUBRIFICANTES.";"1";"Veículos Automotores";"063 - 311 SUL - CASCOL COMBUSTIVEIS PARA VEICULOS LTDA";"003.065.970/0630-8";"444268";"4";"2023-09-18T00:00:00";"100";"0";"100";"9";"2023";"0";"";"";"1976065";"";"";"";"3457";"7621170";"https://www.camara.leg.br/cota-parlamentar/nota-fiscal-eletronica?ideDocumentoFiscal=7621170"
"REPUBLICANOS";"";"";"";"2023";"NA";"";"57";"3";"COMBUSTÍVEIS E LUBRIFICANTES.";"1";"Veículos Automotores";"AUTO POSTO 303 NORTE LTDA";"381.942.120/0012-0";"280238";"4";"2023-09-19T00:00:00";"135";"0";"135";"9";"2023";"0";"";"";"1976065";"";"";"";"3457";"7621196";"https://www.camara.leg.br/cota-parlamentar/nota-fiscal-eletronica?ideDocumentoFiscal=7621196"
"REPUBLICANOS";"";"";"";"2023";"NA";"";"57";"3";"COMBUSTÍVEIS E LUBRIFICANTES.";"1";"Veículos Automotores";"AUTO POSTO AEROPORTO LTDA";"082.021.160/0011-5";"514225";"4";"2023-05-19T00:00:00";"285.09";"0";"285.09";"5";"2023";"0";"";"";"1943090";"";"";"";"3457";"7559490";"https://www.camara.leg.br/cota-parlamentar/nota-fiscal-eletronica?ideDocumentoFiscal=7559490"
"REPUBLICANOS";"";"";"";"2023";"NA";"";"57";"3";"COMBUSTÍVEIS E LUBRIFICANTES.";"1";"Veículos Automotores";"AUTO POSTO JK LTDA";"034.822.080/0018-2";"496627";"4";"2023-05-24T00:00:00";"266.05";"0";"266.05";"5";"2023";"0";"";"";"1943093";"";"";"";"3457";"7559518";"https://www.camara.leg.br/cota-parlamentar/nota-fiscal-eletronica?ideDocumentoFiscal=7559518"
"REPUBLICANOS";"";"";"";"2023";"NA";"";"57";"3";"COMBUSTÍVEIS E LUBRIFICANTES.";"1";"Veículos Automotores";"AUTO POSTO JK LTDA";"034.822.080/0018-2";"513971";"4";"2023-09-11T00:00:00";"235";"0";"235";"9";"2023";"0";"";"";"1976065";"";"";"";"3457";"7620656";"https://www.camara.leg.br/cota-parlamentar/nota-fiscal-eletronica?ideDocumentoFiscal=7620656"
"REPUBLICANOS";"";"";"";"2023";"NA";"";"57";"3";"COMBUSTÍVEIS E LUBRIFICANTES.";"1";"Veículos Automotores";"AUTO POSTO JK LTDA";"034.822.080/0018-2";"514353";"4";"2023-09-13T00:00:00";"200";"0";"200";"9";"2023";"0";"";"";"1976065";"";"";"";"3457";"7621076";"https://www.camara.leg.br/cota-parlamentar/nota-fiscal-eletronica?ideDocumentoFiscal=7621076"
"REPUBLICANOS";"";"";"";"2023";"NA";"";"57";"3";"COMBUSTÍVEIS E LUBRIFICANTES.";"1";"Veículos Automotores";"AUTO POSTO JK LTDA";"034.822.080/0018-2";"515716";"4";"2023-09-20T00:00:00";"200";"0";"200";"9";"2023";"0";"";"";"1976065";"";"";"";"3457";"7621198";"https://www.camara.leg.br/cota-parlamentar/nota-fiscal-eletronica?ideDocumentoFiscal=7621198"
"REPUBLICANOS";"";"";"";"2023";"NA";"";"57";"3";"COMBUSTÍVEIS E LUBRIFICANTES.";"1";"Veículos Automotores";"AUTO POSTO JK LTDA";"034.822.080/0018-2";"516443";"4";"2023-09-25T00:00:00";"283.76";"0";"283.76";"9";"2023";"0";"";"";"1976065";"";"";"";"3457";"7621200";"https://www.camara.leg.br/cota-parlamentar/nota-fiscal-eletronica?ideDocumentoFiscal=7621200"
"REPUBLICANOS";"";"";"";"2023";"NA";"";"57";"3";"COMBUSTÍVEIS E LUBRIFICANTES.";"1";"Veículos Automotores";"AUTO POSTO JK LTDA";"034.822.080/0018-2";"529604";"4";"2023-12-07T00:00:00";"150";"0";"150";"12";"2023";"0";"";"";"2002593";"";"";"";"3457";"7669226";"https://www.camara.leg.br/cota-parlamentar/nota-fiscal-eletronica?ideDocumentoFiscal=7669226"
"REPUBLICANOS";"";"";"";"2023";"NA";"";"57";"3";"COMBUSTÍVEIS E LUBRIFICANTES.";"1";"Veículos Automotores";"AUTO POSTO JK LTDA";"034.822.080/0018-2";"532234";"4";"2023-12-12T00:00:00";"293.26";"0";"293.26";"12";"2023";"0";"";"";"2002593";"";"";"";"3457";"7669247";"https://www.camara.leg.br/cota-parlamentar/nota-fiscal-eletronica?ideDocumentoFiscal=7669247"
"REPUBLICANOS";"";"";"";"2023";"NA";"";"57";"3";"COMBUSTÍVEIS E LUBRIFICANTES.";"1";"Veículos Automotores";"AUTO POSTO JK LTDA";"034.822.080/0018-2";"533368";"4";"2023-12-15T00:00:00";"250";"0";"250";"12";"2023";"0";"";"";"2002593";"";"";"";"3457";"7669221";"https://www.camara.leg.br/cota-parlamentar/nota-fiscal-eletronica?ideDocumentoFiscal=7669221"
"REPUBLICANOS";"";"";"";"2023";"NA";"";"57";"3";"COMBUSTÍVEIS E LUBRIFICANTES.";"1";"Veículos Automotores";"AUTO POSTO JK LTDA";"034.822.080/0018-2";"536068";"4";"2023-12-21T00:00:00";"100";"0";"100";"12";"2023";"0";"";"";"2002593";"";"";"";"3457";"7669231";"https://www.camara.leg.br/cota-parlamentar/nota-fiscal-eletronica?ideDocumentoFiscal=7669231"
"REPUBLICANOS";"";"";"";"2023";"NA";"";"57";"3";"COMBUSTÍVEIS E LUBRIFICANTES.";"1";"Veículos Automotores";"DRA4 DERIVADOS DE PETROLEO LTDA";"192.570.420/0013-0";"45764";"4";"2023-09-19T00:00:00";"100";"0";"100";"9";"2023";"0";"";"";"1976065";"";"";"";"3457";"7621193";"https://www.camara.leg.br/cota-parlamentar/nota-fiscal-eletronica?ideDocumentoFiscal=7621193"
"REPUBLICANOS";"";"";"";"2023";"NA";"";"57";"3";"COMBUSTÍVEIS E LUBRIFICANTES.";"1";"Veículos Automotores";"EIXINHO L 212 NORTE COM DE COM E DERIV LTDA";"109.399.710/0015-5";"343221";"4";"2023-05-18T00:00:00";"100";"0";"100";"5";"2023";"0";"";"";"1943093";"";"";"";"3457";"7559525";"https://www.camara.leg.br/cota-parlamentar/nota-fiscal-eletronica?ideDocumentoFiscal=7559525"
"REPUBLICANOS";"";"";"";"2023";"NA";"";"57";"3";"COMBUSTÍVEIS E LUBRIFICANTES.";"1";"Veículos Automotores";"PIONEIRO COMBUSTIVEIS LTDA";"840.100.400/0509-2";"1602";"4";"2023-09-22T00:00:00";"4785";"2636.21";"2148.79";"9";"2023";"0";"";"";"1984890";"";"";"";"3457";"7638349";"https://www.camara.leg.br/cota-parlamentar/nota-fiscal-eletronica?ideDocumentoFiscal=7638349"
"REPUBLICANOS";"";"";"";"2023";"NA";"";"57";"3";"COMBUSTÍVEIS E LUBRIFICANTES.";"1";"Veículos Automotores";"PIONEIRO COMBUSTIVEIS LTDA";"840.100.400/0509-2";"1604";"4";"2023-09-23T00:00:00";"5279.45";"0";"5279.45";"9";"2023";"0";"";"";"1976991";"";"";"";"3457";"7623387";"https://www.camara.leg.br/cota-parlamentar/nota-fiscal-eletronica?ideDocumentoFiscal=7623387"
"REPUBLICANOS";"";"";"";"2023";"NA";"";"57";"3";"COMBUSTÍVEIS E LUBRIFICANTES.";"1";"Veículos Automotores";"POSTO DE COMBUSTIVEIS 309 SUL LTDA";"322.167.430/0019-0";"220027";"4";"2023-12-19T00:00:00";"295.16";"0";"295.16";"12";"2023";"0";"";"";"2002593";"";"";"";"3457";"7669275";"https://www.camara.leg.br/cota-parlamentar/nota-fiscal-eletronica?ideDocumentoFiscal=7669275"
"REPUBLICANOS";"";"";"";"2023";"NA";"";"57";"3";"COMBUSTÍVEIS E LUBRIFICANTES.";"1";"Veículos Automotores";"POSTO DE COMBUSTIVEL QI 09 LAGO SUL LTDA";"329.658.770/0010-3";"22559";"4";"2023-09-05T00:00:00";"300";"0";"300";"9";"2023";"0";"";"";"1976065";"";"";"";"3457";"7620655";"https://www.camara.leg.br/cota-parlamentar/nota-fiscal-eletronica?ideDocumentoFiscal=7620655"
"REPUBLICANOS";"";"";"";"2023";"NA";"";"57";"5";"DIVULGAÇÃO DA ATIVIDADE PARLAMENTAR.";"0";"";"CONNECT FILMES - PRODUCAO DE FILMES E PUBLICIDADE LTDA";"300.071.190/0015-7";"4";"0";"2023-04-04T00:00:00";"8000";"0";"8000";"4";"2023";"0";"";"";"1922097";"";"";"";"3457";"7522731";"https://www.camara.leg.br/cota-parlamentar/documentos/publ/3457/2023/7522731.pdf"
"REPUBLICANOS";"";"";"";"2023";"NA";"";"57";"5";"DIVULGAÇÃO DA ATIVIDADE PARLAMENTAR.";"0";"";"CONNECT FILMES - PRODUCAO DE FILMES E PUBLICIDADE LTDA";"300.071.190/0015-7";"7";"0";"2023-03-16T00:00:00";"6000";"0";"6000";"3";"2023";"0";"";"";"1922088";"";"";"";"3457";"7522716";"https://www.camara.leg.br/cota-parlamentar/documentos/publ/3457/2023/7522716.pdf"
"REPUBLICANOS";"";"";"";"2023";"NA";"";"57";"5";"DIVULGAÇÃO DA ATIVIDADE PARLAMENTAR.";"0";"";"CONNECT FILMES PRODUCAO DE FILMES E PUBLICIDADE EIRELI";"300.071.190/0015-7";"6";"0";"2023-03-16T00:00:00";"6000";"0";"6000";"2";"2023";"0";"";"";"1916466";"";"";"";"3457";"7512330";"https://www.camara.leg.br/cota-parlamentar/documentos/publ/3457/2023/7512330.pdf"
"REPUBLICANOS";"";"";"";"2023";"NA";"";"57";"5";"DIVULGAÇÃO DA ATIVIDADE PARLAMENTAR.";"0";"";"GP COBERTURA JORNALISTICA LTDA ME";"288.007.860/0014-0";"18";"0";"2023-12-26T00:00:00";"8000";"0";"8000";"12";"2023";"0";"";"";"2002592";"";"";"";"3457";"7669186";"https://www.camara.leg.br/cota-parlamentar/documentos/publ/3457/2023/7669186.pdf"
"REPUBLICANOS";"";"";"";"2023";"NA";"";"57";"5";"DIVULGAÇÃO DA ATIVIDADE PARLAMENTAR.";"0";"";"MIND COMUNICACAO LTDA";"406.919.480/0015-5";"11";"0";"2023-07-03T00:00:00";"8000";"0";"8000";"7";"2023";"0";"";"";"1947007";"";"";"";"3457";"7567864";"https://www.camara.leg.br/cota-parlamentar/documentos/publ/3457/2023/7567864.pdf"
"REPUBLICANOS";"";"";"";"2023";"NA";"";"57";"5";"DIVULGAÇÃO DA ATIVIDADE PARLAMENTAR.";"0";"";"MIND COMUNICACAO LTDA";"406.919.480/0015-5";"14";"0";"2023-08-01T00:00:00";"8000";"0";"8000";"8";"2023";"0";"";"";"1955344";"";"";"";"3457";"7583221";"https://www.camara.leg.br/cota-parlamentar/documentos/publ/3457/2023/7583221.pdf"
"REPUBLICANOS";"";"";"";"2023";"NA";"";"57";"5";"DIVULGAÇÃO DA ATIVIDADE PARLAMENTAR.";"0";"";"MIND COMUNICACAO LTDA";"406.919.480/0015-5";"17";"0";"2023-09-04T00:00:00";"8000";"0";"8000";"9";"2023";"0";"";"";"1966145";"";"";"";"3457";"7604288";"https://www.camara.leg.br/cota-parlamentar/documentos/publ/3457/2023/7604288.pdf"
"REPUBLICANOS";"";"";"";"2023";"NA";"";"57";"5";"DIVULGAÇÃO DA ATIVIDADE PARLAMENTAR.";"0";"";"MIND COMUNICACAO LTDA";"406.919.480/0015-5";"20";"0";"2023-10-03T00:00:00";"8000";"0";"8000";"10";"2023";"0";"";"";"1974560";"";"";"";"3457";"7619304";"https://www.camara.leg.br/cota-parlamentar/documentos/publ/3457/2023/7619304.pdf"
"REPUBLICANOS";"";"";"";"2023";"NA";"";"57";"5";"DIVULGAÇÃO DA ATIVIDADE PARLAMENTAR.";"0";"";"MIND COMUNICACAO LTDA";"406.919.480/0015-5";"7";"0";"2023-05-02T00:00:00";"8000";"0";"8000";"5";"2023";"0";"";"";"1929609";"";"";"";"3457";"7536643";"https://www.camara.leg.br/cota-parlamentar/documentos/publ/3457/2023/7536643.pdf"
"REPUBLICANOS";"";"";"";"2023";"NA";"";"57";"5";"DIVULGAÇÃO DA ATIVIDADE PARLAMENTAR.";"0";"";"MIND COMUNICACAO LTDA";"406.919.480/0015-5";"8";"0";"2023-06-05T00:00:00";"8000";"0";"8000";"6";"2023";"0";"";"";"1942438";"";"";"";"3457";"7559590";"https://www.camara.leg.br/cota-parlamentar/documentos/publ/3457/2023/7559590.pdf"
"REPUBLICANOS";"";"";"";"2023";"NA";"";"57";"9";"PASSAGEM AÉREA - REEMBOLSO";"0";"";"Latam Linhas Aéreas S.A";"020.128.620/0016-0";"9572126150119";"0";"2023-09-22T00:00:00";"2800.96";"0";"2800.96";"9";"2023";"0";"KILMA MÔNICA DONATO DE ARAUJO; KILMA MÔNICA DONATO DE ARAUJO;";"";"1975014";"";"";"";"3457";"7620067";"https://www.camara.leg.br/cota-parlamentar/documentos/publ/3457/2023/7620067.pdf"
"REPUBLICANOS";"";"";"";"2023";"NA";"";"57";"13";"FORNECIMENTO DE ALIMENTAÇÃO DO PARLAMENTAR";"0";"";"AMRC COMERCIO DE ALIMENTOS EIRELI";"277.623.480/0017-2";"52212";"4";"2023-08-16T00:00:00";"132";"0";"132";"8";"2023";"0";"";"";"1960007";"";"";"";"3457";"7592884";"https://www.camara.leg.br/cota-parlamentar/nota-fiscal-eletronica?ideDocumentoFiscal=7592884"
"REPUBLICANOS";"";"";"";"2023";"NA";"";"57";"13";"FORNECIMENTO DE ALIMENTAÇÃO DO PARLAMENTAR";"0";"";"HOFU COMERCIO DE ALIMENTOS LTDA";"334.442.350/0012-1";"9724";"4";"2023-12-21T00:00:00";"1147";"0";"1147";"12";"2023";"0";"";"";"2002040";"";"";"";"3457";"7668385";"https://www.camara.leg.br/cota-parlamentar/nota-fiscal-eletronica?ideDocumentoFiscal=7668385"
"REPUBLICANOS";"";"";"";"2023";"NA";"";"57";"13";"FORNECIMENTO DE ALIMENTAÇÃO DO PARLAMENTAR";"0";"";"LA PAUSA CAFES ESPECIAIS - LTDA";"038.883.230/0015-1";"114550";"4";"2023-07-07T00:00:00";"1148";"28";"1120";"7";"2023";"0";"";"";"1949381";"";"";"";"3457";"7572075";"https://www.camara.leg.br/cota-parlamentar/nota-fiscal-eletronica?ideDocumentoFiscal=7572075"
"REPUBLICANOS";"";"";"";"2023";"NA";"";"57";"13";"FORNECIMENTO DE ALIMENTAÇÃO DO PARLAMENTAR";"0";"";"LA PAUSA CAFES ESPECIAIS - LTDA";"038.883.230/0015-1";"115908";"4";"2023-08-03T00:00:00";"293";"11";"282";"8";"2023";"0";"";"";"1958053";"";"";"";"3457";"7588155";"https://www.camara.leg.br/cota-parlamentar/nota-fiscal-eletronica?ideDocumentoFiscal=7588155"
"REPUBLICANOS";"";"";"";"2023";"NA";"";"57";"13";"FORNECIMENTO DE ALIMENTAÇÃO DO PARLAMENTAR";"0";"";"LA PAUSA CAFES ESPECIAIS - LTDA";"038.883.230/0015-1";"119108";"4";"2023-10-04T00:00:00";"319";"14";"305";"10";"2023";"0";"";"";"1976072";"";"";"";"3457";"7621251";"https://www.camara.leg.br/cota-parlamentar/nota-fiscal-eletronica?ideDocumentoFiscal=7621251"
"REPUBLICANOS";"";"";"";"2023";"NA";"";"57";"13";"FORNECIMENTO DE ALIMENTAÇÃO DO PARLAMENTAR";"0";"";"LA PAUSA CAFES ESPECIAIS - LTDA";"038.883.230/0015-1";"122944";"4";"2023-12-14T00:00:00";"570";"20";"550";"12";"2023";"0";"";"";"1998867";"";"";"";"3457";"7662473";"https://www.camara.leg.br/cota-parlamentar/nota-fiscal-eletronica?ideDocumentoFiscal=7662473"
"REPUBLICANOS";"";"";"";"2023";"NA";"";"57";"13";"FORNECIMENTO DE ALIMENTAÇÃO DO PARLAMENTAR";"0";"";"LA PAUSA CAFES ESPECIAIS - LTDA";"038.883.230/0015-1";"122951";"4";"2023-12-14T00:00:00";"2904";"70";"2834";"12";"2023";"0";"";"";"1998867";"";"";"";"3457";"7662465";"https://www.camara.leg.br/cota-parlamentar/nota-fiscal-eletronica?ideDocumentoFiscal=7662465"
"REPUBLICANOS";"";"";"";"2023";"NA";"";"57";"13";"FORNECIMENTO DE ALIMENTAÇÃO DO PARLAMENTAR";"0";"";"Renata LA Porta Buffet";"113.235.800/0017-4";"362";"0";"2023-10-09T00:00:00";"27120";"0";"27120";"10";"2023";"0";"";"";"1976900";"";"";"";"3457";"7623208";"https://www.camara.leg.br/cota-parlamentar/documentos/publ/3457/2023/7623208.pdf"
"REPUBLICANOS";"";"";"";"2023";"NA";"";"57";"13";"FORNECIMENTO DE ALIMENTAÇÃO DO PARLAMENTAR";"0";"";"Renata LA Porta Buffet";"113.235.800/0017-4";"523";"0";"2023-12-22T00:00:00";"5340";"0";"5340";"12";"2023";"0";"";"";"2002592";"";"";"";"3457";"7669180";"https://www.camara.leg.br/cota-parlamentar/documentos/publ/3457/2023/7669180.pdf"
"REPUBLICANOS";"";"";"";"2023";"NA";"";"57";"14";"HOSPEDAGEM ,EXCETO DO PARLAMENTAR NO DISTRITO FEDERAL.";"0";"";"BARRA FUNDA HOTELARIA LTDA.";"174.927.620/0015-5";"00160668";"0";"2023-09-26T00:00:00";"494.55";"0";"494.55";"9";"2023";"0";"";"";"1975325";"";"";"";"3457";"7620462";"https://www.camara.leg.br/cota-parlamentar/documentos/publ/3457/2023/7620462.pdf"
"REPUBLICANOS";"";"";"";"2023";"NA";"";"57";"122";"SERVIÇO DE TÁXI, PEDÁGIO E ESTACIONAMENTO";"0";"";"Flávio Correia Santos";"278.795.298/45  -";"-";"1";"2023-09-26T00:00:00";"126";"0";"126";"9";"2023";"0";"";"";"1977684";"";"";"";"3457";"7621259";"https://www.camara.leg.br/cota-parlamentar/documentos/publ/3457/2023/7621259.pdf"
"SDD";"";"";"";"2023";"NA";"";"57";"13";"FORNECIMENTO DE ALIMENTAÇÃO DO PARLAMENTAR";"0";"";"J&F BAR E RESTAURANTE LTDA";"165.547.760/0035-5";"149";"4";"2023-11-06T00:00:00";"350";"0";"350";"10";"2023";"0";"";"";"1990004";"";"";"";"2864";"7646113";"https://www.camara.leg.br/cota-parlamentar/nota-fiscal-eletronica?ideDocumentoFiscal=7646113"
"SDD";"";"";"";"2023";"NA";"";"57";"13";"FORNECIMENTO DE ALIMENTAÇÃO DO PARLAMENTAR";"0";"";"J&F BAR E RESTAURANTE LTDA";"165.547.760/0035-5";"150";"4";"2023-11-06T00:00:00";"350";"0";"350";"10";"2023";"0";"";"";"1990004";"";"";"";"2864";"7646116";"https://www.camara.leg.br/cota-parlamentar/nota-fiscal-eletronica?ideDocumentoFiscal=7646116"
"SDD";"";"";"";"2023";"NA";"";"57";"13";"FORNECIMENTO DE ALIMENTAÇÃO DO PARLAMENTAR";"0";"";"JeF BAR E RESTAURANTE LTDA";"165.547.760/0019-3";"062";"0";"2023-12-06T00:00:00";"350";"0";"350";"11";"2023";"0";"";"";"1999971";"";"";"";"2864";"7664526";"https://www.camara.leg.br/cota-parlamentar/documentos/publ/2864/2023/7664526.pdf"
"SDD";"";"";"";"2023";"NA";"";"57";"13";"FORNECIMENTO DE ALIMENTAÇÃO DO PARLAMENTAR";"0";"";"JeF BAR E RESTAURANTE LTDA";"165.547.760/0019-3";"064";"0";"2023-12-06T00:00:00";"350";"0";"350";"11";"2023";"0";"";"";"1999971";"";"";"";"2864";"7664535";"https://www.camara.leg.br/cota-parlamentar/documentos/publ/2864/2023/7664535.pdf"
"SDD";"";"";"";"2023";"NA";"";"57";"13";"FORNECIMENTO DE ALIMENTAÇÃO DO PARLAMENTAR";"0";"";"JeF BAR E RESTAURANTE LTDA";"165.547.760/0019-3";"3";"0";"2023-11-22T00:00:00";"350";"0";"350";"11";"2023";"0";"";"";"1992045";"";"";"";"2864";"7650873";"https://www.camara.leg.br/cota-parlamentar/documentos/publ/2864/2023/7650873.pdf"
"SDD";"";"";"";"2023";"NA";"";"57";"13";"FORNECIMENTO DE ALIMENTAÇÃO DO PARLAMENTAR";"0";"";"JeF BAR E RESTAURANTE LTDA";"165.547.760/0019-3";"4";"0";"2023-11-22T00:00:00";"350";"0";"350";"11";"2023";"0";"";"";"1992045";"";"";"";"2864";"7650880";"https://www.camara.leg.br/cota-parlamentar/documentos/publ/2864/2023/7650880.pdf"
"SDD";"";"";"";"2023";"NA";"";"57";"13";"FORNECIMENTO DE ALIMENTAÇÃO DO PARLAMENTAR";"0";"";"JeF BAR E RESTAURANTE LTDA";"165.547.760/0019-3";"61";"0";"2023-12-06T00:00:00";"350";"0";"350";"11";"2023";"0";"";"";"1999971";"";"";"";"2864";"7664481";"https://www.camara.leg.br/cota-parlamentar/documentos/publ/2864/2023/7664481.pdf"
"SDD";"";"";"";"2023";"NA";"";"57";"13";"FORNECIMENTO DE ALIMENTAÇÃO DO PARLAMENTAR";"0";"";"JeF BAR E RESTAURANTE LTDA";"165.547.760/0019-3";"63";"0";"2023-12-06T00:00:00";"350";"0";"350";"11";"2023";"0";"";"";"1999971";"";"";"";"2864";"7664531";"https://www.camara.leg.br/cota-parlamentar/documentos/publ/2864/2023/7664531.pdf"
"SDD";"";"";"";"2023";"NA";"";"57";"13";"FORNECIMENTO DE ALIMENTAÇÃO DO PARLAMENTAR";"0";"";"JeF BAR E RESTAURANTE LTDA";"165.547.760/0019-3";"65";"0";"2023-12-06T00:00:00";"350";"0";"350";"12";"2023";"0";"";"";"2001286";"";"";"";"2864";"7665295";"https://www.camara.leg.br/cota-parlamentar/documentos/publ/2864/2023/7665295.pdf"
"SDD";"";"";"";"2023";"NA";"";"57";"13";"FORNECIMENTO DE ALIMENTAÇÃO DO PARLAMENTAR";"0";"";"JeF BAR E RESTAURANTE LTDA";"165.547.760/0019-3";"66";"0";"2023-12-06T00:00:00";"350";"0";"350";"12";"2023";"0";"";"";"2001286";"";"";"";"2864";"7665299";"https://www.camara.leg.br/cota-parlamentar/documentos/publ/2864/2023/7665299.pdf"
"SDD";"";"";"";"2023";"NA";"";"57";"13";"FORNECIMENTO DE ALIMENTAÇÃO DO PARLAMENTAR";"0";"";"JeF BAR E RESTAURANTE LTDA";"165.547.760/0019-3";"93";"0";"2023-12-22T00:00:00";"750";"0";"750";"12";"2023";"0";"";"";"2005962";"";"";"";"2864";"7673744";"https://www.camara.leg.br/cota-parlamentar/documentos/publ/2864/2024/7673744.pdf"
"SDD";"";"";"";"2023";"NA";"";"57";"13";"FORNECIMENTO DE ALIMENTAÇÃO DO PARLAMENTAR";"0";"";"JeF BAR E RESTAURANTE LTDA";"165.547.760/0019-3";"94";"0";"2023-12-22T00:00:00";"550";"0";"550";"12";"2023";"0";"";"";"2005962";"";"";"";"2864";"7673745";"https://www.camara.leg.br/cota-parlamentar/documentos/publ/2864/2024/7673745.pdf"
"SDD";"";"";"";"2023";"NA";"";"57";"13";"FORNECIMENTO DE ALIMENTAÇÃO DO PARLAMENTAR";"0";"";"JeF BAR E RESTAURANTE LTDA";"165.547.760/0019-3";"95";"0";"2023-12-22T00:00:00";"350";"0";"350";"12";"2023";"0";"";"";"2005962";"";"";"";"2864";"7673746";"https://www.camara.leg.br/cota-parlamentar/documentos/publ/2864/2024/7673746.pdf"
"SDD";"";"";"";"2023";"NA";"";"57";"13";"FORNECIMENTO DE ALIMENTAÇÃO DO PARLAMENTAR";"0";"";"JeF BAR E RESTAURANTE LTDA";"165.547.760/0019-3";"96";"0";"2023-12-22T00:00:00";"350";"0";"350";"12";"2023";"0";"";"";"2005962";"";"";"";"2864";"7673747";"https://www.camara.leg.br/cota-parlamentar/documentos/publ/2864/2024/7673747.pdf"
"SDD";"";"";"";"2023";"NA";"";"57";"13";"FORNECIMENTO DE ALIMENTAÇÃO DO PARLAMENTAR";"0";"";"JeF BAR E RESTAURANTE LTDA";"165.547.760/0019-3";"97";"0";"2023-12-22T00:00:00";"350";"0";"350";"12";"2023";"0";"";"";"2005962";"";"";"";"2864";"7673748";"https://www.camara.leg.br/cota-parlamentar/documentos/publ/2864/2024/7673748.pdf"
"SDD";"";"";"";"2023";"NA";"";"57";"13";"FORNECIMENTO DE ALIMENTAÇÃO DO PARLAMENTAR";"0";"";"NN SALGADOS LTDA";"084.594.010/0011-6";"1932";"4";"2023-02-07T00:00:00";"210";"0";"210";"2";"2023";"0";"";"";"1908964";"";"";"";"2864";"7498867";"https://www.camara.leg.br/cota-parlamentar/nota-fiscal-eletronica?ideDocumentoFiscal=7498867"
"SDD";"";"";"";"2023";"NA";"";"57";"13";"FORNECIMENTO DE ALIMENTAÇÃO DO PARLAMENTAR";"0";"";"PANIFICADORA E CONFEITARIA CINCO ESTRELAS LTDA";"370.647.300/0075-1";"10015";"4";"2023-08-28T00:00:00";"347.09";"20.24";"326.85";"8";"2023";"0";"";"";"1963325";"";"";"";"2864";"7599276";"https://www.camara.leg.br/cota-parlamentar/nota-fiscal-eletronica?ideDocumentoFiscal=7599276"
"SDD";"";"";"";"2023";"NA";"";"57";"13";"FORNECIMENTO DE ALIMENTAÇÃO DO PARLAMENTAR";"0";"";"PANIFICADORA E CONFEITARIA CINCO ESTRELAS LTDA";"370.647.300/0075-1";"10016";"4";"2023-08-28T00:00:00";"306.19";"20.26";"285.93";"8";"2023";"0";"";"";"1963325";"";"";"";"2864";"7599280";"https://www.camara.leg.br/cota-parlamentar/nota-fiscal-eletronica?ideDocumentoFiscal=7599280"
"SDD";"";"";"";"2023";"NA";"";"57";"13";"FORNECIMENTO DE ALIMENTAÇÃO DO PARLAMENTAR";"0";"";"PANIFICADORA E CONFEITARIA CINCO ESTRELAS LTDA";"370.647.300/0075-1";"10310";"4";"2023-09-13T00:00:00";"358.89";"28";"330.89";"9";"2023";"0";"";"";"1970436";"";"";"";"2864";"7612484";"https://www.camara.leg.br/cota-parlamentar/nota-fiscal-eletronica?ideDocumentoFiscal=7612484"
"SDD";"";"";"";"2023";"NA";"";"57";"13";"FORNECIMENTO DE ALIMENTAÇÃO DO PARLAMENTAR";"0";"";"PANIFICADORA E CONFEITARIA CINCO ESTRELAS LTDA";"370.647.300/0075-1";"10311";"4";"2023-09-13T00:00:00";"362.59";"28";"334.59";"9";"2023";"0";"";"";"1970436";"";"";"";"2864";"7612486";"https://www.camara.leg.br/cota-parlamentar/nota-fiscal-eletronica?ideDocumentoFiscal=7612486"
"SDD";"";"";"";"2023";"NA";"";"57";"13";"FORNECIMENTO DE ALIMENTAÇÃO DO PARLAMENTAR";"0";"";"PANIFICADORA E CONFEITARIA CINCO ESTRELAS LTDA";"370.647.300/0075-1";"10339";"4";"2023-09-14T00:00:00";"344.04";"28";"316.04";"9";"2023";"0";"";"";"1970436";"";"";"";"2864";"7612490";"https://www.camara.leg.br/cota-parlamentar/nota-fiscal-eletronica?ideDocumentoFiscal=7612490"
"SDD";"";"";"";"2023";"NA";"";"57";"13";"FORNECIMENTO DE ALIMENTAÇÃO DO PARLAMENTAR";"0";"";"PANIFICADORA E CONFEITARIA CINCO ESTRELAS LTDA";"370.647.300/0075-1";"10407";"4";"2023-09-18T00:00:00";"340.84";"28";"312.84";"9";"2023";"0";"";"";"1970436";"";"";"";"2864";"7612479";"https://www.camara.leg.br/cota-parlamentar/nota-fiscal-eletronica?ideDocumentoFiscal=7612479"
"SDD";"";"";"";"2023";"NA";"";"57";"13";"FORNECIMENTO DE ALIMENTAÇÃO DO PARLAMENTAR";"0";"";"PANIFICADORA E CONFEITARIA CINCO ESTRELAS LTDA";"370.647.300/0075-1";"10495";"4";"2023-09-20T00:00:00";"400.94";"28";"372.94";"9";"2023";"0";"";"";"1973891";"";"";"";"2864";"7618104";"https://www.camara.leg.br/cota-parlamentar/nota-fiscal-eletronica?ideDocumentoFiscal=7618104"
"SDD";"";"";"";"2023";"NA";"";"57";"13";"FORNECIMENTO DE ALIMENTAÇÃO DO PARLAMENTAR";"0";"";"PANIFICADORA E CONFEITARIA CINCO ESTRELAS LTDA";"370.647.300/0075-1";"10496";"4";"2023-09-20T00:00:00";"375.34";"28";"347.34";"9";"2023";"0";"";"";"1973891";"";"";"";"2864";"7618109";"https://www.camara.leg.br/cota-parlamentar/nota-fiscal-eletronica?ideDocumentoFiscal=7618109"
"SDD";"";"";"";"2023";"NA";"";"57";"13";"FORNECIMENTO DE ALIMENTAÇÃO DO PARLAMENTAR";"0";"";"PANIFICADORA E CONFEITARIA CINCO ESTRELAS LTDA";"370.647.300/0075-1";"10497";"4";"2023-09-20T00:00:00";"402.94";"28";"374.94";"9";"2023";"0";"";"";"1973891";"";"";"";"2864";"7618112";"https://www.camara.leg.br/cota-parlamentar/nota-fiscal-eletronica?ideDocumentoFiscal=7618112"
"SDD";"";"";"";"2023";"NA";"";"57";"13";"FORNECIMENTO DE ALIMENTAÇÃO DO PARLAMENTAR";"0";"";"PANIFICADORA E CONFEITARIA CINCO ESTRELAS LTDA";"370.647.300/0075-1";"10592";"4";"2023-09-25T00:00:00";"376.94";"20.22";"356.72";"9";"2023";"0";"";"";"1973891";"";"";"";"2864";"7618121";"https://www.camara.leg.br/cota-parlamentar/nota-fiscal-eletronica?ideDocumentoFiscal=7618121"
"SDD";"";"";"";"2023";"NA";"";"57";"13";"FORNECIMENTO DE ALIMENTAÇÃO DO PARLAMENTAR";"0";"";"PANIFICADORA E CONFEITARIA CINCO ESTRELAS LTDA";"370.647.300/0075-1";"10593";"4";"2023-09-25T00:00:00";"383.42";"20.21";"363.21";"9";"2023";"0";"";"";"1973891";"";"";"";"2864";"7618126";"https://www.camara.leg.br/cota-parlamentar/nota-fiscal-eletronica?ideDocumentoFiscal=7618126"
"SDD";"";"";"";"2023";"NA";"";"57";"13";"FORNECIMENTO DE ALIMENTAÇÃO DO PARLAMENTAR";"0";"";"PANIFICADORA E CONFEITARIA CINCO ESTRELAS LTDA";"370.647.300/0075-1";"10732";"4";"2023-10-02T00:00:00";"386.94";"28";"358.94";"10";"2023";"0";"";"";"1984694";"";"";"";"2864";"7637942";"https://www.camara.leg.br/cota-parlamentar/nota-fiscal-eletronica?ideDocumentoFiscal=7637942"
"SDD";"";"";"";"2023";"NA";"";"57";"13";"FORNECIMENTO DE ALIMENTAÇÃO DO PARLAMENTAR";"0";"";"PANIFICADORA E CONFEITARIA CINCO ESTRELAS LTDA";"370.647.300/0075-1";"10733";"4";"2023-10-02T00:00:00";"335.69";"28";"307.69";"10";"2023";"0";"";"";"1984694";"";"";"";"2864";"7637935";"https://www.camara.leg.br/cota-parlamentar/nota-fiscal-eletronica?ideDocumentoFiscal=7637935"
"SDD";"";"";"";"2023";"NA";"";"57";"13";"FORNECIMENTO DE ALIMENTAÇÃO DO PARLAMENTAR";"0";"";"PANIFICADORA E CONFEITARIA CINCO ESTRELAS LTDA";"370.647.300/0075-1";"11014";"4";"2023-10-17T00:00:00";"382.14";"0";"382.14";"10";"2023";"0";"";"";"1984694";"";"";"";"2864";"7637950";"https://www.camara.leg.br/cota-parlamentar/nota-fiscal-eletronica?ideDocumentoFiscal=7637950"
"SDD";"";"";"";"2023";"NA";"";"57";"13";"FORNECIMENTO DE ALIMENTAÇÃO DO PARLAMENTAR";"0";"";"PANIFICADORA E CONFEITARIA CINCO ESTRELAS LTDA";"370.647.300/0075-1";"11309";"4";"2023-10-30T00:00:00";"374.54";"0";"374.54";"10";"2023";"0";"";"";"1984694";"";"";"";"2864";"7637960";"https://www.camara.leg.br/cota-parlamentar/nota-fiscal-eletronica?ideDocumentoFiscal=7637960"
"SDD";"";"";"";"2023";"NA";"";"57";"13";"FORNECIMENTO DE ALIMENTAÇÃO DO PARLAMENTAR";"0";"";"PANIFICADORA E CONFEITARIA CINCO ESTRELAS LTDA";"370.647.300/0075-1";"11310";"4";"2023-10-30T00:00:00";"381.94";"0";"381.94";"10";"2023";"0";"";"";"1984694";"";"";"";"2864";"7637962";"https://www.camara.leg.br/cota-parlamentar/nota-fiscal-eletronica?ideDocumentoFiscal=7637962"
"SDD";"";"";"";"2023";"NA";"";"57";"13";"FORNECIMENTO DE ALIMENTAÇÃO DO PARLAMENTAR";"0";"";"PANIFICADORA E CONFEITARIA CINCO ESTRELAS LTDA";"370.647.300/0075-1";"5859";"4";"2023-02-15T00:00:00";"272.99";"25.28";"247.71";"2";"2023";"0";"";"";"1908964";"";"";"";"2864";"7498869";"https://www.camara.leg.br/cota-parlamentar/nota-fiscal-eletronica?ideDocumentoFiscal=7498869"
"SDD";"";"";"";"2023";"NA";"";"57";"13";"FORNECIMENTO DE ALIMENTAÇÃO DO PARLAMENTAR";"0";"";"PANIFICADORA E CONFEITARIA CINCO ESTRELAS LTDA";"370.647.300/0075-1";"5860";"4";"2023-02-15T00:00:00";"272.99";"28";"244.99";"2";"2023";"0";"";"";"1908964";"";"";"";"2864";"7498873";"https://www.camara.leg.br/cota-parlamentar/nota-fiscal-eletronica?ideDocumentoFiscal=7498873"
"SDD";"";"";"";"2023";"NA";"";"57";"13";"FORNECIMENTO DE ALIMENTAÇÃO DO PARLAMENTAR";"0";"";"PANIFICADORA E CONFEITARIA CINCO ESTRELAS LTDA";"370.647.300/0075-1";"6295";"4";"2023-03-07T00:00:00";"287.94";"28";"259.94";"2";"2023";"0";"";"";"1915207";"";"";"";"2864";"7510607";"https://www.camara.leg.br/cota-parlamentar/nota-fiscal-eletronica?ideDocumentoFiscal=7510607"
"SDD";"";"";"";"2023";"NA";"";"57";"13";"FORNECIMENTO DE ALIMENTAÇÃO DO PARLAMENTAR";"0";"";"PANIFICADORA E CONFEITARIA CINCO ESTRELAS LTDA";"370.647.300/0075-1";"6433";"4";"2023-03-14T00:00:00";"288.69";"28";"260.69";"3";"2023";"0";"";"";"1915212";"";"";"";"2864";"7510609";"https://www.camara.leg.br/cota-parlamentar/nota-fiscal-eletronica?ideDocumentoFiscal=7510609"
"SDD";"";"";"";"2023";"NA";"";"57";"13";"FORNECIMENTO DE ALIMENTAÇÃO DO PARLAMENTAR";"0";"";"PANIFICADORA E CONFEITARIA CINCO ESTRELAS LTDA";"370.647.300/0075-1";"6434";"4";"2023-03-14T00:00:00";"291.66";"25.26";"266.4";"3";"2023";"0";"";"";"1915212";"";"";"";"2864";"7510614";"https://www.camara.leg.br/cota-parlamentar/nota-fiscal-eletronica?ideDocumentoFiscal=7510614"
"SDD";"";"";"";"2023";"NA";"";"57";"13";"FORNECIMENTO DE ALIMENTAÇÃO DO PARLAMENTAR";"0";"";"PANIFICADORA E CONFEITARIA CINCO ESTRELAS LTDA";"370.647.300/0075-1";"6459";"4";"2023-03-15T00:00:00";"294.34";"24";"270.34";"3";"2023";"0";"";"";"1915212";"";"";"";"2864";"7510615";"https://www.camara.leg.br/cota-parlamentar/nota-fiscal-eletronica?ideDocumentoFiscal=7510615"
"SDD";"";"";"";"2023";"NA";"";"57";"13";"FORNECIMENTO DE ALIMENTAÇÃO DO PARLAMENTAR";"0";"";"PANIFICADORA E CONFEITARIA CINCO ESTRELAS LTDA";"370.647.300/0075-1";"6467";"4";"2023-03-16T00:00:00";"80.4";"0";"80.4";"2";"2023";"0";"";"";"1919279";"";"";"";"2864";"7517512";"https://www.camara.leg.br/cota-parlamentar/nota-fiscal-eletronica?ideDocumentoFiscal=7517512"
"SDD";"";"";"";"2023";"NA";"";"57";"13";"FORNECIMENTO DE ALIMENTAÇÃO DO PARLAMENTAR";"0";"";"PANIFICADORA E CONFEITARIA CINCO ESTRELAS LTDA";"370.647.300/0075-1";"6615";"4";"2023-03-21T00:00:00";"273.56";"18.4";"255.16";"3";"2023";"0";"";"";"1920546";"";"";"";"2864";"7517522";"https://www.camara.leg.br/cota-parlamentar/nota-fiscal-eletronica?ideDocumentoFiscal=7517522"
"SDD";"";"";"";"2023";"NA";"";"57";"13";"FORNECIMENTO DE ALIMENTAÇÃO DO PARLAMENTAR";"0";"";"PANIFICADORA E CONFEITARIA CINCO ESTRELAS LTDA";"370.647.300/0075-1";"6616";"4";"2023-03-21T00:00:00";"308.56";"20.26";"288.3";"3";"2023";"0";"";"";"1920546";"";"";"";"2864";"7517526";"https://www.camara.leg.br/cota-parlamentar/nota-fiscal-eletronica?ideDocumentoFiscal=7517526"
"SDD";"";"";"";"2023";"NA";"";"57";"13";"FORNECIMENTO DE ALIMENTAÇÃO DO PARLAMENTAR";"0";"";"PANIFICADORA E CONFEITARIA CINCO ESTRELAS LTDA";"370.647.300/0075-1";"6762";"4";"2023-03-28T00:00:00";"287.65";"18.39";"269.26";"3";"2023";"0";"";"";"1920546";"";"";"";"2864";"7517528";"https://www.camara.leg.br/cota-parlamentar/nota-fiscal-eletronica?ideDocumentoFiscal=7517528"
"SDD";"";"";"";"2023";"NA";"";"57";"13";"FORNECIMENTO DE ALIMENTAÇÃO DO PARLAMENTAR";"0";"";"PANIFICADORA E CONFEITARIA CINCO ESTRELAS LTDA";"370.647.300/0075-1";"6763";"4";"2023-03-28T00:00:00";"289.04";"18.39";"270.65";"3";"2023";"0";"";"";"1920546";"";"";"";"2864";"7517534";"https://www.camara.leg.br/cota-parlamentar/nota-fiscal-eletronica?ideDocumentoFiscal=7517534"
"SDD";"";"";"";"2023";"NA";"";"57";"13";"FORNECIMENTO DE ALIMENTAÇÃO DO PARLAMENTAR";"0";"";"PANIFICADORA E CONFEITARIA CINCO ESTRELAS LTDA";"370.647.300/0075-1";"7141";"4";"2023-04-17T00:00:00";"603.08";"39";"564.08";"4";"2023";"0";"";"";"1928672";"";"";"";"2864";"7534956";"https://www.camara.leg.br/cota-parlamentar/nota-fiscal-eletronica?ideDocumentoFiscal=7534956"
"SDD";"";"";"";"2023";"NA";"";"57";"13";"FORNECIMENTO DE ALIMENTAÇÃO DO PARLAMENTAR";"0";"";"PANIFICADORA E CONFEITARIA CINCO ESTRELAS LTDA";"370.647.300/0075-1";"7331";"4";"2023-04-26T00:00:00";"276.04";"0";"276.04";"4";"2023";"0";"";"";"1928672";"";"";"";"2864";"7534962";"https://www.camara.leg.br/cota-parlamentar/nota-fiscal-eletronica?ideDocumentoFiscal=7534962"
"SDD";"";"";"";"2023";"NA";"";"57";"13";"FORNECIMENTO DE ALIMENTAÇÃO DO PARLAMENTAR";"0";"";"PANIFICADORA E CONFEITARIA CINCO ESTRELAS LTDA";"370.647.300/0075-1";"7332";"4";"2023-04-26T00:00:00";"292.79";"24";"268.79";"4";"2023";"0";"";"";"1928672";"";"";"";"2864";"7534972";"https://www.camara.leg.br/cota-parlamentar/nota-fiscal-eletronica?ideDocumentoFiscal=7534972"
"SDD";"";"";"";"2023";"NA";"";"57";"13";"FORNECIMENTO DE ALIMENTAÇÃO DO PARLAMENTAR";"0";"";"PANIFICADORA E CONFEITARIA CINCO ESTRELAS LTDA";"370.647.300/0075-1";"7448";"4";"2023-05-02T00:00:00";"292.19";"24";"268.19";"4";"2023";"0";"";"";"1934439";"";"";"";"2864";"7544505";"https://www.camara.leg.br/cota-parlamentar/nota-fiscal-eletronica?ideDocumentoFiscal=7544505"
"SDD";"";"";"";"2023";"NA";"";"57";"13";"FORNECIMENTO DE ALIMENTAÇÃO DO PARLAMENTAR";"0";"";"PANIFICADORA E CONFEITARIA CINCO ESTRELAS LTDA";"370.647.300/0075-1";"7449";"4";"2023-05-02T00:00:00";"300.04";"24";"276.04";"4";"2023";"0";"";"";"1934439";"";"";"";"2864";"7544508";"https://www.camara.leg.br/cota-parlamentar/nota-fiscal-eletronica?ideDocumentoFiscal=7544508"
"SDD";"";"";"";"2023";"NA";"";"57";"13";"FORNECIMENTO DE ALIMENTAÇÃO DO PARLAMENTAR";"0";"";"PANIFICADORA E CONFEITARIA CINCO ESTRELAS LTDA";"370.647.300/0075-1";"7450";"4";"2023-05-02T00:00:00";"266.79";"24";"242.79";"5";"2023";"0";"";"";"1934442";"";"";"";"2864";"7544514";"https://www.camara.leg.br/cota-parlamentar/nota-fiscal-eletronica?ideDocumentoFiscal=7544514"
"SDD";"";"";"";"2023";"NA";"";"57";"13";"FORNECIMENTO DE ALIMENTAÇÃO DO PARLAMENTAR";"0";"";"PANIFICADORA E CONFEITARIA CINCO ESTRELAS LTDA";"370.647.300/0075-1";"7451";"4";"2023-05-02T00:00:00";"284.79";"24";"260.79";"5";"2023";"0";"";"";"1934442";"";"";"";"2864";"7544510";"https://www.camara.leg.br/cota-parlamentar/nota-fiscal-eletronica?ideDocumentoFiscal=7544510"
"SDD";"";"";"";"2023";"NA";"";"57";"13";"FORNECIMENTO DE ALIMENTAÇÃO DO PARLAMENTAR";"0";"";"PANIFICADORA E CONFEITARIA CINCO ESTRELAS LTDA";"370.647.300/0075-1";"7520";"4";"2023-05-04T00:00:00";"397.74";"28.73";"369.01";"5";"2023";"0";"";"";"1934442";"";"";"";"2864";"7544516";"https://www.camara.leg.br/cota-parlamentar/nota-fiscal-eletronica?ideDocumentoFiscal=7544516"
"SDD";"";"";"";"2023";"NA";"";"57";"13";"FORNECIMENTO DE ALIMENTAÇÃO DO PARLAMENTAR";"0";"";"PANIFICADORA E CONFEITARIA CINCO ESTRELAS LTDA";"370.647.300/0075-1";"7746";"4";"2023-05-15T00:00:00";"292.79";"24";"268.79";"5";"2023";"0";"";"";"1934442";"";"";"";"2864";"7544518";"https://www.camara.leg.br/cota-parlamentar/nota-fiscal-eletronica?ideDocumentoFiscal=7544518"
"SDD";"";"";"";"2023";"NA";"";"57";"13";"FORNECIMENTO DE ALIMENTAÇÃO DO PARLAMENTAR";"0";"";"PANIFICADORA E CONFEITARIA CINCO ESTRELAS LTDA";"370.647.300/0075-1";"7747";"4";"2023-05-15T00:00:00";"300.04";"24";"276.04";"5";"2023";"0";"";"";"1934442";"";"";"";"2864";"7544519";"https://www.camara.leg.br/cota-parlamentar/nota-fiscal-eletronica?ideDocumentoFiscal=7544519"
"SDD";"";"";"";"2023";"NA";"";"57";"13";"FORNECIMENTO DE ALIMENTAÇÃO DO PARLAMENTAR";"0";"";"PANIFICADORA E CONFEITARIA CINCO ESTRELAS LTDA";"370.647.300/0075-1";"7945";"4";"2023-05-22T00:00:00";"334.22";"24";"310.22";"5";"2023";"0";"";"";"1943895";"";"";"";"2864";"7562212";"https://www.camara.leg.br/cota-parlamentar/nota-fiscal-eletronica?ideDocumentoFiscal=7562212"
"SDD";"";"";"";"2023";"NA";"";"57";"13";"FORNECIMENTO DE ALIMENTAÇÃO DO PARLAMENTAR";"0";"";"PANIFICADORA E CONFEITARIA CINCO ESTRELAS LTDA";"370.647.300/0075-1";"7946";"4";"2023-05-22T00:00:00";"326.73";"0";"326.73";"5";"2023";"0";"";"";"1943895";"";"";"";"2864";"7562217";"https://www.camara.leg.br/cota-parlamentar/nota-fiscal-eletronica?ideDocumentoFiscal=7562217"
"SDD";"";"";"";"2023";"NA";"";"57";"13";"FORNECIMENTO DE ALIMENTAÇÃO DO PARLAMENTAR";"0";"";"PANIFICADORA E CONFEITARIA CINCO ESTRELAS LTDA";"370.647.300/0075-1";"8087";"4";"2023-05-29T00:00:00";"331.87";"24";"307.87";"5";"2023";"0";"";"";"1943895";"";"";"";"2864";"7562224";"https://www.camara.leg.br/cota-parlamentar/nota-fiscal-eletronica?ideDocumentoFiscal=7562224"
"SDD";"";"";"";"2023";"NA";"";"57";"13";"FORNECIMENTO DE ALIMENTAÇÃO DO PARLAMENTAR";"0";"";"PANIFICADORA E CONFEITARIA CINCO ESTRELAS LTDA";"370.647.300/0075-1";"8134";"4";"2023-05-31T00:00:00";"172.88";"24";"148.88";"5";"2023";"0";"";"";"1943895";"";"";"";"2864";"7562222";"https://www.camara.leg.br/cota-parlamentar/nota-fiscal-eletronica?ideDocumentoFiscal=7562222"
"SDD";"";"";"";"2023";"NA";"";"57";"13";"FORNECIMENTO DE ALIMENTAÇÃO DO PARLAMENTAR";"0";"";"PANIFICADORA E CONFEITARIA CINCO ESTRELAS LTDA";"370.647.300/0075-1";"8373";"4";"2023-06-12T00:00:00";"359.18";"28";"331.18";"5";"2023";"0";"";"";"1943895";"";"";"";"2864";"7562228";"https://www.camara.leg.br/cota-parlamentar/nota-fiscal-eletronica?ideDocumentoFiscal=7562228"
"SDD";"";"";"";"2023";"NA";"";"57";"13";"FORNECIMENTO DE ALIMENTAÇÃO DO PARLAMENTAR";"0";"";"PANIFICADORA E CONFEITARIA CINCO ESTRELAS LTDA";"370.647.300/0075-1";"8374";"4";"2023-06-12T00:00:00";"343.83";"28";"315.83";"5";"2023";"0";"";"";"1943895";"";"";"";"2864";"7562229";"https://www.camara.leg.br/cota-parlamentar/nota-fiscal-eletronica?ideDocumentoFiscal=7562229"
"SDD";"";"";"";"2023";"NA";"";"57";"13";"FORNECIMENTO DE ALIMENTAÇÃO DO PARLAMENTAR";"0";"";"PANIFICADORA E CONFEITARIA CINCO ESTRELAS LTDA";"370.647.300/0075-1";"8429";"4";"2023-06-14T00:00:00";"357.78";"25.2";"332.58";"6";"2023";"0";"";"";"1943896";"";"";"";"2864";"7562230";"https://www.camara.leg.br/cota-parlamentar/nota-fiscal-eletronica?ideDocumentoFiscal=7562230"
"SDD";"";"";"";"2023";"NA";"";"57";"13";"FORNECIMENTO DE ALIMENTAÇÃO DO PARLAMENTAR";"0";"";"PANIFICADORA E CONFEITARIA CINCO ESTRELAS LTDA";"370.647.300/0075-1";"8430";"4";"2023-06-14T00:00:00";"373.18";"25.19";"347.99";"6";"2023";"0";"";"";"1943896";"";"";"";"2864";"7562234";"https://www.camara.leg.br/cota-parlamentar/nota-fiscal-eletronica?ideDocumentoFiscal=7562234"
"SDD";"";"";"";"2023";"NA";"";"57";"13";"FORNECIMENTO DE ALIMENTAÇÃO DO PARLAMENTAR";"0";"";"PANIFICADORA E CONFEITARIA CINCO ESTRELAS LTDA";"370.647.300/0075-1";"8668";"4";"2023-06-26T00:00:00";"359.58";"25.21";"334.37";"6";"2023";"0";"";"";"1955303";"";"";"";"2864";"7583158";"https://www.camara.leg.br/cota-parlamentar/nota-fiscal-eletronica?ideDocumentoFiscal=7583158"
"SDD";"";"";"";"2023";"NA";"";"57";"13";"FORNECIMENTO DE ALIMENTAÇÃO DO PARLAMENTAR";"0";"";"PANIFICADORA E CONFEITARIA CINCO ESTRELAS LTDA";"370.647.300/0075-1";"8669";"4";"2023-06-26T00:00:00";"335.53";"25.23";"310.3";"6";"2023";"0";"";"";"1955303";"";"";"";"2864";"7583164";"https://www.camara.leg.br/cota-parlamentar/nota-fiscal-eletronica?ideDocumentoFiscal=7583164"
"SDD";"";"";"";"2023";"NA";"";"57";"13";"FORNECIMENTO DE ALIMENTAÇÃO DO PARLAMENTAR";"0";"";"PANIFICADORA E CONFEITARIA CINCO ESTRELAS LTDA";"370.647.300/0075-1";"9606";"4";"2023-08-08T00:00:00";"309.92";"20.26";"289.66";"8";"2023";"0";"";"";"1963325";"";"";"";"2864";"7598520";"https://www.camara.leg.br/cota-parlamentar/nota-fiscal-eletronica?ideDocumentoFiscal=7598520"
"SDD";"";"";"";"2023";"NA";"";"57";"13";"FORNECIMENTO DE ALIMENTAÇÃO DO PARLAMENTAR";"0";"";"PANIFICADORA E CONFEITARIA CINCO ESTRELAS LTDA";"370.647.300/0075-1";"9607";"4";"2023-08-08T00:00:00";"347.34";"20.34";"327";"8";"2023";"0";"";"";"1963325";"";"";"";"2864";"7598524";"https://www.camara.leg.br/cota-parlamentar/nota-fiscal-eletronica?ideDocumentoFiscal=7598524"
"SDD";"";"";"";"2023";"NA";"";"57";"13";"FORNECIMENTO DE ALIMENTAÇÃO DO PARLAMENTAR";"0";"";"PANIFICADORA E CONFEITARIA CINCO ESTRELAS LTDA";"370.647.300/0075-1";"9722";"4";"2023-08-14T00:00:00";"411.39";"24";"387.39";"8";"2023";"0";"";"";"1963325";"";"";"";"2864";"7598544";"https://www.camara.leg.br/cota-parlamentar/nota-fiscal-eletronica?ideDocumentoFiscal=7598544"
"SDD";"";"";"";"2023";"NA";"";"57";"13";"FORNECIMENTO DE ALIMENTAÇÃO DO PARLAMENTAR";"0";"";"PANIFICADORA E CONFEITARIA CINCO ESTRELAS LTDA";"370.647.300/0075-1";"9723";"4";"2023-08-14T00:00:00";"334.59";"24";"310.59";"8";"2023";"0";"";"";"1963325";"";"";"";"2864";"7598549";"https://www.camara.leg.br/cota-parlamentar/nota-fiscal-eletronica?ideDocumentoFiscal=7598549"
"SDD";"";"";"";"2023";"NA";"";"57";"13";"FORNECIMENTO DE ALIMENTAÇÃO DO PARLAMENTAR";"0";"";"PANIFICADORA E CONFEITARIA CINCO ESTRELAS LTDA";"370.647.300/0075-1";"9936";"4";"2023-08-24T00:00:00";"360.19";"24";"336.19";"8";"2023";"0";"";"";"1963325";"";"";"";"2864";"7598565";"https://www.camara.leg.br/cota-parlamentar/nota-fiscal-eletronica?ideDocumentoFiscal=7598565"
"SDD";"";"";"";"2023";"NA";"";"57";"13";"FORNECIMENTO DE ALIMENTAÇÃO DO PARLAMENTAR";"0";"";"PANIFICADORA E CONFEITARIA CINCO ESTRELAS LTDA";"370.647.300/0075-1";"9937";"4";"2023-08-24T00:00:00";"350.1";"24";"326.1";"8";"2023";"0";"";"";"1963325";"";"";"";"2864";"7598567";"https://www.camara.leg.br/cota-parlamentar/nota-fiscal-eletronica?ideDocumentoFiscal=7598567"
"SDD";"";"";"";"2023";"NA";"";"57";"13";"FORNECIMENTO DE ALIMENTAÇÃO DO PARLAMENTAR";"0";"";"SANTO BUFFET SERVICOS DE ALIMENTACAO LTDA";"453.508.390/0019-8";"330";"0";"2023-10-04T00:00:00";"1100";"0";"1100";"10";"2023";"0";"";"";"1984705";"";"";"";"2864";"7637932";"https://www.camara.leg.br/cota-parlamentar/documentos/publ/2864/2023/7637932.pdf"
"SDD";"";"";"";"2023";"NA";"";"57";"13";"FORNECIMENTO DE ALIMENTAÇÃO DO PARLAMENTAR";"0";"";"SILT SELF SERVICE EIRELI ME";"072.867.310/0019-4";"39693";"4";"2023-02-07T00:00:00";"675";"0";"675";"2";"2023";"0";"";"";"1908964";"";"";"";"2864";"7498863";"https://www.camara.leg.br/cota-parlamentar/nota-fiscal-eletronica?ideDocumentoFiscal=7498863"
"UNIÃO";"";"";"";"2019";"NA";"";"56";"12";"ASSINATURA DE PUBLICAÇÕES";"0";"";"AGENCIA ESTADO";"626.529.610/0013-8";"00795149";"0";"2023-01-03T00:00:00";"5610";"0";"5610";"1";"2023";"0";"";"";"1904700";"";"";"";"3492";"7491604";"https://www.camara.leg.br/cota-parlamentar/documentos/publ/3492/2023/7491604.pdf"
"UNIÃO";"";"";"";"2023";"NA";"";"57";"1";"MANUTENÇÃO DE ESCRITÓRIO DE APOIO À ATIVIDADE PARLAMENTAR";"0";"";"ADOBE  SYSTEMS SOFTWARE IRELAND LTD";"000.000.000/0001-0";"2477668522";"1";"2023-06-14T00:00:00";"1488";"0";"1488";"6";"2023";"0";"";"";"1956933";"";"";"";"3492";"7586085";"https://www.camara.leg.br/cota-parlamentar/documentos/publ/3492/2023/7586085.pdf"
"UNIÃO";"";"";"";"2023";"NA";"";"57";"1";"MANUTENÇÃO DE ESCRITÓRIO DE APOIO À ATIVIDADE PARLAMENTAR";"0";"";"ADOBE SYSTEMS SOFTWARE IRELAND LTD";"000.000.000/0001-0";"2398235192";"1";"2023-03-07T00:00:00";"1488";"0";"1488";"3";"2023";"0";"";"";"1914469";"";"";"";"3492";"7509155";"https://www.camara.leg.br/cota-parlamentar/documentos/publ/3492/2023/7509155.pdf"
"UNIÃO";"";"";"";"2023";"NA";"";"57";"1";"MANUTENÇÃO DE ESCRITÓRIO DE APOIO À ATIVIDADE PARLAMENTAR";"0";"";"BROAD BRASIL LTDA";"489.496.410/0011-3";"300";"0";"2023-10-19T00:00:00";"1050";"0";"1050";"10";"2023";"0";"";"";"1982419";"";"";"";"3492";"7633709";"https://www.camara.leg.br/cota-parlamentar/documentos/publ/3492/2023/7633709.pdf"
"UNIÃO";"";"";"";"2023";"NA";"";"57";"1";"MANUTENÇÃO DE ESCRITÓRIO DE APOIO À ATIVIDADE PARLAMENTAR";"0";"";"BROAD BRASIL LTDA";"489.496.410/0011-3";"320";"0";"2023-11-21T00:00:00";"1050";"0";"1050";"11";"2023";"0";"";"";"1993370";"";"";"";"3492";"7653269";"https://www.camara.leg.br/cota-parlamentar/documentos/publ/3492/2023/7653269.pdf"
"UNIÃO";"";"";"";"2023";"NA";"";"57";"1";"MANUTENÇÃO DE ESCRITÓRIO DE APOIO À ATIVIDADE PARLAMENTAR";"0";"";"BROAD BRASIL LTDA";"489.496.410/0011-3";"374";"0";"2023-12-13T00:00:00";"1050";"0";"1050";"12";"2023";"0";"";"";"1999627";"";"";"";"3492";"7663866";"https://www.camara.leg.br/cota-parlamentar/documentos/publ/3492/2023/7663866.pdf"
"UNIÃO";"";"";"";"2023";"NA";"";"57";"1";"MANUTENÇÃO DE ESCRITÓRIO DE APOIO À ATIVIDADE PARLAMENTAR";"0";"";"BROADBRASIL LTDA";"489.496.410/0011-3";"129";"0";"2023-06-22T00:00:00";"1050";"0";"1050";"6";"2023";"0";"";"";"1946796";"";"";"";"3492";"7567559";"https://www.camara.leg.br/cota-parlamentar/documentos/publ/3492/2023/7567559.pdf"
"UNIÃO";"";"";"";"2023";"NA";"";"57";"1";"MANUTENÇÃO DE ESCRITÓRIO DE APOIO À ATIVIDADE PARLAMENTAR";"0";"";"BROADBRASIL LTDA";"489.496.410/0011-3";"212";"0";"2023-08-18T00:00:00";"1050";"0";"1050";"8";"2023";"0";"";"";"1963186";"";"";"";"3492";"7599066";"https://www.camara.leg.br/cota-parlamentar/documentos/publ/3492/2023/7599066.pdf"
"UNIÃO";"";"";"";"2023";"NA";"";"57";"1";"MANUTENÇÃO DE ESCRITÓRIO DE APOIO À ATIVIDADE PARLAMENTAR";"0";"";"BROADBRASIL LTDA";"489.496.410/0011-3";"250";"0";"2023-09-18T00:00:00";"1050";"0";"1050";"9";"2023";"0";"";"";"1974477";"";"";"";"3492";"7619137";"https://www.camara.leg.br/cota-parlamentar/documentos/publ/3492/2023/7619137.pdf"
"UNIÃO";"";"";"";"2023";"NA";"";"57";"1";"MANUTENÇÃO DE ESCRITÓRIO DE APOIO À ATIVIDADE PARLAMENTAR";"0";"";"BROADBRASIL LTDA";"489.496.410/0011-3";"72";"0";"2023-05-16T00:00:00";"1050";"0";"1050";"5";"2023";"0";"";"";"1935436";"";"";"";"3492";"7546452";"https://www.camara.leg.br/cota-parlamentar/documentos/publ/3492/2023/7546452.pdf"
"UNIÃO";"";"";"";"2023";"NA";"";"57";"1";"MANUTENÇÃO DE ESCRITÓRIO DE APOIO À ATIVIDADE PARLAMENTAR";"0";"";"BROADBRASIL LTDA";"489.496.410/0011-3";"96";"0";"2023-05-18T00:00:00";"1050";"0";"1050";"4";"2023";"0";"";"";"1926790";"";"";"";"3492";"7531515";"https://www.camara.leg.br/cota-parlamentar/documentos/publ/3492/2023/7531515.pdf"
"UNIÃO";"";"";"";"2023";"NA";"";"57";"1";"MANUTENÇÃO DE ESCRITÓRIO DE APOIO À ATIVIDADE PARLAMENTAR";"0";"";"GOOGLE LLC";"000.000.000/0001-0";"SOP.3384-2928-4283-45032";"1";"2023-04-25T00:00:00";"349";"0";"349";"4";"2023";"0";"";"";"1928035";"";"";"";"3492";"7533902";"https://www.camara.leg.br/cota-parlamentar/documentos/publ/3492/2023/7533902.pdf"
"UNIÃO";"";"";"";"2023";"NA";"";"57";"1";"MANUTENÇÃO DE ESCRITÓRIO DE APOIO À ATIVIDADE PARLAMENTAR";"0";"";"Zoom Video Communications Inc.";"000.000.000/0001-0";"INV202683020";"1";"2023-05-18T00:00:00";"127.32";"0";"127.32";"8";"2023";"0";"";"";"1958928";"";"";"";"3492";"7590731";"https://www.camara.leg.br/cota-parlamentar/documentos/publ/3492/2023/7590731.pdf"
"UNIÃO";"";"";"";"2023";"NA";"";"57";"1";"MANUTENÇÃO DE ESCRITÓRIO DE APOIO À ATIVIDADE PARLAMENTAR";"0";"";"Zoom Video Communications Inc.";"000.000.000/0001-0";"INV214053311";"1";"2023-08-08T00:00:00";"764.04";"0";"764.04";"7";"2023";"0";"";"";"1958910";"";"";"";"3492";"7590676";"https://www.camara.leg.br/cota-parlamentar/documentos/publ/3492/2023/7590676.pdf"
"UNIÃO";"";"";"";"2023";"NA";"";"57";"3";"COMBUSTÍVEIS E LUBRIFICANTES.";"1";"Veículos Automotores";"072 - 403 SUL - CASCOL COMBUSTIVEIS PARA VEICULOS LTDA";"003.065.970/0729-0";"315383";"4";"2023-08-08T00:00:00";"227.38";"0";"227.38";"8";"2023";"0";"";"";"1957275";"";"";"";"3492";"7586805";"https://www.camara.leg.br/cota-parlamentar/nota-fiscal-eletronica?ideDocumentoFiscal=7586805"
"UNIÃO";"";"";"";"2023";"NA";"";"57";"3";"COMBUSTÍVEIS E LUBRIFICANTES.";"1";"Veículos Automotores";"076 - MELHOR 10 - CASCOL COMBUSTIVEIS PARA VEICULOS LTDA";"003.065.970/0761-4";"647757";"4";"2023-05-24T00:00:00";"150";"0";"150";"5";"2023";"0";"";"";"1936337";"";"";"";"3492";"7548254";"https://www.camara.leg.br/cota-parlamentar/nota-fiscal-eletronica?ideDocumentoFiscal=7548254"
"UNIÃO";"";"";"";"2023";"NA";"";"57";"3";"COMBUSTÍVEIS E LUBRIFICANTES.";"1";"Veículos Automotores";"AUTO POSTO 303 NORTE LTDA";"381.942.120/0012-0";"239615";"4";"2023-05-10T00:00:00";"241.48";"0";"241.48";"5";"2023";"0";"";"";"1932306";"";"";"";"3492";"7540622";"https://www.camara.leg.br/cota-parlamentar/nota-fiscal-eletronica?ideDocumentoFiscal=7540622"
"UNIÃO";"";"";"";"2023";"NA";"";"57";"3";"COMBUSTÍVEIS E LUBRIFICANTES.";"1";"Veículos Automotores";"AUTO POSTO 303 NORTE LTDA";"381.942.120/0012-0";"241405";"4";"2023-05-15T00:00:00";"197.5";"0";"197.5";"5";"2023";"0";"";"";"1933956";"";"";"";"3492";"7543631";"https://www.camara.leg.br/cota-parlamentar/nota-fiscal-eletronica?ideDocumentoFiscal=7543631"
"UNIÃO";"";"";"";"2023";"NA";"";"57";"3";"COMBUSTÍVEIS E LUBRIFICANTES.";"1";"Veículos Automotores";"AUTO POSTO 303 NORTE LTDA";"381.942.120/0012-0";"271683";"4";"2023-08-28T00:00:00";"149.98";"0";"149.98";"8";"2023";"0";"";"";"1963162";"";"";"";"3492";"7598627";"https://www.camara.leg.br/cota-parlamentar/nota-fiscal-eletronica?ideDocumentoFiscal=7598627"
"UNIÃO";"";"";"";"2023";"NA";"";"57";"3";"COMBUSTÍVEIS E LUBRIFICANTES.";"1";"Veículos Automotores";"AUTO POSTO 303 NORTE LTDA";"381.942.120/0012-0";"293297";"4";"2023-10-30T00:00:00";"178.68";"0";"178.68";"10";"2023";"0";"";"";"1982415";"";"";"";"3492";"7633680";"https://www.camara.leg.br/cota-parlamentar/nota-fiscal-eletronica?ideDocumentoFiscal=7633680"
"UNIÃO";"";"";"";"2023";"NA";"";"57";"3";"COMBUSTÍVEIS E LUBRIFICANTES.";"1";"Veículos Automotores";"AUTO POSTO CINCO ESTRELAS LTDA";"006.924.180/0061-1";"359070";"4";"2023-11-06T00:00:00";"263.71";"0";"263.71";"11";"2023";"0";"";"";"1983932";"";"";"";"3492";"7636680";"https://www.camara.leg.br/cota-parlamentar/nota-fiscal-eletronica?ideDocumentoFiscal=7636680"
"UNIÃO";"";"";"";"2023";"NA";"";"57";"3";"COMBUSTÍVEIS E LUBRIFICANTES.";"1";"Veículos Automotores";"POSTO DE COMBUSTIVEIS 206 LTDA";"400.842.690/0011-8";"41006";"4";"2023-07-04T00:00:00";"234.57";"0";"234.57";"7";"2023";"0";"";"";"1947849";"";"";"";"3492";"7569486";"https://www.camara.leg.br/cota-parlamentar/nota-fiscal-eletronica?ideDocumentoFiscal=7569486"
"UNIÃO";"";"";"";"2023";"NA";"";"57";"3";"COMBUSTÍVEIS E LUBRIFICANTES.";"3";"Aeronaves";"AIR BP PETROBAHIA LTDA";"228.995.330/0060-2";"25941";"4";"2023-11-08T00:00:00";"1059.75";"0";"1059.75";"11";"2023";"0";"";"";"1988964";"";"";"";"3492";"7644682";"https://www.camara.leg.br/cota-parlamentar/nota-fiscal-eletronica?ideDocumentoFiscal=7644682"
"UNIÃO";"";"";"";"2023";"NA";"";"57";"3";"COMBUSTÍVEIS E LUBRIFICANTES.";"3";"Aeronaves";"AIR BP PETROBAHIA LTDA";"228.995.330/0060-2";"26247";"4";"2023-11-26T00:00:00";"1866.98";"0";"1866.98";"11";"2023";"0";"";"";"1994563";"";"";"";"3492";"7655385";"https://www.camara.leg.br/cota-parlamentar/nota-fiscal-eletronica?ideDocumentoFiscal=7655385"
"UNIÃO";"";"";"";"2023";"NA";"";"57";"12";"ASSINATURA DE PUBLICAÇÕES";"0";"";"AGENCIA ESTADO";"626.529.610/0013-8";"00797354";"0";"2023-02-02T00:00:00";"5610";"0";"5610";"2";"2023";"0";"";"";"1909618";"";"";"";"3492";"7500063";"https://www.camara.leg.br/cota-parlamentar/documentos/publ/3492/2023/7500063.pdf"
"UNIÃO";"";"";"";"2023";"NA";"";"57";"12";"ASSINATURA DE PUBLICAÇÕES";"0";"";"AGENCIA ESTADO";"626.529.610/0013-8";"00799525";"0";"2023-03-02T00:00:00";"5933.7";"0";"5933.7";"3";"2023";"0";"";"";"1916608";"";"";"";"3492";"7513317";"https://www.camara.leg.br/cota-parlamentar/documentos/publ/3492/2023/7513317.pdf"
"UNIÃO";"";"";"";"2023";"NA";"";"57";"12";"ASSINATURA DE PUBLICAÇÕES";"0";"";"AGENCIA ESTADO";"626.529.610/0013-8";"00801896";"0";"2023-04-04T00:00:00";"5951.5";"18.8";"5932.7";"4";"2023";"0";"";"";"1927197";"";"";"";"3492";"7532274";"https://www.camara.leg.br/cota-parlamentar/documentos/publ/3492/2023/7532274.pdf"
"UNIÃO";"";"";"";"2023";"NA";"";"57";"12";"ASSINATURA DE PUBLICAÇÕES";"0";"";"AGENCIA ESTADO";"626.529.610/0013-8";"00805547";"0";"2023-05-05T00:00:00";"5742.3";"0";"5742.3";"5";"2023";"0";"";"";"1935433";"";"";"";"3492";"7546438";"https://www.camara.leg.br/cota-parlamentar/documentos/publ/3492/2023/7546438.pdf"
"UNIÃO";"";"";"";"2023";"NA";"";"57";"12";"ASSINATURA DE PUBLICAÇÕES";"0";"";"BROADBRASIL LTDA";"489.496.410/0011-3";"170";"0";"2023-07-12T00:00:00";"1050";"0";"1050";"7";"2023";"0";"";"";"1950762";"";"";"";"3492";"7574596";"https://www.camara.leg.br/cota-parlamentar/documentos/publ/3492/2023/7574596.pdf"
"UNIÃO";"";"";"";"2023";"NA";"";"57";"13";"FORNECIMENTO DE ALIMENTAÇÃO DO PARLAMENTAR";"0";"";"AMRC COMERCIO DE ALIMENTOS EIRELI";"277.623.480/0017-2";"51644";"4";"2023-08-02T00:00:00";"351";"0";"351";"8";"2023";"0";"";"";"1955129";"";"";"";"3492";"7582891";"https://www.camara.leg.br/cota-parlamentar/nota-fiscal-eletronica?ideDocumentoFiscal=7582891"
"UNIÃO";"";"";"";"2023";"NA";"";"57";"13";"FORNECIMENTO DE ALIMENTAÇÃO DO PARLAMENTAR";"0";"";"DOM FRANCISCO RESTAURANTE LTDA";"033.271.910/0019-9";"1061";"4";"2023-06-14T00:00:00";"594";"17";"577";"6";"2023";"0";"";"";"1941883";"";"";"";"3492";"7558510";"https://www.camara.leg.br/cota-parlamentar/nota-fiscal-eletronica?ideDocumentoFiscal=7558510"
"UNIÃO";"";"";"";"2023";"NA";"";"57";"13";"FORNECIMENTO DE ALIMENTAÇÃO DO PARLAMENTAR";"0";"";"DOM FRANCISCO RESTAURANTE LTDA";"033.271.910/0019-9";"583";"4";"2023-06-07T00:00:00";"856";"24";"832";"6";"2023";"0";"";"";"1940567";"";"";"";"3492";"7556087";"https://www.camara.leg.br/cota-parlamentar/nota-fiscal-eletronica?ideDocumentoFiscal=7556087"
"UNIÃO";"";"";"";"2023";"NA";"";"57";"13";"FORNECIMENTO DE ALIMENTAÇÃO DO PARLAMENTAR";"0";"";"GM RIBEIRO DA COSTA RESTAURANTE";"015.525.820/0018-1";"3664";"4";"2023-10-30T00:00:00";"609";"0";"609";"10";"2023";"0";"";"";"1983070";"";"";"";"3492";"7635016";"https://www.camara.leg.br/cota-parlamentar/nota-fiscal-eletronica?ideDocumentoFiscal=7635016"
"UNIÃO";"";"";"";"2023";"NA";"";"57";"13";"FORNECIMENTO DE ALIMENTAÇÃO DO PARLAMENTAR";"0";"";"JNRT COMERCIO DE ALIMENTOS EIRELI";"157.591.280/0010-0";"142200";"4";"2023-02-16T00:00:00";"705.21";"64.11";"641.1";"2";"2023";"0";"";"";"1909625";"";"";"";"3492";"7500071";"https://www.camara.leg.br/cota-parlamentar/nota-fiscal-eletronica?ideDocumentoFiscal=7500071"
"UNIÃO";"";"";"";"2023";"NA";"";"57";"13";"FORNECIMENTO DE ALIMENTAÇÃO DO PARLAMENTAR";"0";"";"LMS PARRILIA LTDA";"445.570.320/0016-8";"1881";"4";"2023-11-08T00:00:00";"515.51";"94.31";"421.2";"11";"2023";"0";"";"";"1985437";"";"";"";"3492";"7639327";"https://www.camara.leg.br/cota-parlamentar/nota-fiscal-eletronica?ideDocumentoFiscal=7639327"
"UNIÃO";"";"";"";"2023";"NA";"";"57";"13";"FORNECIMENTO DE ALIMENTAÇÃO DO PARLAMENTAR";"0";"";"LMS PARRILIA LTDA";"445.570.320/0016-8";"831";"4";"2023-02-01T00:00:00";"553.1";"30";"523.1";"2";"2023";"0";"";"";"1905019";"";"";"";"3492";"7492265";"https://www.camara.leg.br/cota-parlamentar/nota-fiscal-eletronica?ideDocumentoFiscal=7492265"
"Danilo Forte";"";"62881";"91";"2019";"CE";"PP";"56";"1";"MANUTENÇÃO DE ESCRITÓRIO DE APOIO À ATIVIDADE PARLAMENTAR";"0";"";"Conde & Dell Aringa - Des de Softwares";"096.137.720/0017-3";"11622";"0";"2023-02-01T00:00:00";"400";"0";"400";"1";"2023";"0";"";"";"1906452";"";"";"";"2227";"7492263";"https://www.camara.leg.br/cota-parlamentar/documentos/publ/2227/2023/7492263.pdf"
"Danilo Forte";"";"62881";"91";"2019";"CE";"PP";"56";"1";"MANUTENÇÃO DE ESCRITÓRIO DE APOIO À ATIVIDADE PARLAMENTAR";"0";"";"KANTOBYTE SOLUÇÕES E TECNOLOGIA";"294.588.240/0019-1";"114";"0";"2023-01-16T00:00:00";"2215";"0";"2215";"1";"2023";"0";"";"";"1902046";"";"";"";"2227";"7486094";"https://www.camara.leg.br/cota-parlamentar/documentos/publ/2227/2023/7486094.pdf"
"Danilo Forte";"";"62881";"91";"2019";"CE";"PP";"56";"3";"COMBUSTÍVEIS E LUBRIFICANTES.";"1";"Veículos Automotores";"088 - TAQUARI - CASCOL COMBUSTIVEIS PARA VEICULOS LTDA";"003.065.970/0885-8";"266104";"4";"2023-01-04T00:00:00";"103.01";"0";"103.01";"1";"2023";"0";"";"";"1904291";"";"";"";"2227";"7490448";"https://www.camara.leg.br/cota-parlamentar/nota-fiscal-eletronica?ideDocumentoFiscal=7490448"
"Danilo Forte";"";"62881";"91";"2019";"CE";"PP";"56";"3";"COMBUSTÍVEIS E LUBRIFICANTES.";"1";"Veículos Automotores";"AUTOPOSTO JAGUARIBANO COMERCIAL DE COMBUSTIVEIS LTDA";"095.129.440/0011-2";"000049";"0";"2023-01-07T00:00:00";"240.14";"0";"240.14";"1";"2023";"0";"";"";"1901064";"";"";"";"2227";"7484011";"https://www.camara.leg.br/cota-parlamentar/documentos/publ/2227/2023/7484011.pdf"
"Danilo Forte";"";"62881";"91";"2019";"CE";"PP";"56";"3";"COMBUSTÍVEIS E LUBRIFICANTES.";"1";"Veículos Automotores";"COMERCIAL DE PETROLEO CAFE LTDA - EPP";"057.309.030/0030-3";"239739";"4";"2023-01-12T00:00:00";"222.09";"0";"222.09";"1";"2023";"0";"";"";"1904291";"";"";"";"2227";"7490748";"https://www.camara.leg.br/cota-parlamentar/nota-fiscal-eletronica?ideDocumentoFiscal=7490748"
"Danilo Forte";"";"62881";"91";"2019";"CE";"PP";"56";"3";"COMBUSTÍVEIS E LUBRIFICANTES.";"1";"Veículos Automotores";"Facil Comercio de Combustiveis LTDA";"057.855.810/0072-3";"060159";"0";"2023-01-07T00:00:00";"400.04";"0";"400.04";"1";"2023";"0";"";"";"1901064";"";"";"";"2227";"7484002";"https://www.camara.leg.br/cota-parlamentar/documentos/publ/2227/2023/7484002.pdf"
"Danilo Forte";"";"62881";"91";"2019";"CE";"PP";"56";"3";"COMBUSTÍVEIS E LUBRIFICANTES.";"1";"Veículos Automotores";"JMF   COMERCIO DE COMBUSTIVEIS LTDA";"045.244.160/0067-4";"929965";"4";"2023-01-13T00:00:00";"315.99";"0";"315.99";"1";"2023";"0";"";"";"1904291";"";"";"";"2227";"7490747";"https://www.camara.leg.br/cota-parlamentar/nota-fiscal-eletronica?ideDocumentoFiscal=7490747"
"Danilo Forte";"";"62881";"91";"2019";"CE";"PP";"56";"3";"COMBUSTÍVEIS E LUBRIFICANTES.";"1";"Veículos Automotores";"ORGANIZACAO HELIO MEIRELES PETROLEO LTDA";"736.761.400/0031-0";"251916";"0";"2023-01-05T00:00:00";"200";"0";"200";"1";"2023";"0";"";"";"1901064";"";"";"";"2227";"7484006";"https://www.camara.leg.br/cota-parlamentar/documentos/publ/2227/2023/7484006.pdf"
"Danilo Forte";"";"62881";"91";"2019";"CE";"PP";"56";"3";"COMBUSTÍVEIS E LUBRIFICANTES.";"1";"Veículos Automotores";"ORGANIZAÇÃO HÉLIO MEIRELES PETRÓLEO LTDA.";"736.761.400/0015-8";"085617";"0";"2023-01-17T00:00:00";"200.36";"0";"200.36";"1";"2023";"0";"";"";"1903935";"";"";"";"2227";"7489970";"https://www.camara.leg.br/cota-parlamentar/documentos/publ/2227/2023/7489970.pdf"
"Danilo Forte";"";"62881";"91";"2019";"CE";"PP";"56";"3";"COMBUSTÍVEIS E LUBRIFICANTES.";"1";"Veículos Automotores";"PIPEL PICOS PETROLEO LTDA";"074.832.660/0026-2";"266275";"4";"2023-01-11T00:00:00";"261";"0";"261";"1";"2023";"0";"";"";"1904291";"";"";"";"2227";"7490741";"https://www.camara.leg.br/cota-parlamentar/nota-fiscal-eletronica?ideDocumentoFiscal=7490741"
"Danilo Forte";"";"62881";"91";"2019";"CE";"PP";"56";"3";"COMBUSTÍVEIS E LUBRIFICANTES.";"1";"Veículos Automotores";"POSTO DRAGÃO DO MAR";"325.850.550/0010-5";"057020";"0";"2023-01-24T00:00:00";"300";"0";"300";"1";"2023";"0";"";"";"1903935";"";"";"";"2227";"7489969";"https://www.camara.leg.br/cota-parlamentar/documentos/publ/2227/2023/7489969.pdf"
"Danilo Forte";"";"62881";"91";"2019";"CE";"PP";"56";"3";"COMBUSTÍVEIS E LUBRIFICANTES.";"1";"Veículos Automotores";"POSTO P. DA SILVA LTDA - ME";"072.172.340/0013-4";"193868";"4";"2023-01-05T00:00:00";"461.01";"0";"461.01";"1";"2023";"0";"";"";"1904291";"";"";"";"2227";"7490739";"https://www.camara.leg.br/cota-parlamentar/nota-fiscal-eletronica?ideDocumentoFiscal=7490739"
"Danilo Forte";"";"62881";"91";"2019";"CE";"PP";"56";"3";"COMBUSTÍVEIS E LUBRIFICANTES.";"1";"Veículos Automotores";"POSTO TAVARES LTDA";"017.812.220/0015-1";"759359";"0";"2023-01-12T00:00:00";"280.04";"0";"280.04";"1";"2023";"0";"";"";"1903935";"";"";"";"2227";"7489961";"https://www.camara.leg.br/cota-parlamentar/documentos/publ/2227/2023/7489961.pdf"
"Danilo Forte";"";"62881";"91";"2019";"CE";"PP";"56";"3";"COMBUSTÍVEIS E LUBRIFICANTES.";"1";"Veículos Automotores";"R. DEMES E CIA LTDA";"048.056.010/0012-2";"607156";"4";"2023-01-12T00:00:00";"134.08";"0";"134.08";"1";"2023";"0";"";"";"1904291";"";"";"";"2227";"7490742";"https://www.camara.leg.br/cota-parlamentar/nota-fiscal-eletronica?ideDocumentoFiscal=7490742"
"Danilo Forte";"";"62881";"91";"2019";"CE";"PP";"56";"3";"COMBUSTÍVEIS E LUBRIFICANTES.";"1";"Veículos Automotores";"REDE A+ FILIAL ITAPAJE";"187.174.750/0040-1";"138112";"0";"2023-01-13T00:00:00";"134.99";"0";"134.99";"1";"2023";"0";"";"";"1903935";"";"";"";"2227";"7489945";"https://www.camara.leg.br/cota-parlamentar/documentos/publ/2227/2023/7489945.pdf"
"Danilo Forte";"";"62881";"91";"2019";"CE";"PP";"56";"3";"COMBUSTÍVEIS E LUBRIFICANTES.";"1";"Veículos Automotores";"SERV CAR DERIVADOS DE PETROLEO LTDA";"003.132.210/0011-0";"441202";"4";"2023-01-04T00:00:00";"254.99";"0";"254.99";"1";"2023";"0";"";"";"1904291";"";"";"";"2227";"7490632";"https://www.camara.leg.br/cota-parlamentar/nota-fiscal-eletronica?ideDocumentoFiscal=7490632"
"Danilo Forte";"";"62881";"91";"2019";"CE";"PP";"56";"3";"COMBUSTÍVEIS E LUBRIFICANTES.";"1";"Veículos Automotores";"SOL COMERCIO DE COMBUSTIVEIS LTDA";"013.306.050/0010-3";"234951";"4";"2023-01-13T00:00:00";"215.07";"0";"215.07";"1";"2023";"0";"";"";"1904291";"";"";"";"2227";"7490466";"https://www.camara.leg.br/cota-parlamentar/nota-fiscal-eletronica?ideDocumentoFiscal=7490466"
"Danilo Forte";"";"62881";"91";"2019";"CE";"PP";"56";"3";"COMBUSTÍVEIS E LUBRIFICANTES.";"1";"Veículos Automotores";"TRANSPIAUI PETROLEO LTDA";"066.952.740/0012-9";"46438";"4";"2023-01-05T00:00:00";"368.13";"0";"368.13";"1";"2023";"0";"";"";"1904291";"";"";"";"2227";"7490752";"https://www.camara.leg.br/cota-parlamentar/nota-fiscal-eletronica?ideDocumentoFiscal=7490752"
"Danilo Forte";"";"62881";"91";"2019";"CE";"PP";"56";"3";"COMBUSTÍVEIS E LUBRIFICANTES.";"1";"Veículos Automotores";"VILA RICA COMBUSTIVEIS LTDA";"102.340.010/0015-4";"105401";"4";"2023-01-04T00:00:00";"421.05";"0";"421.05";"1";"2023";"0";"";"";"1904291";"";"";"";"2227";"7490749";"https://www.camara.leg.br/cota-parlamentar/nota-fiscal-eletronica?ideDocumentoFiscal=7490749"
"Danilo Forte";"";"62881";"91";"2019";"CE";"PP";"56";"3";"COMBUSTÍVEIS E LUBRIFICANTES.";"1";"Veículos Automotores";"VPL COMERCIO DE PETROLEO LTDA";"307.387.120/0017-3";"008123";"0";"2023-01-11T00:00:00";"280.01";"0";"280.01";"1";"2023";"0";"";"";"1904290";"";"";"";"2227";"7490736";"https://www.camara.leg.br/cota-parlamentar/documentos/publ/2227/2023/7490736.pdf"
"Danilo Forte";"";"62881";"91";"2019";"CE";"PP";"56";"5";"DIVULGAÇÃO DA ATIVIDADE PARLAMENTAR.";"0";"";"CARAVELAS CONSULTORIA E COMUNICACAO LTDA - EPP";"203.903.760/0016-7";"00001421";"0";"2023-01-27T00:00:00";"8666.66";"0";"8666.66";"1";"2023";"0";"";"";"1906453";"";"";"";"2227";"7494009";"https://www.camara.leg.br/cota-parlamentar/documentos/publ/2227/2023/7494009.pdf"
"Danilo Forte";"";"62881";"91";"2019";"CE";"PP";"56";"5";"DIVULGAÇÃO DA ATIVIDADE PARLAMENTAR.";"0";"";"DANIELLY RODRIGUES DOS SANTOS 97953989387";"417.352.870/0018-5";"33";"0";"2023-01-05T00:00:00";"2600";"0";"2600";"1";"2023";"0";"";"";"1905077";"";"";"";"2227";"7492254";"https://www.camara.leg.br/cota-parlamentar/documentos/publ/2227/2023/7492254.pdf"
"Danilo Forte";"";"62881";"91";"2019";"CE";"PP";"56";"5";"DIVULGAÇÃO DA ATIVIDADE PARLAMENTAR.";"0";"";"JC8 COMUNICAÇÃO E CONSULTORIA";"245.176.560/0014-4";"108";"0";"2023-01-26T00:00:00";"3200";"0";"3200";"1";"2023";"0";"";"";"1905077";"";"";"";"2227";"7492371";"https://www.camara.leg.br/cota-parlamentar/documentos/publ/2227/2023/7492371.pdf"
"Danilo Forte";"";"62881";"91";"2019";"CE";"PP";"56";"5";"DIVULGAÇÃO DA ATIVIDADE PARLAMENTAR.";"0";"";"JOAO VICTOR SILVA MATOS 07130956364";"477.043.360/0010-7";"1";"0";"2023-02-06T00:00:00";"500";"0";"500";"1";"2023";"0";"";"";"1907491";"";"";"";"2227";"7496009";"https://www.camara.leg.br/cota-parlamentar/documentos/publ/2227/2023/7496009.pdf"
"Danilo Forte";"";"62881";"91";"2019";"CE";"PP";"56";"5";"DIVULGAÇÃO DA ATIVIDADE PARLAMENTAR.";"0";"";"PROMOÇÕES CONSULTORIA E EDITORA PROCEL";"053.195.280/0014-1";"0000000974";"0";"2023-02-16T00:00:00";"2000";"0";"2000";"1";"2023";"0";"";"";"1912197";"";"";"";"2227";"7500092";"https://www.camara.leg.br/cota-parlamentar/documentos/publ/2227/2023/7500092.pdf"
"Danilo Forte";"";"62881";"91";"2019";"CE";"PP";"56";"10";"TELEFONIA";"0";"";"TELEFÔNICA BRASIL S.A";"025.581.570/0016-2";"00001324866904";"0";"2023-02-01T00:00:00";"115.52";"0";"115.52";"1";"2023";"0";"";"";"1923543";"";"";"";"2227";"7525244";"https://www.camara.leg.br/cota-parlamentar/documentos/publ/2227/2023/7525244.pdf"
"Danilo Forte";"";"62881";"91";"2019";"CE";"PP";"56";"10";"TELEFONIA";"0";"";"TIM SA";"024.214.210/0291-2";"013561685-BB";"0";"2023-01-19T00:00:00";"139.99";"3.06";"136.93";"1";"2023";"0";"";"";"1923543";"";"";"";"2227";"7525249";"https://www.camara.leg.br/cota-parlamentar/documentos/publ/2227/2023/7525249.pdf"
"Danilo Forte";"";"62881";"91";"2019";"CE";"PP";"56";"13";"FORNECIMENTO DE ALIMENTAÇÃO DO PARLAMENTAR";"0";"";"CARNE DE SOL EXPRESSO RESTAURANTE LTDA EPP";"006.950.150/0011-1";"185026";"4";"2023-01-30T00:00:00";"184";"0";"184";"1";"2023";"0";"";"";"1906454";"";"";"";"2227";"7491539";"https://www.camara.leg.br/cota-parlamentar/nota-fiscal-eletronica?ideDocumentoFiscal=7491539"
"Danilo Forte";"";"62881";"91";"2019";"CE";"PP";"56";"13";"FORNECIMENTO DE ALIMENTAÇÃO DO PARLAMENTAR";"0";"";"CHURRASCARIA FOGO DE CHAO LTDA";"086.988.590/0012-8";"50404";"4";"2023-01-27T00:00:00";"226";"0";"226";"1";"2023";"0";"";"";"1904289";"";"";"";"2227";"7490727";"https://www.camara.leg.br/cota-parlamentar/nota-fiscal-eletronica?ideDocumentoFiscal=7490727"
"Danilo Forte";"";"62881";"91";"2019";"CE";"PP";"56";"13";"FORNECIMENTO DE ALIMENTAÇÃO DO PARLAMENTAR";"0";"";"FAUSTO E MANOEL PONTAO RESTAURANTE E CHOPPERIA LT";"266.454.050/0017-0";"639823";"4";"2023-01-03T00:00:00";"92.6";"0";"92.6";"1";"2023";"0";"";"";"1901065";"";"";"";"2227";"7482716";"https://www.camara.leg.br/cota-parlamentar/nota-fiscal-eletronica?ideDocumentoFiscal=7482716"
"Danilo Forte";"";"62881";"91";"2019";"CE";"PP";"56";"13";"FORNECIMENTO DE ALIMENTAÇÃO DO PARLAMENTAR";"0";"";"LG RISTORANTE SERVICOS DE ALIMENTACAO E BEBIDAS EIRELI EPP";"105.004.000/0011-0";"113486";"4";"2023-01-29T00:00:00";"51.6";"0";"51.6";"1";"2023";"0";"";"";"1906454";"";"";"";"2227";"7491565";"https://www.camara.leg.br/cota-parlamentar/nota-fiscal-eletronica?ideDocumentoFiscal=7491565"
"Danilo Forte";"";"62881";"91";"2019";"CE";"PP";"56";"13";"FORNECIMENTO DE ALIMENTAÇÃO DO PARLAMENTAR";"0";"";"PERESTRELO RESTAURANTE LTDA";"394.544.010/0015-7";"032826";"0";"2023-01-23T00:00:00";"185.7";"0";"185.7";"1";"2023";"0";"";"";"1903936";"";"";"";"2227";"7489934";"https://www.camara.leg.br/cota-parlamentar/documentos/publ/2227/2023/7489934.pdf"
"Danilo Forte";"";"62881";"91";"2019";"CE";"PP";"56";"14";"HOSPEDAGEM ,EXCETO DO PARLAMENTAR NO DISTRITO FEDERAL.";"0";"";"DANEIDE DE LIMA PAZ";"085.182.660/0013-2";"0000000037";"0";"2023-01-11T00:00:00";"130";"0";"130";"1";"2023";"0";"";"";"1901340";"";"";"";"2227";"7484760";"https://www.camara.leg.br/cota-parlamentar/documentos/publ/2227/2023/7484760.pdf"
"Danilo Forte";"";"62881";"91";"2019";"CE";"PP";"56";"14";"HOSPEDAGEM ,EXCETO DO PARLAMENTAR NO DISTRITO FEDERAL.";"0";"";"HOTEL PINHEIRO EIRELI";"385.348.430/0014-0";"0000006553";"0";"2023-01-07T00:00:00";"136";"0";"136";"1";"2023";"0";"";"";"1901064";"";"";"";"2227";"7483922";"https://www.camara.leg.br/cota-parlamentar/documentos/publ/2227/2023/7483922.pdf"
"Danilo Forte";"";"62881";"91";"2019";"CE";"PP";"56";"120";"LOCAÇÃO OU FRETAMENTO DE VEÍCULOS AUTOMOTORES";"0";"";"DIRETIVA LOCAÇÃO DE VEICULOS E TRANSPORTE EIRELI";"231.699.420/0010-1";"142";"4";"2023-02-01T00:00:00";"5190";"0";"5190";"1";"2023";"0";"";"";"1905059";"";"";"";"2227";"7492316";"https://www.camara.leg.br/cota-parlamentar/nota-fiscal-eletronica?ideDocumentoFiscal=7492316"
"Danilo Forte";"";"62881";"91";"2023";"CE";"PP";"57";"1";"MANUTENÇÃO DE ESCRITÓRIO DE APOIO À ATIVIDADE PARLAMENTAR";"0";"";"CAGECE";"070.401.080/0015-7";"0001814079";"0";"2023-05-08T00:00:00";"240.89";"4.87";"236.02";"5";"2023";"0";"";"";"1945002";"";"";"";"2227";"7564149";"https://www.camara.leg.br/cota-parlamentar/documentos/publ/2227/2023/7564149.pdf"
"Danilo Forte";"";"62881";"91";"2023";"CE";"PP";"57";"1";"MANUTENÇÃO DE ESCRITÓRIO DE APOIO À ATIVIDADE PARLAMENTAR";"0";"";"CAGECE";"070.401.080/0015-7";"0001814079/042023";"0";"2023-04-18T00:00:00";"236.02";"0";"236.02";"4";"2023";"0";"";"";"1944991";"";"";"";"2227";"7564146";"https://www.camara.leg.br/cota-parlamentar/documentos/publ/2227/2023/7564146.pdf"
"Danilo Forte";"";"62881";"91";"2023";"CE";"PP";"57";"1";"MANUTENÇÃO DE ESCRITÓRIO DE APOIO À ATIVIDADE PARLAMENTAR";"0";"";"CAGECE";"070.401.080/0015-7";"001814079";"1";"2023-09-06T00:00:00";"236.02";"0";"236.02";"9";"2023";"0";"";"";"1969635";"";"";"";"2227";"7610877";"https://www.camara.leg.br/cota-parlamentar/documentos/publ/2227/2023/7610877.pdf"
"Danilo Forte";"";"62881";"91";"2023";"CE";"PP";"57";"1";"MANUTENÇÃO DE ESCRITÓRIO DE APOIO À ATIVIDADE PARLAMENTAR";"0";"";"CAGECE";"070.401.080/0015-7";"001814079/062023";"0";"2023-06-06T00:00:00";"236.02";"0";"236.02";"6";"2023";"0";"";"";"1950064";"";"";"";"2227";"7573284";"https://www.camara.leg.br/cota-parlamentar/documentos/publ/2227/2023/7573284.pdf"
"Danilo Forte";"";"62881";"91";"2023";"CE";"PP";"57";"1";"MANUTENÇÃO DE ESCRITÓRIO DE APOIO À ATIVIDADE PARLAMENTAR";"0";"";"CAGECE";"070.401.080/0015-7";"001814079/102023";"0";"2023-10-06T00:00:00";"354.03";"0";"354.03";"10";"2023";"0";"";"";"1981279";"";"";"";"2227";"7630716";"https://www.camara.leg.br/cota-parlamentar/documentos/publ/2227/2023/7630716.pdf"
"Danilo Forte";"";"62881";"91";"2023";"CE";"PP";"57";"1";"MANUTENÇÃO DE ESCRITÓRIO DE APOIO À ATIVIDADE PARLAMENTAR";"0";"";"CAGECE";"070.401.080/0015-7";"1814079";"0";"2023-07-06T00:00:00";"253.82";"5.27";"248.55";"7";"2023";"0";"";"";"1953818";"";"";"";"2227";"7580190";"https://www.camara.leg.br/cota-parlamentar/documentos/publ/2227/2023/7580190.pdf"
"Danilo Forte";"";"62881";"91";"2023";"CE";"PP";"57";"1";"MANUTENÇÃO DE ESCRITÓRIO DE APOIO À ATIVIDADE PARLAMENTAR";"0";"";"CAGECE";"070.401.080/0015-7";"1814079";"0";"2023-08-05T00:00:00";"280.16";"5.24";"274.92";"8";"2023";"0";"";"";"1962249";"";"";"";"2227";"7597228";"https://www.camara.leg.br/cota-parlamentar/documentos/publ/2227/2023/7597228.pdf"
"Danilo Forte";"";"62881";"91";"2023";"CE";"PP";"57";"1";"MANUTENÇÃO DE ESCRITÓRIO DE APOIO À ATIVIDADE PARLAMENTAR";"0";"";"CAGECE";"070.401.080/0015-7";"1814079";"0";"2023-12-07T00:00:00";"269.94";"0";"269.94";"12";"2023";"0";"";"";"2000198";"";"";"";"2227";"7663612";"https://www.camara.leg.br/cota-parlamentar/documentos/publ/2227/2023/7663612.pdf"
"Danilo Forte";"";"62881";"91";"2023";"CE";"PP";"57";"1";"MANUTENÇÃO DE ESCRITÓRIO DE APOIO À ATIVIDADE PARLAMENTAR";"0";"";"CAGECE";"070.401.080/0015-7";"1814079";"1";"2023-11-07T00:00:00";"260.45";"0";"260.45";"11";"2023";"0";"";"";"1991836";"";"";"";"2227";"7650407";"https://www.camara.leg.br/cota-parlamentar/documentos/publ/2227/2023/7650407.pdf"
"Danilo Forte";"";"62881";"91";"2023";"CE";"PP";"57";"1";"MANUTENÇÃO DE ESCRITÓRIO DE APOIO À ATIVIDADE PARLAMENTAR";"0";"";"COMPANHIA ENERGÉTICA DO CEARÁ";"070.472.510/0017-0";"067812287";"0";"2023-06-23T00:00:00";"1035.49";"0";"1035.49";"6";"2023";"0";"";"";"1953818";"";"";"";"2227";"7580195";"https://www.camara.leg.br/cota-parlamentar/documentos/publ/2227/2023/7580195.pdf"
"Danilo Forte";"";"62881";"91";"2023";"CE";"PP";"57";"1";"MANUTENÇÃO DE ESCRITÓRIO DE APOIO À ATIVIDADE PARLAMENTAR";"0";"";"COMPANHIA ENERGÉTICA DO CEARÁ";"070.472.510/0017-0";"071931176";"0";"2023-07-13T00:00:00";"1636.26";"0";"1636.26";"7";"2023";"0";"";"";"1962247";"";"";"";"2227";"7597226";"https://www.camara.leg.br/cota-parlamentar/documentos/publ/2227/2023/7597226.pdf"
"Danilo Forte";"";"62881";"91";"2023";"CE";"PP";"57";"1";"MANUTENÇÃO DE ESCRITÓRIO DE APOIO À ATIVIDADE PARLAMENTAR";"0";"";"COMPANHIA ENERGÉTICA DO CEARÁ";"070.472.510/0017-0";"076075364";"0";"2023-08-12T00:00:00";"1663.37";"0";"1663.37";"8";"2023";"0";"";"";"1969637";"";"";"";"2227";"7610830";"https://www.camara.leg.br/cota-parlamentar/documentos/publ/2227/2023/7610830.pdf"
"Danilo Forte";"";"62881";"91";"2023";"CE";"PP";"57";"1";"MANUTENÇÃO DE ESCRITÓRIO DE APOIO À ATIVIDADE PARLAMENTAR";"0";"";"COMPANHIA ENERGÉTICA DO CEARÁ";"070.472.510/0017-0";"080373159";"0";"2023-09-14T00:00:00";"1620.47";"0";"1620.47";"9";"2023";"0";"";"";"1982923";"";"";"";"2227";"7633618";"https://www.camara.leg.br/cota-parlamentar/documentos/publ/2227/2023/7633618.pdf"
"Danilo Forte";"";"62881";"91";"2023";"CE";"PP";"57";"1";"MANUTENÇÃO DE ESCRITÓRIO DE APOIO À ATIVIDADE PARLAMENTAR";"0";"";"COMPANHIA ENERGÉTICA DO CEARÁ";"070.472.510/0017-0";"084899500";"0";"2023-10-13T00:00:00";"1653.95";"0";"1653.95";"10";"2023";"0";"";"";"1991834";"";"";"";"2227";"7650395";"https://www.camara.leg.br/cota-parlamentar/documentos/publ/2227/2023/7650395.pdf"
"Danilo Forte";"";"62881";"91";"2023";"CE";"PP";"57";"1";"MANUTENÇÃO DE ESCRITÓRIO DE APOIO À ATIVIDADE PARLAMENTAR";"0";"";"COMPANHIA ENERGÉTICA DO CEARÁ";"070.472.510/0017-0";"088924138";"0";"2023-11-14T00:00:00";"1839.49";"0";"1839.49";"11";"2023";"0";"";"";"2001947";"";"";"";"2227";"7668240";"https://www.camara.leg.br/cota-parlamentar/documentos/publ/2227/2023/7668240.pdf"
"Danilo Forte";"";"62881";"91";"2023";"CE";"PP";"57";"1";"MANUTENÇÃO DE ESCRITÓRIO DE APOIO À ATIVIDADE PARLAMENTAR";"0";"";"COMPANHIA ENERGÉTICA DO CEARÁ";"070.472.510/0017-0";"093015084";"0";"2023-12-13T00:00:00";"1712.24";"0";"1712.24";"12";"2023";"0";"";"";"2005200";"";"";"";"2227";"7673629";"https://www.camara.leg.br/cota-parlamentar/documentos/publ/2227/2024/7673629.pdf"
"Danilo Forte";"";"62881";"91";"2023";"CE";"PP";"57";"1";"MANUTENÇÃO DE ESCRITÓRIO DE APOIO À ATIVIDADE PARLAMENTAR";"0";"";"Conde & Dell Aringa - Des de Softwares";"096.137.720/0017-3";"11665";"0";"2023-03-02T00:00:00";"400";"0";"400";"2";"2023";"0";"";"";"1912377";"";"";"";"2227";"7505244";"https://www.camara.leg.br/cota-parlamentar/documentos/publ/2227/2023/7505244.pdf"
"Danilo Forte";"";"62881";"91";"2023";"CE";"PP";"57";"1";"MANUTENÇÃO DE ESCRITÓRIO DE APOIO À ATIVIDADE PARLAMENTAR";"0";"";"Conde & Dell Aringa - Des de Softwares";"096.137.720/0017-3";"11709";"0";"2023-04-03T00:00:00";"400";"0";"400";"3";"2023";"0";"";"";"1921638";"";"";"";"2227";"7520536";"https://www.camara.leg.br/cota-parlamentar/documentos/publ/2227/2023/7520536.pdf"
"Danilo Forte";"";"62881";"91";"2023";"CE";"PP";"57";"1";"MANUTENÇÃO DE ESCRITÓRIO DE APOIO À ATIVIDADE PARLAMENTAR";"0";"";"Conde & Dell Aringa - Des de Softwares";"096.137.720/0017-3";"11754";"0";"2023-05-02T00:00:00";"400";"0";"400";"4";"2023";"0";"";"";"1931198";"";"";"";"2227";"7534021";"https://www.camara.leg.br/cota-parlamentar/documentos/publ/2227/2023/7534021.pdf"
"Danilo Forte";"";"62881";"91";"2023";"CE";"PP";"57";"1";"MANUTENÇÃO DE ESCRITÓRIO DE APOIO À ATIVIDADE PARLAMENTAR";"0";"";"Conde & Dell Aringa - Des de Softwares";"096.137.720/0017-3";"11793";"0";"2023-06-01T00:00:00";"400";"0";"400";"5";"2023";"0";"";"";"1938601";"";"";"";"2227";"7552625";"https://www.camara.leg.br/cota-parlamentar/documentos/publ/2227/2023/7552625.pdf"
"Danilo Forte";"";"62881";"91";"2023";"CE";"PP";"57";"1";"MANUTENÇÃO DE ESCRITÓRIO DE APOIO À ATIVIDADE PARLAMENTAR";"0";"";"Conde & Dell Aringa - Des de Softwares";"096.137.720/0017-3";"11836";"0";"2023-07-03T00:00:00";"400";"0";"400";"6";"2023";"0";"";"";"1947811";"";"";"";"2227";"7569425";"https://www.camara.leg.br/cota-parlamentar/documentos/publ/2227/2023/7569425.pdf"
"Danilo Forte";"";"62881";"91";"2023";"CE";"PP";"57";"1";"MANUTENÇÃO DE ESCRITÓRIO DE APOIO À ATIVIDADE PARLAMENTAR";"0";"";"Conde & Dell Aringa - Des de Softwares";"096.137.720/0017-3";"11880";"0";"2023-08-01T00:00:00";"400";"0";"400";"7";"2023";"0";"";"";"1954901";"";"";"";"2227";"7581402";"https://www.camara.leg.br/cota-parlamentar/documentos/publ/2227/2023/7581402.pdf"
"Danilo Forte";"";"62881";"91";"2023";"CE";"PP";"57";"1";"MANUTENÇÃO DE ESCRITÓRIO DE APOIO À ATIVIDADE PARLAMENTAR";"0";"";"Conde & Dell Aringa - Des de Softwares";"096.137.720/0017-3";"11967";"0";"2023-10-01T00:00:00";"400";"0";"400";"9";"2023";"0";"";"";"1974286";"";"";"";"2227";"7618070";"https://www.camara.leg.br/cota-parlamentar/documentos/publ/2227/2023/7618070.pdf"
"Danilo Forte";"";"62881";"91";"2023";"CE";"PP";"57";"1";"MANUTENÇÃO DE ESCRITÓRIO DE APOIO À ATIVIDADE PARLAMENTAR";"0";"";"Conde & Dell Aringa - Des de Softwares";"096.137.720/0017-3";"12010";"0";"2023-11-01T00:00:00";"400";"0";"400";"10";"2023";"0";"";"";"1983646";"";"";"";"2227";"7636181";"https://www.camara.leg.br/cota-parlamentar/documentos/publ/2227/2023/7636181.pdf"
"Danilo Forte";"";"62881";"91";"2023";"CE";"PP";"57";"1";"MANUTENÇÃO DE ESCRITÓRIO DE APOIO À ATIVIDADE PARLAMENTAR";"0";"";"Conde & Dell Aringa - Des de Softwares";"096.137.720/0017-3";"12055";"0";"2023-12-01T00:00:00";"400";"0";"400";"11";"2023";"0";"";"";"1993975";"";"";"";"2227";"7653072";"https://www.camara.leg.br/cota-parlamentar/documentos/publ/2227/2023/7653072.pdf"
"Danilo Forte";"";"62881";"91";"2023";"CE";"PP";"57";"1";"MANUTENÇÃO DE ESCRITÓRIO DE APOIO À ATIVIDADE PARLAMENTAR";"0";"";"Conde & Dell Aringa - Des de Softwares";"096.137.720/0017-3";"12098";"0";"2024-01-02T00:00:00";"400";"0";"400";"12";"2023";"0";"";"";"2005035";"";"";"";"2227";"7672715";"https://www.camara.leg.br/cota-parlamentar/documentos/publ/2227/2024/7672715.pdf"
"Danilo Forte";"";"62881";"91";"2023";"CE";"PP";"57";"1";"MANUTENÇÃO DE ESCRITÓRIO DE APOIO À ATIVIDADE PARLAMENTAR";"0";"";"DOMINGOS SÁVIO ARAÚJO CARVALHO";"346.769.613/91  -";"s/n";"1";"2023-07-10T00:00:00";"6500";"0";"6500";"6";"2023";"0";"";"";"1950046";"";"";"";"2227";"7572407";"https://www.camara.leg.br/cota-parlamentar/documentos/publ/2227/2023/7572407.pdf"
"Danilo Forte";"";"62881";"91";"2023";"CE";"PP";"57";"1";"MANUTENÇÃO DE ESCRITÓRIO DE APOIO À ATIVIDADE PARLAMENTAR";"0";"";"DOMINGOS SÁVIO ARAÚJO CARVALHO";"346.769.613/91  -";"s/n";"1";"2023-11-10T00:00:00";"6500";"0";"6500";"10";"2023";"0";"";"";"1987217";"";"";"";"2227";"7641653";"https://www.camara.leg.br/cota-parlamentar/documentos/publ/2227/2023/7641653.pdf"
"Danilo Forte";"";"62881";"91";"2023";"CE";"PP";"57";"1";"MANUTENÇÃO DE ESCRITÓRIO DE APOIO À ATIVIDADE PARLAMENTAR";"0";"";"DOMINGOS SÁVIO ARAÚJO CARVALHO";"346.769.613/91  -";"s/n";"1";"2024-01-10T00:00:00";"6500";"0";"6500";"12";"2023";"0";"";"";"2004388";"";"";"";"2227";"7672403";"https://www.camara.leg.br/cota-parlamentar/documentos/publ/2227/2024/7672403.pdf"
"Danilo Forte";"";"62881";"91";"2023";"CE";"PP";"57";"1";"MANUTENÇÃO DE ESCRITÓRIO DE APOIO À ATIVIDADE PARLAMENTAR";"0";"";"DOMINGOS SÁVIO ARAÚJO CARVALHO";"346.769.613/91  -";"S/Nº";"1";"2023-05-10T00:00:00";"6500";"0";"6500";"4";"2023";"0";"";"";"1933009";"";"";"";"2227";"7541790";"https://www.camara.leg.br/cota-parlamentar/documentos/publ/2227/2023/7541790.pdf"
"Danilo Forte";"";"62881";"91";"2023";"CE";"PP";"57";"1";"MANUTENÇÃO DE ESCRITÓRIO DE APOIO À ATIVIDADE PARLAMENTAR";"0";"";"DOMINGOS SÁVIO ARAÚJO CARVALHO";"346.769.613/91  -";"s/nº";"1";"2023-06-10T00:00:00";"6500";"0";"6500";"5";"2023";"0";"";"";"1940823";"";"";"";"2227";"7556559";"https://www.camara.leg.br/cota-parlamentar/documentos/publ/2227/2023/7556559.pdf"
"Danilo Forte";"";"62881";"91";"2023";"CE";"PP";"57";"1";"MANUTENÇÃO DE ESCRITÓRIO DE APOIO À ATIVIDADE PARLAMENTAR";"0";"";"DOMINGOS SÁVIO ARAÚJO CARVALHO";"346.769.613/91  -";"s/nº";"1";"2023-08-10T00:00:00";"6500";"0";"6500";"7";"2023";"0";"";"";"1958229";"";"";"";"2227";"7588425";"https://www.camara.leg.br/cota-parlamentar/documentos/publ/2227/2023/7588425.pdf"
"Danilo Forte";"";"62881";"91";"2023";"CE";"PP";"57";"1";"MANUTENÇÃO DE ESCRITÓRIO DE APOIO À ATIVIDADE PARLAMENTAR";"0";"";"DOMINGOS SÁVIO ARAÚJO CARVALHO";"346.769.613/91  -";"s/nº";"1";"2023-09-10T00:00:00";"6500";"0";"6500";"8";"2023";"0";"";"";"1968075";"";"";"";"2227";"7606291";"https://www.camara.leg.br/cota-parlamentar/documentos/publ/2227/2023/7606291.pdf"
"Danilo Forte";"";"62881";"91";"2023";"CE";"PP";"57";"1";"MANUTENÇÃO DE ESCRITÓRIO DE APOIO À ATIVIDADE PARLAMENTAR";"0";"";"DOMINGOS SÁVIO ARAÚJO CARVALHO";"346.769.613/91  -";"s/nº";"1";"2023-10-10T00:00:00";"6500";"0";"6500";"9";"2023";"0";"";"";"1977482";"";"";"";"2227";"7623433";"https://www.camara.leg.br/cota-parlamentar/documentos/publ/2227/2023/7623433.pdf"
"Danilo Forte";"";"62881";"91";"2023";"CE";"PP";"57";"1";"MANUTENÇÃO DE ESCRITÓRIO DE APOIO À ATIVIDADE PARLAMENTAR";"0";"";"DOMINGOS SÁVIO ARAÚJO CARVALHO.";"346.769.613/91  -";"S/Nº";"1";"2023-12-10T00:00:00";"6500";"0";"6500";"11";"2023";"0";"";"";"1996979";"";"";"";"2227";"7659003";"https://www.camara.leg.br/cota-parlamentar/documentos/publ/2227/2023/7659003.pdf"
"Danilo Forte";"";"62881";"91";"2023";"CE";"PP";"57";"1";"MANUTENÇÃO DE ESCRITÓRIO DE APOIO À ATIVIDADE PARLAMENTAR";"0";"";"KANTOBYTE SOLUÇÕES E TECNOLOGIA";"294.588.240/0019-1";"01";"0";"2023-09-08T00:00:00";"2502.74";"0";"2502.74";"8";"2023";"0";"";"";"1968075";"";"";"";"2227";"7606387";"https://www.camara.leg.br/cota-parlamentar/documentos/publ/2227/2023/7606387.pdf"
"Danilo Forte";"";"62881";"91";"2023";"CE";"PP";"57";"1";"MANUTENÇÃO DE ESCRITÓRIO DE APOIO À ATIVIDADE PARLAMENTAR";"0";"";"KANTOBYTE SOLUÇÕES E TECNOLOGIA";"294.588.240/0019-1";"11";"0";"2023-12-04T00:00:00";"2502.74";"0";"2502.74";"11";"2023";"0";"";"";"1993971";"";"";"";"2227";"7652939";"https://www.camara.leg.br/cota-parlamentar/documentos/publ/2227/2023/7652939.pdf"
"Danilo Forte";"";"62881";"91";"2023";"CE";"PP";"57";"1";"MANUTENÇÃO DE ESCRITÓRIO DE APOIO À ATIVIDADE PARLAMENTAR";"0";"";"KANTOBYTE SOLUÇÕES E TECNOLOGIA";"294.588.240/0019-1";"119";"0";"2023-02-22T00:00:00";"2502.74";"0";"2502.74";"2";"2023";"0";"";"";"1912209";"";"";"";"2227";"7504446";"https://www.camara.leg.br/cota-parlamentar/documentos/publ/2227/2023/7504446.pdf"
"Danilo Forte";"";"62881";"91";"2023";"CE";"PP";"57";"1";"MANUTENÇÃO DE ESCRITÓRIO DE APOIO À ATIVIDADE PARLAMENTAR";"0";"";"KANTOBYTE SOLUÇÕES E TECNOLOGIA";"294.588.240/0019-1";"123";"0";"2023-03-20T00:00:00";"2502.74";"0";"2502.74";"3";"2023";"0";"";"";"1922195";"";"";"";"2227";"7522922";"https://www.camara.leg.br/cota-parlamentar/documentos/publ/2227/2023/7522922.pdf"
"Danilo Forte";"";"62881";"91";"2023";"CE";"PP";"57";"1";"MANUTENÇÃO DE ESCRITÓRIO DE APOIO À ATIVIDADE PARLAMENTAR";"0";"";"KANTOBYTE SOLUÇÕES E TECNOLOGIA";"294.588.240/0019-1";"131";"0";"2023-04-26T00:00:00";"2502.74";"0";"2502.74";"4";"2023";"0";"";"";"1935190";"";"";"";"2227";"7545191";"https://www.camara.leg.br/cota-parlamentar/documentos/publ/2227/2023/7545191.pdf"
"Danilo Forte";"";"62881";"91";"2023";"CE";"PP";"57";"1";"MANUTENÇÃO DE ESCRITÓRIO DE APOIO À ATIVIDADE PARLAMENTAR";"0";"";"KANTOBYTE SOLUÇÕES E TECNOLOGIA";"294.588.240/0019-1";"137";"0";"2023-05-30T00:00:00";"2502.74";"0";"2502.74";"5";"2023";"0";"";"";"1938602";"";"";"";"2227";"7552004";"https://www.camara.leg.br/cota-parlamentar/documentos/publ/2227/2023/7552004.pdf"
"Danilo Forte";"";"62881";"91";"2023";"CE";"PP";"57";"1";"MANUTENÇÃO DE ESCRITÓRIO DE APOIO À ATIVIDADE PARLAMENTAR";"0";"";"KANTOBYTE SOLUÇÕES E TECNOLOGIA";"294.588.240/0019-1";"144";"0";"2023-07-04T00:00:00";"2502.74";"0";"2502.74";"6";"2023";"0";"";"";"1948819";"";"";"";"2227";"7571121";"https://www.camara.leg.br/cota-parlamentar/documentos/publ/2227/2023/7571121.pdf"
"Danilo Forte";"";"62881";"91";"2023";"CE";"PP";"57";"1";"MANUTENÇÃO DE ESCRITÓRIO DE APOIO À ATIVIDADE PARLAMENTAR";"0";"";"KANTOBYTE SOLUÇÕES E TECNOLOGIA";"294.588.240/0019-1";"148";"0";"2023-08-02T00:00:00";"2502.74";"0";"2502.74";"7";"2023";"0";"";"";"1957050";"";"";"";"2227";"7583125";"https://www.camara.leg.br/cota-parlamentar/documentos/publ/2227/2023/7583125.pdf"
"Danilo Forte";"";"62881";"91";"2023";"CE";"PP";"57";"1";"MANUTENÇÃO DE ESCRITÓRIO DE APOIO À ATIVIDADE PARLAMENTAR";"0";"";"KANTOBYTE SOLUÇÕES E TECNOLOGIA";"294.588.240/0019-1";"16";"0";"2024-01-03T00:00:00";"2502.74";"0";"2502.74";"12";"2023";"0";"";"";"2004388";"";"";"";"2227";"7671448";"https://www.camara.leg.br/cota-parlamentar/documentos/publ/2227/2024/7671448.pdf"
"Danilo Forte";"";"62881";"91";"2023";"CE";"PP";"57";"1";"MANUTENÇÃO DE ESCRITÓRIO DE APOIO À ATIVIDADE PARLAMENTAR";"0";"";"KANTOBYTE SOLUÇÕES E TECNOLOGIA";"294.588.240/0019-1";"2";"0";"2023-10-02T00:00:00";"2502.74";"0";"2502.74";"9";"2023";"0";"";"";"1974287";"";"";"";"2227";"7618791";"https://www.camara.leg.br/cota-parlamentar/documentos/publ/2227/2023/7618791.pdf"
"Danilo Forte";"";"62881";"91";"2023";"CE";"PP";"57";"1";"MANUTENÇÃO DE ESCRITÓRIO DE APOIO À ATIVIDADE PARLAMENTAR";"0";"";"KANTOBYTE SOLUÇÕES E TECNOLOGIA";"294.588.240/0019-1";"7";"0";"2023-11-10T00:00:00";"2502.74";"0";"2502.74";"10";"2023";"0";"";"";"1987295";"";"";"";"2227";"7641770";"https://www.camara.leg.br/cota-parlamentar/documentos/publ/2227/2023/7641770.pdf"
"Danilo Forte";"";"62881";"91";"2023";"CE";"PP";"57";"1";"MANUTENÇÃO DE ESCRITÓRIO DE APOIO À ATIVIDADE PARLAMENTAR";"0";"";"PREFEITURA DE FORTALEZA - SECRETÁRIA DE FINANÇAS";"079.652.050/0040-1";"101165-0";"1";"2023-10-07T00:00:00";"252.38";"0";"252.38";"10";"2023";"0";"";"";"1977651";"";"";"";"2227";"7623132";"https://www.camara.leg.br/cota-parlamentar/documentos/publ/2227/2023/7623132.pdf"
"Danilo Forte";"";"62881";"91";"2023";"CE";"PP";"57";"1";"MANUTENÇÃO DE ESCRITÓRIO DE APOIO À ATIVIDADE PARLAMENTAR";"0";"";"PREFEITURA DE FORTALEZA - SECRETÁRIA DE FINANÇAS";"079.652.050/0040-1";"101165-0";"1";"2023-12-08T00:00:00";"252.38";"0";"252.38";"12";"2023";"0";"";"";"1997810";"";"";"";"2227";"7660476";"https://www.camara.leg.br/cota-parlamentar/documentos/publ/2227/2023/7660476.pdf"
"Danilo Forte";"";"62881";"91";"2023";"CE";"PP";"57";"1";"MANUTENÇÃO DE ESCRITÓRIO DE APOIO À ATIVIDADE PARLAMENTAR";"0";"";"PREFEITURA DE FORTALEZA - SECRETÁRIA DE FINANÇAS";"079.652.050/0040-1";"1011650";"1";"2023-04-10T00:00:00";"252.38";"0";"252.38";"4";"2023";"0";"";"";"1944991";"";"";"";"2227";"7564296";"https://www.camara.leg.br/cota-parlamentar/documentos/publ/2227/2023/7564296.pdf"
"Danilo Forte";"";"62881";"91";"2023";"CE";"PP";"57";"1";"MANUTENÇÃO DE ESCRITÓRIO DE APOIO À ATIVIDADE PARLAMENTAR";"0";"";"PREFEITURA DE FORTALEZA - SECRETÁRIA DE FINANÇAS";"079.652.050/0040-1";"101650";"1";"2023-06-20T00:00:00";"252.38";"0";"252.38";"6";"2023";"0";"";"";"1945028";"";"";"";"2227";"7564269";"https://www.camara.leg.br/cota-parlamentar/documentos/publ/2227/2023/7564269.pdf"
"Danilo Forte";"";"62881";"91";"2023";"CE";"PP";"57";"1";"MANUTENÇÃO DE ESCRITÓRIO DE APOIO À ATIVIDADE PARLAMENTAR";"0";"";"PREFEITURA DE FORTALEZA - SECRETÁRIA DE FINANÇAS";"079.652.050/0040-1";"2023.04950219-59";"1";"2023-07-10T00:00:00";"252.38";"0";"252.38";"7";"2023";"0";"";"";"1950061";"";"";"";"2227";"7573165";"https://www.camara.leg.br/cota-parlamentar/documentos/publ/2227/2023/7573165.pdf"
"Danilo Forte";"";"62881";"91";"2023";"CE";"PP";"57";"1";"MANUTENÇÃO DE ESCRITÓRIO DE APOIO À ATIVIDADE PARLAMENTAR";"0";"";"PREFEITURA DE FORTALEZA - SECRETÁRIA DE FINANÇAS";"079.652.050/0040-1";"20230325023941";"1";"2023-09-08T00:00:00";"252.38";"0";"252.38";"9";"2023";"0";"";"";"1968077";"";"";"";"2227";"7606298";"https://www.camara.leg.br/cota-parlamentar/documentos/publ/2227/2023/7606298.pdf"
"Danilo Forte";"";"62881";"91";"2023";"CE";"PP";"57";"1";"MANUTENÇÃO DE ESCRITÓRIO DE APOIO À ATIVIDADE PARLAMENTAR";"0";"";"PREFEITURA DE FORTALEZA - SECRETÁRIA DE FINANÇAS";"079.652.050/0040-1";"20230325024638";"1";"2023-08-07T00:00:00";"252.38";"0";"252.38";"8";"2023";"0";"";"";"1957228";"";"";"";"2227";"7586701";"https://www.camara.leg.br/cota-parlamentar/documentos/publ/2227/2023/7586701.pdf"
"Danilo Forte";"";"62881";"91";"2023";"CE";"PP";"57";"1";"MANUTENÇÃO DE ESCRITÓRIO DE APOIO À ATIVIDADE PARLAMENTAR";"0";"";"PREFEITURA DE FORTALEZA - SECRETÁRIA DE FINANÇAS";"079.652.050/0040-1";"20230648122897";"1";"2023-11-14T00:00:00";"257.37";"4.99";"252.38";"11";"2023";"0";"";"";"1991836";"";"";"";"2227";"7647204";"https://www.camara.leg.br/cota-parlamentar/documentos/publ/2227/2023/7647204.pdf"
"Danilo Forte";"";"62881";"91";"2023";"CE";"PP";"57";"1";"MANUTENÇÃO DE ESCRITÓRIO DE APOIO À ATIVIDADE PARLAMENTAR";"0";"";"RAFAEL & DANTAS LTDA";"028.843.140/0063-4";"32407";"4";"2023-08-18T00:00:00";"906.34";"0";"906.34";"8";"2023";"0";"";"";"1962250";"";"";"";"2227";"7597185";"https://www.camara.leg.br/cota-parlamentar/nota-fiscal-eletronica?ideDocumentoFiscal=7597185"
"Danilo Forte";"";"62881";"91";"2023";"CE";"PP";"57";"1";"MANUTENÇÃO DE ESCRITÓRIO DE APOIO À ATIVIDADE PARLAMENTAR";"0";"";"VIDEOMAR REDE NORDESTE S/A";"633.560.420/0018-0";"004158801";"1";"2023-07-20T00:00:00";"102.7";"2.17";"100.53";"7";"2023";"0";"";"";"1962247";"";"";"";"2227";"7597242";"https://www.camara.leg.br/cota-parlamentar/documentos/publ/2227/2023/7597242.pdf"
"Danilo Forte";"";"62881";"91";"2023";"CE";"PP";"57";"1";"MANUTENÇÃO DE ESCRITÓRIO DE APOIO À ATIVIDADE PARLAMENTAR";"0";"";"VIDEOMAR REDE NORDESTE S/A";"633.560.420/0018-0";"004242288";"0";"2023-08-18T00:00:00";"102.73";"48.64";"54.09";"8";"2023";"0";"";"";"1970603";"";"";"";"2227";"7612754";"https://www.camara.leg.br/cota-parlamentar/documentos/publ/2227/2023/7612754.pdf"
"Danilo Forte";"";"62881";"91";"2023";"CE";"PP";"57";"1";"MANUTENÇÃO DE ESCRITÓRIO DE APOIO À ATIVIDADE PARLAMENTAR";"0";"";"VIDEOMAR REDE NORDESTE S/A";"633.560.420/0018-0";"004326177";"0";"2023-09-21T00:00:00";"102.68";"2.15";"100.53";"9";"2023";"0";"";"";"1979496";"";"";"";"2227";"7628093";"https://www.camara.leg.br/cota-parlamentar/documentos/publ/2227/2023/7628093.pdf"
"Danilo Forte";"";"62881";"91";"2023";"CE";"PP";"57";"1";"MANUTENÇÃO DE ESCRITÓRIO DE APOIO À ATIVIDADE PARLAMENTAR";"0";"";"VIDEOMAR REDE NORDESTE S/A";"633.560.420/0018-0";"004409600";"0";"2023-10-19T00:00:00";"102.72";"2.19";"100.53";"10";"2023";"0";"";"";"1991665";"";"";"";"2227";"7647589";"https://www.camara.leg.br/cota-parlamentar/documentos/publ/2227/2023/7647589.pdf"
"Danilo Forte";"";"62881";"91";"2023";"CE";"PP";"57";"1";"MANUTENÇÃO DE ESCRITÓRIO DE APOIO À ATIVIDADE PARLAMENTAR";"0";"";"VIDEOMAR REDE NORDESTE S/A";"633.560.420/0018-0";"004492966";"0";"2023-11-22T00:00:00";"100.53";"0";"100.53";"11";"2023";"0";"";"";"2000465";"";"";"";"2227";"7663691";"https://www.camara.leg.br/cota-parlamentar/documentos/publ/2227/2023/7663691.pdf"
"Danilo Forte";"";"62881";"91";"2023";"CE";"PP";"57";"1";"MANUTENÇÃO DE ESCRITÓRIO DE APOIO À ATIVIDADE PARLAMENTAR";"0";"";"VIDEOMAR REDE NORDESTE S/A";"633.560.420/0018-0";"3912575";"0";"2023-04-20T00:00:00";"99.9";"0";"99.9";"4";"2023";"0";"";"";"1935524";"";"";"";"2227";"7546612";"https://www.camara.leg.br/cota-parlamentar/documentos/publ/2227/2023/7546612.pdf"
"Danilo Forte";"";"62881";"91";"2023";"CE";"PP";"57";"1";"MANUTENÇÃO DE ESCRITÓRIO DE APOIO À ATIVIDADE PARLAMENTAR";"0";"";"VIDEOMAR REDE NORDESTE S/A";"633.560.420/0018-0";"3993806";"0";"2023-05-19T00:00:00";"99";"0";"99";"5";"2023";"0";"";"";"1945002";"";"";"";"2227";"7564235";"https://www.camara.leg.br/cota-parlamentar/documentos/publ/2227/2023/7564235.pdf"
"Danilo Forte";"";"62881";"91";"2023";"CE";"PP";"57";"1";"MANUTENÇÃO DE ESCRITÓRIO DE APOIO À ATIVIDADE PARLAMENTAR";"0";"";"VIDEOMAR REDE NORDESTE S/A";"633.560.420/0018-0";"4075627";"0";"2023-06-20T00:00:00";"99.99";"0";"99.99";"6";"2023";"0";"";"";"1953818";"";"";"";"2227";"7580197";"https://www.camara.leg.br/cota-parlamentar/documentos/publ/2227/2023/7580197.pdf"
"Danilo Forte";"";"62881";"91";"2023";"CE";"PP";"57";"1";"MANUTENÇÃO DE ESCRITÓRIO DE APOIO À ATIVIDADE PARLAMENTAR";"0";"";"VIDEOMAR REDE NORDESTE S/A";"633.560.420/0018-0";"5307";"0";"2023-12-19T00:00:00";"102.75";"2.25";"100.5";"12";"2023";"0";"";"";"2005200";"";"";"";"2227";"7673648";"https://www.camara.leg.br/cota-parlamentar/documentos/publ/2227/2024/7673648.pdf"
"Danilo Forte";"";"62881";"91";"2023";"CE";"PP";"57";"1";"MANUTENÇÃO DE ESCRITÓRIO DE APOIO À ATIVIDADE PARLAMENTAR";"0";"";"WMS COMERCIO DE ARTIGOS DE PAPELARIA LTDA-ME";"121.328.540/0010-0";"4615";"4";"2023-03-20T00:00:00";"970.2";"0";"970.2";"3";"2023";"0";"";"";"1916013";"";"";"";"2227";"7512052";"https://www.camara.leg.br/cota-parlamentar/nota-fiscal-eletronica?ideDocumentoFiscal=7512052"
"Danilo Forte";"";"62881";"91";"2023";"CE";"PP";"57";"1";"MANUTENÇÃO DE ESCRITÓRIO DE APOIO À ATIVIDADE PARLAMENTAR";"0";"";"WMS COMERCIO DE ARTIGOS DE PAPELARIA LTDA-ME";"121.328.540/0010-0";"4945";"4";"2023-08-02T00:00:00";"729";"0";"729";"8";"2023";"0";"";"";"1955296";"";"";"";"2227";"7583113";"https://www.camara.leg.br/cota-parlamentar/nota-fiscal-eletronica?ideDocumentoFiscal=7583113"
"Danilo Forte";"";"62881";"91";"2023";"CE";"PP";"57";"1";"MANUTENÇÃO DE ESCRITÓRIO DE APOIO À ATIVIDADE PARLAMENTAR";"0";"";"WMS COMERCIO DE ARTIGOS DE PAPELARIA LTDA-ME";"121.328.540/0010-0";"5208";"4";"2023-11-01T00:00:00";"805";"0";"805";"11";"2023";"0";"";"";"1983443";"";"";"";"2227";"7635785";"https://www.camara.leg.br/cota-parlamentar/nota-fiscal-eletronica?ideDocumentoFiscal=7635785"
"Danilo Forte";"";"62881";"91";"2023";"CE";"PP";"57";"3";"COMBUSTÍVEIS E LUBRIFICANTES.";"1";"Veículos Automotores";"063 - 311 SUL - CASCOL COMBUSTIVEIS PARA VEICULOS LTDA";"003.065.970/0630-8";"418755";"4";"2023-06-13T00:00:00";"300";"0";"300";"6";"2023";"0";"";"";"1942946";"";"";"";"2227";"7558784";"https://www.camara.leg.br/cota-parlamentar/nota-fiscal-eletronica?ideDocumentoFiscal=7558784"
"Danilo Forte";"";"62881";"91";"2023";"CE";"PP";"57";"3";"COMBUSTÍVEIS E LUBRIFICANTES.";"1";"Veículos Automotores";"069 - PENISULA - CASCOL COMBUSTIVEIS PARA VEICULOS LTDA";"003.065.970/0699-5";"259144";"4";"2023-09-27T00:00:00";"300";"0";"300";"9";"2023";"0";"";"";"1977483";"";"";"";"2227";"7623310";"https://www.camara.leg.br/cota-parlamentar/nota-fiscal-eletronica?ideDocumentoFiscal=7623310"
"Danilo Forte";"";"62881";"91";"2023";"CE";"PP";"57";"3";"COMBUSTÍVEIS E LUBRIFICANTES.";"1";"Veículos Automotores";"ACOPEL - AMERICO COMERCIAL DE PETROLEO LTDA";"041.961.650/0021-2";"085440";"0";"2023-03-18T00:00:00";"149.99";"0";"149.99";"3";"2023";"0";"";"";"1919232";"";"";"";"2227";"7516753";"https://www.camara.leg.br/cota-parlamentar/documentos/publ/2227/2023/7516753.pdf"
"Danilo Forte";"";"62881";"91";"2023";"CE";"PP";"57";"3";"COMBUSTÍVEIS E LUBRIFICANTES.";"1";"Veículos Automotores";"AUTO POSTO 303 NORTE LTDA";"381.942.120/0012-0";"257367";"4";"2023-07-07T00:00:00";"200";"0";"200";"7";"2023";"0";"";"";"1950062";"";"";"";"2227";"7571922";"https://www.camara.leg.br/cota-parlamentar/nota-fiscal-eletronica?ideDocumentoFiscal=7571922"
"Danilo Forte";"";"62881";"91";"2023";"CE";"PP";"57";"3";"COMBUSTÍVEIS E LUBRIFICANTES.";"1";"Veículos Automotores";"AUTO POSTO 303 NORTE LTDA";"381.942.120/0012-0";"263545";"4";"2023-08-02T00:00:00";"200";"0";"200";"8";"2023";"0";"";"";"1954896";"";"";"";"2227";"7582339";"https://www.camara.leg.br/cota-parlamentar/nota-fiscal-eletronica?ideDocumentoFiscal=7582339"
"Danilo Forte";"";"62881";"91";"2023";"CE";"PP";"57";"3";"COMBUSTÍVEIS E LUBRIFICANTES.";"1";"Veículos Automotores";"AUTO POSTO AEROPORTO LTDA";"082.021.160/0011-5";"510306";"4";"2023-05-03T00:00:00";"200";"0";"200";"5";"2023";"0";"";"";"1935339";"";"";"";"2227";"7546257";"https://www.camara.leg.br/cota-parlamentar/nota-fiscal-eletronica?ideDocumentoFiscal=7546257"
"Danilo Forte";"";"62881";"91";"2023";"CE";"PP";"57";"3";"COMBUSTÍVEIS E LUBRIFICANTES.";"1";"Veículos Automotores";"AUTO POSTO AEROPORTO LTDA";"082.021.160/0011-5";"542895";"4";"2023-09-14T00:00:00";"200";"0";"200";"9";"2023";"0";"";"";"1977483";"";"";"";"2227";"7624321";"https://www.camara.leg.br/cota-parlamentar/nota-fiscal-eletronica?ideDocumentoFiscal=7624321"
"Danilo Forte";"";"62881";"91";"2023";"CE";"PP";"57";"3";"COMBUSTÍVEIS E LUBRIFICANTES.";"1";"Veículos Automotores";"AUTO POSTO CAJAZEIRAS LTDA";"428.067.910/0019-1";"004406";"0";"2023-09-10T00:00:00";"410.05";"0";"410.05";"9";"2023";"0";"";"";"1969635";"";"";"";"2227";"7610902";"https://www.camara.leg.br/cota-parlamentar/documentos/publ/2227/2023/7610902.pdf"
"Danilo Forte";"";"62881";"91";"2023";"CE";"PP";"57";"3";"COMBUSTÍVEIS E LUBRIFICANTES.";"1";"Veículos Automotores";"AUTO POSTO CAJAZEIRAS LTDA";"428.067.910/0019-1";"006794";"0";"2023-10-12T00:00:00";"327";"0";"327";"10";"2023";"0";"";"";"1979461";"";"";"";"2227";"7628107";"https://www.camara.leg.br/cota-parlamentar/documentos/publ/2227/2023/7628107.pdf"
"Danilo Forte";"";"62881";"91";"2023";"CE";"PP";"57";"3";"COMBUSTÍVEIS E LUBRIFICANTES.";"1";"Veículos Automotores";"AUTO POSTO CINCO ESTRELAS LTDA";"006.924.180/0061-1";"361046";"4";"2023-11-07T00:00:00";"200";"0";"200";"11";"2023";"0";"";"";"1985222";"";"";"";"2227";"7638950";"https://www.camara.leg.br/cota-parlamentar/nota-fiscal-eletronica?ideDocumentoFiscal=7638950"
"Danilo Forte";"";"62881";"91";"2023";"CE";"PP";"57";"3";"COMBUSTÍVEIS E LUBRIFICANTES.";"1";"Veículos Automotores";"AUTO POSTO DIAS";"150.137.130/0016-7";"020068";"0";"2023-06-03T00:00:00";"223.05";"0";"223.05";"6";"2023";"0";"";"";"1941739";"";"";"";"2227";"7558159";"https://www.camara.leg.br/cota-parlamentar/documentos/publ/2227/2023/7558159.pdf"
"Danilo Forte";"";"62881";"91";"2023";"CE";"PP";"57";"3";"COMBUSTÍVEIS E LUBRIFICANTES.";"1";"Veículos Automotores";"AUTO POSTO GADELHA";"322.652.680/0014-1";"033571";"0";"2023-12-17T00:00:00";"120.09";"0";"120.09";"12";"2023";"0";"";"";"2001413";"";"";"";"2227";"7667229";"https://www.camara.leg.br/cota-parlamentar/documentos/publ/2227/2023/7667229.pdf"
"Danilo Forte";"";"62881";"91";"2023";"CE";"PP";"57";"3";"COMBUSTÍVEIS E LUBRIFICANTES.";"1";"Veículos Automotores";"AUTO POSTO GOLDEN GAS 202 LTDA";"308.801.120/0014-5";"349839";"4";"2023-11-20T00:00:00";"300";"0";"300";"11";"2023";"0";"";"";"1989119";"";"";"";"2227";"7644982";"https://www.camara.leg.br/cota-parlamentar/nota-fiscal-eletronica?ideDocumentoFiscal=7644982"
"Danilo Forte";"";"62881";"91";"2023";"CE";"PP";"57";"3";"COMBUSTÍVEIS E LUBRIFICANTES.";"1";"Veículos Automotores";"AUTO POSTO JK LTDA";"034.822.080/0018-2";"518734";"4";"2023-10-11T00:00:00";"200";"0";"200";"10";"2023";"0";"";"";"1979463";"";"";"";"2227";"7628000";"https://www.camara.leg.br/cota-parlamentar/nota-fiscal-eletronica?ideDocumentoFiscal=7628000"
"Danilo Forte";"";"62881";"91";"2023";"CE";"PP";"57";"3";"COMBUSTÍVEIS E LUBRIFICANTES.";"1";"Veículos Automotores";"AUTO POSTO JK LTDA";"034.822.080/0018-2";"522414";"4";"2023-11-08T00:00:00";"200";"0";"200";"11";"2023";"0";"";"";"1989119";"";"";"";"2227";"7644970";"https://www.camara.leg.br/cota-parlamentar/nota-fiscal-eletronica?ideDocumentoFiscal=7644970"
"Danilo Forte";"";"62881";"91";"2023";"CE";"PP";"57";"3";"COMBUSTÍVEIS E LUBRIFICANTES.";"1";"Veículos Automotores";"AUTO POSTO NELSON LEE II";"072.859.040/0023-0";"020070";"0";"2023-12-15T00:00:00";"285.99";"0";"285.99";"12";"2023";"0";"";"";"2001413";"";"";"";"2227";"7667240";"https://www.camara.leg.br/cota-parlamentar/documentos/publ/2227/2023/7667240.pdf"
"Danilo Forte";"";"62881";"91";"2023";"CE";"PP";"57";"3";"COMBUSTÍVEIS E LUBRIFICANTES.";"1";"Veículos Automotores";"AUTO POSTO NELSON LEE II";"072.859.040/0023-0";"200581";"0";"2023-07-20T00:00:00";"260.02";"0";"260.02";"7";"2023";"0";"";"";"1953822";"";"";"";"2227";"7579919";"https://www.camara.leg.br/cota-parlamentar/documentos/publ/2227/2023/7579919.pdf"
"Danilo Forte";"";"62881";"91";"2023";"CE";"PP";"57";"3";"COMBUSTÍVEIS E LUBRIFICANTES.";"1";"Veículos Automotores";"AUTO POSTO ORIGINAL BRASILIA 409 DERIVADOS DE PETROLEO LTDA";"206.454.130/0013-0";"673084";"4";"2023-11-25T00:00:00";"142.17";"0";"142.17";"11";"2023";"0";"";"";"1991837";"";"";"";"2227";"7650440";"https://www.camara.leg.br/cota-parlamentar/nota-fiscal-eletronica?ideDocumentoFiscal=7650440"
"Danilo Forte";"";"62881";"91";"2023";"CE";"PP";"57";"3";"COMBUSTÍVEIS E LUBRIFICANTES.";"1";"Veículos Automotores";"AUTO POSTO ORIGINAL BRASILIA 409 DERIVADOS DE PETROLEO LTDA";"206.454.130/0013-0";"679182";"4";"2023-12-12T00:00:00";"142.15";"0";"142.15";"12";"2023";"0";"";"";"1998839";"";"";"";"2227";"7660730";"https://www.camara.leg.br/cota-parlamentar/nota-fiscal-eletronica?ideDocumentoFiscal=7660730"
"Danilo Forte";"";"62881";"91";"2023";"CE";"PP";"57";"3";"COMBUSTÍVEIS E LUBRIFICANTES.";"1";"Veículos Automotores";"AUTO POSTO PADRE CICERO";"336.568.460/0013-3";"017076";"0";"2023-04-14T00:00:00";"223";"0";"223";"4";"2023";"0";"";"";"1924596";"";"";"";"2227";"7527060";"https://www.camara.leg.br/cota-parlamentar/documentos/publ/2227/2023/7527060.pdf"
"Danilo Forte";"";"62881";"91";"2023";"CE";"PP";"57";"3";"COMBUSTÍVEIS E LUBRIFICANTES.";"1";"Veículos Automotores";"BRASAL COMBUSTIVEIS LTDA";"000.976.260/0016-8";"1141870";"4";"2023-08-24T00:00:00";"200";"0";"200";"8";"2023";"0";"";"";"1963070";"";"";"";"2227";"7598234";"https://www.camara.leg.br/cota-parlamentar/nota-fiscal-eletronica?ideDocumentoFiscal=7598234"
"Danilo Forte";"";"62881";"91";"2023";"CE";"PP";"57";"3";"COMBUSTÍVEIS E LUBRIFICANTES.";"1";"Veículos Automotores";"COLACO MARTINS COMERCIO DE COMBUSTIVEIS LTDA";"052.174.190/0046-6";"000901";"0";"2023-12-08T00:00:00";"299.15";"0";"299.15";"12";"2023";"0";"";"";"1996982";"";"";"";"2227";"7658524";"https://www.camara.leg.br/cota-parlamentar/documentos/publ/2227/2023/7658524.pdf"
"Danilo Forte";"";"62881";"91";"2023";"CE";"PP";"57";"3";"COMBUSTÍVEIS E LUBRIFICANTES.";"1";"Veículos Automotores";"COMERCIAL CAVALCANTE DE COMBUSTIVEIS E LUBRIFICANTES LTDA";"057.840.720/0019-0";"071937";"0";"2023-07-21T00:00:00";"100.01";"0";"100.01";"7";"2023";"0";"";"";"1953822";"";"";"";"2227";"7579947";"https://www.camara.leg.br/cota-parlamentar/documentos/publ/2227/2023/7579947.pdf"
"Danilo Forte";"";"62881";"91";"2023";"CE";"PP";"57";"3";"COMBUSTÍVEIS E LUBRIFICANTES.";"1";"Veículos Automotores";"COMERCIAL COMBUSTÍVEIS SÃO JOAQUIM LTDA";"014.984.180/0013-3";"090388";"0";"2023-12-14T00:00:00";"125.05";"0";"125.05";"12";"2023";"0";"";"";"2000198";"";"";"";"2227";"7662949";"https://www.camara.leg.br/cota-parlamentar/documentos/publ/2227/2023/7662949.pdf"
"Danilo Forte";"";"62881";"91";"2023";"CE";"PP";"57";"3";"COMBUSTÍVEIS E LUBRIFICANTES.";"1";"Veículos Automotores";"COMERCIAL DE PETROLEO PARAIBANO LTDA";"054.832.700/0011-4";"134379";"0";"2023-04-14T00:00:00";"199.99";"0";"199.99";"4";"2023";"0";"";"";"1924596";"";"";"";"2227";"7527076";"https://www.camara.leg.br/cota-parlamentar/documentos/publ/2227/2023/7527076.pdf"
"Danilo Forte";"";"62881";"91";"2023";"CE";"PP";"57";"3";"COMBUSTÍVEIS E LUBRIFICANTES.";"1";"Veículos Automotores";"COMERCIAL F. SANTOS DERIVADOS DE PETROLEO LTDA";"036.047.540/0014-9";"369338";"0";"2023-09-29T00:00:00";"60";"0";"60";"9";"2023";"0";"";"";"1974286";"";"";"";"2227";"7618798";"https://www.camara.leg.br/cota-parlamentar/documentos/publ/2227/2023/7618798.pdf"
"Danilo Forte";"";"62881";"91";"2023";"CE";"PP";"57";"3";"COMBUSTÍVEIS E LUBRIFICANTES.";"1";"Veículos Automotores";"COMERCIAL JOAO FERREIRA DE PETROLEO LTDA.";"414.148.220/0036-8";"035804";"0";"2023-08-31T00:00:00";"150";"0";"150";"8";"2023";"0";"";"";"1966115";"";"";"";"2227";"7604111";"https://www.camara.leg.br/cota-parlamentar/documentos/publ/2227/2023/7604111.pdf"
"Danilo Forte";"";"62881";"91";"2023";"CE";"PP";"57";"3";"COMBUSTÍVEIS E LUBRIFICANTES.";"1";"Veículos Automotores";"COMERCIAL PINHEIRO DE PETROLEO LTDA";"055.442.930/0019-1";"094887";"0";"2023-11-17T00:00:00";"300";"0";"300";"11";"2023";"0";"";"";"1991836";"";"";"";"2227";"7650374";"https://www.camara.leg.br/cota-parlamentar/documentos/publ/2227/2023/7650374.pdf"
"Danilo Forte";"";"62881";"91";"2023";"CE";"PP";"57";"3";"COMBUSTÍVEIS E LUBRIFICANTES.";"1";"Veículos Automotores";"COMERCIO DE COMBUSTIVEIS GERALDO CRUZ LTDA";"075.440.590/0019-0";"075195";"0";"2023-09-08T00:00:00";"260";"0";"260";"9";"2023";"0";"";"";"1969635";"";"";"";"2227";"7610898";"https://www.camara.leg.br/cota-parlamentar/documentos/publ/2227/2023/7610898.pdf"
"Danilo Forte";"";"62881";"91";"2023";"CE";"PP";"57";"3";"COMBUSTÍVEIS E LUBRIFICANTES.";"1";"Veículos Automotores";"DA PAZ COMERCIO DE COMBUSTÍVEIS LTDA";"192.771.400/0013-0";"023176";"0";"2023-10-14T00:00:00";"262.47";"0";"262.47";"10";"2023";"0";"";"";"1979461";"";"";"";"2227";"7628022";"https://www.camara.leg.br/cota-parlamentar/documentos/publ/2227/2023/7628022.pdf"
"Danilo Forte";"";"62881";"91";"2023";"CE";"PP";"57";"3";"COMBUSTÍVEIS E LUBRIFICANTES.";"1";"Veículos Automotores";"DRA4 DERIVADOS DE PETROLEO LTDA";"192.570.420/0013-0";"44776";"4";"2023-08-17T00:00:00";"200";"0";"200";"8";"2023";"0";"";"";"1962250";"";"";"";"2227";"7593420";"https://www.camara.leg.br/cota-parlamentar/nota-fiscal-eletronica?ideDocumentoFiscal=7593420"
"Danilo Forte";"";"62881";"91";"2023";"CE";"PP";"57";"3";"COMBUSTÍVEIS E LUBRIFICANTES.";"1";"Veículos Automotores";"DUARTE PINHEIRO E CIA LTDA";"077.918.820/0010-8";"072609";"0";"2023-06-06T00:00:00";"226.97";"0";"226.97";"6";"2023";"0";"";"";"1941739";"";"";"";"2227";"7558166";"https://www.camara.leg.br/cota-parlamentar/documentos/publ/2227/2023/7558166.pdf"
"Danilo Forte";"";"62881";"91";"2023";"CE";"PP";"57";"3";"COMBUSTÍVEIS E LUBRIFICANTES.";"1";"Veículos Automotores";"FACIL COMERCIO DE COMBUSTIVEIS LTDA";"057.855.810/0064-2";"083767";"0";"2023-10-14T00:00:00";"319.99";"0";"319.99";"10";"2023";"0";"";"";"1979461";"";"";"";"2227";"7628104";"https://www.camara.leg.br/cota-parlamentar/documentos/publ/2227/2023/7628104.pdf"
"Danilo Forte";"";"62881";"91";"2023";"CE";"PP";"57";"3";"COMBUSTÍVEIS E LUBRIFICANTES.";"1";"Veículos Automotores";"J.V. COMÉRCIO DE PETRÓLEO LTDA.";"738.300.690/0011-6";"324690";"0";"2023-05-21T00:00:00";"200";"0";"200";"5";"2023";"0";"";"";"1935338";"";"";"";"2227";"7546261";"https://www.camara.leg.br/cota-parlamentar/documentos/publ/2227/2023/7546261.pdf"
"Danilo Forte";"";"62881";"91";"2023";"CE";"PP";"57";"3";"COMBUSTÍVEIS E LUBRIFICANTES.";"1";"Veículos Automotores";"JOSE ERIVAN TORRES ARAUJO & CIA LTDA";"034.339.690/0014-4";"000003";"0";"2023-09-11T00:00:00";"354.99";"0";"354.99";"9";"2023";"0";"";"";"1968077";"";"";"";"2227";"7606394";"https://www.camara.leg.br/cota-parlamentar/documentos/publ/2227/2023/7606394.pdf"
"Danilo Forte";"";"62881";"91";"2023";"CE";"PP";"57";"3";"COMBUSTÍVEIS E LUBRIFICANTES.";"1";"Veículos Automotores";"L E S COMÉRCIO DE COMBUSTÍVEIS LTDA";"028.580.030/0027-7";"074246";"0";"2023-09-23T00:00:00";"120";"0";"120";"9";"2023";"0";"";"";"1974286";"";"";"";"2227";"7618794";"https://www.camara.leg.br/cota-parlamentar/documentos/publ/2227/2023/7618794.pdf"
"Danilo Forte";"";"62881";"91";"2023";"CE";"PP";"57";"3";"COMBUSTÍVEIS E LUBRIFICANTES.";"1";"Veículos Automotores";"LEONARDO LIMA E CIA LTDA.";"079.362.890/0010-2";"048420";"0";"2023-12-27T00:00:00";"205.05";"0";"205.05";"12";"2023";"0";"";"";"2004387";"";"";"";"2227";"7671005";"https://www.camara.leg.br/cota-parlamentar/documentos/publ/2227/2024/7671005.pdf"
"Danilo Forte";"";"62881";"91";"2023";"CE";"PP";"57";"3";"COMBUSTÍVEIS E LUBRIFICANTES.";"1";"Veículos Automotores";"MACK COMERCIO DE DERIVADOS DE PETROLEO LTDA";"112.591.880/0010-3";"321974";"0";"2023-09-18T00:00:00";"239.96";"0";"239.96";"9";"2023";"0";"";"";"1969635";"";"";"";"2227";"7610886";"https://www.camara.leg.br/cota-parlamentar/documentos/publ/2227/2023/7610886.pdf"
"Danilo Forte";"";"62881";"91";"2023";"CE";"PP";"57";"3";"COMBUSTÍVEIS E LUBRIFICANTES.";"1";"Veículos Automotores";"MARTE PETROLEO LTDA";"052.178.750/0016-3";"147313";"0";"2023-07-28T00:00:00";"128.93";"0";"128.93";"7";"2023";"0";"";"";"1953822";"";"";"";"2227";"7580205";"https://www.camara.leg.br/cota-parlamentar/documentos/publ/2227/2023/7580205.pdf"
"Danilo Forte";"";"62881";"91";"2023";"CE";"PP";"57";"3";"COMBUSTÍVEIS E LUBRIFICANTES.";"1";"Veículos Automotores";"OLIRIO COMERCIO DE DERIVADOS";"375.992.740/0015-9";"248009";"0";"2023-06-10T00:00:00";"200";"0";"200";"6";"2023";"0";"";"";"1942950";"";"";"";"2227";"7560428";"https://www.camara.leg.br/cota-parlamentar/documentos/publ/2227/2023/7560428.pdf"
"Danilo Forte";"";"62881";"91";"2023";"CE";"PP";"57";"3";"COMBUSTÍVEIS E LUBRIFICANTES.";"1";"Veículos Automotores";"ORGANIZACAO HELIO MEIRELES PETROLEO LTDA";"736.761.400/0023-9";"056384";"0";"2023-04-01T00:00:00";"440.03";"0";"440.03";"4";"2023";"0";"";"";"1931676";"";"";"";"2227";"7536680";"https://www.camara.leg.br/cota-parlamentar/documentos/publ/2227/2023/7536680.pdf"
"Danilo Forte";"";"62881";"91";"2023";"CE";"PP";"57";"3";"COMBUSTÍVEIS E LUBRIFICANTES.";"1";"Veículos Automotores";"ORGANIZACAO HELIO MEIRELES PETROLEO LTDA";"736.761.400/0031-0";"282926";"0";"2023-10-10T00:00:00";"100";"0";"100";"10";"2023";"0";"";"";"1979461";"";"";"";"2227";"7628100";"https://www.camara.leg.br/cota-parlamentar/documentos/publ/2227/2023/7628100.pdf"
"Danilo Forte";"";"62881";"91";"2023";"CE";"PP";"57";"3";"COMBUSTÍVEIS E LUBRIFICANTES.";"1";"Veículos Automotores";"ORGANIZAÇÃO HÉLIO MEIRELES PETRÓLEO LTDA.";"736.761.400/0015-8";"090914";"0";"2023-04-20T00:00:00";"300";"0";"300";"4";"2023";"0";"";"";"1931198";"";"";"";"2227";"7536661";"https://www.camara.leg.br/cota-parlamentar/documentos/publ/2227/2023/7536661.pdf"
